  0
SECTION
  2
HEADER
  9
$ACADVER
  1
AC1027
  9
$ACADMAINTVER
 70
   105
  9
$DWGCODEPAGE
  3
ANSI_1252
  9
$LASTSAVEDBY
  1
asterix
  9
$REQUIREDVERSIONS
160
                 0
  9
$INSBASE
 10
0.0
 20
0.0
 30
0.0
  9
$EXTMIN
 10
-17.87397975491191
 20
-20.28847813323659
 30
0.0
  9
$EXTMAX
 10
195.2041887880283
 20
92.28711954271569
 30
0.0
  9
$LIMMIN
 10
0.0
 20
0.0
  9
$LIMMAX
 10
12.0
 20
9.0
  9
$ORTHOMODE
 70
     0
  9
$REGENMODE
 70
     1
  9
$FILLMODE
 70
     1
  9
$QTEXTMODE
 70
     0
  9
$MIRRTEXT
 70
     0
  9
$LTSCALE
 40
1.0
  9
$ATTMODE
 70
     1
  9
$TEXTSIZE
 40
0.2
  9
$TRACEWID
 40
0.05
  9
$TEXTSTYLE
  7
Standard
  9
$CLAYER
  8
livello 2
  9
$CELTYPE
  6
ByLayer
  9
$CECOLOR
 62
   256
  9
$CELTSCALE
 40
1.0
  9
$DISPSILH
 70
     0
  9
$DIMSCALE
 40
1.0
  9
$DIMASZ
 40
2.5
  9
$DIMEXO
 40
0.625
  9
$DIMDLI
 40
5.0
  9
$DIMRND
 40
0.0
  9
$DIMDLE
 40
0.0
  9
$DIMEXE
 40
1.25
  9
$DIMTP
 40
0.0
  9
$DIMTM
 40
0.0
  9
$DIMTXT
 40
2.5
  9
$DIMCEN
 40
0.09
  9
$DIMTSZ
 40
0.0
  9
$DIMTOL
 70
     0
  9
$DIMLIM
 70
     0
  9
$DIMTIH
 70
     1
  9
$DIMTOH
 70
     1
  9
$DIMSE1
 70
     0
  9
$DIMSE2
 70
     0
  9
$DIMTAD
 70
     0
  9
$DIMZIN
 70
     8
  9
$DIMBLK
  1

  9
$DIMASO
 70
     1
  9
$DIMSHO
 70
     1
  9
$DIMPOST
  1

  9
$DIMAPOST
  1

  9
$DIMALT
 70
     0
  9
$DIMALTD
 70
     2
  9
$DIMALTF
 40
25.4
  9
$DIMLFAC
 40
1.0
  9
$DIMTOFL
 70
     0
  9
$DIMTVP
 40
0.0
  9
$DIMTIX
 70
     0
  9
$DIMSOXD
 70
     0
  9
$DIMSAH
 70
     0
  9
$DIMBLK1
  1

  9
$DIMBLK2
  1

  9
$DIMSTYLE
  2
Standard
  9
$DIMCLRD
 70
     0
  9
$DIMCLRE
 70
     0
  9
$DIMCLRT
 70
     0
  9
$DIMTFAC
 40
1.0
  9
$DIMGAP
 40
0.625
  9
$DIMJUST
 70
     0
  9
$DIMSD1
 70
     0
  9
$DIMSD2
 70
     0
  9
$DIMTOLJ
 70
     1
  9
$DIMTZIN
 70
     0
  9
$DIMALTZ
 70
     0
  9
$DIMALTTZ
 70
     0
  9
$DIMUPT
 70
     0
  9
$DIMDEC
 70
     4
  9
$DIMTDEC
 70
     4
  9
$DIMALTU
 70
     2
  9
$DIMALTTD
 70
     2
  9
$DIMTXSTY
  7
Standard
  9
$DIMAUNIT
 70
     0
  9
$DIMADEC
 70
     0
  9
$DIMALTRND
 40
0.0
  9
$DIMAZIN
 70
     2
  9
$DIMDSEP
 70
    46
  9
$DIMATFIT
 70
     3
  9
$DIMFRAC
 70
     0
  9
$DIMLDRBLK
  1

  9
$DIMLUNIT
 70
     2
  9
$DIMLWD
 70
    -2
  9
$DIMLWE
 70
    -2
  9
$DIMTMOVE
 70
     0
  9
$DIMFXL
 40
1.0
  9
$DIMFXLON
 70
     0
  9
$DIMJOGANG
 40
0.7853981633974483
  9
$DIMTFILL
 70
     0
  9
$DIMTFILLCLR
 70
     0
  9
$DIMARCSYM
 70
     0
  9
$DIMLTYPE
  6

  9
$DIMLTEX1
  6

  9
$DIMLTEX2
  6

  9
$DIMTXTDIRECTION
 70
     0
  9
$LUNITS
 70
     2
  9
$LUPREC
 70
     4
  9
$SKETCHINC
 40
0.1
  9
$FILLETRAD
 40
0.0
  9
$AUNITS
 70
     0
  9
$AUPREC
 70
     0
  9
$MENU
  1
.
  9
$ELEVATION
 40
0.0
  9
$PELEVATION
 40
0.0
  9
$THICKNESS
 40
0.0
  9
$LIMCHECK
 70
     0
  9
$CHAMFERA
 40
0.0
  9
$CHAMFERB
 40
0.0
  9
$CHAMFERC
 40
0.0
  9
$CHAMFERD
 40
0.0
  9
$SKPOLY
 70
     0
  9
$TDCREATE
 40
2460574.010642697
  9
$TDUCREATE
 40
2460573.96897603
  9
$TDUPDATE
 40
2460574.010642789
  9
$TDUUPDATE
 40
2460573.968976123
  9
$TDINDWG
 40
0.0000000116
  9
$TDUSRTIMER
 40
0.0000000116
  9
$USRTIMER
 70
     1
  9
$ANGBASE
 50
0.0
  9
$ANGDIR
 70
     0
  9
$PDMODE
 70
     0
  9
$PDSIZE
 40
0.0
  9
$PLINEWID
 40
0.0
  9
$SPLFRAME
 70
     0
  9
$SPLINETYPE
 70
     6
  9
$SPLINESEGS
 70
     8
  9
$HANDSEED
  5
582C
  9
$SURFTAB1
 70
     6
  9
$SURFTAB2
 70
     6
  9
$SURFTYPE
 70
     6
  9
$SURFU
 70
     6
  9
$SURFV
 70
     6
  9
$UCSBASE
  2

  9
$UCSNAME
  2

  9
$UCSORG
 10
0.0
 20
0.0
 30
0.0
  9
$UCSXDIR
 10
1.0
 20
0.0
 30
0.0
  9
$UCSYDIR
 10
0.0
 20
1.0
 30
0.0
  9
$UCSORTHOREF
  2

  9
$UCSORTHOVIEW
 70
     0
  9
$UCSORGTOP
 10
0.0
 20
0.0
 30
0.0
  9
$UCSORGBOTTOM
 10
0.0
 20
0.0
 30
0.0
  9
$UCSORGLEFT
 10
0.0
 20
0.0
 30
0.0
  9
$UCSORGRIGHT
 10
0.0
 20
0.0
 30
0.0
  9
$UCSORGFRONT
 10
0.0
 20
0.0
 30
0.0
  9
$UCSORGBACK
 10
0.0
 20
0.0
 30
0.0
  9
$PUCSBASE
  2

  9
$PUCSNAME
  2

  9
$PUCSORG
 10
0.0
 20
0.0
 30
0.0
  9
$PUCSXDIR
 10
1.0
 20
0.0
 30
0.0
  9
$PUCSYDIR
 10
0.0
 20
1.0
 30
0.0
  9
$PUCSORTHOREF
  2

  9
$PUCSORTHOVIEW
 70
     0
  9
$PUCSORGTOP
 10
0.0
 20
0.0
 30
0.0
  9
$PUCSORGBOTTOM
 10
0.0
 20
0.0
 30
0.0
  9
$PUCSORGLEFT
 10
0.0
 20
0.0
 30
0.0
  9
$PUCSORGRIGHT
 10
0.0
 20
0.0
 30
0.0
  9
$PUCSORGFRONT
 10
0.0
 20
0.0
 30
0.0
  9
$PUCSORGBACK
 10
0.0
 20
0.0
 30
0.0
  9
$USERI1
 70
     0
  9
$USERI2
 70
     0
  9
$USERI3
 70
     0
  9
$USERI4
 70
     0
  9
$USERI5
 70
     0
  9
$USERR1
 40
0.0
  9
$USERR2
 40
0.0
  9
$USERR3
 40
0.0
  9
$USERR4
 40
0.0
  9
$USERR5
 40
0.0
  9
$WORLDVIEW
 70
     1
  9
$SHADEDGE
 70
     3
  9
$SHADEDIF
 70
    70
  9
$TILEMODE
 70
     1
  9
$MAXACTVP
 70
    64
  9
$PINSBASE
 10
0.0
 20
0.0
 30
0.0
  9
$PLIMCHECK
 70
     0
  9
$PEXTMIN
 10
0.0
 20
0.0
 30
0.0
  9
$PEXTMAX
 10
0.0
 20
0.0
 30
0.0
  9
$PLIMMIN
 10
-20.0
 20
-7.5
  9
$PLIMMAX
 10
277.0
 20
202.5
  9
$UNITMODE
 70
     0
  9
$VISRETAIN
 70
     1
  9
$PLINEGEN
 70
     0
  9
$PSLTSCALE
 70
     1
  9
$TREEDEPTH
 70
  3020
  9
$CMLSTYLE
  2
Standard
  9
$CMLJUST
 70
     0
  9
$CMLSCALE
 40
1.0
  9
$PROXYGRAPHICS
 70
     1
  9
$MEASUREMENT
 70
     1
  9
$CELWEIGHT
370
    -1
  9
$ENDCAPS
280
     0
  9
$JOINSTYLE
280
     0
  9
$LWDISPLAY
290
     0
  9
$INSUNITS
 70
     4
  9
$HYPERLINKBASE
  1

  9
$STYLESHEET
  1

  9
$XEDIT
290
     1
  9
$CEPSNTYPE
380
     0
  9
$PSTYLEMODE
290
     1
  9
$FINGERPRINTGUID
  2
{8a16ca7d-ff7b-914e-891f-ce5049274dc7}
  9
$VERSIONGUID
  2
{FAEB1C32-E019-11D5-929B-00C0DF256EC4}
  9
$EXTNAMES
290
     1
  9
$PSVPSCALE
 40
0.0
  9
$OLESTARTUP
290
     0
  9
$SORTENTS
280
   127
  9
$INDEXCTL
280
     0
  9
$HIDETEXT
280
     1
  9
$XCLIPFRAME
280
     2
  9
$HALOGAP
280
     0
  9
$OBSCOLOR
 70
   257
  9
$OBSLTYPE
280
     0
  9
$INTERSECTIONDISPLAY
280
     0
  9
$INTERSECTIONCOLOR
 70
   257
  9
$DIMASSOC
280
     2
  9
$PROJECTNAME
  1

  9
$CAMERADISPLAY
290
     0
  9
$LENSLENGTH
 40
50.0
  9
$CAMERAHEIGHT
 40
0.0
  9
$STEPSPERSEC
 40
2.0
  9
$STEPSIZE
 40
6.0
  9
$3DDWFPREC
 40
2.0
  9
$PSOLWIDTH
 40
0.25
  9
$PSOLHEIGHT
 40
4.0
  9
$LOFTANG1
 40
1.570796326794897
  9
$LOFTANG2
 40
1.570796326794897
  9
$LOFTMAG1
 40
0.0
  9
$LOFTMAG2
 40
0.0
  9
$LOFTPARAM
 70
     7
  9
$LOFTNORMALS
280
     1
  9
$LATITUDE
 40
37.795
  9
$LONGITUDE
 40
-122.394
  9
$NORTHDIRECTION
 40
0.0
  9
$TIMEZONE
 70
 -8000
  9
$LIGHTGLYPHDISPLAY
280
     1
  9
$TILEMODELIGHTSYNCH
280
     1
  9
$CMATERIAL
347
578F
  9
$SOLIDHIST
280
     0
  9
$SHOWHIST
280
     1
  9
$DWFFRAME
280
     2
  9
$DGNFRAME
280
     2
  9
$REALWORLDSCALE
290
     1
  9
$INTERFERECOLOR
 62
   256
  9
$CSHADOW
280
     0
  9
$SHADOWPLANELOCATION
 40
0.0
  0
ENDSEC
  0
SECTION
  2
CLASSES
  0
CLASS
  1
ACDBDICTIONARYWDFLT
  2
AcDbDictionaryWithDefault
  3
ObjectDBX Classes
 90
        0
 91
        3
280
     0
281
     0
  0
CLASS
  1
VISUALSTYLE
  2
AcDbVisualStyle
  3
ObjectDBX Classes
 90
     4095
 91
        3
280
     0
281
     0
  0
CLASS
  1
MATERIAL
  2
AcDbMaterial
  3
ObjectDBX Classes
 90
     1153
 91
        3
280
     0
281
     0
  0
CLASS
  1
SCALE
  2
AcDbScale
  3
ObjectDBX Classes
 90
     1153
 91
        3
280
     0
281
     0
  0
CLASS
  1
TABLESTYLE
  2
AcDbTableStyle
  3
ObjectDBX Classes
 90
     4095
 91
        3
280
     0
281
     0
  0
CLASS
  1
MLEADERSTYLE
  2
AcDbMLeaderStyle
  3
ACDB_MLEADERSTYLE_CLASS
 90
     4095
 91
        3
280
     0
281
     0
  0
CLASS
  1
SUN
  2
AcDbSun
  3
SCENEOE
 90
     1153
 91
        3
280
     0
281
     0
  0
CLASS
  1
DICTIONARYVAR
  2
AcDbDictionaryVar
  3
ObjectDBX Classes
 90
        0
 91
        3
280
     0
281
     0
  0
CLASS
  1
CELLSTYLEMAP
  2
AcDbCellStyleMap
  3
ObjectDBX Classes
 90
     1152
 91
        3
280
     0
281
     0
  0
ENDSEC
  0
SECTION
  2
TABLES
  0
TABLE
  2
VPORT
  5
5754
330
0
100
AcDbSymbolTable
 70
     1
  0
VPORT
  5
5774
330
5754
100
AcDbSymbolTableRecord
100
AcDbViewportTableRecord
  2
*Active
 70
     0
 10
0.0
 20
0.0
 11
1.0
 21
1.0
 12
-600.4543948861663
 22
-265.52949028658
 13
0.0
 23
0.0
 14
0.5
 24
0.5
 15
0.5
 25
0.5
 16
0.0
 26
0.0
 36
1.0
 17
0.0
 27
0.0
 37
0.0
 40
1542.812667665763
 41
1.694620253164557
 42
50.0
 43
0.0
 44
0.0
 50
0.0
 51
0.0
 71
     0
 72
   100
 73
     1
 74
     3
 75
     0
 76
     0
 77
     0
 78
     0
281
     0
 65
     1
110
0.0
120
0.0
130
0.0
111
1.0
121
0.0
131
0.0
112
0.0
122
1.0
132
0.0
 79
     0
146
0.0
348
577A
 60
     3
 61
     5
292
     1
282
     1
141
0.0
142
0.0
 63
   250
361
57A8
  0
ENDTAB
  0
TABLE
  2
LTYPE
  5
5751
330
0
100
AcDbSymbolTable
 70
    48
  0
LTYPE
  5
575F
330
5751
100
AcDbSymbolTableRecord
100
AcDbLinetypeTableRecord
  2
ByBlock
 70
     0
  3

 72
    65
 73
     0
 40
0.0
  0
LTYPE
  5
5760
330
5751
100
AcDbSymbolTableRecord
100
AcDbLinetypeTableRecord
  2
ByLayer
 70
     0
  3

 72
    65
 73
     0
 40
0.0
  0
LTYPE
  5
5761
330
5751
100
AcDbSymbolTableRecord
100
AcDbLinetypeTableRecord
  2
Continuous
 70
     0
  3
Solid line
 72
    65
 73
     0
 40
0.0
  0
LTYPE
  5
57E3
330
5751
100
AcDbSymbolTableRecord
100
AcDbLinetypeTableRecord
  2
CENTER
 70
     0
  3
Center ____ _ ____ _ ____ _ ____ _ ____ _ ____
 72
    65
 73
     4
 40
50.8
 49
31.75
 74
     0
 49
-6.35
 74
     0
 49
6.35
 74
     0
 49
-6.35
 74
     0
  0
LTYPE
  5
57E4
330
5751
100
AcDbSymbolTableRecord
100
AcDbLinetypeTableRecord
  2
CENTER2
 70
     0
  3
Center (.5x) ___ _ ___ _ ___ _ ___ _ ___ _ ___
 72
    65
 73
     4
 40
28.575
 49
19.05
 74
     0
 49
-3.175
 74
     0
 49
3.175
 74
     0
 49
-3.175
 74
     0
  0
LTYPE
  5
57E5
330
5751
100
AcDbSymbolTableRecord
100
AcDbLinetypeTableRecord
  2
BORDER2
 70
     0
  3
Border (.5x) __.__.__.__.__.__.__.__.__.__.__.
 72
    65
 73
     6
 40
22.225
 49
6.35
 74
     0
 49
-3.175
 74
     0
 49
6.35
 74
     0
 49
-3.175
 74
     0
 49
0.0
 74
     0
 49
-3.175
 74
     0
  0
LTYPE
  5
57E6
330
5751
100
AcDbSymbolTableRecord
100
AcDbLinetypeTableRecord
  2
BORDERX2
 70
     0
  3
Border (2x) ____  ____  .  ____  ____  .  ___
 72
    65
 73
     6
 40
88.89999999999999
 49
25.4
 74
     0
 49
-12.7
 74
     0
 49
25.4
 74
     0
 49
-12.7
 74
     0
 49
0.0
 74
     0
 49
-12.7
 74
     0
  0
LTYPE
  5
57E7
330
5751
100
AcDbSymbolTableRecord
100
AcDbLinetypeTableRecord
  2
DASHDOT2
 70
     0
  3
Dash dot (.5x) _._._._._._._._._._._._._._._.
 72
    65
 73
     4
 40
12.7
 49
6.35
 74
     0
 49
-3.175
 74
     0
 49
0.0
 74
     0
 49
-3.175
 74
     0
  0
LTYPE
  5
57E8
330
5751
100
AcDbSymbolTableRecord
100
AcDbLinetypeTableRecord
  2
DASHDOTX2
 70
     0
  3
Dash dot (2x) ____  .  ____  .  ____  .  ___
 72
    65
 73
     4
 40
50.8
 49
25.4
 74
     0
 49
-12.7
 74
     0
 49
0.0
 74
     0
 49
-12.7
 74
     0
  0
LTYPE
  5
57E9
330
5751
100
AcDbSymbolTableRecord
100
AcDbLinetypeTableRecord
  2
CENTERX2
 70
     0
  3
Center (2x) ________  __  ________  __  _____
 72
    65
 73
     4
 40
101.6
 49
63.5
 74
     0
 49
-12.7
 74
     0
 49
12.7
 74
     0
 49
-12.7
 74
     0
  0
LTYPE
  5
57EA
330
5751
100
AcDbSymbolTableRecord
100
AcDbLinetypeTableRecord
  2
DASHDOT
 70
     0
  3
Dash dot __ . __ . __ . __ . __ . __ . __ . __
 72
    65
 73
     4
 40
25.4
 49
12.7
 74
     0
 49
-6.35
 74
     0
 49
0.0
 74
     0
 49
-6.35
 74
     0
  0
LTYPE
  5
57EB
330
5751
100
AcDbSymbolTableRecord
100
AcDbLinetypeTableRecord
  2
ACAD_ISO12W100
 70
     0
  3
ISO dash double-dot __ . . __ . . __ . . __ . . 
 72
    65
 73
     6
 40
21.0
 49
12.0
 74
     0
 49
-3.0
 74
     0
 49
0.0
 74
     0
 49
-3.0
 74
     0
 49
0.0
 74
     0
 49
-3.0
 74
     0
  0
LTYPE
  5
57EC
330
5751
100
AcDbSymbolTableRecord
100
AcDbLinetypeTableRecord
  2
ACAD_ISO13W100
 70
     0
  3
ISO double-dash double-dot __ __ . . __ __ . . _
 72
    65
 73
     8
 40
36.0
 49
12.0
 74
     0
 49
-3.0
 74
     0
 49
12.0
 74
     0
 49
-3.0
 74
     0
 49
0.0
 74
     0
 49
-3.0
 74
     0
 49
0.0
 74
     0
 49
-3.0
 74
     0
  0
LTYPE
  5
57ED
330
5751
100
AcDbSymbolTableRecord
100
AcDbLinetypeTableRecord
  2
ACAD_ISO10W100
 70
     0
  3
ISO dash dot __ . __ . __ . __ . __ . __ . __ . 
 72
    65
 73
     4
 40
18.0
 49
12.0
 74
     0
 49
-3.0
 74
     0
 49
0.0
 74
     0
 49
-3.0
 74
     0
  0
LTYPE
  5
57EE
330
5751
100
AcDbSymbolTableRecord
100
AcDbLinetypeTableRecord
  2
ACAD_ISO11W100
 70
     0
  3
ISO double-dash dot __ __ . __ __ . __ __ . __ _
 72
    65
 73
     6
 40
33.0
 49
12.0
 74
     0
 49
-3.0
 74
     0
 49
12.0
 74
     0
 49
-3.0
 74
     0
 49
0.0
 74
     0
 49
-3.0
 74
     0
  0
LTYPE
  5
57F1
330
5751
100
AcDbSymbolTableRecord
100
AcDbLinetypeTableRecord
  2
BATTING
 70
     0
  3
Batting SSSSSSSSSSSSSSSSSSSSSSSSSSSSSSSSSSSSSSSSSSSSSSS
 72
    65
 73
     4
 40
10.16254
 49
0.00254
 74
     0
 49
-2.54
 74
     2
 75
     0
340
57EF
 46
2.54
 50
0.0
 44
-2.54
 45
0.0
  9
BAT
 49
-5.08
 74
     2
 75
     0
340
57F0
 46
2.54
 50
180.0
 44
2.54
 45
0.0
  9
BAT
 49
-2.54
 74
     0
  0
LTYPE
  5
57F2
330
5751
100
AcDbSymbolTableRecord
100
AcDbLinetypeTableRecord
  2
BORDER
 70
     0
  3
Border __ __ . __ __ . __ __ . __ __ . __ __ .
 72
    65
 73
     6
 40
44.45
 49
12.7
 74
     0
 49
-6.35
 74
     0
 49
12.7
 74
     0
 49
-6.35
 74
     0
 49
0.0
 74
     0
 49
-6.35
 74
     0
  0
LTYPE
  5
57F3
330
5751
100
AcDbSymbolTableRecord
100
AcDbLinetypeTableRecord
  2
ACAD_ISO14W100
 70
     0
  3
ISO dash triple-dot __ . . . __ . . . __ . . . _
 72
    65
 73
     8
 40
24.0
 49
12.0
 74
     0
 49
-3.0
 74
     0
 49
0.0
 74
     0
 49
-3.0
 74
     0
 49
0.0
 74
     0
 49
-3.0
 74
     0
 49
0.0
 74
     0
 49
-3.0
 74
     0
  0
LTYPE
  5
57F4
330
5751
100
AcDbSymbolTableRecord
100
AcDbLinetypeTableRecord
  2
ACAD_ISO15W100
 70
     0
  3
ISO double-dash triple-dot __ __ . . . __ __ . .
 72
    65
 73
    10
 40
39.0
 49
12.0
 74
     0
 49
-3.0
 74
     0
 49
12.0
 74
     0
 49
-3.0
 74
     0
 49
0.0
 74
     0
 49
-3.0
 74
     0
 49
0.0
 74
     0
 49
-3.0
 74
     0
 49
0.0
 74
     0
 49
-3.0
 74
     0
  0
LTYPE
  5
57F6
330
5751
100
AcDbSymbolTableRecord
100
AcDbLinetypeTableRecord
  2
DRAINAGE2
 70
     0
  3
Drainage reversed----<----<----<----
 72
    65
 73
     2
 40
10.16
 49
5.08
 74
     2
 75
     0
340
57F5
 46
2.54
 50
0.0
 44
0.0
 45
0.0
  9
RIGHT_ARROW
 49
5.08
 74
     0
  0
LTYPE
  5
57F8
330
5751
100
AcDbSymbolTableRecord
100
AcDbLinetypeTableRecord
  2
FENCELINE1
 70
     0
  3
Fenceline circle ----0-----0----0-----0----0-----0--
 72
    65
 73
     4
 40
36.83
 49
6.35
 74
     0
 49
-2.54
 74
     2
 75
     0
340
57F7
 46
2.54
 50
0.0
 44
-2.54
 45
0.0
  9
CIRC1
 49
-2.54
 74
     0
 49
25.4
 74
     0
  0
LTYPE
  5
57F9
330
5751
100
AcDbSymbolTableRecord
100
AcDbLinetypeTableRecord
  2
DOTX2
 70
     0
  3
Dot (2x) .  .  .  .  .  .  .  .  .  .  .  .  .  .
 72
    65
 73
     2
 40
12.7
 49
0.0
 74
     0
 49
-12.7
 74
     0
  0
LTYPE
  5
57FB
330
5751
100
AcDbSymbolTableRecord
100
AcDbLinetypeTableRecord
  2
DRAINAGE
 70
     0
  3
Drainage ---->---->---->----
 72
    65
 73
     2
 40
10.16
 49
5.08
 74
     2
 75
     0
340
57FA
 46
2.54
 50
180.0
 44
0.0
 45
0.0
  9
RIGHT_ARROW
 49
5.08
 74
     0
  0
LTYPE
  5
57FC
330
5751
100
AcDbSymbolTableRecord
100
AcDbLinetypeTableRecord
  2
HIDDEN
 70
     0
  3
Hidden __ __ __ __ __ __ __ __ __ __ __ __ __ __
 72
    65
 73
     2
 40
9.524999999999999
 49
6.35
 74
     0
 49
-3.175
 74
     0
  0
LTYPE
  5
57FD
330
5751
100
AcDbSymbolTableRecord
100
AcDbLinetypeTableRecord
  2
HIDDEN2
 70
     0
  3
Hidden (.5x) _ _ _ _ _ _ _ _ _ _ _ _ _ _ _ _ _ 
 72
    65
 73
     2
 40
4.762499999999999
 49
3.175
 74
     0
 49
-1.5875
 74
     0
  0
LTYPE
  5
57FF
330
5751
100
AcDbSymbolTableRecord
100
AcDbLinetypeTableRecord
  2
FENCELINE2
 70
     0
  3
Fenceline square ----[]-----[]----[]-----[]----[]---
 72
    65
 73
     4
 40
36.83
 49
6.35
 74
     0
 49
-2.54
 74
     2
 75
     0
340
57FE
 46
2.54
 50
0.0
 44
-2.54
 45
0.0
  9
BOX
 49
-2.54
 74
     0
 49
25.4
 74
     0
  0
LTYPE
  5
5801
330
5751
100
AcDbSymbolTableRecord
100
AcDbLinetypeTableRecord
  2
GAS_LINE
 70
     0
  3
Gas line ----GAS----GAS----GAS----GAS----GAS----GAS--
 72
    65
 73
     3
 40
24.13
 49
12.7
 74
     0
 49
-5.08
 74
     2
 75
     0
340
5800
 46
2.54
 50
0.0
 44
-2.54
 45
-1.27
  9
GAS
 49
-6.35
 74
     0
  0
LTYPE
  5
5802
330
5751
100
AcDbSymbolTableRecord
100
AcDbLinetypeTableRecord
  2
DASHEDX2
 70
     0
  3
Dashed (2x) ____  ____  ____  ____  ____  ___
 72
    65
 73
     2
 40
38.09999999999999
 49
25.4
 74
     0
 49
-12.7
 74
     0
  0
LTYPE
  5
5803
330
5751
100
AcDbSymbolTableRecord
100
AcDbLinetypeTableRecord
  2
DIVIDE
 70
     0
  3
Divide ____ . . ____ . . ____ . . ____ . . ____
 72
    65
 73
     6
 40
31.75
 49
12.7
 74
     0
 49
-6.35
 74
     0
 49
0.0
 74
     0
 49
-6.35
 74
     0
 49
0.0
 74
     0
 49
-6.35
 74
     0
  0
LTYPE
  5
5804
330
5751
100
AcDbSymbolTableRecord
100
AcDbLinetypeTableRecord
  2
DASHED
 70
     0
  3
Dashed __ __ __ __ __ __ __ __ __ __ __ __ __ _
 72
    65
 73
     2
 40
19.05
 49
12.7
 74
     0
 49
-6.35
 74
     0
  0
LTYPE
  5
5805
330
5751
100
AcDbSymbolTableRecord
100
AcDbLinetypeTableRecord
  2
DASHED2
 70
     0
  3
Dashed (.5x) _ _ _ _ _ _ _ _ _ _ _ _ _ _ _ _ _ 
 72
    65
 73
     2
 40
9.524999999999999
 49
6.35
 74
     0
 49
-3.175
 74
     0
  0
LTYPE
  5
5806
330
5751
100
AcDbSymbolTableRecord
100
AcDbLinetypeTableRecord
  2
DOT
 70
     0
  3
Dot . . . . . . . . . . . . . . . . . . . . . . . .
 72
    65
 73
     2
 40
6.35
 49
0.0
 74
     0
 49
-6.35
 74
     0
  0
LTYPE
  5
5807
330
5751
100
AcDbSymbolTableRecord
100
AcDbLinetypeTableRecord
  2
DOT2
 70
     0
  3
Dot (.5x) ........................................
 72
    65
 73
     2
 40
3.175
 49
0.0
 74
     0
 49
-3.175
 74
     0
  0
LTYPE
  5
5808
330
5751
100
AcDbSymbolTableRecord
100
AcDbLinetypeTableRecord
  2
DIVIDE2
 70
     0
  3
Divide (.5x) __..__..__..__..__..__..__..__.._
 72
    65
 73
     6
 40
15.875
 49
6.35
 74
     0
 49
-3.175
 74
     0
 49
0.0
 74
     0
 49
-3.175
 74
     0
 49
0.0
 74
     0
 49
-3.175
 74
     0
  0
LTYPE
  5
5809
330
5751
100
AcDbSymbolTableRecord
100
AcDbLinetypeTableRecord
  2
DIVIDEX2
 70
     0
  3
Divide (2x) ________  .  .  ________  .  .  _
 72
    65
 73
     6
 40
63.5
 49
25.4
 74
     0
 49
-12.7
 74
     0
 49
0.0
 74
     0
 49
-12.7
 74
     0
 49
0.0
 74
     0
 49
-12.7
 74
     0
  0
LTYPE
  5
580A
330
5751
100
AcDbSymbolTableRecord
100
AcDbLinetypeTableRecord
  2
PHANTOM
 70
     0
  3
Phantom ______  __  __  ______  __  __  ______ 
 72
    65
 73
     6
 40
63.50000000000001
 49
31.75
 74
     0
 49
-6.35
 74
     0
 49
6.35
 74
     0
 49
-6.35
 74
     0
 49
6.35
 74
     0
 49
-6.35
 74
     0
  0
LTYPE
  5
580B
330
5751
100
AcDbSymbolTableRecord
100
AcDbLinetypeTableRecord
  2
PHANTOM2
 70
     0
  3
Phantom (.5x) ___ _ _ ___ _ _ ___ _ _ ___ _ _
 72
    65
 73
     6
 40
31.75
 49
15.875
 74
     0
 49
-3.175
 74
     0
 49
3.175
 74
     0
 49
-3.175
 74
     0
 49
3.175
 74
     0
 49
-3.175
 74
     0
  0
LTYPE
  5
580C
330
5751
100
AcDbSymbolTableRecord
100
AcDbLinetypeTableRecord
  2
HIDDENX2
 70
     0
  3
Hidden (2x) ____ ____ ____ ____ ____ ____ ____ 
 72
    65
 73
     2
 40
19.05
 49
12.7
 74
     0
 49
-6.35
 74
     0
  0
LTYPE
  5
580E
330
5751
100
AcDbSymbolTableRecord
100
AcDbLinetypeTableRecord
  2
HOT_WATER_SUPPLY
 70
     0
  3
Hot water supply ---- HW ---- HW ---- HW ----
 72
    65
 73
     3
 40
22.86
 49
12.7
 74
     0
 49
-5.08
 74
     2
 75
     0
340
580D
 46
2.54
 50
0.0
 44
-2.54
 45
-1.27
  9
HW
 49
-5.08
 74
     0
  0
LTYPE
  5
5811
330
5751
100
AcDbSymbolTableRecord
100
AcDbLinetypeTableRecord
  2
ZIGZAG
 70
     0
  3
Zig zag /\/\/\/\/\/\/\/\/\/\/\/\/\/\/\/\/\/\/\/\/\/\/\/
 72
    65
 73
     4
 40
20.32254
 49
0.00254
 74
     0
 49
-5.08
 74
     2
 75
     0
340
580F
 46
5.08
 50
0.0
 44
-5.08
 45
0.0
  9
ZIG
 49
-10.16
 74
     2
 75
     0
340
5810
 46
5.08
 50
180.0
 44
5.08
 45
0.0
  9
ZIG
 49
-5.08
 74
     0
  0
LTYPE
  5
5812
330
5751
100
AcDbSymbolTableRecord
100
AcDbLinetypeTableRecord
  2
PHANTOMX2
 70
     0
  3
Phantom (2x) ____________    ____    ____   _
 72
    65
 73
     6
 40
127.0
 49
63.5
 74
     0
 49
-12.7
 74
     0
 49
12.7
 74
     0
 49
-12.7
 74
     0
 49
12.7
 74
     0
 49
-12.7
 74
     0
  0
LTYPE
  5
5814
330
5751
100
AcDbSymbolTableRecord
100
AcDbLinetypeTableRecord
  2
TRACKS
 70
     0
  3
Tracks -|-|-|-|-|-|-|-|-|-|-|-|-|-|-|-|-|-|-|-|-|-|-|-|-
 72
    65
 73
     2
 40
7.62
 49
3.81
 74
     2
 75
     0
340
5813
 46
6.35
 50
0.0
 44
0.0
 45
0.0
  9
TRACK1
 49
3.81
 74
     0
  0
LTYPE
  5
5815
330
5751
100
AcDbSymbolTableRecord
100
AcDbLinetypeTableRecord
  2
ACAD_ISO04W100
 70
     0
  3
ISO long-dash dot ____ . ____ . ____ . ____ . _
 72
    65
 73
     4
 40
30.0
 49
24.0
 74
     0
 49
-3.0
 74
     0
 49
0.0
 74
     0
 49
-3.0
 74
     0
  0
LTYPE
  5
5816
330
5751
100
AcDbSymbolTableRecord
100
AcDbLinetypeTableRecord
  2
ACAD_ISO05W100
 70
     0
  3
ISO long-dash double-dot ____ .. ____ .. ____ . 
 72
    65
 73
     6
 40
33.0
 49
24.0
 74
     0
 49
-3.0
 74
     0
 49
0.0
 74
     0
 49
-3.0
 74
     0
 49
0.0
 74
     0
 49
-3.0
 74
     0
  0
LTYPE
  5
5817
330
5751
100
AcDbSymbolTableRecord
100
AcDbLinetypeTableRecord
  2
ACAD_ISO02W100
 70
     0
  3
ISO dash __ __ __ __ __ __ __ __ __ __ __ __ __
 72
    65
 73
     2
 40
15.0
 49
12.0
 74
     0
 49
-3.0
 74
     0
  0
LTYPE
  5
5818
330
5751
100
AcDbSymbolTableRecord
100
AcDbLinetypeTableRecord
  2
ACAD_ISO03W100
 70
     0
  3
ISO dash space __    __    __    __    __    __
 72
    65
 73
     2
 40
30.0
 49
12.0
 74
     0
 49
-18.0
 74
     0
  0
LTYPE
  5
5819
330
5751
100
AcDbSymbolTableRecord
100
AcDbLinetypeTableRecord
  2
ACAD_ISO08W100
 70
     0
  3
ISO long-dash short-dash ____ __ ____ __ ____ _
 72
    65
 73
     4
 40
36.0
 49
24.0
 74
     0
 49
-3.0
 74
     0
 49
6.0
 74
     0
 49
-3.0
 74
     0
  0
LTYPE
  5
581A
330
5751
100
AcDbSymbolTableRecord
100
AcDbLinetypeTableRecord
  2
ACAD_ISO09W100
 70
     0
  3
ISO long-dash double-short-dash ____ __ __ ____
 72
    65
 73
     6
 40
45.0
 49
24.0
 74
     0
 49
-3.0
 74
     0
 49
6.0
 74
     0
 49
-3.0
 74
     0
 49
6.0
 74
     0
 49
-3.0
 74
     0
  0
LTYPE
  5
581B
330
5751
100
AcDbSymbolTableRecord
100
AcDbLinetypeTableRecord
  2
ACAD_ISO06W100
 70
     0
  3
ISO long-dash triple-dot ____ ... ____ ... ____
 72
    65
 73
     8
 40
36.0
 49
24.0
 74
     0
 49
-3.0
 74
     0
 49
0.0
 74
     0
 49
-3.0
 74
     0
 49
0.0
 74
     0
 49
-3.0
 74
     0
 49
0.0
 74
     0
 49
-3.0
 74
     0
  0
LTYPE
  5
581C
330
5751
100
AcDbSymbolTableRecord
100
AcDbLinetypeTableRecord
  2
ACAD_ISO07W100
 70
     0
  3
ISO dot . . . . . . . . . . . . . . . . . . . . 
 72
    65
 73
     2
 40
3.0
 49
0.0
 74
     0
 49
-3.0
 74
     0
  0
ENDTAB
  0
TABLE
  2
LAYER
  5
574F
330
0
100
AcDbSymbolTable
 70
     5
  0
LAYER
  5
575C
330
574F
100
AcDbSymbolTableRecord
100
AcDbLayerTableRecord
  2
0
 70
     0
 62
     4
420
    65535
  6
Continuous
370
    25
390
575B
347
5791
348
0
  0
LAYER
  5
581D
330
574F
100
AcDbSymbolTableRecord
100
AcDbLayerTableRecord
  2
keycap
 70
     0
 62
    56
420
  8421376
  6
Continuous
370
    25
390
575B
347
5791
348
0
  0
LAYER
  5
581E
330
574F
100
AcDbSymbolTableRecord
100
AcDbLayerTableRecord
  2
livello 1
 70
     0
 62
     1
420
 16711680
  6
Continuous
370
    25
390
575B
347
5791
348
0
  0
LAYER
  5
581F
330
574F
100
AcDbSymbolTableRecord
100
AcDbLayerTableRecord
  2
livello 2
 70
     0
 62
     3
420
    65280
  6
Continuous
370
    25
390
575B
347
5791
348
0
  0
LAYER
  5
5820
330
574F
100
AcDbSymbolTableRecord
100
AcDbLayerTableRecord
  2
livello 3
 70
     0
 62
     6
420
 16711935
  6
Continuous
370
    25
390
575B
347
5791
348
0
  0
ENDTAB
  0
TABLE
  2
STYLE
  5
5750
330
0
100
AcDbSymbolTable
 70
    13
  0
STYLE
  5
575D
330
5750
100
AcDbSymbolTableRecord
100
AcDbTextStyleTableRecord
  2
Standard
 70
     0
 40
0.0
 41
1.0
 50
0.0
 71
     0
 42
0.2
  3
txt
  4

  0
STYLE
  5
57E1
330
5750
100
AcDbSymbolTableRecord
100
AcDbTextStyleTableRecord
  2
QCADDimTextStyle
 70
     0
 40
0.0
 41
1.0
 50
0.0
 71
     0
 42
0.2
  3
txt
  4

  0
STYLE
  5
57EF
330
5750
100
AcDbSymbolTableRecord
100
AcDbTextStyleTableRecord
  2
textstyle0
 70
     0
 40
0.0
 41
1.0
 50
0.0
 71
     0
 42
0.2
  3
ltypeshp.shx
  4

  0
STYLE
  5
57F0
330
5750
100
AcDbSymbolTableRecord
100
AcDbTextStyleTableRecord
  2
textstyle1
 70
     0
 40
0.0
 41
1.0
 50
0.0
 71
     0
 42
0.2
  3
ltypeshp.shx
  4

  0
STYLE
  5
57F5
330
5750
100
AcDbSymbolTableRecord
100
AcDbTextStyleTableRecord
  2
textstyle2
 70
     0
 40
0.0
 41
1.0
 50
0.0
 71
     0
 42
0.2
  3
qcadshp.shx
  4

  0
STYLE
  5
57F7
330
5750
100
AcDbSymbolTableRecord
100
AcDbTextStyleTableRecord
  2
textstyle3
 70
     0
 40
0.0
 41
1.0
 50
0.0
 71
     0
 42
0.2
  3
ltypeshp.shx
  4

  0
STYLE
  5
57FA
330
5750
100
AcDbSymbolTableRecord
100
AcDbTextStyleTableRecord
  2
textstyle4
 70
     0
 40
0.0
 41
1.0
 50
0.0
 71
     0
 42
0.2
  3
qcadshp.shx
  4

  0
STYLE
  5
57FE
330
5750
100
AcDbSymbolTableRecord
100
AcDbTextStyleTableRecord
  2
textstyle5
 70
     0
 40
0.0
 41
1.0
 50
0.0
 71
     0
 42
0.2
  3
ltypeshp.shx
  4

  0
STYLE
  5
5800
330
5750
100
AcDbSymbolTableRecord
100
AcDbTextStyleTableRecord
  2
textstyle6
 70
     0
 40
0.0
 41
1.0
 50
0.0
 71
     0
 42
0.2
  3
STANDARD
  4

  0
STYLE
  5
580D
330
5750
100
AcDbSymbolTableRecord
100
AcDbTextStyleTableRecord
  2
textstyle7
 70
     0
 40
0.0
 41
1.0
 50
0.0
 71
     0
 42
0.2
  3
STANDARD
  4

  0
STYLE
  5
580F
330
5750
100
AcDbSymbolTableRecord
100
AcDbTextStyleTableRecord
  2
textstyle8
 70
     0
 40
0.0
 41
1.0
 50
0.0
 71
     0
 42
0.2
  3
ltypeshp.shx
  4

  0
STYLE
  5
5810
330
5750
100
AcDbSymbolTableRecord
100
AcDbTextStyleTableRecord
  2
textstyle9
 70
     0
 40
0.0
 41
1.0
 50
0.0
 71
     0
 42
0.2
  3
ltypeshp.shx
  4

  0
STYLE
  5
5813
330
5750
100
AcDbSymbolTableRecord
100
AcDbTextStyleTableRecord
  2
textstyle10
 70
     0
 40
0.0
 41
1.0
 50
0.0
 71
     0
 42
0.2
  3
ltypeshp.shx
  4

  0
ENDTAB
  0
TABLE
  2
VIEW
  5
5752
330
0
100
AcDbSymbolTable
 70
     0
  0
ENDTAB
  0
TABLE
  2
UCS
  5
5753
330
0
100
AcDbSymbolTable
 70
     0
  0
ENDTAB
  0
TABLE
  2
APPID
  5
5755
330
0
100
AcDbSymbolTable
 70
     2
  0
APPID
  5
575E
330
5755
100
AcDbSymbolTableRecord
100
AcDbRegAppTableRecord
  2
ACAD
 70
     0
  0
APPID
  5
57A9
330
5755
100
AcDbSymbolTableRecord
100
AcDbRegAppTableRecord
  2
QCAD
 70
     0
  0
ENDTAB
  0
TABLE
  2
DIMSTYLE
  5
5756
330
0
100
AcDbSymbolTable
 70
     2
100
AcDbDimStyleTable
  0
DIMSTYLE
105
5772
330
5756
100
AcDbSymbolTableRecord
100
AcDbDimStyleTableRecord
  2
Standard
 70
     0
178
     0
340
575D
  0
DIMSTYLE
105
57E2
330
5756
100
AcDbSymbolTableRecord
100
AcDbDimStyleTableRecord
  2
QCADDimStyle
 70
     0
 41
2.5
 42
0.625
 44
1.25
 73
     0
 77
     1
140
2.5
147
0.625
178
     0
340
57E1
  0
ENDTAB
  0
TABLE
  2
BLOCK_RECORD
  5
574E
330
0
100
AcDbSymbolTable
 70
     0
  0
BLOCK_RECORD
  5
576A
330
574E
100
AcDbSymbolTableRecord
100
AcDbBlockTableRecord
  2
*Model_Space
340
576D
 70
     0
280
     1
281
     0
  0
BLOCK_RECORD
  5
5766
330
574E
100
AcDbSymbolTableRecord
100
AcDbBlockTableRecord
  2
*Paper_Space
340
5769
 70
     0
280
     1
281
     0
  0
ENDTAB
  0
ENDSEC
  0
SECTION
  2
BLOCKS
  0
BLOCK
  5
576B
330
576A
100
AcDbEntity
  8
0
100
AcDbBlockBegin
  2
*Model_Space
 70
     0
 10
0.0
 20
0.0
 30
0.0
  3
*Model_Space
  1

  0
ENDBLK
  5
576C
330
576A
100
AcDbEntity
  8
0
100
AcDbBlockEnd
  0
BLOCK
  5
5767
330
5766
100
AcDbEntity
 67
     1
  8
0
100
AcDbBlockBegin
  2
*Paper_Space
 70
     0
 10
0.0
 20
0.0
 30
0.0
  3
*Paper_Space
  1

  0
ENDBLK
  5
5768
330
5766
100
AcDbEntity
 67
     1
  8
0
100
AcDbBlockEnd
  0
ENDSEC
  0
SECTION
  2
ENTITIES
  0
LWPOLYLINE
  5
5037
330
576A
100
AcDbEntity
  8
livello 3
 62
     6
420
 16721634
100
AcDbPolyline
 90
        2
 70
   128
 43
0.0
 10
-17.87397975491189
 20
90.43696954271559
 10
-17.87397975491191
 20
37.03696954271572
  0
LWPOLYLINE
  5
5038
330
576A
100
AcDbEntity
  8
livello 3
 62
     6
420
 16721634
100
AcDbPolyline
 90
        2
 70
   128
 43
0.0
 10
-17.87397975491191
 20
37.03696954271572
 10
3.326020245088152
 20
37.03696954271572
  0
LWPOLYLINE
  5
5039
330
576A
100
AcDbEntity
  8
livello 3
 62
     6
420
 16721634
100
AcDbPolyline
 90
        2
 70
   128
 43
0.0
 10
3.326020245088152
 20
37.03696954271572
 10
3.326020245088166
 20
90.43696954271559
  0
LWPOLYLINE
  5
503A
330
576A
100
AcDbEntity
  8
livello 3
 62
     6
420
 16721634
100
AcDbPolyline
 90
        2
 70
   128
 43
0.0
 10
3.326020245088166
 20
90.43696954271559
 10
-17.87397975491189
 20
90.43696954271559
  0
LINE
  5
546C
330
576A
100
AcDbEntity
  8
0
 62
     0
100
AcDbLine
 10
117.7431887880283
 20
7.872019542715634
 30
0.0
 11
131.7431887880284
 21
7.872019542715634
 31
0.0
  0
LINE
  5
546D
330
576A
100
AcDbEntity
  8
0
 62
     0
100
AcDbLine
 10
131.7431887880284
 20
7.872019542715634
 30
0.0
 11
131.7431887880284
 21
-6.127480457284264
 31
0.0
  0
LINE
  5
546E
330
576A
100
AcDbEntity
  8
0
 62
     0
100
AcDbLine
 10
131.7431887880284
 20
-6.127480457284264
 30
0.0
 11
117.7431887880283
 21
-6.127480457284264
 31
0.0
  0
LINE
  5
546F
330
576A
100
AcDbEntity
  8
0
 62
     0
100
AcDbLine
 10
117.7431887880283
 20
-6.127480457284264
 30
0.0
 11
117.7431887880283
 21
7.872019542715634
 31
0.0
  0
LINE
  5
5470
330
576A
100
AcDbEntity
  8
0
 62
     0
100
AcDbLine
 10
136.7931887880283
 20
7.872019542715634
 30
0.0
 11
150.7931887880283
 21
7.872019542715634
 31
0.0
  0
LINE
  5
5471
330
576A
100
AcDbEntity
  8
0
 62
     0
100
AcDbLine
 10
150.7931887880283
 20
7.872019542715634
 30
0.0
 11
150.7931887880283
 21
-6.127480457284264
 31
0.0
  0
LINE
  5
5472
330
576A
100
AcDbEntity
  8
0
 62
     0
100
AcDbLine
 10
150.7931887880283
 20
-6.127480457284264
 30
0.0
 11
136.7931887880283
 21
-6.127480457284264
 31
0.0
  0
LINE
  5
5473
330
576A
100
AcDbEntity
  8
0
 62
     0
100
AcDbLine
 10
136.7931887880283
 20
-6.127480457284264
 30
0.0
 11
136.7931887880283
 21
7.872019542715634
 31
0.0
  0
LINE
  5
5474
330
576A
100
AcDbEntity
  8
0
 62
     0
100
AcDbLine
 10
155.8431887880283
 20
7.872019542715634
 30
0.0
 11
169.8431887880283
 21
7.872019542715634
 31
0.0
  0
LINE
  5
5475
330
576A
100
AcDbEntity
  8
0
 62
     0
100
AcDbLine
 10
169.8431887880283
 20
7.872019542715634
 30
0.0
 11
169.8431887880283
 21
-6.127480457284264
 31
0.0
  0
LINE
  5
5476
330
576A
100
AcDbEntity
  8
0
 62
     0
100
AcDbLine
 10
169.8431887880283
 20
-6.127480457284264
 30
0.0
 11
155.8431887880283
 21
-6.127480457284264
 31
0.0
  0
LINE
  5
5477
330
576A
100
AcDbEntity
  8
0
 62
     0
100
AcDbLine
 10
155.8431887880283
 20
-6.127480457284264
 30
0.0
 11
155.8431887880283
 21
7.872019542715634
 31
0.0
  0
LINE
  5
503B
330
576A
100
AcDbEntity
  8
0
 62
     0
100
AcDbLine
 10
-2.562047906057053
 20
-9.56210283094515
 30
0.0
 11
1.507492064781736
 21
-7.212552823870283
 31
0.0
  0
LINE
  5
503C
330
576A
100
AcDbEntity
  8
0
 62
     0
100
AcDbLine
 10
1.507492064781736
 20
-7.212552823870283
 30
0.0
 11
2.269992067077681
 21
-8.533241563315983
 31
0.0
  0
LINE
  5
503D
330
576A
100
AcDbEntity
  8
0
 62
     0
100
AcDbLine
 10
2.269992067077681
 20
-8.533241563315983
 30
0.0
 11
-0.5273565868786392
 21
-10.14829156817916
 31
0.0
  0
LINE
  5
503E
330
576A
100
AcDbEntity
  8
0
 62
     0
100
AcDbLine
 10
-0.5273565868786392
 20
-10.14829156817916
 30
0.0
 11
0.3346434157169682
 21
-11.64131936280478
 31
0.0
  0
LINE
  5
503F
330
576A
100
AcDbEntity
  8
0
 62
     0
100
AcDbLine
 10
0.3346434157169682
 20
-11.64131936280478
 30
0.0
 11
-0.4613205321024338
 21
-12.10086936418861
 31
0.0
  0
LINE
  5
5040
330
576A
100
AcDbEntity
  8
0
 62
     0
100
AcDbLine
 10
-0.4613205321024338
 20
-12.10086936418861
 30
0.0
 11
1.189179472867472
 21
-14.95961921921173
 31
0.0
  0
LINE
  5
5041
330
576A
100
AcDbEntity
  8
0
 62
     0
100
AcDbLine
 10
1.189179472867472
 20
-14.95961921921173
 30
0.0
 11
1.985143420686867
 21
-14.50006921782801
 31
0.0
  0
LINE
  5
5042
330
576A
100
AcDbEntity
  8
0
 62
     0
100
AcDbLine
 10
1.985143420686867
 20
-14.50006921782801
 30
0.0
 11
2.847643423283969
 21
-15.9939630378567
 31
0.0
  0
LINE
  5
5043
330
576A
100
AcDbEntity
  8
0
 62
     0
100
AcDbLine
 10
2.847643423283969
 20
-15.9939630378567
 30
0.0
 11
5.644992077240353
 21
-14.37891303299352
 31
0.0
  0
LINE
  5
5044
330
576A
100
AcDbEntity
  8
0
 62
     0
100
AcDbLine
 10
5.644992077240353
 20
-14.37891303299352
 30
0.0
 11
6.056992078480867
 21
-15.09251796499564
 31
0.0
  0
LINE
  5
5045
330
576A
100
AcDbEntity
  8
0
 62
     0
100
AcDbLine
 10
6.056992078480867
 20
-15.09251796499564
 30
0.0
 11
8.482036411724081
 21
-13.69241796077972
 31
0.0
  0
LINE
  5
5046
330
576A
100
AcDbEntity
  8
0
 62
     0
100
AcDbLine
 10
8.482036411724081
 20
-13.69241796077972
 30
0.0
 11
8.070036410483503
 21
-12.97881302877749
 31
0.0
  0
LINE
  5
5047
330
576A
100
AcDbEntity
  8
0
 62
     0
100
AcDbLine
 10
8.070036410483503
 20
-12.97881302877749
 30
0.0
 11
13.50010228930205
 21
-9.84376301933753
 31
0.0
  0
LINE
  5
5048
330
576A
100
AcDbEntity
  8
0
 62
     0
100
AcDbLine
 10
13.50010228930205
 20
-9.84376301933753
 30
0.0
 11
12.63760228670496
 21
-8.349869199308728
 31
0.0
  0
LINE
  5
5049
330
576A
100
AcDbEntity
  8
0
 62
     0
100
AcDbLine
 10
12.63760228670496
 20
-8.349869199308728
 30
0.0
 11
13.48613397648123
 21
-7.859969197833721
 31
0.0
  0
LINE
  5
504A
330
576A
100
AcDbEntity
  8
0
 62
     0
100
AcDbLine
 10
13.48613397648123
 20
-7.859969197833721
 30
0.0
 11
11.8356339715113
 21
-5.001219342810714
 31
0.0
  0
LINE
  5
504B
330
576A
100
AcDbEntity
  8
0
 62
     0
100
AcDbLine
 10
11.8356339715113
 20
-5.001219342810714
 30
0.0
 11
10.98710228173509
 21
-5.491119344285721
 31
0.0
  0
LINE
  5
504C
330
576A
100
AcDbEntity
  8
0
 62
     0
100
AcDbLine
 10
10.98710228173509
 20
-5.491119344285721
 30
0.0
 11
10.12510227913944
 21
-3.998091549659989
 31
0.0
  0
LINE
  5
504D
330
576A
100
AcDbEntity
  8
0
 62
     0
100
AcDbLine
 10
10.12510227913944
 20
-3.998091549659989
 30
0.0
 11
6.253622317947297
 21
-6.233291556390554
 31
0.0
  0
LINE
  5
504E
330
576A
100
AcDbEntity
  8
0
 62
     0
100
AcDbLine
 10
6.253622317947297
 20
-6.233291556390554
 30
0.0
 11
5.491122315651381
 21
-4.912602816944855
 31
0.0
  0
LINE
  5
504F
330
576A
100
AcDbEntity
  8
0
 62
     0
100
AcDbLine
 10
5.491122315651381
 20
-4.912602816944855
 30
0.0
 11
9.561874722056636
 21
-2.562352809858908
 31
0.0
  0
LINE
  5
5050
330
576A
100
AcDbEntity
  8
0
 62
     0
100
AcDbLine
 10
9.561874722056636
 20
-2.562352809858908
 30
0.0
 11
2.561874700976283
 21
9.562002830944834
 31
0.0
  0
LINE
  5
5051
330
576A
100
AcDbEntity
  8
0
 62
     0
100
AcDbLine
 10
2.561874700976283
 20
9.562002830944834
 30
0.0
 11
-1.508877705426613
 21
7.211752823867982
 31
0.0
  0
LINE
  5
5052
330
576A
100
AcDbEntity
  8
0
 62
     0
100
AcDbLine
 10
-1.508877705426613
 20
7.211752823867982
 30
0.0
 11
-2.271377707722607
 21
8.532441563313569
 31
0.0
  0
LINE
  5
5053
330
576A
100
AcDbEntity
  8
0
 62
     0
100
AcDbLine
 10
-2.271377707722607
 20
8.532441563313569
 30
0.0
 11
1.60010225346953
 21
10.76764157004413
 31
0.0
  0
LINE
  5
5054
330
576A
100
AcDbEntity
  8
0
 62
     0
100
AcDbLine
 10
1.60010225346953
 20
10.76764157004413
 30
0.0
 11
0.7371022508708904
 21
12.26240141547578
 31
0.0
  0
LINE
  5
5055
330
576A
100
AcDbEntity
  8
0
 62
     0
100
AcDbLine
 10
0.7371022508708904
 20
12.26240141547578
 30
0.0
 11
1.58563394064717
 21
12.7523014169509
 31
0.0
  0
LINE
  5
5056
330
576A
100
AcDbEntity
  8
0
 62
     0
100
AcDbLine
 10
1.58563394064717
 20
12.7523014169509
 30
0.0
 11
-0.0643660643212129
 21
15.61018524657106
 31
0.0
  0
LINE
  5
5057
330
576A
100
AcDbEntity
  8
0
 62
     0
100
AcDbLine
 10
-0.0643660643212129
 20
15.61018524657106
 30
0.0
 11
-0.9128977540974716
 21
15.12028524509583
 31
0.0
  0
LINE
  5
5058
330
576A
100
AcDbEntity
  8
0
 62
     0
100
AcDbLine
 10
-0.9128977540974716
 20
15.12028524509583
 30
0.0
 11
-1.774897756693058
 21
16.61331303972179
 31
0.0
  0
LINE
  5
5059
330
576A
100
AcDbEntity
  8
0
 62
     0
100
AcDbLine
 10
-1.774897756693058
 20
16.61331303972179
 30
0.0
 11
-7.20496363551166
 21
13.47826303028171
 31
0.0
  0
LINE
  5
505A
330
576A
100
AcDbEntity
  8
0
 62
     0
100
AcDbLine
 10
-7.20496363551166
 20
13.47826303028171
 30
0.0
 11
-7.617463636753769
 21
14.19273398768667
 31
0.0
  0
LINE
  5
505B
330
576A
100
AcDbEntity
  8
0
 62
     0
100
AcDbLine
 10
-7.617463636753769
 20
14.19273398768667
 30
0.0
 11
-10.0425079699969
 21
12.79263398347075
 31
0.0
  0
LINE
  5
505C
330
576A
100
AcDbEntity
  8
0
 62
     0
100
AcDbLine
 10
-10.0425079699969
 20
12.79263398347075
 30
0.0
 11
-9.630007968754839
 21
12.07816302606568
 31
0.0
  0
LINE
  5
505D
330
576A
100
AcDbEntity
  8
0
 62
     0
100
AcDbLine
 10
-9.630007968754839
 20
12.07816302606568
 30
0.0
 11
-12.42735662271119
 21
10.46311302120273
 31
0.0
  0
LINE
  5
505E
330
576A
100
AcDbEntity
  8
0
 62
     0
100
AcDbLine
 10
-12.42735662271119
 20
10.46311302120273
 30
0.0
 11
-11.56535662011561
 21
8.970085226576884
 31
0.0
  0
LINE
  5
505F
330
576A
100
AcDbEntity
  8
0
 62
     0
100
AcDbLine
 10
-11.56535662011561
 20
8.970085226576884
 30
0.0
 11
-12.361320567935
 21
8.510535225193053
 31
0.0
  0
LINE
  5
5060
330
576A
100
AcDbEntity
  8
0
 62
     0
100
AcDbLine
 10
-12.361320567935
 20
8.510535225193053
 30
0.0
 11
-10.71132056296658
 21
5.652651395572775
 31
0.0
  0
LINE
  5
5061
330
576A
100
AcDbEntity
  8
0
 62
     0
100
AcDbLine
 10
-10.71132056296658
 20
5.652651395572775
 30
0.0
 11
-9.91535661514719
 21
6.112201396956607
 31
0.0
  0
LINE
  5
5062
330
576A
100
AcDbEntity
  8
0
 62
     0
100
AcDbLine
 10
-9.91535661514719
 20
6.112201396956607
 30
0.0
 11
-9.052356612548621
 21
4.617441551524962
 31
0.0
  0
LINE
  5
5063
330
576A
100
AcDbEntity
  8
0
 62
     0
100
AcDbLine
 10
-9.052356612548621
 20
4.617441551524962
 30
0.0
 11
-6.255007958592223
 21
6.23249155638814
 31
0.0
  0
LINE
  5
5064
330
576A
100
AcDbEntity
  8
0
 62
     0
100
AcDbLine
 10
-6.255007958592223
 20
6.23249155638814
 30
0.0
 11
-5.492507956296244
 21
4.911802816942441
 31
0.0
  0
LINE
  5
5065
330
576A
100
AcDbEntity
  8
0
 62
     0
100
AcDbLine
 10
-5.492507956296244
 20
4.911802816942441
 30
0.0
 11
-9.562047927114122
 21
2.562252809945562
 31
0.0
  0
LINE
  5
5066
330
576A
100
AcDbEntity
  8
0
 62
     0
100
AcDbLine
 10
-9.562047927114122
 20
2.562252809945562
 30
0.0
 11
-2.562047906057053
 21
-9.56210283094515
 31
0.0
  0
LINE
  5
5067
330
576A
100
AcDbEntity
  8
0
 62
     0
100
AcDbLine
 10
45.33236316520757
 20
10.72901954271549
 30
0.0
 11
59.33136316518124
 21
10.72901954274187
 31
0.0
  0
LINE
  5
5068
330
576A
100
AcDbEntity
  8
0
 62
     0
100
AcDbLine
 10
69.21336316520765
 20
10.7290195427156
 30
0.0
 11
83.21236316518133
 21
10.72901954274187
 31
0.0
  0
LINE
  5
5069
330
576A
100
AcDbEntity
  8
0
 62
     0
100
AcDbLine
 10
59.33136316518124
 20
10.72901954274187
 30
0.0
 11
59.33136316520759
 21
-3.270480457284521
 31
0.0
  0
LINE
  5
506A
330
576A
100
AcDbEntity
  8
0
 62
     0
100
AcDbLine
 10
83.21236316518133
 20
10.72901954274187
 30
0.0
 11
83.21236316520768
 21
-3.270480457284407
 31
0.0
  0
LINE
  5
506B
330
576A
100
AcDbEntity
  8
0
 62
     0
100
AcDbLine
 10
59.33136316520759
 20
-3.270480457284521
 30
0.0
 11
45.33236316516121
 21
-3.270480457238136
 31
0.0
  0
LINE
  5
506C
330
576A
100
AcDbEntity
  8
0
 62
     0
100
AcDbLine
 10
83.21236316520768
 20
-3.270480457284407
 30
0.0
 11
69.21336316516128
 21
-3.270480457238023
 31
0.0
  0
LINE
  5
506D
330
576A
100
AcDbEntity
  8
0
 62
     0
100
AcDbLine
 10
45.33236316516121
 20
-3.270480457238136
 30
0.0
 11
45.33236316520757
 21
10.72901954271549
 31
0.0
  0
LINE
  5
506E
330
576A
100
AcDbEntity
  8
0
 62
     0
100
AcDbLine
 10
69.21336316516128
 20
-3.270480457238023
 30
0.0
 11
69.21336316520765
 21
10.7290195427156
 31
0.0
  0
LINE
  5
506F
330
576A
100
AcDbEntity
  8
0
 62
     0
100
AcDbLine
 10
18.08901351114395
 20
5.896421064068363
 30
0.0
 11
31.6119750791909
 21
9.519887695503598
 31
0.0
  0
LINE
  5
5070
330
576A
100
AcDbEntity
  8
0
 62
     0
100
AcDbLine
 10
31.6119750791909
 20
9.519887695503598
 30
0.0
 11
35.23531230110364
 21
-4.002590909630158
 31
0.0
  0
LINE
  5
5071
330
576A
100
AcDbEntity
  8
0
 62
     0
100
AcDbLine
 10
35.23531230110364
 20
-4.002590909630158
 30
0.0
 11
21.71235073305668
 21
-7.626057541065506
 31
0.0
  0
LINE
  5
5072
330
576A
100
AcDbEntity
  8
0
 62
     0
100
AcDbLine
 10
21.71235073305668
 20
-7.626057541065506
 30
0.0
 11
18.08901351114395
 21
5.896421064068363
 31
0.0
  0
LINE
  5
5478
330
576A
100
AcDbEntity
  8
0
 62
     0
100
AcDbLine
 10
178.7041887880283
 20
21.20751954271566
 30
0.0
 11
192.7041887880283
 21
21.20751954271566
 31
0.0
  0
LINE
  5
5479
330
576A
100
AcDbEntity
  8
0
 62
     0
100
AcDbLine
 10
192.7041887880283
 20
21.20751954271566
 30
0.0
 11
192.7041887880283
 21
7.207819542715697
 31
0.0
  0
LINE
  5
547A
330
576A
100
AcDbEntity
  8
0
 62
     0
100
AcDbLine
 10
192.7041887880283
 20
7.207819542715697
 30
0.0
 11
178.7041887880283
 21
7.207819542715697
 31
0.0
  0
LINE
  5
547B
330
576A
100
AcDbEntity
  8
0
 62
     0
100
AcDbLine
 10
178.7041887880283
 20
7.207819542715697
 30
0.0
 11
178.7041887880283
 21
21.20751954271566
 31
0.0
  0
LINE
  5
547C
330
576A
100
AcDbEntity
  8
0
 62
     0
100
AcDbLine
 10
136.7931887880283
 20
26.92211954271568
 30
0.0
 11
150.7931887880283
 21
26.92211954271568
 31
0.0
  0
LINE
  5
547D
330
576A
100
AcDbEntity
  8
0
 62
     0
100
AcDbLine
 10
150.7931887880283
 20
26.92211954271568
 30
0.0
 11
150.7931887880283
 21
12.92251954271569
 31
0.0
  0
LINE
  5
547E
330
576A
100
AcDbEntity
  8
0
 62
     0
100
AcDbLine
 10
150.7931887880283
 20
12.92251954271569
 30
0.0
 11
136.7931887880283
 21
12.92251954271569
 31
0.0
  0
LINE
  5
547F
330
576A
100
AcDbEntity
  8
0
 62
     0
100
AcDbLine
 10
136.7931887880283
 20
12.92251954271569
 30
0.0
 11
136.7931887880283
 21
26.92211954271568
 31
0.0
  0
LINE
  5
5073
330
576A
100
AcDbEntity
  8
0
 62
     0
100
AcDbLine
 10
10.16318878802835
 20
32.63681954271567
 30
0.0
 11
24.16218878802835
 21
32.63681954271567
 31
0.0
  0
LINE
  5
5074
330
576A
100
AcDbEntity
  8
0
 62
     0
100
AcDbLine
 10
24.16218878802835
 20
32.63681954271567
 30
0.0
 11
24.16218878802835
 21
18.63711954271571
 31
0.0
  0
LINE
  5
5075
330
576A
100
AcDbEntity
  8
0
 62
     0
100
AcDbLine
 10
24.16218878802835
 20
18.63711954271571
 30
0.0
 11
10.16318878802835
 21
18.63711954271571
 31
0.0
  0
LINE
  5
5076
330
576A
100
AcDbEntity
  8
0
 62
     0
100
AcDbLine
 10
10.16318878802835
 20
18.63711954271571
 30
0.0
 11
10.16318878802835
 21
32.63681954271567
 31
0.0
  0
LINE
  5
5077
330
576A
100
AcDbEntity
  8
0
 62
     0
100
AcDbLine
 10
29.21318878802836
 20
32.63681954271567
 30
0.0
 11
43.21218878802834
 21
32.63681954271567
 31
0.0
  0
LINE
  5
5078
330
576A
100
AcDbEntity
  8
0
 62
     0
100
AcDbLine
 10
43.21218878802834
 20
32.63681954271567
 30
0.0
 11
43.21218878802834
 21
18.63711954271571
 31
0.0
  0
LINE
  5
5079
330
576A
100
AcDbEntity
  8
0
 62
     0
100
AcDbLine
 10
43.21218878802834
 20
18.63711954271571
 30
0.0
 11
29.21318878802836
 21
18.63711954271571
 31
0.0
  0
LINE
  5
507A
330
576A
100
AcDbEntity
  8
0
 62
     0
100
AcDbLine
 10
29.21318878802836
 20
18.63711954271571
 30
0.0
 11
29.21318878802836
 21
32.63681954271567
 31
0.0
  0
LINE
  5
507B
330
576A
100
AcDbEntity
  8
0
 62
     0
100
AcDbLine
 10
48.26318878802834
 20
32.63681954271567
 30
0.0
 11
62.26218878802834
 21
32.63681954271567
 31
0.0
  0
LINE
  5
507C
330
576A
100
AcDbEntity
  8
0
 62
     0
100
AcDbLine
 10
62.26218878802834
 20
32.63681954271567
 30
0.0
 11
62.26218878802834
 21
18.63711954271571
 31
0.0
  0
LINE
  5
507D
330
576A
100
AcDbEntity
  8
0
 62
     0
100
AcDbLine
 10
62.26218878802834
 20
18.63711954271571
 30
0.0
 11
48.26318878802834
 21
18.63711954271571
 31
0.0
  0
LINE
  5
507E
330
576A
100
AcDbEntity
  8
0
 62
     0
100
AcDbLine
 10
48.26318878802834
 20
18.63711954271571
 30
0.0
 11
48.26318878802834
 21
32.63681954271567
 31
0.0
  0
LINE
  5
507F
330
576A
100
AcDbEntity
  8
0
 62
     0
100
AcDbLine
 10
67.31318878802836
 20
32.63681954271567
 30
0.0
 11
81.31218878802835
 21
32.63681954271567
 31
0.0
  0
LINE
  5
5080
330
576A
100
AcDbEntity
  8
0
 62
     0
100
AcDbLine
 10
81.31218878802835
 20
32.63681954271567
 30
0.0
 11
81.31218878802835
 21
18.63711954271571
 31
0.0
  0
LINE
  5
5081
330
576A
100
AcDbEntity
  8
0
 62
     0
100
AcDbLine
 10
81.31218878802835
 20
18.63711954271571
 30
0.0
 11
67.31318878802836
 21
18.63711954271571
 31
0.0
  0
LINE
  5
5082
330
576A
100
AcDbEntity
  8
0
 62
     0
100
AcDbLine
 10
67.31318878802836
 20
18.63711954271571
 30
0.0
 11
67.31318878802836
 21
32.63681954271567
 31
0.0
  0
LINE
  5
5083
330
576A
100
AcDbEntity
  8
0
 62
     0
100
AcDbLine
 10
86.36318878802834
 20
32.63681954271567
 30
0.0
 11
100.3621887880283
 21
32.63681954271567
 31
0.0
  0
LINE
  5
5084
330
576A
100
AcDbEntity
  8
0
 62
     0
100
AcDbLine
 10
100.3621887880283
 20
32.63681954271567
 30
0.0
 11
100.3621887880283
 21
18.63711954271571
 31
0.0
  0
LINE
  5
5085
330
576A
100
AcDbEntity
  8
0
 62
     0
100
AcDbLine
 10
100.3621887880283
 20
18.63711954271571
 30
0.0
 11
86.36318878802834
 21
18.63711954271571
 31
0.0
  0
LINE
  5
5086
330
576A
100
AcDbEntity
  8
0
 62
     0
100
AcDbLine
 10
86.36318878802834
 20
18.63711954271571
 30
0.0
 11
86.36318878802834
 21
32.63681954271567
 31
0.0
  0
LINE
  5
5480
330
576A
100
AcDbEntity
  8
0
 62
     0
100
AcDbLine
 10
107.7431887880283
 20
32.63681954271567
 30
0.0
 11
121.7431887880283
 21
32.63681954271567
 31
0.0
  0
LINE
  5
5481
330
576A
100
AcDbEntity
  8
0
 62
     0
100
AcDbLine
 10
121.7431887880283
 20
32.63681954271567
 30
0.0
 11
121.7431887880283
 21
18.63711954271571
 31
0.0
  0
LINE
  5
5482
330
576A
100
AcDbEntity
  8
0
 62
     0
100
AcDbLine
 10
121.7431887880283
 20
18.63711954271571
 30
0.0
 11
107.7431887880283
 21
18.63711954271571
 31
0.0
  0
LINE
  5
5483
330
576A
100
AcDbEntity
  8
0
 62
     0
100
AcDbLine
 10
107.7431887880283
 20
18.63711954271571
 30
0.0
 11
107.7431887880283
 21
32.63681954271567
 31
0.0
  0
LINE
  5
5484
330
576A
100
AcDbEntity
  8
0
 62
     0
100
AcDbLine
 10
178.7041887880283
 20
40.25751954271573
 30
0.0
 11
192.7041887880283
 21
40.25751954271573
 31
0.0
  0
LINE
  5
5485
330
576A
100
AcDbEntity
  8
0
 62
     0
100
AcDbLine
 10
192.7041887880283
 20
40.25751954271573
 30
0.0
 11
192.7041887880283
 21
26.25781954271565
 31
0.0
  0
LINE
  5
5486
330
576A
100
AcDbEntity
  8
0
 62
     0
100
AcDbLine
 10
192.7041887880283
 20
26.25781954271565
 30
0.0
 11
178.7041887880283
 21
26.25781954271565
 31
0.0
  0
LINE
  5
5487
330
576A
100
AcDbEntity
  8
0
 62
     0
100
AcDbLine
 10
178.7041887880283
 20
26.25781954271565
 30
0.0
 11
178.7041887880283
 21
40.25751954271573
 31
0.0
  0
LINE
  5
5087
330
576A
100
AcDbEntity
  8
0
 62
     0
100
AcDbLine
 10
10.16318878802835
 20
51.68681954271574
 30
0.0
 11
24.16218878802835
 21
51.68681954271574
 31
0.0
  0
LINE
  5
5088
330
576A
100
AcDbEntity
  8
0
 62
     0
100
AcDbLine
 10
24.16218878802835
 20
51.68681954271574
 30
0.0
 11
24.16218878802835
 21
37.68711954271566
 31
0.0
  0
LINE
  5
5089
330
576A
100
AcDbEntity
  8
0
 62
     0
100
AcDbLine
 10
24.16218878802835
 20
37.68711954271566
 30
0.0
 11
10.16318878802835
 21
37.68711954271566
 31
0.0
  0
LINE
  5
508A
330
576A
100
AcDbEntity
  8
0
 62
     0
100
AcDbLine
 10
10.16318878802835
 20
37.68711954271566
 30
0.0
 11
10.16318878802835
 21
51.68681954271574
 31
0.0
  0
LINE
  5
508B
330
576A
100
AcDbEntity
  8
0
 62
     0
100
AcDbLine
 10
29.21318878802836
 20
51.68681954271574
 30
0.0
 11
43.21218878802834
 21
51.68681954271574
 31
0.0
  0
LINE
  5
508C
330
576A
100
AcDbEntity
  8
0
 62
     0
100
AcDbLine
 10
43.21218878802834
 20
51.68681954271574
 30
0.0
 11
43.21218878802834
 21
37.68711954271566
 31
0.0
  0
LINE
  5
508D
330
576A
100
AcDbEntity
  8
0
 62
     0
100
AcDbLine
 10
43.21218878802834
 20
37.68711954271566
 30
0.0
 11
29.21318878802836
 21
37.68711954271566
 31
0.0
  0
LINE
  5
508E
330
576A
100
AcDbEntity
  8
0
 62
     0
100
AcDbLine
 10
29.21318878802836
 20
37.68711954271566
 30
0.0
 11
29.21318878802836
 21
51.68681954271574
 31
0.0
  0
LINE
  5
508F
330
576A
100
AcDbEntity
  8
0
 62
     0
100
AcDbLine
 10
48.26318878802834
 20
51.68681954271574
 30
0.0
 11
62.26218878802834
 21
51.68681954271574
 31
0.0
  0
LINE
  5
5090
330
576A
100
AcDbEntity
  8
0
 62
     0
100
AcDbLine
 10
62.26218878802834
 20
51.68681954271574
 30
0.0
 11
62.26218878802834
 21
37.68711954271566
 31
0.0
  0
LINE
  5
5091
330
576A
100
AcDbEntity
  8
0
 62
     0
100
AcDbLine
 10
62.26218878802834
 20
37.68711954271566
 30
0.0
 11
48.26318878802834
 21
37.68711954271566
 31
0.0
  0
LINE
  5
5092
330
576A
100
AcDbEntity
  8
0
 62
     0
100
AcDbLine
 10
48.26318878802834
 20
37.68711954271566
 30
0.0
 11
48.26318878802834
 21
51.68681954271574
 31
0.0
  0
LINE
  5
5093
330
576A
100
AcDbEntity
  8
0
 62
     0
100
AcDbLine
 10
67.31318878802836
 20
51.68681954271574
 30
0.0
 11
81.31218878802835
 21
51.68681954271574
 31
0.0
  0
LINE
  5
5094
330
576A
100
AcDbEntity
  8
0
 62
     0
100
AcDbLine
 10
81.31218878802835
 20
51.68681954271574
 30
0.0
 11
81.31218878802835
 21
37.68711954271566
 31
0.0
  0
LINE
  5
5095
330
576A
100
AcDbEntity
  8
0
 62
     0
100
AcDbLine
 10
81.31218878802835
 20
37.68711954271566
 30
0.0
 11
67.31318878802836
 21
37.68711954271566
 31
0.0
  0
LINE
  5
5096
330
576A
100
AcDbEntity
  8
0
 62
     0
100
AcDbLine
 10
67.31318878802836
 20
37.68711954271566
 30
0.0
 11
67.31318878802836
 21
51.68681954271574
 31
0.0
  0
LINE
  5
5097
330
576A
100
AcDbEntity
  8
0
 62
     0
100
AcDbLine
 10
86.36318878802834
 20
51.68681954271574
 30
0.0
 11
100.3621887880283
 21
51.68681954271574
 31
0.0
  0
LINE
  5
5098
330
576A
100
AcDbEntity
  8
0
 62
     0
100
AcDbLine
 10
100.3621887880283
 20
51.68681954271574
 30
0.0
 11
100.3621887880283
 21
37.68711954271566
 31
0.0
  0
LINE
  5
5099
330
576A
100
AcDbEntity
  8
0
 62
     0
100
AcDbLine
 10
100.3621887880283
 20
37.68711954271566
 30
0.0
 11
86.36318878802834
 21
37.68711954271566
 31
0.0
  0
LINE
  5
509A
330
576A
100
AcDbEntity
  8
0
 62
     0
100
AcDbLine
 10
86.36318878802834
 20
37.68711954271566
 30
0.0
 11
86.36318878802834
 21
51.68681954271574
 31
0.0
  0
LINE
  5
5488
330
576A
100
AcDbEntity
  8
0
 62
     0
100
AcDbLine
 10
105.3621887880283
 20
51.68681954271574
 30
0.0
 11
119.3611887880283
 21
51.68681954271574
 31
0.0
  0
LINE
  5
5489
330
576A
100
AcDbEntity
  8
0
 62
     0
100
AcDbLine
 10
119.3611887880283
 20
51.68681954271574
 30
0.0
 11
119.3611887880283
 21
37.68711954271566
 31
0.0
  0
LINE
  5
548A
330
576A
100
AcDbEntity
  8
0
 62
     0
100
AcDbLine
 10
119.3611887880283
 20
37.68711954271566
 30
0.0
 11
105.3621887880283
 21
37.68711954271566
 31
0.0
  0
LINE
  5
548B
330
576A
100
AcDbEntity
  8
0
 62
     0
100
AcDbLine
 10
105.3621887880283
 20
37.68711954271566
 30
0.0
 11
105.3621887880283
 21
51.68681954271574
 31
0.0
  0
LINE
  5
548C
330
576A
100
AcDbEntity
  8
0
 62
     0
100
AcDbLine
 10
124.4121887880283
 20
51.68681954271574
 30
0.0
 11
138.4111887880283
 21
51.68681954271574
 31
0.0
  0
LINE
  5
548D
330
576A
100
AcDbEntity
  8
0
 62
     0
100
AcDbLine
 10
138.4111887880283
 20
51.68681954271574
 30
0.0
 11
138.4111887880283
 21
37.68711954271566
 31
0.0
  0
LINE
  5
548E
330
576A
100
AcDbEntity
  8
0
 62
     0
100
AcDbLine
 10
138.4111887880283
 20
37.68711954271566
 30
0.0
 11
124.4121887880283
 21
37.68711954271566
 31
0.0
  0
LINE
  5
548F
330
576A
100
AcDbEntity
  8
0
 62
     0
100
AcDbLine
 10
124.4121887880283
 20
37.68711954271566
 30
0.0
 11
124.4121887880283
 21
51.68681954271574
 31
0.0
  0
LINE
  5
5490
330
576A
100
AcDbEntity
  8
0
 62
     0
100
AcDbLine
 10
157.1051887880283
 20
70.31241954271559
 30
0.0
 11
157.1051887880283
 21
69.48691954271567
 31
0.0
  0
LINE
  5
5491
330
576A
100
AcDbEntity
  8
0
 62
     0
100
AcDbLine
 10
157.1051887880283
 20
69.48691954271567
 30
0.0
 11
150.8341887880283
 21
69.48691954271567
 31
0.0
  0
LINE
  5
5492
330
576A
100
AcDbEntity
  8
0
 62
     0
100
AcDbLine
 10
150.8341887880283
 20
69.48691954271567
 30
0.0
 11
150.8341887880283
 21
67.76281954271565
 31
0.0
  0
LINE
  5
5493
330
576A
100
AcDbEntity
  8
0
 62
     0
100
AcDbLine
 10
150.8341887880283
 20
67.76281954271565
 30
0.0
 11
149.8551887880283
 21
67.76281954271565
 31
0.0
  0
LINE
  5
5494
330
576A
100
AcDbEntity
  8
0
 62
     0
100
AcDbLine
 10
149.8551887880283
 20
67.76281954271565
 30
0.0
 11
149.8551887880283
 21
64.46261954271563
 31
0.0
  0
LINE
  5
5495
330
576A
100
AcDbEntity
  8
0
 62
     0
100
AcDbLine
 10
149.8551887880283
 20
64.46261954271563
 30
0.0
 11
150.8341887880283
 21
64.46261954271563
 31
0.0
  0
LINE
  5
5496
330
576A
100
AcDbEntity
  8
0
 62
     0
100
AcDbLine
 10
150.8341887880283
 20
64.46261954271563
 30
0.0
 11
150.8341887880283
 21
62.73721954271559
 31
0.0
  0
LINE
  5
5497
330
576A
100
AcDbEntity
  8
0
 62
     0
100
AcDbLine
 10
150.8341887880283
 20
62.73721954271559
 30
0.0
 11
155.3051887880283
 21
62.73721954271559
 31
0.0
  0
LINE
  5
5498
330
576A
100
AcDbEntity
  8
0
 62
     0
100
AcDbLine
 10
155.3051887880283
 20
62.73721954271559
 30
0.0
 11
155.3051887880283
 21
61.2118195427156
 31
0.0
  0
LINE
  5
5499
330
576A
100
AcDbEntity
  8
0
 62
     0
100
AcDbLine
 10
155.3051887880283
 20
61.2118195427156
 30
0.0
 11
150.6041887880283
 21
61.2118195427156
 31
0.0
  0
LINE
  5
549A
330
576A
100
AcDbEntity
  8
0
 62
     0
100
AcDbLine
 10
150.6041887880283
 20
61.2118195427156
 30
0.0
 11
150.6041887880283
 21
47.21211954271564
 31
0.0
  0
LINE
  5
549B
330
576A
100
AcDbEntity
  8
0
 62
     0
100
AcDbLine
 10
150.6041887880283
 20
47.21211954271564
 30
0.0
 11
155.3051887880283
 21
47.21211954271564
 31
0.0
  0
LINE
  5
549C
330
576A
100
AcDbEntity
  8
0
 62
     0
100
AcDbLine
 10
155.3051887880283
 20
47.21211954271564
 30
0.0
 11
155.3051887880283
 21
45.68671954271565
 31
0.0
  0
LINE
  5
549D
330
576A
100
AcDbEntity
  8
0
 62
     0
100
AcDbLine
 10
155.3051887880283
 20
45.68671954271565
 30
0.0
 11
150.8341887880283
 21
45.68671954271565
 31
0.0
  0
LINE
  5
549E
330
576A
100
AcDbEntity
  8
0
 62
     0
100
AcDbLine
 10
150.8341887880283
 20
45.68671954271565
 30
0.0
 11
150.8341887880283
 21
43.9627195427156
 31
0.0
  0
LINE
  5
549F
330
576A
100
AcDbEntity
  8
0
 62
     0
100
AcDbLine
 10
150.8341887880283
 20
43.9627195427156
 30
0.0
 11
149.8551887880283
 21
43.9627195427156
 31
0.0
  0
LINE
  5
54A0
330
576A
100
AcDbEntity
  8
0
 62
     0
100
AcDbLine
 10
149.8551887880283
 20
43.9627195427156
 30
0.0
 11
149.8551887880283
 21
40.66241954271572
 31
0.0
  0
LINE
  5
54A1
330
576A
100
AcDbEntity
  8
0
 62
     0
100
AcDbLine
 10
149.8551887880283
 20
40.66241954271572
 30
0.0
 11
150.8341887880283
 21
40.66241954271572
 31
0.0
  0
LINE
  5
54A2
330
576A
100
AcDbEntity
  8
0
 62
     0
100
AcDbLine
 10
150.8341887880283
 20
40.66241954271572
 30
0.0
 11
150.8341887880283
 21
38.93701954271569
 31
0.0
  0
LINE
  5
54A3
330
576A
100
AcDbEntity
  8
0
 62
     0
100
AcDbLine
 10
150.8341887880283
 20
38.93701954271569
 30
0.0
 11
157.1051887880283
 21
38.93701954271569
 31
0.0
  0
LINE
  5
54A4
330
576A
100
AcDbEntity
  8
0
 62
     0
100
AcDbLine
 10
157.1051887880283
 20
38.93701954271569
 30
0.0
 11
157.1051887880283
 21
38.11291954271564
 31
0.0
  0
LINE
  5
54A5
330
576A
100
AcDbEntity
  8
0
 62
     0
100
AcDbLine
 10
157.1051887880283
 20
38.11291954271564
 30
0.0
 11
159.9051887880283
 21
38.11291954271564
 31
0.0
  0
LINE
  5
54A6
330
576A
100
AcDbEntity
  8
0
 62
     0
100
AcDbLine
 10
159.9051887880283
 20
38.11291954271564
 30
0.0
 11
159.9051887880283
 21
38.93701954271569
 31
0.0
  0
LINE
  5
54A7
330
576A
100
AcDbEntity
  8
0
 62
     0
100
AcDbLine
 10
159.9051887880283
 20
38.93701954271569
 30
0.0
 11
163.1351887880283
 21
38.93701954271569
 31
0.0
  0
LINE
  5
54A8
330
576A
100
AcDbEntity
  8
0
 62
     0
100
AcDbLine
 10
163.1351887880283
 20
38.93701954271569
 30
0.0
 11
163.1351887880283
 21
40.66241954271572
 31
0.0
  0
LINE
  5
54A9
330
576A
100
AcDbEntity
  8
0
 62
     0
100
AcDbLine
 10
163.1351887880283
 20
40.66241954271572
 30
0.0
 11
164.0541887880283
 21
40.66241954271572
 31
0.0
  0
LINE
  5
54AA
330
576A
100
AcDbEntity
  8
0
 62
     0
100
AcDbLine
 10
164.0541887880283
 20
40.66241954271572
 30
0.0
 11
164.0541887880283
 21
43.9627195427156
 31
0.0
  0
LINE
  5
54AB
330
576A
100
AcDbEntity
  8
0
 62
     0
100
AcDbLine
 10
164.0541887880283
 20
43.9627195427156
 30
0.0
 11
163.1351887880283
 21
43.9627195427156
 31
0.0
  0
LINE
  5
54AC
330
576A
100
AcDbEntity
  8
0
 62
     0
100
AcDbLine
 10
163.1351887880283
 20
43.9627195427156
 30
0.0
 11
163.1351887880283
 21
45.68671954271565
 31
0.0
  0
LINE
  5
54AD
330
576A
100
AcDbEntity
  8
0
 62
     0
100
AcDbLine
 10
163.1351887880283
 20
45.68671954271565
 30
0.0
 11
159.9051887880283
 21
45.68671954271565
 31
0.0
  0
LINE
  5
54AE
330
576A
100
AcDbEntity
  8
0
 62
     0
100
AcDbLine
 10
159.9051887880283
 20
45.68671954271565
 30
0.0
 11
159.9051887880283
 21
47.21211954271564
 31
0.0
  0
LINE
  5
54AF
330
576A
100
AcDbEntity
  8
0
 62
     0
100
AcDbLine
 10
159.9051887880283
 20
47.21211954271564
 30
0.0
 11
164.6051887880283
 21
47.21211954271564
 31
0.0
  0
LINE
  5
54B0
330
576A
100
AcDbEntity
  8
0
 62
     0
100
AcDbLine
 10
164.6051887880283
 20
47.21211954271564
 30
0.0
 11
164.6051887880283
 21
61.2118195427156
 31
0.0
  0
LINE
  5
54B1
330
576A
100
AcDbEntity
  8
0
 62
     0
100
AcDbLine
 10
164.6051887880283
 20
61.2118195427156
 30
0.0
 11
159.9051887880283
 21
61.2118195427156
 31
0.0
  0
LINE
  5
54B2
330
576A
100
AcDbEntity
  8
0
 62
     0
100
AcDbLine
 10
159.9051887880283
 20
61.2118195427156
 30
0.0
 11
159.9051887880283
 21
62.73721954271559
 31
0.0
  0
LINE
  5
54B3
330
576A
100
AcDbEntity
  8
0
 62
     0
100
AcDbLine
 10
159.9051887880283
 20
62.73721954271559
 30
0.0
 11
163.1351887880283
 21
62.73721954271559
 31
0.0
  0
LINE
  5
54B4
330
576A
100
AcDbEntity
  8
0
 62
     0
100
AcDbLine
 10
163.1351887880283
 20
62.73721954271559
 30
0.0
 11
163.1351887880283
 21
64.46261954271563
 31
0.0
  0
LINE
  5
54B5
330
576A
100
AcDbEntity
  8
0
 62
     0
100
AcDbLine
 10
163.1351887880283
 20
64.46261954271563
 30
0.0
 11
164.0541887880283
 21
64.46261954271563
 31
0.0
  0
LINE
  5
54B6
330
576A
100
AcDbEntity
  8
0
 62
     0
100
AcDbLine
 10
164.0541887880283
 20
64.46261954271563
 30
0.0
 11
164.0541887880283
 21
67.76281954271565
 31
0.0
  0
LINE
  5
54B7
330
576A
100
AcDbEntity
  8
0
 62
     0
100
AcDbLine
 10
164.0541887880283
 20
67.76281954271565
 30
0.0
 11
163.1351887880283
 21
67.76281954271565
 31
0.0
  0
LINE
  5
54B8
330
576A
100
AcDbEntity
  8
0
 62
     0
100
AcDbLine
 10
163.1351887880283
 20
67.76281954271565
 30
0.0
 11
163.1351887880283
 21
69.48691954271567
 31
0.0
  0
LINE
  5
54B9
330
576A
100
AcDbEntity
  8
0
 62
     0
100
AcDbLine
 10
163.1351887880283
 20
69.48691954271567
 30
0.0
 11
159.9051887880283
 21
69.48691954271567
 31
0.0
  0
LINE
  5
54BA
330
576A
100
AcDbEntity
  8
0
 62
     0
100
AcDbLine
 10
159.9051887880283
 20
69.48691954271567
 30
0.0
 11
159.9051887880283
 21
70.31241954271559
 31
0.0
  0
LINE
  5
54BB
330
576A
100
AcDbEntity
  8
0
 62
     0
100
AcDbLine
 10
159.9051887880283
 20
70.31241954271559
 30
0.0
 11
157.1051887880283
 21
70.31241954271559
 31
0.0
  0
LINE
  5
509B
330
576A
100
AcDbEntity
  8
0
 62
     0
100
AcDbLine
 10
10.16318878802835
 20
70.7368195427157
 30
0.0
 11
24.16218878802835
 21
70.7368195427157
 31
0.0
  0
LINE
  5
509C
330
576A
100
AcDbEntity
  8
0
 62
     0
100
AcDbLine
 10
24.16218878802835
 20
70.7368195427157
 30
0.0
 11
24.16218878802835
 21
56.73711954271562
 31
0.0
  0
LINE
  5
509D
330
576A
100
AcDbEntity
  8
0
 62
     0
100
AcDbLine
 10
24.16218878802835
 20
56.73711954271562
 30
0.0
 11
10.16318878802835
 21
56.73711954271562
 31
0.0
  0
LINE
  5
509E
330
576A
100
AcDbEntity
  8
0
 62
     0
100
AcDbLine
 10
10.16318878802835
 20
56.73711954271562
 30
0.0
 11
10.16318878802835
 21
70.7368195427157
 31
0.0
  0
LINE
  5
509F
330
576A
100
AcDbEntity
  8
0
 62
     0
100
AcDbLine
 10
29.21318878802836
 20
70.7368195427157
 30
0.0
 11
43.21218878802834
 21
70.7368195427157
 31
0.0
  0
LINE
  5
50A0
330
576A
100
AcDbEntity
  8
0
 62
     0
100
AcDbLine
 10
43.21218878802834
 20
70.7368195427157
 30
0.0
 11
43.21218878802834
 21
56.73711954271562
 31
0.0
  0
LINE
  5
50A1
330
576A
100
AcDbEntity
  8
0
 62
     0
100
AcDbLine
 10
43.21218878802834
 20
56.73711954271562
 30
0.0
 11
29.21318878802836
 21
56.73711954271562
 31
0.0
  0
LINE
  5
50A2
330
576A
100
AcDbEntity
  8
0
 62
     0
100
AcDbLine
 10
29.21318878802836
 20
56.73711954271562
 30
0.0
 11
29.21318878802836
 21
70.7368195427157
 31
0.0
  0
LINE
  5
50A3
330
576A
100
AcDbEntity
  8
0
 62
     0
100
AcDbLine
 10
48.26318878802834
 20
70.7368195427157
 30
0.0
 11
62.26218878802834
 21
70.7368195427157
 31
0.0
  0
LINE
  5
50A4
330
576A
100
AcDbEntity
  8
0
 62
     0
100
AcDbLine
 10
62.26218878802834
 20
70.7368195427157
 30
0.0
 11
62.26218878802834
 21
56.73711954271562
 31
0.0
  0
LINE
  5
50A5
330
576A
100
AcDbEntity
  8
0
 62
     0
100
AcDbLine
 10
62.26218878802834
 20
56.73711954271562
 30
0.0
 11
48.26318878802834
 21
56.73711954271562
 31
0.0
  0
LINE
  5
50A6
330
576A
100
AcDbEntity
  8
0
 62
     0
100
AcDbLine
 10
48.26318878802834
 20
56.73711954271562
 30
0.0
 11
48.26318878802834
 21
70.7368195427157
 31
0.0
  0
LINE
  5
50A7
330
576A
100
AcDbEntity
  8
0
 62
     0
100
AcDbLine
 10
67.31318878802836
 20
70.7368195427157
 30
0.0
 11
81.31218878802835
 21
70.7368195427157
 31
0.0
  0
LINE
  5
50A8
330
576A
100
AcDbEntity
  8
0
 62
     0
100
AcDbLine
 10
81.31218878802835
 20
70.7368195427157
 30
0.0
 11
81.31218878802835
 21
56.73711954271562
 31
0.0
  0
LINE
  5
50A9
330
576A
100
AcDbEntity
  8
0
 62
     0
100
AcDbLine
 10
81.31218878802835
 20
56.73711954271562
 30
0.0
 11
67.31318878802836
 21
56.73711954271562
 31
0.0
  0
LINE
  5
50AA
330
576A
100
AcDbEntity
  8
0
 62
     0
100
AcDbLine
 10
67.31318878802836
 20
56.73711954271562
 30
0.0
 11
67.31318878802836
 21
70.7368195427157
 31
0.0
  0
LINE
  5
50AB
330
576A
100
AcDbEntity
  8
0
 62
     0
100
AcDbLine
 10
86.36318878802834
 20
70.7368195427157
 30
0.0
 11
100.3621887880283
 21
70.7368195427157
 31
0.0
  0
LINE
  5
50AC
330
576A
100
AcDbEntity
  8
0
 62
     0
100
AcDbLine
 10
100.3621887880283
 20
70.7368195427157
 30
0.0
 11
100.3621887880283
 21
56.73711954271562
 31
0.0
  0
LINE
  5
50AD
330
576A
100
AcDbEntity
  8
0
 62
     0
100
AcDbLine
 10
100.3621887880283
 20
56.73711954271562
 30
0.0
 11
86.36318878802834
 21
56.73711954271562
 31
0.0
  0
LINE
  5
50AE
330
576A
100
AcDbEntity
  8
0
 62
     0
100
AcDbLine
 10
86.36318878802834
 20
56.73711954271562
 30
0.0
 11
86.36318878802834
 21
70.7368195427157
 31
0.0
  0
LINE
  5
54BC
330
576A
100
AcDbEntity
  8
0
 62
     0
100
AcDbLine
 10
105.3621887880283
 20
70.7368195427157
 30
0.0
 11
119.3611887880283
 21
70.7368195427157
 31
0.0
  0
LINE
  5
54BD
330
576A
100
AcDbEntity
  8
0
 62
     0
100
AcDbLine
 10
119.3611887880283
 20
70.7368195427157
 30
0.0
 11
119.3611887880283
 21
56.73711954271562
 31
0.0
  0
LINE
  5
54BE
330
576A
100
AcDbEntity
  8
0
 62
     0
100
AcDbLine
 10
119.3611887880283
 20
56.73711954271562
 30
0.0
 11
105.3621887880283
 21
56.73711954271562
 31
0.0
  0
LINE
  5
54BF
330
576A
100
AcDbEntity
  8
0
 62
     0
100
AcDbLine
 10
105.3621887880283
 20
56.73711954271562
 30
0.0
 11
105.3621887880283
 21
70.7368195427157
 31
0.0
  0
LINE
  5
54C0
330
576A
100
AcDbEntity
  8
0
 62
     0
100
AcDbLine
 10
124.4121887880283
 20
70.7368195427157
 30
0.0
 11
138.4111887880283
 21
70.7368195427157
 31
0.0
  0
LINE
  5
54C1
330
576A
100
AcDbEntity
  8
0
 62
     0
100
AcDbLine
 10
138.4111887880283
 20
70.7368195427157
 30
0.0
 11
138.4111887880283
 21
56.73711954271562
 31
0.0
  0
LINE
  5
54C2
330
576A
100
AcDbEntity
  8
0
 62
     0
100
AcDbLine
 10
138.4111887880283
 20
56.73711954271562
 30
0.0
 11
124.4121887880283
 21
56.73711954271562
 31
0.0
  0
LINE
  5
54C3
330
576A
100
AcDbEntity
  8
0
 62
     0
100
AcDbLine
 10
124.4121887880283
 20
56.73711954271562
 30
0.0
 11
124.4121887880283
 21
70.7368195427157
 31
0.0
  0
LINE
  5
54C4
330
576A
100
AcDbEntity
  8
0
 62
     0
100
AcDbLine
 10
152.9871887880283
 20
89.78711954271569
 30
0.0
 11
152.9871887880283
 21
85.08811954271573
 31
0.0
  0
LINE
  5
54C5
330
576A
100
AcDbEntity
  8
0
 62
     0
100
AcDbLine
 10
152.9871887880283
 20
85.08811954271573
 30
0.0
 11
151.4621887880283
 21
85.08811954271573
 31
0.0
  0
LINE
  5
54C6
330
576A
100
AcDbEntity
  8
0
 62
     0
100
AcDbLine
 10
151.4621887880283
 20
85.08811954271573
 30
0.0
 11
151.4621887880283
 21
88.31811954271564
 31
0.0
  0
LINE
  5
54C7
330
576A
100
AcDbEntity
  8
0
 62
     0
100
AcDbLine
 10
151.4621887880283
 20
88.31811954271564
 30
0.0
 11
149.7361887880283
 21
88.31811954271564
 31
0.0
  0
LINE
  5
54C8
330
576A
100
AcDbEntity
  8
0
 62
     0
100
AcDbLine
 10
149.7361887880283
 20
88.31811954271564
 30
0.0
 11
149.7361887880283
 21
89.23711954271562
 31
0.0
  0
LINE
  5
54C9
330
576A
100
AcDbEntity
  8
0
 62
     0
100
AcDbLine
 10
149.7361887880283
 20
89.23711954271562
 30
0.0
 11
146.4371887880283
 21
89.23711954271562
 31
0.0
  0
LINE
  5
54CA
330
576A
100
AcDbEntity
  8
0
 62
     0
100
AcDbLine
 10
146.4371887880283
 20
89.23711954271562
 30
0.0
 11
146.4371887880283
 21
88.31811954271564
 31
0.0
  0
LINE
  5
54CB
330
576A
100
AcDbEntity
  8
0
 62
     0
100
AcDbLine
 10
146.4371887880283
 20
88.31811954271564
 30
0.0
 11
144.7121887880283
 21
88.31811954271564
 31
0.0
  0
LINE
  5
54CC
330
576A
100
AcDbEntity
  8
0
 62
     0
100
AcDbLine
 10
144.7121887880283
 20
88.31811954271564
 30
0.0
 11
144.7121887880283
 21
85.08811954271573
 31
0.0
  0
LINE
  5
54CD
330
576A
100
AcDbEntity
  8
0
 62
     0
100
AcDbLine
 10
144.7121887880283
 20
85.08811954271573
 30
0.0
 11
143.8861887880283
 21
85.08811954271573
 31
0.0
  0
LINE
  5
54CE
330
576A
100
AcDbEntity
  8
0
 62
     0
100
AcDbLine
 10
143.8861887880283
 20
85.08811954271573
 30
0.0
 11
143.8861887880283
 21
82.28711954271557
 31
0.0
  0
LINE
  5
54CF
330
576A
100
AcDbEntity
  8
0
 62
     0
100
AcDbLine
 10
143.8861887880283
 20
82.28711954271557
 30
0.0
 11
144.7121887880283
 21
82.28711954271557
 31
0.0
  0
LINE
  5
54D0
330
576A
100
AcDbEntity
  8
0
 62
     0
100
AcDbLine
 10
144.7121887880283
 20
82.28711954271557
 30
0.0
 11
144.7121887880283
 21
76.01751954271572
 31
0.0
  0
LINE
  5
54D1
330
576A
100
AcDbEntity
  8
0
 62
     0
100
AcDbLine
 10
144.7121887880283
 20
76.01751954271572
 30
0.0
 11
146.4371887880283
 21
76.01751954271572
 31
0.0
  0
LINE
  5
54D2
330
576A
100
AcDbEntity
  8
0
 62
     0
100
AcDbLine
 10
146.4371887880283
 20
76.01751954271572
 30
0.0
 11
146.4371887880283
 21
75.0375195427157
 31
0.0
  0
LINE
  5
54D3
330
576A
100
AcDbEntity
  8
0
 62
     0
100
AcDbLine
 10
146.4371887880283
 20
75.0375195427157
 30
0.0
 11
149.7361887880283
 21
75.0375195427157
 31
0.0
  0
LINE
  5
54D4
330
576A
100
AcDbEntity
  8
0
 62
     0
100
AcDbLine
 10
149.7361887880283
 20
75.0375195427157
 30
0.0
 11
149.7361887880283
 21
76.01751954271572
 31
0.0
  0
LINE
  5
54D5
330
576A
100
AcDbEntity
  8
0
 62
     0
100
AcDbLine
 10
149.7361887880283
 20
76.01751954271572
 30
0.0
 11
151.4621887880283
 21
76.01751954271572
 31
0.0
  0
LINE
  5
54D6
330
576A
100
AcDbEntity
  8
0
 62
     0
100
AcDbLine
 10
151.4621887880283
 20
76.01751954271572
 30
0.0
 11
151.4621887880283
 21
80.48791954271564
 31
0.0
  0
LINE
  5
54D7
330
576A
100
AcDbEntity
  8
0
 62
     0
100
AcDbLine
 10
151.4621887880283
 20
80.48791954271564
 30
0.0
 11
152.9871887880283
 21
80.48791954271564
 31
0.0
  0
LINE
  5
54D8
330
576A
100
AcDbEntity
  8
0
 62
     0
100
AcDbLine
 10
152.9871887880283
 20
80.48791954271564
 30
0.0
 11
152.9871887880283
 21
75.78711954271557
 31
0.0
  0
LINE
  5
54D9
330
576A
100
AcDbEntity
  8
0
 62
     0
100
AcDbLine
 10
152.9871887880283
 20
75.78711954271557
 30
0.0
 11
166.9861887880283
 21
75.78711954271557
 31
0.0
  0
LINE
  5
54DA
330
576A
100
AcDbEntity
  8
0
 62
     0
100
AcDbLine
 10
166.9861887880283
 20
75.78711954271557
 30
0.0
 11
166.9861887880283
 21
80.48791954271564
 31
0.0
  0
LINE
  5
54DB
330
576A
100
AcDbEntity
  8
0
 62
     0
100
AcDbLine
 10
166.9861887880283
 20
80.48791954271564
 30
0.0
 11
168.5121887880283
 21
80.48791954271564
 31
0.0
  0
LINE
  5
54DC
330
576A
100
AcDbEntity
  8
0
 62
     0
100
AcDbLine
 10
168.5121887880283
 20
80.48791954271564
 30
0.0
 11
168.5121887880283
 21
76.01751954271572
 31
0.0
  0
LINE
  5
54DD
330
576A
100
AcDbEntity
  8
0
 62
     0
100
AcDbLine
 10
168.5121887880283
 20
76.01751954271572
 30
0.0
 11
170.2361887880283
 21
76.01751954271572
 31
0.0
  0
LINE
  5
54DE
330
576A
100
AcDbEntity
  8
0
 62
     0
100
AcDbLine
 10
170.2361887880283
 20
76.01751954271572
 30
0.0
 11
170.2361887880283
 21
75.0375195427157
 31
0.0
  0
LINE
  5
54DF
330
576A
100
AcDbEntity
  8
0
 62
     0
100
AcDbLine
 10
170.2361887880283
 20
75.0375195427157
 30
0.0
 11
173.5361887880283
 21
75.0375195427157
 31
0.0
  0
LINE
  5
54E0
330
576A
100
AcDbEntity
  8
0
 62
     0
100
AcDbLine
 10
173.5361887880283
 20
75.0375195427157
 30
0.0
 11
173.5361887880283
 21
76.01751954271572
 31
0.0
  0
LINE
  5
54E1
330
576A
100
AcDbEntity
  8
0
 62
     0
100
AcDbLine
 10
173.5361887880283
 20
76.01751954271572
 30
0.0
 11
175.2611887880283
 21
76.01751954271572
 31
0.0
  0
LINE
  5
54E2
330
576A
100
AcDbEntity
  8
0
 62
     0
100
AcDbLine
 10
175.2611887880283
 20
76.01751954271572
 30
0.0
 11
175.2611887880283
 21
82.28711954271557
 31
0.0
  0
LINE
  5
54E3
330
576A
100
AcDbEntity
  8
0
 62
     0
100
AcDbLine
 10
175.2611887880283
 20
82.28711954271557
 30
0.0
 11
176.0871887880283
 21
82.28711954271557
 31
0.0
  0
LINE
  5
54E4
330
576A
100
AcDbEntity
  8
0
 62
     0
100
AcDbLine
 10
176.0871887880283
 20
82.28711954271557
 30
0.0
 11
176.0871887880283
 21
85.08811954271573
 31
0.0
  0
LINE
  5
54E5
330
576A
100
AcDbEntity
  8
0
 62
     0
100
AcDbLine
 10
176.0871887880283
 20
85.08811954271573
 30
0.0
 11
175.2611887880283
 21
85.08811954271573
 31
0.0
  0
LINE
  5
54E6
330
576A
100
AcDbEntity
  8
0
 62
     0
100
AcDbLine
 10
175.2611887880283
 20
85.08811954271573
 30
0.0
 11
175.2611887880283
 21
88.31811954271564
 31
0.0
  0
LINE
  5
54E7
330
576A
100
AcDbEntity
  8
0
 62
     0
100
AcDbLine
 10
175.2611887880283
 20
88.31811954271564
 30
0.0
 11
173.5361887880283
 21
88.31811954271564
 31
0.0
  0
LINE
  5
54E8
330
576A
100
AcDbEntity
  8
0
 62
     0
100
AcDbLine
 10
173.5361887880283
 20
88.31811954271564
 30
0.0
 11
173.5361887880283
 21
89.23711954271562
 31
0.0
  0
LINE
  5
54E9
330
576A
100
AcDbEntity
  8
0
 62
     0
100
AcDbLine
 10
173.5361887880283
 20
89.23711954271562
 30
0.0
 11
170.2361887880283
 21
89.23711954271562
 31
0.0
  0
LINE
  5
54EA
330
576A
100
AcDbEntity
  8
0
 62
     0
100
AcDbLine
 10
170.2361887880283
 20
89.23711954271562
 30
0.0
 11
170.2361887880283
 21
88.31811954271564
 31
0.0
  0
LINE
  5
54EB
330
576A
100
AcDbEntity
  8
0
 62
     0
100
AcDbLine
 10
170.2361887880283
 20
88.31811954271564
 30
0.0
 11
168.5121887880283
 21
88.31811954271564
 31
0.0
  0
LINE
  5
54EC
330
576A
100
AcDbEntity
  8
0
 62
     0
100
AcDbLine
 10
168.5121887880283
 20
88.31811954271564
 30
0.0
 11
168.5121887880283
 21
85.08811954271573
 31
0.0
  0
LINE
  5
54ED
330
576A
100
AcDbEntity
  8
0
 62
     0
100
AcDbLine
 10
168.5121887880283
 20
85.08811954271573
 30
0.0
 11
166.9861887880283
 21
85.08811954271573
 31
0.0
  0
LINE
  5
54EE
330
576A
100
AcDbEntity
  8
0
 62
     0
100
AcDbLine
 10
166.9861887880283
 20
85.08811954271573
 30
0.0
 11
166.9861887880283
 21
89.78711954271569
 31
0.0
  0
LINE
  5
54EF
330
576A
100
AcDbEntity
  8
0
 62
     0
100
AcDbLine
 10
166.9861887880283
 20
89.78711954271569
 30
0.0
 11
152.9871887880283
 21
89.78711954271569
 31
0.0
  0
LINE
  5
50AF
330
576A
100
AcDbEntity
  8
0
 62
     0
100
AcDbLine
 10
10.16318878802835
 20
89.78711954271569
 30
0.0
 11
24.16218878802835
 21
89.78711954271569
 31
0.0
  0
LINE
  5
50B0
330
576A
100
AcDbEntity
  8
0
 62
     0
100
AcDbLine
 10
24.16218878802835
 20
89.78711954271569
 30
0.0
 11
24.16218878802835
 21
75.78711954271569
 31
0.0
  0
LINE
  5
50B1
330
576A
100
AcDbEntity
  8
0
 62
     0
100
AcDbLine
 10
24.16218878802835
 20
75.78711954271569
 30
0.0
 11
10.16318878802835
 21
75.78711954271569
 31
0.0
  0
LINE
  5
50B2
330
576A
100
AcDbEntity
  8
0
 62
     0
100
AcDbLine
 10
10.16318878802835
 20
75.78711954271569
 30
0.0
 11
10.16318878802835
 21
89.78711954271569
 31
0.0
  0
LINE
  5
50B3
330
576A
100
AcDbEntity
  8
0
 62
     0
100
AcDbLine
 10
29.21318878802836
 20
89.78711954271569
 30
0.0
 11
43.21218878802834
 21
89.78711954271569
 31
0.0
  0
LINE
  5
50B4
330
576A
100
AcDbEntity
  8
0
 62
     0
100
AcDbLine
 10
43.21218878802834
 20
89.78711954271569
 30
0.0
 11
43.21218878802834
 21
75.78711954271569
 31
0.0
  0
LINE
  5
50B5
330
576A
100
AcDbEntity
  8
0
 62
     0
100
AcDbLine
 10
43.21218878802834
 20
75.78711954271569
 30
0.0
 11
29.21318878802836
 21
75.78711954271569
 31
0.0
  0
LINE
  5
50B6
330
576A
100
AcDbEntity
  8
0
 62
     0
100
AcDbLine
 10
29.21318878802836
 20
75.78711954271569
 30
0.0
 11
29.21318878802836
 21
89.78711954271569
 31
0.0
  0
LINE
  5
50B7
330
576A
100
AcDbEntity
  8
0
 62
     0
100
AcDbLine
 10
48.26218878802834
 20
89.78711954271569
 30
0.0
 11
62.26118878802833
 21
89.78711954271569
 31
0.0
  0
LINE
  5
50B8
330
576A
100
AcDbEntity
  8
0
 62
     0
100
AcDbLine
 10
62.26118878802833
 20
89.78711954271569
 30
0.0
 11
62.26118878802833
 21
75.78711954271569
 31
0.0
  0
LINE
  5
50B9
330
576A
100
AcDbEntity
  8
0
 62
     0
100
AcDbLine
 10
62.26118878802833
 20
75.78711954271569
 30
0.0
 11
48.26218878802834
 21
75.78711954271569
 31
0.0
  0
LINE
  5
50BA
330
576A
100
AcDbEntity
  8
0
 62
     0
100
AcDbLine
 10
48.26218878802834
 20
75.78711954271569
 30
0.0
 11
48.26218878802834
 21
89.78711954271569
 31
0.0
  0
LINE
  5
50BB
330
576A
100
AcDbEntity
  8
0
 62
     0
100
AcDbLine
 10
67.31318878802836
 20
89.78711954271569
 30
0.0
 11
81.31218878802835
 21
89.78711954271569
 31
0.0
  0
LINE
  5
50BC
330
576A
100
AcDbEntity
  8
0
 62
     0
100
AcDbLine
 10
81.31218878802835
 20
89.78711954271569
 30
0.0
 11
81.31218878802835
 21
75.78711954271569
 31
0.0
  0
LINE
  5
50BD
330
576A
100
AcDbEntity
  8
0
 62
     0
100
AcDbLine
 10
81.31218878802835
 20
75.78711954271569
 30
0.0
 11
67.31318878802836
 21
75.78711954271569
 31
0.0
  0
LINE
  5
50BE
330
576A
100
AcDbEntity
  8
0
 62
     0
100
AcDbLine
 10
67.31318878802836
 20
75.78711954271569
 30
0.0
 11
67.31318878802836
 21
89.78711954271569
 31
0.0
  0
LINE
  5
50BF
330
576A
100
AcDbEntity
  8
0
 62
     0
100
AcDbLine
 10
86.36318878802834
 20
89.78711954271569
 30
0.0
 11
100.3621887880283
 21
89.78711954271569
 31
0.0
  0
LINE
  5
50C0
330
576A
100
AcDbEntity
  8
0
 62
     0
100
AcDbLine
 10
100.3621887880283
 20
89.78711954271569
 30
0.0
 11
100.3621887880283
 21
75.78711954271569
 31
0.0
  0
LINE
  5
50C1
330
576A
100
AcDbEntity
  8
0
 62
     0
100
AcDbLine
 10
100.3621887880283
 20
75.78711954271569
 30
0.0
 11
86.36318878802834
 21
75.78711954271569
 31
0.0
  0
LINE
  5
50C2
330
576A
100
AcDbEntity
  8
0
 62
     0
100
AcDbLine
 10
86.36318878802834
 20
75.78711954271569
 30
0.0
 11
86.36318878802834
 21
89.78711954271569
 31
0.0
  0
LINE
  5
54F0
330
576A
100
AcDbEntity
  8
0
 62
     0
100
AcDbLine
 10
105.3621887880283
 20
89.78711954271569
 30
0.0
 11
119.3611887880283
 21
89.78711954271569
 31
0.0
  0
LINE
  5
54F1
330
576A
100
AcDbEntity
  8
0
 62
     0
100
AcDbLine
 10
119.3611887880283
 20
89.78711954271569
 30
0.0
 11
119.3611887880283
 21
75.78711954271557
 31
0.0
  0
LINE
  5
54F2
330
576A
100
AcDbEntity
  8
0
 62
     0
100
AcDbLine
 10
119.3611887880283
 20
75.78711954271557
 30
0.0
 11
105.3621887880283
 21
75.78711954271557
 31
0.0
  0
LINE
  5
54F3
330
576A
100
AcDbEntity
  8
0
 62
     0
100
AcDbLine
 10
105.3621887880283
 20
75.78711954271557
 30
0.0
 11
105.3621887880283
 21
89.78711954271569
 31
0.0
  0
LINE
  5
54F4
330
576A
100
AcDbEntity
  8
0
 62
     0
100
AcDbLine
 10
124.4121887880283
 20
89.78711954271569
 30
0.0
 11
138.4111887880283
 21
89.78711954271569
 31
0.0
  0
LINE
  5
54F5
330
576A
100
AcDbEntity
  8
0
 62
     0
100
AcDbLine
 10
138.4111887880283
 20
89.78711954271569
 30
0.0
 11
138.4111887880283
 21
75.78711954271557
 31
0.0
  0
LINE
  5
54F6
330
576A
100
AcDbEntity
  8
0
 62
     0
100
AcDbLine
 10
138.4111887880283
 20
75.78711954271557
 30
0.0
 11
124.4121887880283
 21
75.78711954271557
 31
0.0
  0
LINE
  5
54F7
330
576A
100
AcDbEntity
  8
0
 62
     0
100
AcDbLine
 10
124.4121887880283
 20
75.78711954271557
 30
0.0
 11
124.4121887880283
 21
89.78711954271569
 31
0.0
  0
LWPOLYLINE
  5
50C3
330
576A
100
AcDbEntity
  8
keycap
100
AcDbPolyline
 90
        8
 70
   129
 43
0.0
 10
24.16218878802835
 20
92.28711954271569
 42
-0.4142135623730951
 10
26.66218878802835
 20
89.78711954271569
 10
26.66218878802835
 20
75.78711954271569
 42
-0.4142135623730951
 10
24.16218878802835
 20
73.28711954271569
 10
10.16318878802835
 20
73.28711954271569
 42
-0.4142135623730951
 10
7.66318878802835
 20
75.78711954271569
 10
7.66318878802835
 20
89.78711954271569
 42
-0.4142135623730951
 10
10.16318878802835
 20
92.28711954271569
  0
LWPOLYLINE
  5
50C4
330
576A
100
AcDbEntity
  8
keycap
100
AcDbPolyline
 90
        8
 70
   129
 43
0.0
 10
43.21218878802834
 20
92.28711954271569
 42
-0.4142135623730951
 10
45.71218878802834
 20
89.78711954271569
 10
45.71218878802834
 20
75.78711954271569
 42
-0.4142135623730951
 10
43.21218878802834
 20
73.28711954271569
 10
29.21318878802836
 20
73.28711954271569
 42
-0.4142135623730951
 10
26.71318878802836
 20
75.78711954271569
 10
26.71318878802836
 20
89.78711954271569
 42
-0.4142135623730951
 10
29.21318878802836
 20
92.28711954271569
  0
LWPOLYLINE
  5
50C5
330
576A
100
AcDbEntity
  8
keycap
100
AcDbPolyline
 90
        8
 70
   129
 43
0.0
 10
62.26118878802833
 20
92.28711954271569
 42
-0.4142135623730951
 10
64.76118878802833
 20
89.78711954271569
 10
64.76118878802833
 20
75.78711954271569
 42
-0.4142135623730951
 10
62.26118878802833
 20
73.28711954271569
 10
48.26218878802834
 20
73.28711954271569
 42
-0.4142135623730951
 10
45.76218878802834
 20
75.78711954271569
 10
45.76218878802834
 20
89.78711954271569
 42
-0.4142135623730951
 10
48.26218878802834
 20
92.28711954271569
  0
LWPOLYLINE
  5
50C6
330
576A
100
AcDbEntity
  8
keycap
100
AcDbPolyline
 90
        8
 70
   129
 43
0.0
 10
81.31218878802835
 20
92.28711954271569
 42
-0.4142135623730951
 10
83.81218878802835
 20
89.78711954271569
 10
83.81218878802835
 20
75.78711954271569
 42
-0.4142135623730951
 10
81.31218878802835
 20
73.28711954271569
 10
67.31318878802836
 20
73.28711954271569
 42
-0.4142135623730951
 10
64.81318878802836
 20
75.78711954271569
 10
64.81318878802836
 20
89.78711954271569
 42
-0.4142135623730951
 10
67.31318878802836
 20
92.28711954271569
  0
LWPOLYLINE
  5
50C7
330
576A
100
AcDbEntity
  8
keycap
100
AcDbPolyline
 90
        8
 70
   129
 43
0.0
 10
100.3621887880283
 20
92.28711954271569
 42
-0.4142135623730951
 10
102.8621887880283
 20
89.78711954271569
 10
102.8621887880283
 20
75.78711954271569
 42
-0.4142135623730951
 10
100.3621887880283
 20
73.28711954271569
 10
86.36318878802834
 20
73.28711954271569
 42
-0.4142135623730951
 10
83.86318878802834
 20
75.78711954271569
 10
83.86318878802834
 20
89.78711954271569
 42
-0.4142135623730951
 10
86.36318878802834
 20
92.28711954271569
  0
LWPOLYLINE
  5
54F8
330
576A
100
AcDbEntity
  8
keycap
100
AcDbPolyline
 90
        8
 70
   129
 43
0.0
 10
119.3611887880283
 20
92.28711954271569
 42
-0.4142135623730951
 10
121.8611887880283
 20
89.78711954271569
 10
121.8611887880283
 20
75.78711954271557
 42
-0.4142135623730951
 10
119.3611887880283
 20
73.28711954271557
 10
105.3621887880283
 20
73.28711954271557
 42
-0.4142135623730951
 10
102.8621887880283
 20
75.78711954271557
 10
102.8621887880283
 20
89.78711954271569
 42
-0.4142135623730951
 10
105.3621887880283
 20
92.28711954271569
  0
LWPOLYLINE
  5
54F9
330
576A
100
AcDbEntity
  8
keycap
100
AcDbPolyline
 90
        8
 70
   129
 43
0.0
 10
138.4111887880283
 20
92.28711954271569
 42
-0.4142135623730951
 10
140.9111887880283
 20
89.78711954271569
 10
140.9111887880283
 20
75.78711954271557
 42
-0.4142135623730951
 10
138.4111887880283
 20
73.28711954271557
 10
124.4121887880283
 20
73.28711954271557
 42
-0.4142135623730951
 10
121.9121887880283
 20
75.78711954271557
 10
121.9121887880283
 20
89.78711954271569
 42
-0.4142135623730951
 10
124.4121887880283
 20
92.28711954271569
  0
LWPOLYLINE
  5
54FA
330
576A
100
AcDbEntity
  8
keycap
100
AcDbPolyline
 90
        8
 70
   129
 43
0.0
 10
121.9121887880283
 20
70.7368195427157
 42
-0.4142135623730951
 10
124.4121887880283
 20
73.2368195427157
 10
138.4111887880283
 20
73.2368195427157
 42
-0.4142135623730951
 10
140.9111887880283
 20
70.7368195427157
 10
140.9111887880283
 20
56.73711954271562
 42
-0.4142135623730951
 10
138.4111887880283
 20
54.23711954271562
 10
124.4121887880283
 20
54.23711954271562
 42
-0.4142135623730951
 10
121.9121887880283
 20
56.73711954271562
  0
LWPOLYLINE
  5
50C8
330
576A
100
AcDbEntity
  8
keycap
100
AcDbPolyline
 90
        8
 70
   129
 43
0.0
 10
102.8621887880283
 20
56.73711954271562
 42
-0.4142135623730951
 10
100.3621887880283
 20
54.23711954271562
 10
86.36318878802834
 20
54.23711954271562
 42
-0.4142135623730951
 10
83.86318878802834
 20
56.73711954271562
 10
83.86318878802834
 20
70.7368195427157
 42
-0.4142135623730951
 10
86.36318878802834
 20
73.2368195427157
 10
100.3621887880283
 20
73.2368195427157
 42
-0.4142135623730951
 10
102.8621887880283
 20
70.7368195427157
  0
LWPOLYLINE
  5
54FB
330
576A
100
AcDbEntity
  8
keycap
100
AcDbPolyline
 90
        8
 70
   129
 43
0.0
 10
102.8621887880283
 20
70.7368195427157
 42
-0.4142135623730951
 10
105.3621887880283
 20
73.2368195427157
 10
119.3611887880283
 20
73.2368195427157
 42
-0.4142135623730951
 10
121.8611887880283
 20
70.7368195427157
 10
121.8611887880283
 20
56.73711954271562
 42
-0.4142135623730951
 10
119.3611887880283
 20
54.23711954271562
 10
105.3621887880283
 20
54.23711954271562
 42
-0.4142135623730951
 10
102.8621887880283
 20
56.73711954271562
  0
LWPOLYLINE
  5
50C9
330
576A
100
AcDbEntity
  8
keycap
100
AcDbPolyline
 90
        8
 70
   129
 43
0.0
 10
67.31318878802836
 20
54.23711954271562
 42
-0.4142135623730951
 10
64.81318878802836
 20
56.73711954271562
 10
64.81318878802836
 20
70.7368195427157
 42
-0.4142135623730951
 10
67.31318878802836
 20
73.2368195427157
 10
81.31218878802835
 20
73.2368195427157
 42
-0.4142135623730951
 10
83.81218878802835
 20
70.7368195427157
 10
83.81218878802835
 20
56.73711954271562
 42
-0.4142135623730951
 10
81.31218878802835
 20
54.23711954271562
  0
LWPOLYLINE
  5
50CA
330
576A
100
AcDbEntity
  8
keycap
100
AcDbPolyline
 90
        8
 70
   129
 43
0.0
 10
48.26318878802834
 20
54.23711954271562
 42
-0.4142135623730951
 10
45.76318878802834
 20
56.73711954271562
 10
45.76318878802834
 20
70.7368195427157
 42
-0.4142135623730951
 10
48.26318878802834
 20
73.2368195427157
 10
62.26218878802834
 20
73.2368195427157
 42
-0.4142135623730951
 10
64.76218878802834
 20
70.7368195427157
 10
64.76218878802834
 20
56.73711954271562
 42
-0.4142135623730951
 10
62.26218878802834
 20
54.23711954271562
  0
LWPOLYLINE
  5
50CB
330
576A
100
AcDbEntity
  8
keycap
100
AcDbPolyline
 90
        8
 70
   129
 43
0.0
 10
43.21218878802834
 20
54.18681954271574
 42
-0.4142135623730951
 10
45.71218878802834
 20
51.68681954271574
 10
45.71218878802834
 20
37.68711954271566
 42
-0.4142135623730951
 10
43.21218878802834
 20
35.18711954271566
 10
29.21318878802836
 20
35.18711954271566
 42
-0.4142135623730951
 10
26.71318878802836
 20
37.68711954271566
 10
26.71318878802836
 20
51.68681954271574
 42
-0.4142135623730951
 10
29.21318878802836
 20
54.18681954271574
  0
LWPOLYLINE
  5
50CC
330
576A
100
AcDbEntity
  8
keycap
100
AcDbPolyline
 90
        8
 70
   129
 43
0.0
 10
26.71318878802836
 20
70.7368195427157
 42
-0.4142135623730951
 10
29.21318878802836
 20
73.2368195427157
 10
43.21218878802834
 20
73.2368195427157
 42
-0.4142135623730951
 10
45.71218878802834
 20
70.7368195427157
 10
45.71218878802834
 20
56.73711954271562
 42
-0.4142135623730951
 10
43.21218878802834
 20
54.23711954271562
 10
29.21318878802836
 20
54.23711954271562
 42
-0.4142135623730951
 10
26.71318878802836
 20
56.73711954271562
  0
LWPOLYLINE
  5
50CD
330
576A
100
AcDbEntity
  8
keycap
100
AcDbPolyline
 90
        8
 70
   129
 43
0.0
 10
26.66218878802835
 20
56.73711954271562
 42
-0.4142135623730951
 10
24.16218878802835
 20
54.23711954271562
 10
10.16318878802835
 20
54.23711954271562
 42
-0.4142135623730951
 10
7.66318878802835
 20
56.73711954271562
 10
7.66318878802835
 20
70.7368195427157
 42
-0.4142135623730951
 10
10.16318878802835
 20
73.2368195427157
 10
24.16218878802835
 20
73.2368195427157
 42
-0.4142135623730951
 10
26.66218878802835
 20
70.7368195427157
  0
LWPOLYLINE
  5
50CE
330
576A
100
AcDbEntity
  8
keycap
100
AcDbPolyline
 90
        8
 70
   129
 43
0.0
 10
26.66218878802835
 20
37.68711954271566
 42
-0.4142135623730951
 10
24.16218878802835
 20
35.18711954271566
 10
10.16318878802835
 20
35.18711954271566
 42
-0.4142135623730951
 10
7.66318878802835
 20
37.68711954271566
 10
7.66318878802835
 20
51.68681954271574
 42
-0.4142135623730951
 10
10.16318878802835
 20
54.18681954271574
 10
24.16218878802835
 20
54.18681954271574
 42
-0.4142135623730951
 10
26.66218878802835
 20
51.68681954271574
  0
LWPOLYLINE
  5
50CF
330
576A
100
AcDbEntity
  8
keycap
100
AcDbPolyline
 90
        8
 70
   129
 43
0.0
 10
26.71318878802836
 20
32.63681954271567
 42
-0.4142135623730951
 10
29.21318878802836
 20
35.13681954271567
 10
43.21218878802834
 20
35.13681954271567
 42
-0.4142135623730951
 10
45.71218878802834
 20
32.63681954271567
 10
45.71218878802834
 20
18.63711954271571
 42
-0.4142135623730951
 10
43.21218878802834
 20
16.13711954271571
 10
29.21318878802836
 20
16.13711954271571
 42
-0.4142135623730951
 10
26.71318878802836
 20
18.63711954271571
  0
LWPOLYLINE
  5
50D0
330
576A
100
AcDbEntity
  8
keycap
100
AcDbPolyline
 90
        8
 70
   129
 43
0.0
 10
26.66218878802835
 20
18.63711954271571
 42
-0.4142135623730951
 10
24.16218878802835
 20
16.13711954271571
 10
10.16318878802835
 20
16.13711954271571
 42
-0.4142135623730951
 10
7.66318878802835
 20
18.63711954271571
 10
7.66318878802835
 20
32.63681954271567
 42
-0.4142135623730951
 10
10.16318878802835
 20
35.13681954271567
 10
24.16218878802835
 20
35.13681954271567
 42
-0.4142135623730951
 10
26.66218878802835
 20
32.63681954271567
  0
LWPOLYLINE
  5
50D1
330
576A
100
AcDbEntity
  8
keycap
100
AcDbPolyline
 90
        8
 70
   129
 43
0.0
 10
45.76318878802834
 20
32.63681954271567
 42
-0.4142135623730951
 10
48.26318878802834
 20
35.13681954271567
 10
62.26218878802834
 20
35.13681954271567
 42
-0.4142135623730951
 10
64.76218878802834
 20
32.63681954271567
 10
64.76218878802834
 20
18.63711954271571
 42
-0.4142135623730951
 10
62.26218878802834
 20
16.13711954271571
 10
48.26318878802834
 20
16.13711954271571
 42
-0.4142135623730951
 10
45.76318878802834
 20
18.63711954271571
  0
LWPOLYLINE
  5
50D2
330
576A
100
AcDbEntity
  8
keycap
100
AcDbPolyline
 90
        8
 70
   129
 43
0.0
 10
45.76318878802834
 20
51.68681954271574
 42
-0.4142135623730951
 10
48.26318878802834
 20
54.18681954271574
 10
62.26218878802834
 20
54.18681954271574
 42
-0.4142135623730951
 10
64.76218878802834
 20
51.68681954271574
 10
64.76218878802834
 20
37.68711954271566
 42
-0.4142135623730951
 10
62.26218878802834
 20
35.18711954271566
 10
48.26318878802834
 20
35.18711954271566
 42
-0.4142135623730951
 10
45.76318878802834
 20
37.68711954271566
  0
LWPOLYLINE
  5
50D3
330
576A
100
AcDbEntity
  8
keycap
100
AcDbPolyline
 90
        8
 70
   129
 43
0.0
 10
64.81318878802836
 20
51.68681954271574
 42
-0.4142135623730951
 10
67.31318878802836
 20
54.18681954271574
 10
81.31218878802835
 20
54.18681954271574
 42
-0.4142135623730951
 10
83.81218878802835
 20
51.68681954271574
 10
83.81218878802835
 20
37.68711954271566
 42
-0.4142135623730951
 10
81.31218878802835
 20
35.18711954271566
 10
67.31318878802836
 20
35.18711954271566
 42
-0.4142135623730951
 10
64.81318878802836
 20
37.68711954271566
  0
LWPOLYLINE
  5
50D4
330
576A
100
AcDbEntity
  8
keycap
100
AcDbPolyline
 90
        8
 70
   129
 43
0.0
 10
64.81318878802836
 20
32.63681954271567
 42
-0.4142135623730951
 10
67.31318878802836
 20
35.13681954271567
 10
81.31218878802835
 20
35.13681954271567
 42
-0.4142135623730951
 10
83.81218878802835
 20
32.63681954271567
 10
83.81218878802835
 20
18.63711954271571
 42
-0.4142135623730951
 10
81.31218878802835
 20
16.13711954271571
 10
67.31318878802836
 20
16.13711954271571
 42
-0.4142135623730951
 10
64.81318878802836
 20
18.63711954271571
  0
LWPOLYLINE
  5
50D5
330
576A
100
AcDbEntity
  8
keycap
100
AcDbPolyline
 90
        2
 70
   128
 43
0.0
 10
-6.062047922680691
 20
-3.499925000000076
 10
6.062047922680321
 20
3.499924999999848
  0
LWPOLYLINE
  5
50D6
330
576A
100
AcDbEntity
  8
keycap
100
AcDbPolyline
 90
        5
 70
   128
 43
0.0
 10
6.95161142004298
 20
6.959155817139504
 10
16.47661144872413
 20
-9.538628108395073
 42
-0.4142135623730951
 10
15.56154794520005
 20
-12.95369161944711
 10
3.43745211200816
 20
-19.95354164052458
 42
-0.4142135623730951
 10
0.0223886009562264
 20
-19.03847813700054
  0
LWPOLYLINE
  5
54FC
330
576A
100
AcDbEntity
  8
keycap
100
AcDbPolyline
 90
        5
 70
   128
 43
0.0
 10
163.190893389233
 20
73.28726954271565
 10
143.4876887880283
 20
73.28726954271565
 42
-0.4142135623730951
 10
140.9876887880283
 20
75.78726954271565
 10
140.9876887880283
 20
89.78696954271572
 42
-0.4142135623730951
 10
143.4876887880283
 20
92.28696954271572
  0
LWPOLYLINE
  5
54FD
330
576A
100
AcDbEntity
  8
keycap
100
AcDbPolyline
 90
        5
 70
   128
 43
0.0
 10
167.1055387880283
 20
57.41617414392033
 10
167.1055387880283
 20
37.71296954271565
 42
-0.4142135623730951
 10
164.6055387880283
 20
35.21296954271565
 10
150.6058387880283
 20
35.21296954271565
 42
-0.4142135623730951
 10
148.1058387880283
 20
37.71296954271565
  0
LWPOLYLINE
  5
54FE
330
576A
100
AcDbEntity
  8
keycap
100
AcDbPolyline
 90
        2
 70
   128
 43
0.0
 10
163.190893389233
 20
54.23711954271573
 10
150.6041887880283
 20
54.23711954271573
  0
LWPOLYLINE
  5
54FF
330
576A
100
AcDbEntity
  8
keycap
100
AcDbPolyline
 90
        5
 70
   128
 43
0.0
 10
148.1058387880283
 20
54.23711954271573
 10
143.4876887880283
 20
54.23711954271573
 42
-0.4142135623730951
 10
140.9876887880283
 20
56.73711954271573
 10
140.9876887880283
 20
70.7368195427157
 42
-0.4142135623730951
 10
143.4876887880283
 20
73.2368195427157
  0
LWPOLYLINE
  5
50D7
330
576A
100
AcDbEntity
  8
keycap
100
AcDbPolyline
 90
        8
 70
   129
 43
0.0
 10
83.86318878802834
 20
32.63681954271567
 42
-0.4142135623730951
 10
86.36318878802834
 20
35.13681954271567
 10
100.3621887880283
 20
35.13681954271567
 42
-0.4142135623730951
 10
102.8621887880283
 20
32.63681954271567
 10
102.8621887880283
 20
18.63711954271571
 42
-0.4142135623730951
 10
100.3621887880283
 20
16.13711954271571
 10
86.36318878802834
 20
16.13711954271571
 42
-0.4142135623730951
 10
83.86318878802834
 20
18.63711954271571
  0
LWPOLYLINE
  5
50D8
330
576A
100
AcDbEntity
  8
keycap
100
AcDbPolyline
 90
        6
 70
   128
 43
0.0
 10
0.0223886009562264
 20
-19.03847813700054
 10
-16.50211144880133
 20
9.58279540394392
 42
-0.4142135623730951
 10
-15.58704794527726
 20
12.99785891499573
 10
-3.462952112085404
 20
19.99770893607342
 42
-0.4142135623730951
 10
-0.0478886010334634
 20
19.08264543254927
 10
6.625009118457257
 20
7.524847595083656
  0
LWPOLYLINE
  5
50D9
330
576A
100
AcDbEntity
  8
keycap
100
AcDbPolyline
 90
        2
 70
   128
 43
0.0
 10
6.625009118457257
 20
7.524847595083656
 10
6.95161142004298
 20
6.959155817139504
  0
LWPOLYLINE
  5
5500
330
576A
100
AcDbEntity
  8
keycap
100
AcDbPolyline
 90
        6
 70
   128
 43
0.0
 10
143.4876887880283
 20
92.28696954271572
 10
176.5366887880284
 20
92.28696954271572
 42
-0.4142135623730951
 10
179.0366887880284
 20
89.78696954271572
 10
179.0366887880284
 20
75.78726954271565
 42
-0.4142135623730951
 10
176.5366887880284
 20
73.28726954271565
 10
163.190893389233
 20
73.28726954271565
  0
LWPOLYLINE
  5
5501
330
576A
100
AcDbEntity
  8
keycap
100
AcDbPolyline
 90
        2
 70
   128
 43
0.0
 10
148.1058387880283
 20
37.71296954271565
 10
148.1058387880283
 20
54.23711954271562
  0
LWPOLYLINE
  5
5502
330
576A
100
AcDbEntity
  8
keycap
100
AcDbPolyline
 90
        5
 70
   128
 43
0.0
 10
150.2521192981784
 20
73.2368195427157
 42
-0.0355059514743655
 10
150.6058387880283
 20
73.26196954271563
 10
164.6055387880284
 20
73.26196954271563
 42
-0.4142135623730951
 10
167.1055387880283
 20
70.76196954271563
 10
167.1055387880283
 20
57.41617414392033
  0
LWPOLYLINE
  5
5503
330
576A
100
AcDbEntity
  8
keycap
100
AcDbPolyline
 90
        2
 70
   128
 43
0.0
 10
164.6051887880283
 20
54.23711954271573
 10
163.190893389233
 20
54.23711954271573
  0
LWPOLYLINE
  5
5504
330
576A
100
AcDbEntity
  8
keycap
100
AcDbPolyline
 90
        2
 70
   128
 43
0.0
 10
143.4876887880283
 20
73.2368195427157
 10
164.9592582778783
 20
73.2368195427157
  0
LWPOLYLINE
  5
5505
330
576A
100
AcDbEntity
  8
keycap
100
AcDbPolyline
 90
        6
 70
   128
 43
0.0
 10
119.3611887880283
 20
16.13711954271571
 10
105.3621887880283
 20
16.13711954271571
 42
-0.4142135623730951
 10
102.8621887880283
 20
18.63711954271571
 10
102.8621887880283
 20
32.63681954271567
 42
-0.4142135623730951
 10
105.3621887880283
 20
35.13681954271567
 10
119.3611887880283
 20
35.13681954271567
  0
LWPOLYLINE
  5
5506
330
576A
100
AcDbEntity
  8
keycap
100
AcDbPolyline
 90
        6
 70
   128
 43
0.0
 10
110.2441887880284
 20
35.13681954271567
 10
124.2431887880284
 20
35.13681954271567
 42
-0.4142135623730951
 10
126.7431887880284
 20
32.63681954271567
 10
126.7431887880284
 20
18.63711954271571
 42
-0.4142135623730951
 10
124.2431887880284
 20
16.13711954271571
 10
110.2441887880284
 20
16.13711954271571
 42
-0.4142135623730951
  0
LWPOLYLINE
  5
50DA
330
576A
100
AcDbEntity
  8
keycap
100
AcDbPolyline
 90
        6
 70
   128
 43
0.0
 10
56.94936316520749
 20
-5.77068045728447
 10
42.95036316520736
 20
-5.770680457284357
 42
-0.4142135623730951
 10
40.45036316520749
 20
-3.27068045728447
 10
40.45036316520748
 20
10.72901954271549
 42
-0.4142135623730951
 10
42.95036316520749
 20
13.22901954271549
 10
56.9493631652075
 20
13.22901954271549
  0
LWPOLYLINE
  5
50DB
330
576A
100
AcDbEntity
  8
keycap
100
AcDbPolyline
 90
        6
 70
   128
 43
0.0
 10
80.83036316520757
 20
-5.770680457284357
 10
66.83136316520743
 20
-5.770680457284243
 42
-0.4142135623730951
 10
64.33136316520756
 20
-3.270680457284357
 10
64.33136316520756
 20
10.72901954271549
 42
-0.4142135623730951
 10
66.83136316520756
 20
13.22901954271549
 10
80.83036316520759
 20
13.22901954271549
  0
LWPOLYLINE
  5
50DC
330
576A
100
AcDbEntity
  8
keycap
100
AcDbPolyline
 90
        6
 70
   128
 43
0.0
 10
47.83236316520757
 20
13.22901954271549
 10
61.83136316522808
 20
13.22901954269503
 42
-0.4142135623730951
 10
64.33136316520756
 20
10.72901954271549
 10
64.33136316520756
 20
-3.27068045728447
 42
-0.4142135623730951
 10
61.83136316520756
 20
-5.77068045728447
 10
47.83236316520755
 20
-5.770680457284357
 42
-0.4142135623730951
  0
LWPOLYLINE
  5
50DD
330
576A
100
AcDbEntity
  8
keycap
100
AcDbPolyline
 90
        6
 70
   128
 43
0.0
 10
71.71336316520765
 20
13.2290195427156
 10
85.71236316522817
 20
13.22901954269503
 42
-0.4142135623730951
 10
88.21236316520762
 20
10.7290195427156
 10
88.21236316520765
 20
-3.270680457284357
 42
-0.4142135623730951
 10
85.71236316520765
 20
-5.770680457284357
 10
71.71336316520762
 20
-5.770680457284357
 42
-0.4142135623730951
  0
LWPOLYLINE
  5
50DE
330
576A
100
AcDbEntity
  8
keycap
100
AcDbPolyline
 90
        6
 70
   128
 43
0.0
 10
33.58109339653525
 20
-7.034235035474808
 10
20.05909775431458
 20
-10.65744284786501
 42
-0.4142135623730951
 10
16.99723557583562
 20
-8.889675894898687
 10
13.37384659011387
 20
4.632995895400427
 42
-0.4142135623730951
 10
15.14161354308024
 20
7.694858073879345
 10
28.6636091853009
 20
11.31806588626955
  0
LWPOLYLINE
  5
50DF
330
576A
100
AcDbEntity
  8
keycap
100
AcDbPolyline
 90
        6
 70
   128
 43
0.0
 10
19.85726342702347
 20
8.95841265206991
 10
33.37925906924414
 20
12.58162046446
 42
-0.4142135623730951
 10
36.4411212477231
 20
10.81385351149368
 10
40.06451023344485
 20
-2.708818278805325
 42
-0.4142135623730951
 10
38.29674328047848
 20
-5.770680457284357
 10
24.77474763825782
 20
-9.393888269674449
 42
-0.4142135623730951
  0
LWPOLYLINE
  5
50E0
330
576A
100
AcDbEntity
  8
keycap
100
AcDbPolyline
 90
        8
 70
   129
 43
0.0
 10
83.86318878802834
 20
51.68681954271574
 42
-0.4142135623730951
 10
86.36318878802834
 20
54.18681954271574
 10
100.3621887880283
 20
54.18681954271574
 42
-0.4142135623730951
 10
102.8621887880283
 20
51.68681954271574
 10
102.8621887880283
 20
37.68711954271566
 42
-0.4142135623730951
 10
100.3621887880283
 20
35.18711954271566
 10
86.36318878802834
 20
35.18711954271566
 42
-0.4142135623730951
 10
83.86318878802834
 20
37.68711954271566
  0
LWPOLYLINE
  5
5507
330
576A
100
AcDbEntity
  8
keycap
100
AcDbPolyline
 90
        8
 70
   129
 43
0.0
 10
102.8621887880283
 20
51.68681954271574
 42
-0.4142135623730951
 10
105.3621887880283
 20
54.18681954271574
 10
119.3611887880283
 20
54.18681954271574
 42
-0.4142135623730951
 10
121.8611887880283
 20
51.68681954271574
 10
121.8611887880283
 20
37.68711954271566
 42
-0.4142135623730951
 10
119.3611887880283
 20
35.18711954271566
 10
105.3621887880283
 20
35.18711954271566
 42
-0.4142135623730951
 10
102.8621887880283
 20
37.68711954271566
  0
LWPOLYLINE
  5
5508
330
576A
100
AcDbEntity
  8
keycap
100
AcDbPolyline
 90
        8
 70
   129
 43
0.0
 10
121.9121887880283
 20
51.68681954271574
 42
-0.4142135623730951
 10
124.4121887880283
 20
54.18681954271574
 10
138.4111887880283
 20
54.18681954271574
 42
-0.4142135623730951
 10
140.9111887880283
 20
51.68681954271574
 10
140.9111887880283
 20
37.68711954271566
 42
-0.4142135623730951
 10
138.4111887880283
 20
35.18711954271566
 10
124.4121887880283
 20
35.18711954271566
 42
-0.4142135623730951
 10
121.9121887880283
 20
37.68711954271566
  0
LWPOLYLINE
  5
50E1
330
576A
100
AcDbEntity
  8
livello 1
100
AcDbPolyline
 90
        2
 70
   128
 43
0.0
 10
10.16318878802835
 20
82.78711954271569
 10
24.16218878802835
 20
82.78711954271569
  0
LWPOLYLINE
  5
50E2
330
576A
100
AcDbEntity
  8
livello 1
100
AcDbPolyline
 90
        2
 70
   128
 43
0.0
 10
29.21318878802838
 20
82.78711954271569
 10
43.21218878802834
 20
82.78711954271569
  0
LWPOLYLINE
  5
50E3
330
576A
100
AcDbEntity
  8
livello 1
100
AcDbPolyline
 90
        2
 70
   128
 43
0.0
 10
48.26318878802844
 20
82.78711954271569
 10
62.26218878802834
 20
82.78711954271569
  0
LWPOLYLINE
  5
50E4
330
576A
100
AcDbEntity
  8
livello 1
100
AcDbPolyline
 90
        2
 70
   128
 43
0.0
 10
67.31318878802844
 20
82.78711954271569
 10
81.31218878802844
 20
82.78711954271569
  0
LWPOLYLINE
  5
50E5
330
576A
100
AcDbEntity
  8
livello 1
100
AcDbPolyline
 90
        2
 70
   128
 43
0.0
 10
86.36318878802845
 20
82.78711954271569
 10
100.3621887880284
 20
82.78711954271569
  0
LWPOLYLINE
  5
5509
330
576A
100
AcDbEntity
  8
livello 1
100
AcDbPolyline
 90
        2
 70
   128
 43
0.0
 10
105.3621887880284
 20
82.78711954271557
 10
119.3611887880284
 20
82.78711954271557
  0
LWPOLYLINE
  5
550A
330
576A
100
AcDbEntity
  8
livello 1
100
AcDbPolyline
 90
        2
 70
   128
 43
0.0
 10
124.4121887880284
 20
82.78711954271557
 10
138.4111887880284
 20
82.78711954271557
  0
LWPOLYLINE
  5
50E6
330
576A
100
AcDbEntity
  8
livello 1
100
AcDbPolyline
 90
        2
 70
   128
 43
0.0
 10
10.16318878802835
 20
63.73696954271566
 10
24.16218878802835
 20
63.73696954271566
  0
LWPOLYLINE
  5
50E7
330
576A
100
AcDbEntity
  8
livello 1
100
AcDbPolyline
 90
        2
 70
   128
 43
0.0
 10
29.21318878802838
 20
63.73696954271566
 10
43.21218878802834
 20
63.73696954271566
  0
LWPOLYLINE
  5
50E8
330
576A
100
AcDbEntity
  8
livello 1
100
AcDbPolyline
 90
        2
 70
   128
 43
0.0
 10
48.26318878802844
 20
63.73696954271566
 10
62.26218878802834
 20
63.73696954271566
  0
LWPOLYLINE
  5
50E9
330
576A
100
AcDbEntity
  8
livello 1
100
AcDbPolyline
 90
        2
 70
   128
 43
0.0
 10
67.31318878802844
 20
63.73696954271566
 10
81.31218878802844
 20
63.73696954271566
  0
LWPOLYLINE
  5
50EA
330
576A
100
AcDbEntity
  8
livello 1
100
AcDbPolyline
 90
        2
 70
   128
 43
0.0
 10
86.36318878802845
 20
63.73696954271566
 10
100.3621887880284
 20
63.73696954271566
  0
LWPOLYLINE
  5
550B
330
576A
100
AcDbEntity
  8
livello 1
100
AcDbPolyline
 90
        2
 70
   128
 43
0.0
 10
105.3621887880284
 20
63.73696954271566
 10
119.3611887880284
 20
63.73696954271566
  0
LWPOLYLINE
  5
550C
330
576A
100
AcDbEntity
  8
livello 1
100
AcDbPolyline
 90
        2
 70
   128
 43
0.0
 10
124.4121887880284
 20
63.73696954271566
 10
138.4111887880284
 20
63.73696954271566
  0
LWPOLYLINE
  5
50EB
330
576A
100
AcDbEntity
  8
livello 1
100
AcDbPolyline
 90
        2
 70
   128
 43
0.0
 10
10.16318878802835
 20
44.68681954271574
 10
24.16218878802835
 20
44.68681954271574
  0
LWPOLYLINE
  5
50EC
330
576A
100
AcDbEntity
  8
livello 1
100
AcDbPolyline
 90
        2
 70
   128
 43
0.0
 10
29.21318878802838
 20
44.68681954271574
 10
43.21218878802834
 20
44.68681954271574
  0
LWPOLYLINE
  5
50ED
330
576A
100
AcDbEntity
  8
livello 1
100
AcDbPolyline
 90
        2
 70
   128
 43
0.0
 10
48.26318878802844
 20
44.68681954271574
 10
62.26218878802834
 20
44.68681954271574
  0
LWPOLYLINE
  5
50EE
330
576A
100
AcDbEntity
  8
livello 1
100
AcDbPolyline
 90
        2
 70
   128
 43
0.0
 10
67.31318878802844
 20
44.68681954271574
 10
81.31218878802844
 20
44.68681954271574
  0
LWPOLYLINE
  5
50EF
330
576A
100
AcDbEntity
  8
livello 1
100
AcDbPolyline
 90
        2
 70
   128
 43
0.0
 10
86.36318878802845
 20
44.68681954271574
 10
100.3621887880284
 20
44.68681954271574
  0
LWPOLYLINE
  5
550D
330
576A
100
AcDbEntity
  8
livello 1
100
AcDbPolyline
 90
        2
 70
   128
 43
0.0
 10
105.3621887880284
 20
44.68681954271574
 10
119.3611887880284
 20
44.68681954271574
  0
LWPOLYLINE
  5
550E
330
576A
100
AcDbEntity
  8
livello 1
100
AcDbPolyline
 90
        2
 70
   128
 43
0.0
 10
124.4121887880284
 20
44.68681954271574
 10
138.4111887880284
 20
44.68681954271574
  0
LWPOLYLINE
  5
50F0
330
576A
100
AcDbEntity
  8
livello 1
100
AcDbPolyline
 90
        2
 70
   128
 43
0.0
 10
10.16318878802835
 20
25.63666954271571
 10
24.16218878802835
 20
25.63666954271571
  0
LWPOLYLINE
  5
50F1
330
576A
100
AcDbEntity
  8
livello 1
100
AcDbPolyline
 90
        2
 70
   128
 43
0.0
 10
29.21318878802838
 20
25.63666954271571
 10
43.21218878802834
 20
25.63666954271571
  0
LWPOLYLINE
  5
50F2
330
576A
100
AcDbEntity
  8
livello 1
100
AcDbPolyline
 90
        2
 70
   128
 43
0.0
 10
48.26318878802844
 20
25.63666954271571
 10
62.26218878802834
 20
25.63666954271571
  0
LWPOLYLINE
  5
50F3
330
576A
100
AcDbEntity
  8
livello 1
100
AcDbPolyline
 90
        2
 70
   128
 43
0.0
 10
67.31318878802844
 20
25.63666954271571
 10
81.31218878802844
 20
25.63666954271571
  0
LWPOLYLINE
  5
50F4
330
576A
100
AcDbEntity
  8
livello 1
100
AcDbPolyline
 90
        2
 70
   128
 43
0.0
 10
86.36318878802845
 20
25.63666954271571
 10
100.3621887880284
 20
25.63666954271571
  0
LWPOLYLINE
  5
550F
330
576A
100
AcDbEntity
  8
livello 1
100
AcDbPolyline
 90
        2
 70
   128
 43
0.0
 10
107.7441887880284
 20
25.63696954271563
 10
121.7431887880284
 20
25.63696954271563
  0
LWPOLYLINE
  5
5510
330
576A
100
AcDbEntity
  8
livello 1
100
AcDbPolyline
 90
        2
 70
   128
 43
0.0
 10
150.6061887880284
 20
54.21196954271568
 10
164.6051887880284
 20
54.21196954271568
  0
LWPOLYLINE
  5
5511
330
576A
100
AcDbEntity
  8
livello 1
100
AcDbPolyline
 90
        2
 70
   128
 43
0.0
 10
152.9871887880283
 20
82.78711954271557
 10
166.9861887880283
 20
82.78711954271557
  0
LWPOLYLINE
  5
5512
330
576A
100
AcDbEntity
  8
livello 1
100
AcDbPolyline
 90
        2
 70
   128
 43
0.0
 10
136.7931887880283
 20
19.92231954271563
 10
150.7921887880283
 20
19.92231954271563
  0
LWPOLYLINE
  5
5513
330
576A
100
AcDbEntity
  8
livello 1
100
AcDbPolyline
 90
        2
 70
   128
 43
0.0
 10
117.7431887880283
 20
0.872269542715685
 10
131.7421887880283
 20
0.872269542715685
  0
LWPOLYLINE
  5
5514
330
576A
100
AcDbEntity
  8
livello 1
100
AcDbPolyline
 90
        2
 70
   128
 43
0.0
 10
136.7931887880283
 20
0.872269542715685
 10
150.7921887880283
 20
0.872269542715685
  0
LWPOLYLINE
  5
5515
330
576A
100
AcDbEntity
  8
livello 1
100
AcDbPolyline
 90
        2
 70
   128
 43
0.0
 10
155.8431887880284
 20
0.872269542715685
 10
169.8421887880284
 20
0.872269542715685
  0
LWPOLYLINE
  5
50F5
330
576A
100
AcDbEntity
  8
livello 1
100
AcDbPolyline
 90
        2
 70
   128
 43
0.0
 10
3.499750010538136
 20
-6.061744807704713
 10
-3.499750010538307
 20
6.06174480770494
  0
LWPOLYLINE
  5
50F6
330
576A
100
AcDbEntity
  8
livello 1
100
AcDbPolyline
 90
        2
 70
   128
 43
0.0
 10
45.3323631652076
 20
3.729169542715454
 10
59.33136316520756
 20
3.729169542715567
  0
LWPOLYLINE
  5
50F7
330
576A
100
AcDbEntity
  8
livello 1
100
AcDbPolyline
 90
        2
 70
   128
 43
0.0
 10
69.21336316520767
 20
3.729169542715567
 10
83.21236316520762
 20
3.729169542715567
  0
LWPOLYLINE
  5
50F8
330
576A
100
AcDbEntity
  8
livello 1
100
AcDbPolyline
 90
        2
 70
   128
 43
0.0
 10
19.90119096691802
 20
-0.8647854215587358
 10
33.42318660913868
 20
2.758422390831356
  0
LWPOLYLINE
  5
50F9
330
576A
100
AcDbEntity
  8
livello 1
100
AcDbPolyline
 90
        2
 70
   128
 43
0.0
 10
17.16268878802835
 20
89.78711954271569
 10
17.16268878802835
 20
75.78711954271569
  0
LWPOLYLINE
  5
50FA
330
576A
100
AcDbEntity
  8
livello 1
100
AcDbPolyline
 90
        2
 70
   128
 43
0.0
 10
36.21268878802834
 20
89.78711954271569
 10
36.21268878802834
 20
75.78711954271569
  0
LWPOLYLINE
  5
50FB
330
576A
100
AcDbEntity
  8
livello 1
100
AcDbPolyline
 90
        2
 70
   128
 43
0.0
 10
55.26268878802844
 20
89.78711954271569
 10
55.26268878802844
 20
75.78711954271569
  0
LWPOLYLINE
  5
50FC
330
576A
100
AcDbEntity
  8
livello 1
100
AcDbPolyline
 90
        2
 70
   128
 43
0.0
 10
74.31268878802845
 20
89.78711954271569
 10
74.31268878802845
 20
75.78711954271569
  0
LWPOLYLINE
  5
50FD
330
576A
100
AcDbEntity
  8
livello 1
100
AcDbPolyline
 90
        2
 70
   128
 43
0.0
 10
93.36268878802844
 20
89.78711954271569
 10
93.36268878802844
 20
75.78711954271569
  0
LWPOLYLINE
  5
5516
330
576A
100
AcDbEntity
  8
livello 1
100
AcDbPolyline
 90
        2
 70
   128
 43
0.0
 10
112.3616887880284
 20
89.78711954271569
 10
112.3616887880284
 20
75.78711954271557
  0
LWPOLYLINE
  5
5517
330
576A
100
AcDbEntity
  8
livello 1
100
AcDbPolyline
 90
        2
 70
   128
 43
0.0
 10
131.4116887880284
 20
89.78711954271569
 10
131.4116887880284
 20
75.78711954271557
  0
LWPOLYLINE
  5
50FE
330
576A
100
AcDbEntity
  8
livello 1
100
AcDbPolyline
 90
        2
 70
   128
 43
0.0
 10
17.16268878802835
 20
70.73696954271566
 10
17.16268878802835
 20
56.73696954271566
  0
LWPOLYLINE
  5
50FF
330
576A
100
AcDbEntity
  8
livello 1
100
AcDbPolyline
 90
        2
 70
   128
 43
0.0
 10
36.21268878802834
 20
70.73696954271566
 10
36.21268878802834
 20
56.73696954271566
  0
LWPOLYLINE
  5
5100
330
576A
100
AcDbEntity
  8
livello 1
100
AcDbPolyline
 90
        2
 70
   128
 43
0.0
 10
55.26268878802844
 20
70.73696954271566
 10
55.26268878802844
 20
56.73696954271566
  0
LWPOLYLINE
  5
5101
330
576A
100
AcDbEntity
  8
livello 1
100
AcDbPolyline
 90
        2
 70
   128
 43
0.0
 10
74.31268878802845
 20
70.73696954271566
 10
74.31268878802845
 20
56.73696954271566
  0
LWPOLYLINE
  5
5102
330
576A
100
AcDbEntity
  8
livello 1
100
AcDbPolyline
 90
        2
 70
   128
 43
0.0
 10
93.36268878802844
 20
70.73696954271566
 10
93.36268878802844
 20
56.73696954271566
  0
LWPOLYLINE
  5
5518
330
576A
100
AcDbEntity
  8
livello 1
100
AcDbPolyline
 90
        2
 70
   128
 43
0.0
 10
112.3616887880284
 20
70.73696954271566
 10
112.3616887880284
 20
56.73696954271566
  0
LWPOLYLINE
  5
5519
330
576A
100
AcDbEntity
  8
livello 1
100
AcDbPolyline
 90
        2
 70
   128
 43
0.0
 10
131.4116887880284
 20
70.73696954271566
 10
131.4116887880284
 20
56.73696954271566
  0
LWPOLYLINE
  5
5103
330
576A
100
AcDbEntity
  8
livello 1
100
AcDbPolyline
 90
        2
 70
   128
 43
0.0
 10
17.16268878802835
 20
51.68681954271574
 10
17.16268878802835
 20
37.68681954271574
  0
LWPOLYLINE
  5
5104
330
576A
100
AcDbEntity
  8
livello 1
100
AcDbPolyline
 90
        2
 70
   128
 43
0.0
 10
36.21268878802834
 20
51.68681954271574
 10
36.21268878802834
 20
37.68681954271574
  0
LWPOLYLINE
  5
5105
330
576A
100
AcDbEntity
  8
livello 1
100
AcDbPolyline
 90
        2
 70
   128
 43
0.0
 10
55.26268878802844
 20
51.68681954271574
 10
55.26268878802844
 20
37.68681954271574
  0
LWPOLYLINE
  5
5106
330
576A
100
AcDbEntity
  8
livello 1
100
AcDbPolyline
 90
        2
 70
   128
 43
0.0
 10
74.31268878802845
 20
51.68681954271574
 10
74.31268878802845
 20
37.68681954271574
  0
LWPOLYLINE
  5
5107
330
576A
100
AcDbEntity
  8
livello 1
100
AcDbPolyline
 90
        2
 70
   128
 43
0.0
 10
93.36268878802844
 20
51.68681954271574
 10
93.36268878802844
 20
37.68681954271574
  0
LWPOLYLINE
  5
551A
330
576A
100
AcDbEntity
  8
livello 1
100
AcDbPolyline
 90
        2
 70
   128
 43
0.0
 10
112.3616887880284
 20
51.68681954271574
 10
112.3616887880284
 20
37.68681954271574
  0
LWPOLYLINE
  5
551B
330
576A
100
AcDbEntity
  8
livello 1
100
AcDbPolyline
 90
        2
 70
   128
 43
0.0
 10
131.4116887880284
 20
51.68681954271574
 10
131.4116887880284
 20
37.68681954271574
  0
LWPOLYLINE
  5
5108
330
576A
100
AcDbEntity
  8
livello 1
100
AcDbPolyline
 90
        2
 70
   128
 43
0.0
 10
17.16268878802835
 20
32.63666954271571
 10
17.16268878802835
 20
18.63666954271571
  0
LWPOLYLINE
  5
5109
330
576A
100
AcDbEntity
  8
livello 1
100
AcDbPolyline
 90
        2
 70
   128
 43
0.0
 10
36.21268878802834
 20
32.63666954271571
 10
36.21268878802834
 20
18.63666954271571
  0
LWPOLYLINE
  5
510A
330
576A
100
AcDbEntity
  8
livello 1
100
AcDbPolyline
 90
        2
 70
   128
 43
0.0
 10
55.26268878802844
 20
32.63666954271571
 10
55.26268878802844
 20
18.63666954271571
  0
LWPOLYLINE
  5
510B
330
576A
100
AcDbEntity
  8
livello 1
100
AcDbPolyline
 90
        2
 70
   128
 43
0.0
 10
74.31268878802845
 20
32.63666954271571
 10
74.31268878802845
 20
18.63666954271571
  0
LWPOLYLINE
  5
510C
330
576A
100
AcDbEntity
  8
livello 1
100
AcDbPolyline
 90
        2
 70
   128
 43
0.0
 10
93.36268878802844
 20
32.63666954271571
 10
93.36268878802844
 20
18.63666954271571
  0
LWPOLYLINE
  5
551C
330
576A
100
AcDbEntity
  8
livello 1
100
AcDbPolyline
 90
        2
 70
   128
 43
0.0
 10
114.7436887880284
 20
32.63696954271563
 10
114.7436887880284
 20
18.63696954271563
  0
LWPOLYLINE
  5
551D
330
576A
100
AcDbEntity
  8
livello 1
100
AcDbPolyline
 90
        2
 70
   128
 43
0.0
 10
157.6056887880284
 20
61.21196954271568
 10
157.6056887880284
 20
47.21196954271568
  0
LWPOLYLINE
  5
551E
330
576A
100
AcDbEntity
  8
livello 1
100
AcDbPolyline
 90
        2
 70
   128
 43
0.0
 10
159.9866887880283
 20
89.78711954271569
 10
159.9866887880283
 20
75.78711954271557
  0
LWPOLYLINE
  5
551F
330
576A
100
AcDbEntity
  8
livello 1
100
AcDbPolyline
 90
        2
 70
   128
 43
0.0
 10
143.7926887880283
 20
26.92231954271563
 10
143.7926887880283
 20
12.92231954271563
  0
LWPOLYLINE
  5
5520
330
576A
100
AcDbEntity
  8
livello 1
100
AcDbPolyline
 90
        2
 70
   128
 43
0.0
 10
124.7426887880283
 20
7.872269542715685
 10
124.7426887880283
 20
-6.127730457284315
  0
LWPOLYLINE
  5
5521
330
576A
100
AcDbEntity
  8
livello 1
100
AcDbPolyline
 90
        2
 70
   128
 43
0.0
 10
143.7926887880283
 20
7.872269542715685
 10
143.7926887880283
 20
-6.127730457284315
  0
LWPOLYLINE
  5
5522
330
576A
100
AcDbEntity
  8
livello 1
100
AcDbPolyline
 90
        2
 70
   128
 43
0.0
 10
162.8426887880284
 20
7.872269542715685
 10
162.8426887880284
 20
-6.127730457284315
  0
LWPOLYLINE
  5
510D
330
576A
100
AcDbEntity
  8
livello 1
100
AcDbPolyline
 90
        2
 70
   128
 43
0.0
 10
-6.062177826491109
 20
-3.5
 10
6.062177826491016
 20
3.5
  0
LWPOLYLINE
  5
510E
330
576A
100
AcDbEntity
  8
livello 1
100
AcDbPolyline
 90
        2
 70
   128
 43
0.0
 10
52.33186316520758
 20
10.72916954271545
 10
52.33186316520756
 20
-3.270830457284433
  0
LWPOLYLINE
  5
510F
330
576A
100
AcDbEntity
  8
livello 1
100
AcDbPolyline
 90
        2
 70
   128
 43
0.0
 10
76.21286316520765
 20
10.72916954271557
 10
76.21286316520764
 20
-3.270830457284433
  0
LWPOLYLINE
  5
5110
330
576A
100
AcDbEntity
  8
livello 1
100
AcDbPolyline
 90
        2
 70
   128
 43
0.0
 10
24.85045547231066
 20
7.708299268659857
 10
28.47392210374595
 20
-5.81466229938701
  0
CIRCLE
  5
5111
330
576A
100
AcDbEntity
  8
livello 2
100
AcDbCircle
 10
17.16268878802833
 20
82.78711954271569
 30
0.0
 40
4.311381581349546
  0
CIRCLE
  5
5112
330
576A
100
AcDbEntity
  8
livello 2
100
AcDbCircle
 10
36.21268878802834
 20
82.78711954271569
 30
0.0
 40
4.311381581349546
  0
CIRCLE
  5
5113
330
576A
100
AcDbEntity
  8
livello 2
100
AcDbCircle
 10
55.26268878802834
 20
82.78711954271569
 30
0.0
 40
4.311381581349546
  0
CIRCLE
  5
5114
330
576A
100
AcDbEntity
  8
livello 2
100
AcDbCircle
 10
74.31268878802845
 20
82.78711954271569
 30
0.0
 40
4.311381581349546
  0
CIRCLE
  5
5115
330
576A
100
AcDbEntity
  8
livello 2
100
AcDbCircle
 10
93.36268878802844
 20
82.78711954271569
 30
0.0
 40
4.311381581349546
  0
CIRCLE
  5
5523
330
576A
100
AcDbEntity
  8
livello 2
100
AcDbCircle
 10
112.3616887880284
 20
82.78711954271557
 30
0.0
 40
4.311381581349546
  0
CIRCLE
  5
5524
330
576A
100
AcDbEntity
  8
livello 2
100
AcDbCircle
 10
131.4116887880284
 20
82.78711954271557
 30
0.0
 40
4.311381581349546
  0
CIRCLE
  5
5116
330
576A
100
AcDbEntity
  8
livello 2
100
AcDbCircle
 10
17.16268878802833
 20
63.73696954271566
 30
0.0
 40
4.311381581349546
  0
CIRCLE
  5
5117
330
576A
100
AcDbEntity
  8
livello 2
100
AcDbCircle
 10
36.21268878802834
 20
63.73696954271566
 30
0.0
 40
4.311381581349546
  0
CIRCLE
  5
5118
330
576A
100
AcDbEntity
  8
livello 2
100
AcDbCircle
 10
55.26268878802834
 20
63.73696954271566
 30
0.0
 40
4.311381581349546
  0
CIRCLE
  5
5119
330
576A
100
AcDbEntity
  8
livello 2
100
AcDbCircle
 10
74.31268878802845
 20
63.73696954271566
 30
0.0
 40
4.311381581349546
  0
CIRCLE
  5
511A
330
576A
100
AcDbEntity
  8
livello 2
100
AcDbCircle
 10
93.36268878802844
 20
63.73696954271566
 30
0.0
 40
4.311381581349546
  0
CIRCLE
  5
5525
330
576A
100
AcDbEntity
  8
livello 2
100
AcDbCircle
 10
112.3616887880284
 20
63.73696954271566
 30
0.0
 40
4.311381581349546
  0
CIRCLE
  5
5526
330
576A
100
AcDbEntity
  8
livello 2
100
AcDbCircle
 10
131.4116887880284
 20
63.73696954271566
 30
0.0
 40
4.311381581349546
  0
CIRCLE
  5
511B
330
576A
100
AcDbEntity
  8
livello 2
100
AcDbCircle
 10
17.16268878802833
 20
44.68681954271574
 30
0.0
 40
4.311381581349546
  0
CIRCLE
  5
511C
330
576A
100
AcDbEntity
  8
livello 2
100
AcDbCircle
 10
36.21268878802834
 20
44.68681954271574
 30
0.0
 40
4.311381581349546
  0
CIRCLE
  5
511D
330
576A
100
AcDbEntity
  8
livello 2
100
AcDbCircle
 10
55.26268878802834
 20
44.68681954271574
 30
0.0
 40
4.311381581349546
  0
CIRCLE
  5
511E
330
576A
100
AcDbEntity
  8
livello 2
100
AcDbCircle
 10
74.31268878802845
 20
44.68681954271574
 30
0.0
 40
4.311381581349546
  0
CIRCLE
  5
511F
330
576A
100
AcDbEntity
  8
livello 2
100
AcDbCircle
 10
93.36268878802844
 20
44.68681954271574
 30
0.0
 40
4.311381581349546
  0
CIRCLE
  5
5527
330
576A
100
AcDbEntity
  8
livello 2
100
AcDbCircle
 10
112.3616887880284
 20
44.68681954271574
 30
0.0
 40
4.311381581349546
  0
CIRCLE
  5
5528
330
576A
100
AcDbEntity
  8
livello 2
100
AcDbCircle
 10
131.4116887880284
 20
44.68681954271574
 30
0.0
 40
4.311381581349546
  0
CIRCLE
  5
5120
330
576A
100
AcDbEntity
  8
livello 2
100
AcDbCircle
 10
17.16268878802833
 20
25.63666954271571
 30
0.0
 40
4.311381581349546
  0
CIRCLE
  5
5121
330
576A
100
AcDbEntity
  8
livello 2
100
AcDbCircle
 10
36.21268878802834
 20
25.63666954271571
 30
0.0
 40
4.311381581349546
  0
CIRCLE
  5
5122
330
576A
100
AcDbEntity
  8
livello 2
100
AcDbCircle
 10
55.26268878802834
 20
25.63666954271571
 30
0.0
 40
4.311381581349546
  0
CIRCLE
  5
5123
330
576A
100
AcDbEntity
  8
livello 2
100
AcDbCircle
 10
74.31268878802845
 20
25.63666954271571
 30
0.0
 40
4.311381581349546
  0
CIRCLE
  5
5124
330
576A
100
AcDbEntity
  8
livello 2
100
AcDbCircle
 10
93.36268878802844
 20
25.63666954271571
 30
0.0
 40
4.311381581349546
  0
CIRCLE
  5
5529
330
576A
100
AcDbEntity
  8
livello 2
100
AcDbCircle
 10
114.7436887880283
 20
25.63696954271563
 30
0.0
 40
4.311381581349546
  0
CIRCLE
  5
552A
330
576A
100
AcDbEntity
  8
livello 2
100
AcDbCircle
 10
157.6056887880284
 20
54.21196954271568
 30
0.0
 40
4.311381581349546
  0
CIRCLE
  5
552B
330
576A
100
AcDbEntity
  8
livello 2
100
AcDbCircle
 10
159.9866887880283
 20
82.78711954271557
 30
0.0
 40
4.311381581349546
  0
CIRCLE
  5
552C
330
576A
100
AcDbEntity
  8
livello 2
100
AcDbCircle
 10
143.7926887880283
 20
19.92231954271563
 30
0.0
 40
4.311381581349546
  0
CIRCLE
  5
552D
330
576A
100
AcDbEntity
  8
livello 2
100
AcDbCircle
 10
124.7426887880283
 20
0.872269542715685
 30
0.0
 40
4.311381581349546
  0
CIRCLE
  5
552E
330
576A
100
AcDbEntity
  8
livello 2
100
AcDbCircle
 10
143.7926887880283
 20
0.872269542715685
 30
0.0
 40
4.311381581349546
  0
CIRCLE
  5
552F
330
576A
100
AcDbEntity
  8
livello 2
100
AcDbCircle
 10
162.8426887880283
 20
0.872269542715685
 30
0.0
 40
4.311381581349546
  0
CIRCLE
  5
5125
330
576A
100
AcDbEntity
  8
livello 2
100
AcDbCircle
 10
0.0000000307692716
 20
0.0000000177645916
 30
0.0
 40
4.311381581349546
  0
CIRCLE
  5
5126
330
576A
100
AcDbEntity
  8
livello 2
100
AcDbCircle
 10
52.33186316520757
 20
3.729169542715567
 30
0.0
 40
4.311381581349546
  0
CIRCLE
  5
5127
330
576A
100
AcDbEntity
  8
livello 2
100
AcDbCircle
 10
76.21286316520764
 20
3.729169542715567
 30
0.0
 40
4.311381581349546
  0
CIRCLE
  5
5128
330
576A
100
AcDbEntity
  8
livello 2
100
AcDbCircle
 10
26.66218878802846
 20
0.9468184846363101
 30
0.0
 40
4.311381581349546
  0
LWPOLYLINE
  5
5530
330
576A
100
AcDbEntity
  8
keycap
100
AcDbPolyline
 90
        8
 70
   129
 43
0.0
 10
153.2931887880283
 20
12.92251954271569
 42
-0.4142135623730951
 10
150.7931887880283
 20
10.42251954271569
 10
136.7931887880283
 20
10.42251954271569
 42
-0.4142135623730951
 10
134.2931887880283
 20
12.92251954271569
 10
134.2931887880283
 20
26.92211954271568
 42
-0.4142135623730951
 10
136.7931887880283
 20
29.42211954271568
 10
150.7931887880283
 20
29.42211954271568
 42
-0.4142135623730951
 10
153.2931887880283
 20
26.92211954271568
  0
LWPOLYLINE
  5
5531
330
576A
100
AcDbEntity
  8
keycap
100
AcDbPolyline
 90
        8
 70
   129
 43
0.0
 10
169.8431887880283
 20
10.37201954271563
 42
-0.4142135623730951
 10
172.3431887880283
 20
7.872019542715634
 10
172.3431887880283
 20
-6.127480457284264
 42
-0.4142135623730951
 10
169.8431887880283
 20
-8.627480457284264
 10
155.8431887880283
 20
-8.627480457284264
 42
-0.4142135623730951
 10
153.3431887880283
 20
-6.127480457284264
 10
153.3431887880283
 20
7.872019542715634
 42
-0.4142135623730951
 10
155.8431887880283
 20
10.37201954271563
  0
LWPOLYLINE
  5
5532
330
576A
100
AcDbEntity
  8
keycap
100
AcDbPolyline
 90
        8
 70
   129
 43
0.0
 10
153.2931887880283
 20
-6.127480457284264
 42
-0.4142135623730951
 10
150.7931887880283
 20
-8.627480457284264
 10
136.7931887880283
 20
-8.627480457284264
 42
-0.4142135623730951
 10
134.2931887880283
 20
-6.127480457284264
 10
134.2931887880283
 20
7.872019542715634
 42
-0.4142135623730951
 10
136.7931887880283
 20
10.37201954271563
 10
150.7931887880283
 20
10.37201954271563
 42
-0.4142135623730951
 10
153.2931887880283
 20
7.872019542715634
  0
LWPOLYLINE
  5
5533
330
576A
100
AcDbEntity
  8
keycap
100
AcDbPolyline
 90
        8
 70
   129
 43
0.0
 10
134.2431887880284
 20
-6.127480457284264
 42
-0.4142135623730951
 10
131.7431887880284
 20
-8.627480457284264
 10
117.7431887880283
 20
-8.627480457284264
 42
-0.4142135623730951
 10
115.2431887880283
 20
-6.127480457284264
 10
115.2431887880283
 20
7.872019542715634
 42
-0.4142135623730951
 10
117.7431887880283
 20
10.37201954271563
 10
131.7431887880284
 20
10.37201954271563
 42
-0.4142135623730951
 10
134.2431887880284
 20
7.872019542715634
  0
LWPOLYLINE
  5
5534
330
576A
100
AcDbEntity
  8
keycap
100
AcDbPolyline
 90
        8
 70
   129
 43
0.0
 10
195.2041887880283
 20
26.25781954271565
 42
-0.4142135623730951
 10
192.7041887880283
 20
23.75781954271565
 10
178.7041887880283
 20
23.75781954271565
 42
-0.4142135623730951
 10
176.2041887880283
 20
26.25781954271565
 10
176.2041887880283
 20
40.25751954271573
 42
-0.4142135623730951
 10
178.7041887880283
 20
42.75751954271573
 10
192.7041887880283
 20
42.75751954271573
 42
-0.4142135623730951
 10
195.2041887880283
 20
40.25751954271573
  0
LWPOLYLINE
  5
5535
330
576A
100
AcDbEntity
  8
keycap
100
AcDbPolyline
 90
        8
 70
   129
 43
0.0
 10
195.2041887880283
 20
7.207819542715697
 42
-0.4142135623730951
 10
192.7041887880283
 20
4.707819542715697
 10
178.7041887880283
 20
4.707819542715697
 42
-0.4142135623730951
 10
176.2041887880283
 20
7.207819542715697
 10
176.2041887880283
 20
21.20751954271566
 42
-0.4142135623730951
 10
178.7041887880283
 20
23.70751954271566
 10
192.7041887880283
 20
23.70751954271566
 42
-0.4142135623730951
 10
195.2041887880283
 20
21.20751954271566
  0
VIEWPORT
  5
5821
330
5766
100
AcDbEntity
 67
     1
  8
0
100
AcDbViewport
 10
128.5
 20
97.5
 30
0.0
 40
314.226
 41
222.18
 68
     1
 69
     1
 12
128.5
 22
97.5
 13
0.0
 23
0.0
 14
10.0
 24
10.0
 15
10.0
 25
10.0
 16
0.0
 26
0.0
 36
1.0
 17
0.0
 27
0.0
 37
0.0
 42
50.0
 43
0.0
 44
0.0
 45
222.18
 50
0.0
 51
0.0
 72
   100
 90
   557152
  1

281
     0
 71
     1
 74
     0
110
0.0
120
0.0
130
0.0
111
1.0
121
0.0
131
0.0
112
0.0
122
1.0
132
0.0
 79
     0
146
0.0
170
     0
 61
     5
348
577A
292
     1
282
     1
141
0.0
142
0.0
 63
   256
361
5822
  0
ENDSEC
  0
SECTION
  2
OBJECTS
  0
DICTIONARY
  5
5758
330
0
100
AcDbDictionary
281
     1
  3
ACAD_DETAILVIEWSTYLE
350
582A
  3
ACAD_GROUP
350
5759
  3
ACAD_LAYOUT
350
5765
  3
ACAD_MATERIAL
350
578E
  3
ACAD_MLEADERSTYLE
350
57A6
  3
ACAD_MLINESTYLE
350
5762
  3
ACAD_PLOTSETTINGS
350
5764
  3
ACAD_PLOTSTYLENAME
350
575A
  3
ACAD_SCALELIST
350
5792
  3
ACAD_SECTIONVIEWSTYLE
350
582B
  3
ACAD_TABLESTYLE
350
57A4
  3
ACAD_VISUALSTYLE
350
5775
  3
AcDbVariableDictionary
350
5823
  3
ACDB_RECOMPOSE_DATA
350
5827
  3
QCAD_OBJECTS
350
57AA
  0
SUN
  5
57A8
330
5774
100
AcDbSun
 90
        1
290
     0
 63
     7
421
 16777215
 40
1.0
291
     1
 91
  2455826
 92
 54000000
292
     0
 70
     2
 71
   256
280
     1
  0
SUN
  5
5822
330
5821
100
AcDbSun
 90
        1
290
     0
 63
     7
421
 16777215
 40
1.0
291
     1
 91
  2455826
 92
 54000000
292
     0
 70
     2
 71
   256
280
     1
  0
DICTIONARY
  5
582A
102
{ACAD_REACTORS
330
5758
102
}
330
5758
100
AcDbDictionary
281
     1
  0
DICTIONARY
  5
5759
102
{ACAD_REACTORS
330
5758
102
}
330
5758
100
AcDbDictionary
281
     1
  0
DICTIONARY
  5
5765
102
{ACAD_REACTORS
330
5758
102
}
330
5758
100
AcDbDictionary
281
     1
  3
Layout1
350
5769
  3
Model
350
576D
  0
DICTIONARY
  5
578E
102
{ACAD_REACTORS
330
5758
102
}
330
5758
100
AcDbDictionary
281
     1
  3
ByBlock
350
5790
  3
ByLayer
350
578F
  3
Global
350
5791
  0
DICTIONARY
  5
57A6
102
{ACAD_REACTORS
330
5758
102
}
330
5758
100
AcDbDictionary
281
     1
  3
Standard
350
57A7
  0
DICTIONARY
  5
5762
102
{ACAD_REACTORS
330
5758
102
}
330
5758
100
AcDbDictionary
281
     1
  3
Standard
350
5763
  0
DICTIONARY
  5
5764
102
{ACAD_REACTORS
330
5758
102
}
330
5758
100
AcDbDictionary
281
     1
  0
ACDBDICTIONARYWDFLT
  5
575A
102
{ACAD_REACTORS
330
5758
102
}
330
5758
100
AcDbDictionary
281
     1
  3
Normal
350
575B
100
AcDbDictionaryWithDefault
340
575B
  0
DICTIONARY
  5
5792
102
{ACAD_REACTORS
330
5758
102
}
330
5758
100
AcDbDictionary
281
     1
  3
A0
350
5793
  3
A1
350
5794
  3
A2
350
5795
  3
A3
350
5796
  3
A4
350
5797
  3
A5
350
5798
  3
A6
350
5799
  3
A7
350
579A
  3
A8
350
579B
  3
A9
350
579C
  3
B1
350
579D
  3
B2
350
579E
  3
B3
350
579F
  3
B4
350
57A0
  3
B5
350
57A1
  3
B6
350
57A2
  3
B7
350
57A3
  0
DICTIONARY
  5
582B
102
{ACAD_REACTORS
330
5758
102
}
330
5758
100
AcDbDictionary
281
     1
  0
DICTIONARY
  5
57A4
102
{ACAD_REACTORS
330
5758
102
}
330
5758
100
AcDbDictionary
281
     1
  3
Standard
350
57A5
  0
DICTIONARY
  5
5775
102
{ACAD_REACTORS
330
5758
102
}
330
5758
100
AcDbDictionary
281
     1
  3
2dWireframe
350
577A
  3
Basic
350
577D
  3
Brighten
350
5781
  3
ColorChange
350
5785
  3
Conceptual
350
577F
  3
Dim
350
5780
  3
EdgeColorOff
350
5788
  3
Facepattern
350
5784
  3
Flat
350
5776
  3
FlatWithEdges
350
5777
  3
Gouraud
350
5778
  3
GouraudWithEdges
350
5779
  3
Hidden
350
577C
  3
JitterOff
350
5786
  3
Linepattern
350
5783
  3
OverhangOff
350
5787
  3
Realistic
350
577E
  3
Shaded
350
578D
  3
Shaded with edges
350
578C
  3
Shades of Gray
350
5789
  3
Sketchy
350
578A
  3
Thicken
350
5782
  3
Wireframe
350
577B
  3
X-Ray
350
578B
  0
DICTIONARY
  5
5823
102
{ACAD_REACTORS
330
5758
102
}
330
5758
100
AcDbDictionary
281
     1
  3
CANNOSCALE
350
5824
  3
CMLEADERSTYLE
350
5829
  3
CTABLESTYLE
350
5828
  0
XRECORD
  5
5827
102
{ACAD_REACTORS
330
5758
102
}
330
5758
100
AcDbXrecord
280
     1
 90
        1
330
57A5
  0
DICTIONARY
  5
57AA
102
{ACAD_REACTORS
330
5758
102
}
330
5758
100
AcDbDictionary
281
     1
  3
ColorSettings/BackgroundColor
350
57AC
  3
ColorSettings/ColorMode
350
57AD
  3
Grid/DisplayGrid00
350
57AE
  3
Grid/DisplayGrid01
350
57AF
  3
Grid/DisplayGrid02
350
57B0
  3
Grid/DisplayGrid03
350
57B1
  3
Grid/GridSpacingX00
350
57B2
  3
Grid/GridSpacingX01
350
57B3
  3
Grid/GridSpacingX02
350
57B4
  3
Grid/GridSpacingX03
350
57B5
  3
Grid/GridSpacingY00
350
57B6
  3
Grid/GridSpacingY01
350
57B7
  3
Grid/GridSpacingY02
350
57B8
  3
Grid/GridSpacingY03
350
57B9
  3
Grid/IsometricGrid00
350
57BA
  3
Grid/IsometricGrid01
350
57BB
  3
Grid/IsometricGrid02
350
57BC
  3
Grid/IsometricGrid03
350
57BD
  3
Grid/IsometricProjection00
350
57BE
  3
Grid/IsometricProjection01
350
57BF
  3
Grid/IsometricProjection02
350
57C0
  3
Grid/IsometricProjection03
350
57C1
  3
Grid/MetaGridSpacingX00
350
57C2
  3
Grid/MetaGridSpacingX01
350
57C3
  3
Grid/MetaGridSpacingX02
350
57C4
  3
Grid/MetaGridSpacingX03
350
57C5
  3
Grid/MetaGridSpacingY00
350
57C6
  3
Grid/MetaGridSpacingY01
350
57C7
  3
Grid/MetaGridSpacingY02
350
57C8
  3
Grid/MetaGridSpacingY03
350
57C9
  3
MultiPageSettings/Columns
350
57CA
  3
MultiPageSettings/GlueMarginsBottom
350
57CB
  3
MultiPageSettings/GlueMarginsLeft
350
57CC
  3
MultiPageSettings/GlueMarginsRight
350
57CD
  3
MultiPageSettings/GlueMarginsTop
350
57CE
  3
MultiPageSettings/PrintCropMarks
350
57CF
  3
MultiPageSettings/Rows
350
57D0
  3
PageSettings/OffsetX
350
57D1
  3
PageSettings/OffsetY
350
57D2
  3
PageSettings/PageOrientation
350
57D3
  3
PageSettings/PaperHeight
350
57D4
  3
PageSettings/PaperWidth
350
57D5
  3
PageSettings/Scale
350
57D6
  3
PageSettings/ShowPaperBorders
350
57D7
  3
PageTagSettings/EnablePageTags
350
57D8
  3
PageTagSettings/TagAlignment
350
57D9
  3
PageTagSettings/TagFont
350
57DA
  3
PageTagSettings/TagPosition
350
57DB
  3
QCADVersion
350
57DC
  3
UnitSettings/PaperUnit
350
57DD
  3
ViewportCenter
350
57DE
  3
ViewportHeight
350
57DF
  3
ViewportWidth
350
57E0
  0
LAYOUT
  5
5769
102
{ACAD_REACTORS
330
5765
102
}
330
5765
100
AcDbPlotSettings
  1

  2
none_device
  4
ISO_A4_(210.00_x_297.00_MM)
  6

 40
7.5
 41
20.0
 42
7.5
 43
20.0
 44
210.0
 45
297.0
 46
0.0
 47
0.0
 48
0.0
 49
0.0
140
0.0
141
0.0
142
1.0
143
1.0
 70
   688
 72
     1
 73
     1
 74
     5
  7

 75
     0
 76
     0
 77
     2
 78
   300
147
1.0
148
0.0
149
0.0
100
AcDbLayout
  1
Layout1
 70
     1
 71
     0
 10
-20.0
 20
-7.5
 11
277.0
 21
202.5
 12
0.0
 22
0.0
 32
0.0
 14
0.0
 24
0.0
 34
0.0
 15
0.0
 25
0.0
 35
0.0
146
0.0
 13
0.0
 23
0.0
 33
0.0
 16
1.0
 26
0.0
 36
0.0
 17
0.0
 27
1.0
 37
0.0
 76
     0
330
5766
331
5821
  0
LAYOUT
  5
576D
102
{ACAD_REACTORS
330
5765
102
}
330
5765
100
AcDbPlotSettings
  1

  2
none_device
  4
Letter_(8.50_x_11.00_Inches)
  6

 40
6.35
 41
6.35
 42
6.35000508
 43
6.35000508
 44
215.9
 45
279.4
 46
0.0
 47
0.0
 48
0.0
 49
0.0
140
0.0
141
0.0
142
1.0
143
1.0
 70
  1712
 72
     0
 73
     0
 74
     0
  7

 75
     0
 76
     0
 77
     2
 78
   300
147
1.0
148
0.0
149
0.0
100
AcDbLayout
  1
Model
 70
     1
 71
     0
 10
0.0
 20
0.0
 11
12.0
 21
9.0
 12
0.0
 22
0.0
 32
0.0
 14
-17.87397975491191
 24
-20.28847813323659
 34
0.0
 15
195.2041887880283
 25
92.28711954271569
 35
0.0
146
0.0
 13
0.0
 23
0.0
 33
0.0
 16
1.0
 26
0.0
 36
0.0
 17
0.0
 27
1.0
 37
0.0
 76
     0
330
576A
331
5774
  0
MATERIAL
  5
5790
102
{ACAD_REACTORS
330
578E
102
}
330
578E
100
AcDbMaterial
  1
ByBlock
 72
     1
 94
      127
  0
MATERIAL
  5
578F
102
{ACAD_REACTORS
330
578E
102
}
330
578E
100
AcDbMaterial
  1
ByLayer
 72
     1
 94
      127
  0
MATERIAL
  5
5791
102
{ACAD_REACTORS
330
578E
102
}
330
578E
100
AcDbMaterial
  1
Global
 72
     1
 94
      127
  0
MLEADERSTYLE
  5
57A7
102
{ACAD_REACTORS
330
57A6
102
}
330
57A6
100
AcDbMLeaderStyle
179
     2
170
     2
171
     1
172
     0
 90
        2
 40
0.0
 41
0.0
173
     1
 91
-1056964608
340
575F
 92
       -2
290
     1
 42
0.09
291
     1
 43
0.36
  3
Standard
341
0
 44
0.18
300

342
575D
174
     1
178
     6
175
     1
176
     0
 93
-1056964608
 45
0.18
292
     0
297
     0
 46
0.18
343
0
 94
-1056964608
 47
1.0
 49
1.0
140
1.0
293
     1
141
0.0
294
     1
177
     0
142
1.0
295
     0
296
     0
143
0.125
271
     0
272
     9
273
     9
298
     0
  0
MLINESTYLE
  5
5763
102
{ACAD_REACTORS
330
5762
102
}
330
5762
100
AcDbMlineStyle
  2
Standard
 70
     0
  3

 62
   256
 51
90.0
 52
90.0
 71
     2
 49
0.5
 62
   256
  6
BYLAYER
 49
-0.5
 62
   256
  6
BYLAYER
  0
ACDBPLACEHOLDER
  5
575B
102
{ACAD_REACTORS
330
575A
102
}
330
575A
  0
SCALE
  5
5793
102
{ACAD_REACTORS
330
5792
102
}
330
5792
100
AcDbScale
 70
     0
300
1:1
140
1.0
141
1.0
290
     1
  0
SCALE
  5
5794
102
{ACAD_REACTORS
330
5792
102
}
330
5792
100
AcDbScale
 70
     0
300
1/128" = 1'-0"
140
0.0078125
141
12.0
290
     0
  0
SCALE
  5
5795
102
{ACAD_REACTORS
330
5792
102
}
330
5792
100
AcDbScale
 70
     0
300
1/64" = 1'-0"
140
0.015625
141
12.0
290
     0
  0
SCALE
  5
5796
102
{ACAD_REACTORS
330
5792
102
}
330
5792
100
AcDbScale
 70
     0
300
1/32" = 1'-0"
140
0.03125
141
12.0
290
     0
  0
SCALE
  5
5797
102
{ACAD_REACTORS
330
5792
102
}
330
5792
100
AcDbScale
 70
     0
300
1/16" = 1'-0"
140
0.0625
141
12.0
290
     0
  0
SCALE
  5
5798
102
{ACAD_REACTORS
330
5792
102
}
330
5792
100
AcDbScale
 70
     0
300
3/32" = 1'-0"
140
0.09375
141
12.0
290
     0
  0
SCALE
  5
5799
102
{ACAD_REACTORS
330
5792
102
}
330
5792
100
AcDbScale
 70
     0
300
1/8" = 1'-0"
140
0.125
141
12.0
290
     0
  0
SCALE
  5
579A
102
{ACAD_REACTORS
330
5792
102
}
330
5792
100
AcDbScale
 70
     0
300
3/16" = 1'-0"
140
0.1875
141
12.0
290
     0
  0
SCALE
  5
579B
102
{ACAD_REACTORS
330
5792
102
}
330
5792
100
AcDbScale
 70
     0
300
1/4" = 1'-0"
140
0.25
141
12.0
290
     0
  0
SCALE
  5
579C
102
{ACAD_REACTORS
330
5792
102
}
330
5792
100
AcDbScale
 70
     0
300
3/8" = 1'-0"
140
0.375
141
12.0
290
     0
  0
SCALE
  5
579D
102
{ACAD_REACTORS
330
5792
102
}
330
5792
100
AcDbScale
 70
     0
300
1/2" = 1'-0"
140
0.5
141
12.0
290
     0
  0
SCALE
  5
579E
102
{ACAD_REACTORS
330
5792
102
}
330
5792
100
AcDbScale
 70
     0
300
3/4" = 1'-0"
140
0.75
141
12.0
290
     0
  0
SCALE
  5
579F
102
{ACAD_REACTORS
330
5792
102
}
330
5792
100
AcDbScale
 70
     0
300
1" = 1'-0"
140
1.0
141
12.0
290
     0
  0
SCALE
  5
57A0
102
{ACAD_REACTORS
330
5792
102
}
330
5792
100
AcDbScale
 70
     0
300
1-1/2" = 1'-0"
140
1.5
141
12.0
290
     0
  0
SCALE
  5
57A1
102
{ACAD_REACTORS
330
5792
102
}
330
5792
100
AcDbScale
 70
     0
300
3" = 1'-0"
140
3.0
141
12.0
290
     0
  0
SCALE
  5
57A2
102
{ACAD_REACTORS
330
5792
102
}
330
5792
100
AcDbScale
 70
     0
300
6" = 1'-0"
140
6.0
141
12.0
290
     0
  0
SCALE
  5
57A3
102
{ACAD_REACTORS
330
5792
102
}
330
5792
100
AcDbScale
 70
     0
300
1'-0" = 1'-0"
140
12.0
141
12.0
290
     0
  0
TABLESTYLE
  5
57A5
102
{ACAD_REACTORS
330
57A4
102
}
102
{ACAD_XDICTIONARY
360
5825
102
}
330
57A4
100
AcDbTableStyle
  3
Standard
 70
     0
 71
     0
 40
0.06
 41
0.06
280
     0
281
     0
  7
Standard
140
0.18
170
     2
 62
     0
 63
   257
283
     0
 90
        4
 91
        0
  1

274
    -2
284
     1
 64
     0
275
    -2
285
     1
 65
     0
276
    -2
286
     1
 66
     0
277
    -2
287
     1
 67
     0
278
    -2
288
     1
 68
     0
279
    -2
289
     1
 69
     0
  7
Standard
140
0.25
170
     5
 62
     0
 63
   257
283
     0
 90
        4
 91
        0
  1

274
    -2
284
     1
 64
     0
275
    -2
285
     1
 65
     0
276
    -2
286
     1
 66
     0
277
    -2
287
     1
 67
     0
278
    -2
288
     1
 68
     0
279
    -2
289
     1
 69
     0
  7
Standard
140
0.18
170
     5
 62
     0
 63
   257
283
     0
 90
        4
 91
        0
  1

274
    -2
284
     1
 64
     0
275
    -2
285
     1
 65
     0
276
    -2
286
     1
 66
     0
277
    -2
287
     1
 67
     0
278
    -2
288
     1
 68
     0
279
    -2
289
     1
 69
     0
  0
VISUALSTYLE
  5
577A
102
{ACAD_REACTORS
330
5775
102
}
330
5775
100
AcDbVisualStyle
  2
2dWireframe
 70
     4
177
     3
291
     0
 70
    58
 90
        0
176
     1
 90
        2
176
     1
 90
        0
176
     1
 90
        0
176
     1
 40
0.6
176
     1
 40
30.0
176
     1
 62
     7
420
 16777215
176
     1
 90
        1
176
     1
 90
        4
176
     1
 62
     7
176
     1
 62
   257
176
     1
 90
        1
176
     1
 90
        1
176
     1
 40
1.0
176
     1
 90
        0
176
     1
 62
   257
176
     1
 40
1.0
176
     1
 90
        1
176
     1
 90
        6
176
     1
 90
        2
176
     1
 62
     7
176
     1
 90
        5
176
     1
 90
        0
176
     1
 90
        0
176
     1
290
     0
176
     1
 90
        1
176
     1
 40
0.0
176
     1
 90
        0
176
     1
290
     1
176
     1
290
     1
176
     1
290
     0
176
     1
290
     0
176
     1
290
     0
176
     1
290
     0
176
     1
290
     0
176
     1
290
     0
176
     1
290
     0
176
     1
 90
       50
176
     1
 40
0.0
176
     1
 40
1.0
176
     1
 90
        0
176
     1
 62
    18
420
        0
176
     1
 90
       50
176
     1
 90
        3
176
     1
 62
     5
420
      255
176
     1
290
     0
176
     1
 90
       50
176
     1
 90
       50
176
     1
 90
       50
176
     1
290
     0
176
     1
 90
       50
176
     1
 62
   256
176
     0
 40
1.0
176
     0
 90
        2
176
     1
  1
strokes_ogs.tif
176
     1
290
     0
176
     1
 40
1.0
176
     1
 40
1.0
176
     1
  0
VISUALSTYLE
  5
577D
102
{ACAD_REACTORS
330
5775
102
}
330
5775
100
AcDbVisualStyle
  2
Basic
 70
     7
177
     3
291
     1
 70
    58
 90
        1
176
     1
 90
        0
176
     1
 90
        1
176
     1
 90
        0
176
     1
 40
0.6
176
     1
 40
30.0
176
     1
 62
     7
420
 16777215
176
     1
 90
        0
176
     1
 90
        4
176
     1
 62
     7
176
     1
 62
   257
176
     1
 90
        1
176
     1
 90
        1
176
     1
 40
1.0
176
     1
 90
        8
176
     1
 62
     7
176
     1
 40
1.0
176
     1
 90
        1
176
     1
 90
        6
176
     1
 90
        2
176
     1
 62
     7
176
     1
 90
        5
176
     1
 90
        0
176
     1
 90
        0
176
     1
290
     0
176
     1
 90
        1
176
     1
 40
0.0
176
     1
 90
        0
176
     1
290
     0
176
     1
290
     1
176
     1
290
     1
176
     1
290
     0
176
     1
290
     0
176
     1
290
     0
176
     1
290
     0
176
     1
290
     0
176
     1
290
     0
176
     1
 90
       50
176
     1
 40
0.0
176
     1
 40
1.0
176
     1
 90
        0
176
     1
 62
    18
420
        0
176
     1
 90
       50
176
     1
 90
        3
176
     1
 62
     5
420
      255
176
     1
290
     0
176
     1
 90
       50
176
     1
 90
       50
176
     1
 90
       50
176
     1
290
     0
176
     1
 90
       50
176
     1
 62
   256
176
     0
 40
1.0
176
     0
 90
        2
176
     1
  1
strokes_ogs.tif
176
     1
290
     0
176
     1
 40
1.0
176
     1
 40
1.0
176
     1
  0
VISUALSTYLE
  5
5781
102
{ACAD_REACTORS
330
5775
102
}
330
5775
100
AcDbVisualStyle
  2
Brighten
 70
    12
177
     3
291
     1
 70
    58
 90
        2
176
     1
 90
        2
176
     1
 90
        0
176
     1
 90
        0
176
     1
 40
0.6
176
     1
 40
30.0
176
     1
 62
     7
420
 16777215
176
     1
 90
        1
176
     1
 90
        4
176
     1
 62
     7
176
     1
 62
   257
176
     1
 90
        1
176
     1
 90
        1
176
     1
 40
1.0
176
     1
 90
        8
176
     1
 62
     7
176
     1
 40
1.0
176
     1
 90
        1
176
     1
 90
        6
176
     1
 90
        2
176
     1
 62
     7
176
     1
 90
        5
176
     1
 90
        0
176
     1
 90
        0
176
     1
290
     0
176
     1
 90
        1
176
     1
 40
50.0
176
     1
 90
        0
176
     1
290
     0
176
     1
290
     1
176
     1
290
     1
176
     1
290
     0
176
     1
290
     0
176
     1
290
     0
176
     1
290
     0
176
     1
290
     0
176
     1
290
     0
176
     1
 90
       50
176
     1
 40
0.0
176
     1
 40
1.0
176
     1
 90
        0
176
     1
 62
    18
420
        0
176
     1
 90
       50
176
     1
 90
        3
176
     1
 62
     5
420
      255
176
     1
290
     0
176
     1
 90
       50
176
     1
 90
       50
176
     1
 90
       50
176
     1
290
     0
176
     1
 90
       50
176
     1
 62
   256
176
     0
 40
1.0
176
     0
 90
        2
176
     1
  1
strokes_ogs.tif
176
     1
290
     0
176
     1
 40
1.0
176
     1
 40
1.0
176
     1
  0
VISUALSTYLE
  5
5785
102
{ACAD_REACTORS
330
5775
102
}
330
5775
100
AcDbVisualStyle
  2
ColorChange
 70
    16
177
     3
291
     1
 70
    58
 90
        2
176
     1
 90
        2
176
     1
 90
        3
176
     1
 90
        0
176
     1
 40
0.6
176
     1
 40
30.0
176
     1
 62
     8
420
  8421504
176
     1
 90
        1
176
     1
 90
        4
176
     1
 62
     7
176
     1
 62
   257
176
     1
 90
        1
176
     1
 90
        1
176
     1
 40
1.0
176
     1
 90
        8
176
     1
 62
     8
420
  8421504
176
     1
 40
1.0
176
     1
 90
        1
176
     1
 90
        6
176
     1
 90
        2
176
     1
 62
     7
176
     1
 90
        5
176
     1
 90
        0
176
     1
 90
        0
176
     1
290
     0
176
     1
 90
        1
176
     1
 40
0.0
176
     1
 90
        0
176
     1
290
     0
176
     1
290
     1
176
     1
290
     1
176
     1
290
     0
176
     1
290
     0
176
     1
290
     0
176
     1
290
     0
176
     1
290
     0
176
     1
290
     0
176
     1
 90
       50
176
     1
 40
0.0
176
     1
 40
1.0
176
     1
 90
        0
176
     1
 62
    18
420
        0
176
     1
 90
       50
176
     1
 90
        3
176
     1
 62
     5
420
      255
176
     1
290
     0
176
     1
 90
       50
176
     1
 90
       50
176
     1
 90
       50
176
     1
290
     0
176
     1
 90
       50
176
     1
 62
   256
176
     0
 40
1.0
176
     0
 90
        2
176
     1
  1
strokes_ogs.tif
176
     1
290
     0
176
     1
 40
1.0
176
     1
 40
1.0
176
     1
  0
VISUALSTYLE
  5
577F
102
{ACAD_REACTORS
330
5775
102
}
330
5775
100
AcDbVisualStyle
  2
Conceptual
 70
     9
177
     3
291
     0
 70
    58
 90
        3
176
     1
 90
        2
176
     1
 90
        0
176
     1
 90
        0
176
     1
 40
0.6
176
     1
 40
30.0
176
     1
 62
     7
420
 16777215
176
     1
 90
        2
176
     1
 90
        2
176
     1
 62
     7
176
     1
 62
   257
176
     1
 90
        1
176
     1
 90
        1
176
     1
 40
179.0
176
     1
 90
        8
176
     1
 62
     7
176
     1
 40
1.0
176
     1
 90
        1
176
     1
 90
        6
176
     1
 90
        2
176
     1
 62
     7
176
     1
 90
        3
176
     1
 90
        0
176
     1
 90
        0
176
     1
290
     0
176
     1
 90
        1
176
     1
 40
0.0
176
     1
 90
        0
176
     1
290
     0
176
     1
290
     1
176
     1
290
     1
176
     1
290
     0
176
     1
290
     0
176
     1
290
     0
176
     1
290
     0
176
     1
290
     0
176
     1
290
     0
176
     1
 90
       50
176
     1
 40
0.0
176
     1
 40
1.0
176
     1
 90
        0
176
     1
 62
    18
420
        0
176
     1
 90
       50
176
     1
 90
        3
176
     1
 62
     5
420
      255
176
     1
290
     0
176
     1
 90
       50
176
     1
 90
       50
176
     1
 90
       50
176
     1
290
     0
176
     1
 90
       50
176
     1
 62
   256
176
     0
 40
1.0
176
     0
 90
        2
176
     1
  1
strokes_ogs.tif
176
     1
290
     0
176
     1
 40
1.0
176
     1
 40
1.0
176
     1
  0
VISUALSTYLE
  5
5780
102
{ACAD_REACTORS
330
5775
102
}
330
5775
100
AcDbVisualStyle
  2
Dim
 70
    11
177
     3
291
     1
 70
    58
 90
        2
176
     1
 90
        2
176
     1
 90
        0
176
     1
 90
        0
176
     1
 40
0.6
176
     1
 40
30.0
176
     1
 62
     7
420
 16777215
176
     1
 90
        1
176
     1
 90
        4
176
     1
 62
     7
176
     1
 62
   257
176
     1
 90
        1
176
     1
 90
        1
176
     1
 40
1.0
176
     1
 90
        8
176
     1
 62
     7
176
     1
 40
1.0
176
     1
 90
        1
176
     1
 90
        6
176
     1
 90
        2
176
     1
 62
     7
176
     1
 90
        5
176
     1
 90
        0
176
     1
 90
        0
176
     1
290
     0
176
     1
 90
        1
176
     1
 40
-50.0
176
     1
 90
        0
176
     1
290
     0
176
     1
290
     1
176
     1
290
     1
176
     1
290
     0
176
     1
290
     0
176
     1
290
     0
176
     1
290
     0
176
     1
290
     0
176
     1
290
     0
176
     1
 90
       50
176
     1
 40
0.0
176
     1
 40
1.0
176
     1
 90
        0
176
     1
 62
    18
420
        0
176
     1
 90
       50
176
     1
 90
        3
176
     1
 62
     5
420
      255
176
     1
290
     0
176
     1
 90
       50
176
     1
 90
       50
176
     1
 90
       50
176
     1
290
     0
176
     1
 90
       50
176
     1
 62
   256
176
     0
 40
1.0
176
     0
 90
        2
176
     1
  1
strokes_ogs.tif
176
     1
290
     0
176
     1
 40
1.0
176
     1
 40
1.0
176
     1
  0
VISUALSTYLE
  5
5788
102
{ACAD_REACTORS
330
5775
102
}
330
5775
100
AcDbVisualStyle
  2
EdgeColorOff
 70
    22
177
     3
291
     1
 70
    58
 90
        2
176
     0
 90
        2
176
     0
 90
        0
176
     0
 90
        0
176
     0
 40
0.6
176
     0
 40
30.0
176
     0
 62
     7
420
 16777215
176
     0
 90
        1
176
     0
 90
        4
176
     0
 62
     7
176
     0
 62
   257
176
     0
 90
        1
176
     0
 90
        1
176
     0
 40
1.0
176
     0
 90
        8
176
     2
 62
     7
176
     0
 40
1.0
176
     0
 90
        1
176
     0
 90
        6
176
     0
 90
        2
176
     0
 62
     7
176
     0
 90
        5
176
     0
 90
        0
176
     0
 90
        0
176
     0
290
     0
176
     0
 90
        1
176
     0
 40
0.0
176
     0
 90
        0
176
     0
290
     0
176
     0
290
     1
176
     0
290
     1
176
     0
290
     0
176
     0
290
     0
176
     0
290
     0
176
     0
290
     0
176
     0
290
     0
176
     0
290
     0
176
     0
 90
       50
176
     0
 40
0.0
176
     0
 40
1.0
176
     0
 90
        0
176
     0
 62
    18
420
        0
176
     0
 90
       50
176
     0
 90
        3
176
     0
 62
     5
420
      255
176
     0
290
     0
176
     0
 90
       50
176
     0
 90
       50
176
     0
 90
       50
176
     0
290
     0
176
     0
 90
       50
176
     0
 62
   256
176
     0
 40
1.0
176
     0
 90
        2
176
     0
  1
strokes_ogs.tif
176
     0
290
     0
176
     0
 40
1.0
176
     0
 40
1.0
176
     0
  0
VISUALSTYLE
  5
5784
102
{ACAD_REACTORS
330
5775
102
}
330
5775
100
AcDbVisualStyle
  2
Facepattern
 70
    15
177
     3
291
     1
 70
    58
 90
        2
176
     1
 90
        2
176
     1
 90
        0
176
     1
 90
        0
176
     1
 40
0.6
176
     1
 40
30.0
176
     1
 62
     7
420
 16777215
176
     1
 90
        1
176
     1
 90
        4
176
     1
 62
     7
176
     1
 62
   257
176
     1
 90
        1
176
     1
 90
        1
176
     1
 40
1.0
176
     1
 90
        8
176
     1
 62
     7
176
     1
 40
1.0
176
     1
 90
        1
176
     1
 90
        6
176
     1
 90
        2
176
     1
 62
     7
176
     1
 90
        5
176
     1
 90
        0
176
     1
 90
        0
176
     1
290
     0
176
     1
 90
        1
176
     1
 40
0.0
176
     1
 90
        0
176
     1
290
     0
176
     1
290
     1
176
     1
290
     1
176
     1
290
     0
176
     1
290
     0
176
     1
290
     0
176
     1
290
     0
176
     1
290
     0
176
     1
290
     0
176
     1
 90
       50
176
     1
 40
0.0
176
     1
 40
1.0
176
     1
 90
        0
176
     1
 62
    18
420
        0
176
     1
 90
       50
176
     1
 90
        3
176
     1
 62
     5
420
      255
176
     1
290
     0
176
     1
 90
       50
176
     1
 90
       50
176
     1
 90
       50
176
     1
290
     0
176
     1
 90
       50
176
     1
 62
   256
176
     0
 40
1.0
176
     0
 90
        2
176
     1
  1
strokes_ogs.tif
176
     1
290
     0
176
     1
 40
1.0
176
     1
 40
1.0
176
     1
  0
VISUALSTYLE
  5
5776
102
{ACAD_REACTORS
330
5775
102
}
330
5775
100
AcDbVisualStyle
  2
Flat
 70
     0
177
     3
291
     1
 70
    58
 90
        2
176
     1
 90
        1
176
     1
 90
        1
176
     1
 90
        2
176
     1
 40
0.6
176
     1
 40
30.0
176
     1
 62
     7
420
 16777215
176
     1
 90
        0
176
     1
 90
        0
176
     1
 62
     7
176
     1
 62
   257
176
     1
 90
        1
176
     1
 90
        1
176
     1
 40
1.0
176
     1
 90
        8
176
     1
 62
     7
176
     1
 40
1.0
176
     1
 90
        1
176
     1
 90
        6
176
     1
 90
        2
176
     1
 62
     7
176
     1
 90
        5
176
     1
 90
        0
176
     1
 90
        0
176
     1
290
     0
176
     1
 90
       13
176
     1
 40
0.0
176
     1
 90
        0
176
     1
290
     0
176
     1
290
     1
176
     1
290
     1
176
     1
290
     0
176
     1
290
     0
176
     1
290
     0
176
     1
290
     0
176
     1
290
     0
176
     1
290
     0
176
     1
 90
       50
176
     1
 40
0.0
176
     1
 40
1.0
176
     1
 90
        0
176
     1
 62
    18
420
        0
176
     1
 90
       50
176
     1
 90
        3
176
     1
 62
     5
420
      255
176
     1
290
     0
176
     1
 90
       50
176
     1
 90
       50
176
     1
 90
       50
176
     1
290
     0
176
     1
 90
       50
176
     1
 62
   256
176
     0
 40
1.0
176
     0
 90
        2
176
     1
  1
strokes_ogs.tif
176
     1
290
     0
176
     1
 40
1.0
176
     1
 40
1.0
176
     1
  0
VISUALSTYLE
  5
5777
102
{ACAD_REACTORS
330
5775
102
}
330
5775
100
AcDbVisualStyle
  2
FlatWithEdges
 70
     1
177
     3
291
     1
 70
    58
 90
        2
176
     1
 90
        1
176
     1
 90
        1
176
     1
 90
        2
176
     1
 40
0.6
176
     1
 40
30.0
176
     1
 62
     7
420
 16777215
176
     1
 90
        1
176
     1
 90
        0
176
     1
 62
     7
176
     1
 62
   257
176
     1
 90
        1
176
     1
 90
        1
176
     1
 40
1.0
176
     1
 90
        0
176
     1
 62
   257
176
     1
 40
1.0
176
     1
 90
        1
176
     1
 90
        6
176
     1
 90
        2
176
     1
 62
     7
176
     1
 90
        5
176
     1
 90
        0
176
     1
 90
        0
176
     1
290
     0
176
     1
 90
       13
176
     1
 40
0.0
176
     1
 90
        0
176
     1
290
     0
176
     1
290
     1
176
     1
290
     1
176
     1
290
     0
176
     1
290
     0
176
     1
290
     0
176
     1
290
     0
176
     1
290
     0
176
     1
290
     0
176
     1
 90
       50
176
     1
 40
0.0
176
     1
 40
1.0
176
     1
 90
        0
176
     1
 62
    18
420
        0
176
     1
 90
       50
176
     1
 90
        3
176
     1
 62
     5
420
      255
176
     1
290
     0
176
     1
 90
       50
176
     1
 90
       50
176
     1
 90
       50
176
     1
290
     0
176
     1
 90
       50
176
     1
 62
   256
176
     0
 40
1.0
176
     0
 90
        2
176
     1
  1
strokes_ogs.tif
176
     1
290
     0
176
     1
 40
1.0
176
     1
 40
1.0
176
     1
  0
VISUALSTYLE
  5
5778
102
{ACAD_REACTORS
330
5775
102
}
330
5775
100
AcDbVisualStyle
  2
Gouraud
 70
     2
177
     3
291
     1
 70
    58
 90
        2
176
     1
 90
        2
176
     1
 90
        1
176
     1
 90
        2
176
     1
 40
0.6
176
     1
 40
30.0
176
     1
 62
     7
420
 16777215
176
     1
 90
        0
176
     1
 90
        0
176
     1
 62
     7
176
     1
 62
   257
176
     1
 90
        1
176
     1
 90
        1
176
     1
 40
1.0
176
     1
 90
        0
176
     1
 62
     7
176
     1
 40
1.0
176
     1
 90
        1
176
     1
 90
        6
176
     1
 90
        2
176
     1
 62
     7
176
     1
 90
        5
176
     1
 90
        0
176
     1
 90
        0
176
     1
290
     0
176
     1
 90
       13
176
     1
 40
0.0
176
     1
 90
        0
176
     1
290
     0
176
     1
290
     1
176
     1
290
     1
176
     1
290
     0
176
     1
290
     0
176
     1
290
     0
176
     1
290
     0
176
     1
290
     0
176
     1
290
     0
176
     1
 90
       50
176
     1
 40
0.0
176
     1
 40
1.0
176
     1
 90
        0
176
     1
 62
    18
420
        0
176
     1
 90
       50
176
     1
 90
        3
176
     1
 62
     5
420
      255
176
     1
290
     0
176
     1
 90
       50
176
     1
 90
       50
176
     1
 90
       50
176
     1
290
     0
176
     1
 90
       50
176
     1
 62
   256
176
     0
 40
1.0
176
     0
 90
        2
176
     1
  1
strokes_ogs.tif
176
     1
290
     0
176
     1
 40
1.0
176
     1
 40
1.0
176
     1
  0
VISUALSTYLE
  5
5779
102
{ACAD_REACTORS
330
5775
102
}
330
5775
100
AcDbVisualStyle
  2
GouraudWithEdges
 70
     3
177
     3
291
     1
 70
    58
 90
        2
176
     1
 90
        2
176
     1
 90
        1
176
     1
 90
        2
176
     1
 40
0.6
176
     1
 40
30.0
176
     1
 62
     7
420
 16777215
176
     1
 90
        1
176
     1
 90
        0
176
     1
 62
     7
176
     1
 62
   257
176
     1
 90
        1
176
     1
 90
        1
176
     1
 40
1.0
176
     1
 90
        0
176
     1
 62
   257
176
     1
 40
1.0
176
     1
 90
        1
176
     1
 90
        6
176
     1
 90
        2
176
     1
 62
     7
176
     1
 90
        5
176
     1
 90
        0
176
     1
 90
        0
176
     1
290
     0
176
     1
 90
       13
176
     1
 40
0.0
176
     1
 90
        0
176
     1
290
     0
176
     1
290
     1
176
     1
290
     1
176
     1
290
     0
176
     1
290
     0
176
     1
290
     0
176
     1
290
     0
176
     1
290
     0
176
     1
290
     0
176
     1
 90
       50
176
     1
 40
0.0
176
     1
 40
1.0
176
     1
 90
        0
176
     1
 62
    18
420
        0
176
     1
 90
       50
176
     1
 90
        3
176
     1
 62
     5
420
      255
176
     1
290
     0
176
     1
 90
       50
176
     1
 90
       50
176
     1
 90
       50
176
     1
290
     0
176
     1
 90
       50
176
     1
 62
   256
176
     0
 40
1.0
176
     0
 90
        2
176
     1
  1
strokes_ogs.tif
176
     1
290
     0
176
     1
 40
1.0
176
     1
 40
1.0
176
     1
  0
VISUALSTYLE
  5
577C
102
{ACAD_REACTORS
330
5775
102
}
330
5775
100
AcDbVisualStyle
  2
Hidden
 70
     6
177
     3
291
     0
 70
    58
 90
        1
176
     1
 90
        2
176
     1
 90
        2
176
     1
 90
        0
176
     1
 40
0.6
176
     1
 40
30.0
176
     1
 62
     7
420
 16777215
176
     1
 90
        2
176
     1
 90
        2
176
     1
 62
     7
176
     1
 62
   257
176
     1
 90
        2
176
     1
 90
        1
176
     1
 40
40.0
176
     1
 90
        0
176
     1
 62
   257
176
     1
 40
1.0
176
     1
 90
        1
176
     1
 90
        6
176
     1
 90
        2
176
     1
 62
     7
176
     1
 90
        3
176
     1
 90
        0
176
     1
 90
        0
176
     1
290
     0
176
     1
 90
        1
176
     1
 40
0.0
176
     1
 90
        0
176
     1
290
     0
176
     1
290
     1
176
     1
290
     1
176
     1
290
     0
176
     1
290
     0
176
     1
290
     0
176
     1
290
     0
176
     1
290
     0
176
     1
290
     0
176
     1
 90
       50
176
     1
 40
0.0
176
     1
 40
1.0
176
     1
 90
        0
176
     1
 62
    18
420
        0
176
     1
 90
       50
176
     1
 90
        3
176
     1
 62
     5
420
      255
176
     1
290
     0
176
     1
 90
       50
176
     1
 90
       50
176
     1
 90
       50
176
     1
290
     0
176
     1
 90
       50
176
     1
 62
   256
176
     0
 40
1.0
176
     0
 90
        2
176
     1
  1
strokes_ogs.tif
176
     1
290
     0
176
     1
 40
1.0
176
     1
 40
1.0
176
     1
  0
VISUALSTYLE
  5
5786
102
{ACAD_REACTORS
330
5775
102
}
330
5775
100
AcDbVisualStyle
  2
JitterOff
 70
    20
177
     3
291
     1
 70
    58
 90
        2
176
     0
 90
        2
176
     0
 90
        0
176
     0
 90
        0
176
     0
 40
0.6
176
     0
 40
30.0
176
     0
 62
     7
420
 16777215
176
     0
 90
        1
176
     0
 90
        4
176
     0
 62
     7
176
     0
 62
   257
176
     0
 90
        1
176
     0
 90
        1
176
     0
 40
1.0
176
     0
 90
       10
176
     2
 62
     7
176
     0
 40
1.0
176
     0
 90
        1
176
     0
 90
        6
176
     0
 90
        2
176
     0
 62
     7
176
     0
 90
        5
176
     0
 90
        0
176
     0
 90
        0
176
     0
290
     0
176
     0
 90
        1
176
     0
 40
0.0
176
     0
 90
        0
176
     0
290
     0
176
     0
290
     1
176
     0
290
     1
176
     0
290
     0
176
     0
290
     0
176
     0
290
     0
176
     0
290
     0
176
     0
290
     0
176
     0
290
     0
176
     0
 90
       50
176
     0
 40
0.0
176
     0
 40
1.0
176
     0
 90
        0
176
     0
 62
    18
420
        0
176
     0
 90
       50
176
     0
 90
        3
176
     0
 62
     5
420
      255
176
     0
290
     0
176
     0
 90
       50
176
     0
 90
       50
176
     0
 90
       50
176
     0
290
     0
176
     0
 90
       50
176
     0
 62
   256
176
     0
 40
1.0
176
     0
 90
        2
176
     0
  1
strokes_ogs.tif
176
     0
290
     0
176
     0
 40
1.0
176
     0
 40
1.0
176
     0
  0
VISUALSTYLE
  5
5783
102
{ACAD_REACTORS
330
5775
102
}
330
5775
100
AcDbVisualStyle
  2
Linepattern
 70
    14
177
     3
291
     1
 70
    58
 90
        2
176
     1
 90
        2
176
     1
 90
        0
176
     1
 90
        0
176
     1
 40
0.6
176
     1
 40
30.0
176
     1
 62
     7
420
 16777215
176
     1
 90
        1
176
     1
 90
        4
176
     1
 62
     7
176
     1
 62
   257
176
     1
 90
        7
176
     1
 90
        7
176
     1
 40
1.0
176
     1
 90
        8
176
     1
 62
     7
176
     1
 40
1.0
176
     1
 90
        1
176
     1
 90
        6
176
     1
 90
        2
176
     1
 62
     7
176
     1
 90
        5
176
     1
 90
        0
176
     1
 90
        0
176
     1
290
     0
176
     1
 90
        1
176
     1
 40
0.0
176
     1
 90
        0
176
     1
290
     0
176
     1
290
     1
176
     1
290
     1
176
     1
290
     0
176
     1
290
     0
176
     1
290
     0
176
     1
290
     0
176
     1
290
     0
176
     1
290
     0
176
     1
 90
       50
176
     1
 40
0.0
176
     1
 40
1.0
176
     1
 90
        0
176
     1
 62
    18
420
        0
176
     1
 90
       50
176
     1
 90
        3
176
     1
 62
     5
420
      255
176
     1
290
     0
176
     1
 90
       50
176
     1
 90
       50
176
     1
 90
       50
176
     1
290
     0
176
     1
 90
       50
176
     1
 62
   256
176
     0
 40
1.0
176
     0
 90
        2
176
     1
  1
strokes_ogs.tif
176
     1
290
     0
176
     1
 40
1.0
176
     1
 40
1.0
176
     1
  0
VISUALSTYLE
  5
5787
102
{ACAD_REACTORS
330
5775
102
}
330
5775
100
AcDbVisualStyle
  2
OverhangOff
 70
    21
177
     3
291
     1
 70
    58
 90
        2
176
     0
 90
        2
176
     0
 90
        0
176
     0
 90
        0
176
     0
 40
0.6
176
     0
 40
30.0
176
     0
 62
     7
420
 16777215
176
     0
 90
        1
176
     0
 90
        4
176
     0
 62
     7
176
     0
 62
   257
176
     0
 90
        1
176
     0
 90
        1
176
     0
 40
1.0
176
     0
 90
        9
176
     2
 62
     7
176
     0
 40
1.0
176
     0
 90
        1
176
     0
 90
        6
176
     0
 90
        2
176
     0
 62
     7
176
     0
 90
        5
176
     0
 90
        0
176
     0
 90
        0
176
     0
290
     0
176
     0
 90
        1
176
     0
 40
0.0
176
     0
 90
        0
176
     0
290
     0
176
     0
290
     1
176
     0
290
     1
176
     0
290
     0
176
     0
290
     0
176
     0
290
     0
176
     0
290
     0
176
     0
290
     0
176
     0
290
     0
176
     0
 90
       50
176
     0
 40
0.0
176
     0
 40
1.0
176
     0
 90
        0
176
     0
 62
    18
420
        0
176
     0
 90
       50
176
     0
 90
        3
176
     0
 62
     5
420
      255
176
     0
290
     0
176
     0
 90
       50
176
     0
 90
       50
176
     0
 90
       50
176
     0
290
     0
176
     0
 90
       50
176
     0
 62
   256
176
     0
 40
1.0
176
     0
 90
        2
176
     0
  1
strokes_ogs.tif
176
     0
290
     0
176
     0
 40
1.0
176
     0
 40
1.0
176
     0
  0
VISUALSTYLE
  5
577E
102
{ACAD_REACTORS
330
5775
102
}
330
5775
100
AcDbVisualStyle
  2
Realistic
 70
     8
177
     3
291
     0
 70
    58
 90
        2
176
     1
 90
        3
176
     1
 90
        0
176
     1
 90
        2
176
     1
 40
0.6
176
     1
 40
30.0
176
     1
 62
     7
420
 16777215
176
     1
 90
        0
176
     1
 90
        0
176
     1
 62
     7
176
     1
 62
   257
176
     1
 90
        1
176
     1
 90
        1
176
     1
 40
1.0
176
     1
 90
        8
176
     1
 62
   257
176
     1
 40
1.0
176
     1
 90
        1
176
     1
 90
        6
176
     1
 90
        2
176
     1
 62
     7
176
     1
 90
        3
176
     1
 90
        0
176
     1
 90
        0
176
     1
290
     0
176
     1
 90
       13
176
     1
 40
0.0
176
     1
 90
        0
176
     1
290
     0
176
     1
290
     1
176
     1
290
     1
176
     1
290
     0
176
     1
290
     0
176
     1
290
     0
176
     1
290
     0
176
     1
290
     0
176
     1
290
     0
176
     1
 90
       50
176
     1
 40
0.0
176
     1
 40
1.0
176
     1
 90
        0
176
     1
 62
    18
420
        0
176
     1
 90
       50
176
     1
 90
        3
176
     1
 62
     5
420
      255
176
     1
290
     0
176
     1
 90
       50
176
     1
 90
       50
176
     1
 90
       50
176
     1
290
     0
176
     1
 90
       50
176
     1
 62
   256
176
     0
 40
1.0
176
     0
 90
        2
176
     1
  1
strokes_ogs.tif
176
     1
290
     0
176
     1
 40
1.0
176
     1
 40
1.0
176
     1
  0
VISUALSTYLE
  5
578D
102
{ACAD_REACTORS
330
5775
102
}
330
5775
100
AcDbVisualStyle
  2
Shaded
 70
    27
177
     3
291
     0
 70
    58
 90
        2
176
     1
 90
        2
176
     1
 90
        1
176
     1
 90
        2
176
     1
 40
0.6
176
     1
 40
30.0
176
     1
 62
     7
420
 16777215
176
     1
 90
        0
176
     1
 90
        4
176
     1
 62
     7
176
     1
 62
   257
176
     1
 90
        1
176
     1
 90
        1
176
     1
 40
1.0
176
     1
 90
        8
176
     1
 62
   257
176
     1
 40
1.0
176
     1
 90
        1
176
     1
 90
        6
176
     1
 90
        2
176
     1
 62
     8
420
  7895160
176
     1
 90
        3
176
     1
 90
        0
176
     1
 90
        0
176
     1
290
     0
176
     1
 90
        5
176
     1
 40
0.0
176
     1
 90
        0
176
     1
290
     0
176
     1
290
     1
176
     1
290
     1
176
     1
290
     0
176
     1
290
     0
176
     1
290
     0
176
     1
290
     0
176
     1
290
     0
176
     1
290
     0
176
     1
 90
       50
176
     1
 40
0.0
176
     1
 40
1.0
176
     1
 90
        0
176
     1
 62
    18
420
        0
176
     1
 90
       50
176
     1
 90
        3
176
     1
 62
     5
420
      255
176
     1
290
     0
176
     1
 90
       50
176
     1
 90
       50
176
     1
 90
       50
176
     1
290
     0
176
     1
 90
       50
176
     1
 62
   256
176
     0
 40
1.0
176
     0
 90
        2
176
     1
  1
strokes_ogs.tif
176
     1
290
     0
176
     1
 40
1.0
176
     1
 40
1.0
176
     1
  0
VISUALSTYLE
  5
578C
102
{ACAD_REACTORS
330
5775
102
}
330
5775
100
AcDbVisualStyle
  2
Shaded with edges
 70
    26
177
     3
291
     0
 70
    58
 90
        2
176
     1
 90
        2
176
     1
 90
        1
176
     1
 90
        2
176
     1
 40
0.6
176
     1
 40
30.0
176
     1
 62
     7
420
 16777215
176
     1
 90
        1
176
     1
 90
       10
176
     1
 62
     7
176
     1
 62
   257
176
     1
 90
        2
176
     1
 90
        1
176
     1
 40
1.0
176
     1
 90
        8
176
     1
 62
   257
176
     1
 40
1.0
176
     1
 90
        1
176
     1
 90
        6
176
     1
 90
        2
176
     1
 62
     7
176
     1
 90
        3
176
     1
 90
        0
176
     1
 90
        0
176
     1
290
     0
176
     1
 90
        5
176
     1
 40
0.0
176
     1
 90
        0
176
     1
290
     0
176
     1
290
     1
176
     1
290
     1
176
     1
290
     0
176
     1
290
     0
176
     1
290
     0
176
     1
290
     0
176
     1
290
     0
176
     1
290
     0
176
     1
 90
       50
176
     1
 40
0.0
176
     1
 40
1.0
176
     1
 90
        0
176
     1
 62
    18
420
        0
176
     1
 90
       50
176
     1
 90
        3
176
     1
 62
     5
420
      255
176
     1
290
     0
176
     1
 90
       50
176
     1
 90
       50
176
     1
 90
       50
176
     1
290
     0
176
     1
 90
       50
176
     1
 62
   256
176
     0
 40
1.0
176
     0
 90
        2
176
     1
  1
strokes_ogs.tif
176
     1
290
     0
176
     1
 40
1.0
176
     1
 40
1.0
176
     1
  0
VISUALSTYLE
  5
5789
102
{ACAD_REACTORS
330
5775
102
}
330
5775
100
AcDbVisualStyle
  2
Shades of Gray
 70
    23
177
     3
291
     0
 70
    58
 90
        2
176
     1
 90
        2
176
     1
 90
        3
176
     1
 90
        0
176
     1
 40
0.6
176
     1
 40
30.0
176
     1
 62
     7
420
 16777215
176
     1
 90
        2
176
     1
 90
        2
176
     1
 62
     7
176
     1
 62
     7
176
     1
 90
        1
176
     1
 90
        1
176
     1
 40
40.0
176
     1
 90
        8
176
     1
 62
     7
176
     1
 40
1.0
176
     1
 90
        1
176
     1
 90
        6
176
     1
 90
        2
176
     1
 62
     7
176
     1
 90
        3
176
     1
 90
        0
176
     1
 90
        0
176
     1
290
     0
176
     1
 90
        1
176
     1
 40
0.0
176
     1
 90
        0
176
     1
290
     0
176
     1
290
     1
176
     1
290
     1
176
     1
290
     0
176
     1
290
     0
176
     1
290
     0
176
     1
290
     0
176
     1
290
     0
176
     1
290
     0
176
     1
 90
       50
176
     1
 40
0.0
176
     1
 40
1.0
176
     1
 90
        0
176
     1
 62
    18
420
        0
176
     1
 90
       50
176
     1
 90
        3
176
     1
 62
     5
420
      255
176
     1
290
     0
176
     1
 90
       50
176
     1
 90
       50
176
     1
 90
       50
176
     1
290
     0
176
     1
 90
       50
176
     1
 62
   256
176
     0
 40
1.0
176
     0
 90
        2
176
     1
  1
strokes_ogs.tif
176
     1
290
     0
176
     1
 40
1.0
176
     1
 40
1.0
176
     1
  0
VISUALSTYLE
  5
578A
102
{ACAD_REACTORS
330
5775
102
}
330
5775
100
AcDbVisualStyle
  2
Sketchy
 70
    24
177
     3
291
     0
 70
    58
 90
        1
176
     1
 90
        2
176
     1
 90
        2
176
     1
 90
        0
176
     1
 40
0.6
176
     1
 40
30.0
176
     1
 62
     7
420
 16777215
176
     1
 90
        2
176
     1
 90
        2
176
     1
 62
     7
176
     1
 62
     7
176
     1
 90
        1
176
     1
 90
        1
176
     1
 40
40.0
176
     1
 90
       11
176
     1
 62
     7
176
     1
 40
1.0
176
     1
 90
        1
176
     1
 90
        6
176
     1
 90
        2
176
     1
 62
     7
176
     1
 90
        6
176
     1
 90
        0
176
     1
 90
        0
176
     1
290
     0
176
     1
 90
        1
176
     1
 40
0.0
176
     1
 90
        0
176
     1
290
     0
176
     1
290
     1
176
     1
290
     1
176
     1
290
     0
176
     1
290
     0
176
     1
290
     0
176
     1
290
     0
176
     1
290
     0
176
     1
290
     0
176
     1
 90
       50
176
     1
 40
0.0
176
     1
 40
1.0
176
     1
 90
        0
176
     1
 62
    18
420
        0
176
     1
 90
       50
176
     1
 90
        3
176
     1
 62
     5
420
      255
176
     1
290
     0
176
     1
 90
       50
176
     1
 90
       50
176
     1
 90
       50
176
     1
290
     0
176
     1
 90
       50
176
     1
 62
   256
176
     0
 40
1.0
176
     0
 90
        2
176
     1
  1
strokes_ogs.tif
176
     1
290
     0
176
     1
 40
1.0
176
     1
 40
1.0
176
     1
  0
VISUALSTYLE
  5
5782
102
{ACAD_REACTORS
330
5775
102
}
330
5775
100
AcDbVisualStyle
  2
Thicken
 70
    13
177
     3
291
     1
 70
    58
 90
        2
176
     1
 90
        2
176
     1
 90
        0
176
     1
 90
        0
176
     1
 40
0.6
176
     1
 40
30.0
176
     1
 62
     7
420
 16777215
176
     1
 90
        1
176
     1
 90
        4
176
     1
 62
     7
176
     1
 62
   257
176
     1
 90
        1
176
     1
 90
        1
176
     1
 40
1.0
176
     1
 90
       12
176
     1
 62
     7
176
     1
 40
1.0
176
     1
 90
        1
176
     1
 90
        6
176
     1
 90
        2
176
     1
 62
     7
176
     1
 90
        5
176
     1
 90
        0
176
     1
 90
        0
176
     1
290
     0
176
     1
 90
        1
176
     1
 40
0.0
176
     1
 90
        0
176
     1
290
     0
176
     1
290
     1
176
     1
290
     1
176
     1
290
     0
176
     1
290
     0
176
     1
290
     0
176
     1
290
     0
176
     1
290
     0
176
     1
290
     0
176
     1
 90
       50
176
     1
 40
0.0
176
     1
 40
1.0
176
     1
 90
        0
176
     1
 62
    18
420
        0
176
     1
 90
       50
176
     1
 90
        3
176
     1
 62
     5
420
      255
176
     1
290
     0
176
     1
 90
       50
176
     1
 90
       50
176
     1
 90
       50
176
     1
290
     0
176
     1
 90
       50
176
     1
 62
   256
176
     0
 40
1.0
176
     0
 90
        2
176
     1
  1
strokes_ogs.tif
176
     1
290
     0
176
     1
 40
1.0
176
     1
 40
1.0
176
     1
  0
VISUALSTYLE
  5
577B
102
{ACAD_REACTORS
330
5775
102
}
330
5775
100
AcDbVisualStyle
  2
Wireframe
 70
     5
177
     3
291
     0
 70
    58
 90
        0
176
     1
 90
        2
176
     1
 90
        0
176
     1
 90
        0
176
     1
 40
0.6
176
     1
 40
30.0
176
     1
 62
     7
420
 16777215
176
     1
 90
        1
176
     1
 90
        4
176
     1
 62
     7
176
     1
 62
   257
176
     1
 90
        1
176
     1
 90
        1
176
     1
 40
1.0
176
     1
 90
        0
176
     1
 62
   257
176
     1
 40
1.0
176
     1
 90
        1
176
     1
 90
        6
176
     1
 90
        2
176
     1
 62
     7
176
     1
 90
        3
176
     1
 90
        0
176
     1
 90
        0
176
     1
290
     0
176
     1
 90
        1
176
     1
 40
0.0
176
     1
 90
        0
176
     1
290
     0
176
     1
290
     1
176
     1
290
     1
176
     1
290
     0
176
     1
290
     0
176
     1
290
     0
176
     1
290
     0
176
     1
290
     0
176
     1
290
     0
176
     1
 90
       50
176
     1
 40
0.0
176
     1
 40
1.0
176
     1
 90
        0
176
     1
 62
    18
420
        0
176
     1
 90
       50
176
     1
 90
        3
176
     1
 62
     5
420
      255
176
     1
290
     0
176
     1
 90
       50
176
     1
 90
       50
176
     1
 90
       50
176
     1
290
     0
176
     1
 90
       50
176
     1
 62
   256
176
     0
 40
1.0
176
     0
 90
        2
176
     1
  1
strokes_ogs.tif
176
     1
290
     0
176
     1
 40
1.0
176
     1
 40
1.0
176
     1
  0
VISUALSTYLE
  5
578B
102
{ACAD_REACTORS
330
5775
102
}
330
5775
100
AcDbVisualStyle
  2
X-Ray
 70
    25
177
     3
291
     0
 70
    58
 90
        2
176
     1
 90
        2
176
     1
 90
        1
176
     1
 90
        1
176
     1
 40
0.5
176
     1
 40
30.0
176
     1
 62
     7
420
 16777215
176
     1
 90
        1
176
     1
 90
        0
176
     1
 62
     7
176
     1
 62
   257
176
     1
 90
        1
176
     1
 90
        1
176
     1
 40
1.0
176
     1
 90
        8
176
     1
 62
     7
176
     1
 40
1.0
176
     1
 90
        1
176
     1
 90
        6
176
     1
 90
        2
176
     1
 62
     7
176
     1
 90
        3
176
     1
 90
        0
176
     1
 90
        0
176
     1
290
     0
176
     1
 90
       13
176
     1
 40
0.0
176
     1
 90
        0
176
     1
290
     0
176
     1
290
     1
176
     1
290
     1
176
     1
290
     0
176
     1
290
     0
176
     1
290
     0
176
     1
290
     0
176
     1
290
     0
176
     1
290
     0
176
     1
 90
       50
176
     1
 40
0.0
176
     1
 40
1.0
176
     1
 90
        0
176
     1
 62
    18
420
        0
176
     1
 90
       50
176
     1
 90
        3
176
     1
 62
     5
420
      255
176
     1
290
     0
176
     1
 90
       50
176
     1
 90
       50
176
     1
 90
       50
176
     1
290
     0
176
     1
 90
       50
176
     1
 62
   256
176
     0
 40
1.0
176
     0
 90
        2
176
     1
  1
strokes_ogs.tif
176
     1
290
     0
176
     1
 40
1.0
176
     1
 40
1.0
176
     1
  0
DICTIONARYVAR
  5
5824
102
{ACAD_REACTORS
330
5823
102
}
330
5823
100
DictionaryVariables
280
     0
  1
1:1
  0
DICTIONARYVAR
  5
5829
102
{ACAD_REACTORS
330
5823
102
}
330
5823
100
DictionaryVariables
280
     0
  1
Standard
  0
DICTIONARYVAR
  5
5828
102
{ACAD_REACTORS
330
5823
102
}
330
5823
100
DictionaryVariables
280
     0
  1
Standard
  0
XRECORD
  5
57AC
102
{ACAD_REACTORS
330
57AA
102
}
330
57AA
100
AcDbXrecord
280
     1
1000
#ffffff
  0
XRECORD
  5
57AD
102
{ACAD_REACTORS
330
57AA
102
}
330
57AA
100
AcDbXrecord
280
     1
1000
FullColor
  0
XRECORD
  5
57AE
102
{ACAD_REACTORS
330
57AA
102
}
330
57AA
100
AcDbXrecord
280
     1
290
     1
  0
XRECORD
  5
57AF
102
{ACAD_REACTORS
330
57AA
102
}
330
57AA
100
AcDbXrecord
280
     1
290
     1
  0
XRECORD
  5
57B0
102
{ACAD_REACTORS
330
57AA
102
}
330
57AA
100
AcDbXrecord
280
     1
290
     1
  0
XRECORD
  5
57B1
102
{ACAD_REACTORS
330
57AA
102
}
330
57AA
100
AcDbXrecord
280
     1
290
     1
  0
XRECORD
  5
57B2
102
{ACAD_REACTORS
330
57AA
102
}
330
57AA
100
AcDbXrecord
280
     1
1000
auto
  0
XRECORD
  5
57B3
102
{ACAD_REACTORS
330
57AA
102
}
330
57AA
100
AcDbXrecord
280
     1
1000
auto
  0
XRECORD
  5
57B4
102
{ACAD_REACTORS
330
57AA
102
}
330
57AA
100
AcDbXrecord
280
     1
1000
auto
  0
XRECORD
  5
57B5
102
{ACAD_REACTORS
330
57AA
102
}
330
57AA
100
AcDbXrecord
280
     1
1000
auto
  0
XRECORD
  5
57B6
102
{ACAD_REACTORS
330
57AA
102
}
330
57AA
100
AcDbXrecord
280
     1
1000
auto
  0
XRECORD
  5
57B7
102
{ACAD_REACTORS
330
57AA
102
}
330
57AA
100
AcDbXrecord
280
     1
1000
auto
  0
XRECORD
  5
57B8
102
{ACAD_REACTORS
330
57AA
102
}
330
57AA
100
AcDbXrecord
280
     1
1000
auto
  0
XRECORD
  5
57B9
102
{ACAD_REACTORS
330
57AA
102
}
330
57AA
100
AcDbXrecord
280
     1
1000
auto
  0
XRECORD
  5
57BA
102
{ACAD_REACTORS
330
57AA
102
}
330
57AA
100
AcDbXrecord
280
     1
290
     0
  0
XRECORD
  5
57BB
102
{ACAD_REACTORS
330
57AA
102
}
330
57AA
100
AcDbXrecord
280
     1
290
     0
  0
XRECORD
  5
57BC
102
{ACAD_REACTORS
330
57AA
102
}
330
57AA
100
AcDbXrecord
280
     1
290
     0
  0
XRECORD
  5
57BD
102
{ACAD_REACTORS
330
57AA
102
}
330
57AA
100
AcDbXrecord
280
     1
290
     0
  0
XRECORD
  5
57BE
102
{ACAD_REACTORS
330
57AA
102
}
330
57AA
100
AcDbXrecord
280
     1
 90
    65537
  0
XRECORD
  5
57BF
102
{ACAD_REACTORS
330
57AA
102
}
330
57AA
100
AcDbXrecord
280
     1
 90
    65537
  0
XRECORD
  5
57C0
102
{ACAD_REACTORS
330
57AA
102
}
330
57AA
100
AcDbXrecord
280
     1
 90
    65537
  0
XRECORD
  5
57C1
102
{ACAD_REACTORS
330
57AA
102
}
330
57AA
100
AcDbXrecord
280
     1
 90
    65537
  0
XRECORD
  5
57C2
102
{ACAD_REACTORS
330
57AA
102
}
330
57AA
100
AcDbXrecord
280
     1
1000
auto
  0
XRECORD
  5
57C3
102
{ACAD_REACTORS
330
57AA
102
}
330
57AA
100
AcDbXrecord
280
     1
1000
auto
  0
XRECORD
  5
57C4
102
{ACAD_REACTORS
330
57AA
102
}
330
57AA
100
AcDbXrecord
280
     1
1000
auto
  0
XRECORD
  5
57C5
102
{ACAD_REACTORS
330
57AA
102
}
330
57AA
100
AcDbXrecord
280
     1
1000
auto
  0
XRECORD
  5
57C6
102
{ACAD_REACTORS
330
57AA
102
}
330
57AA
100
AcDbXrecord
280
     1
1000
auto
  0
XRECORD
  5
57C7
102
{ACAD_REACTORS
330
57AA
102
}
330
57AA
100
AcDbXrecord
280
     1
1000
auto
  0
XRECORD
  5
57C8
102
{ACAD_REACTORS
330
57AA
102
}
330
57AA
100
AcDbXrecord
280
     1
1000
auto
  0
XRECORD
  5
57C9
102
{ACAD_REACTORS
330
57AA
102
}
330
57AA
100
AcDbXrecord
280
     1
1000
auto
  0
XRECORD
  5
57CA
102
{ACAD_REACTORS
330
57AA
102
}
330
57AA
100
AcDbXrecord
280
     1
 90
        1
  0
XRECORD
  5
57CB
102
{ACAD_REACTORS
330
57AA
102
}
330
57AA
100
AcDbXrecord
280
     1
 40
10.0
  0
XRECORD
  5
57CC
102
{ACAD_REACTORS
330
57AA
102
}
330
57AA
100
AcDbXrecord
280
     1
 40
10.0
  0
XRECORD
  5
57CD
102
{ACAD_REACTORS
330
57AA
102
}
330
57AA
100
AcDbXrecord
280
     1
 40
10.0
  0
XRECORD
  5
57CE
102
{ACAD_REACTORS
330
57AA
102
}
330
57AA
100
AcDbXrecord
280
     1
 40
10.0
  0
XRECORD
  5
57CF
102
{ACAD_REACTORS
330
57AA
102
}
330
57AA
100
AcDbXrecord
280
     1
290
     0
  0
XRECORD
  5
57D0
102
{ACAD_REACTORS
330
57AA
102
}
330
57AA
100
AcDbXrecord
280
     1
 90
        1
  0
XRECORD
  5
57D1
102
{ACAD_REACTORS
330
57AA
102
}
330
57AA
100
AcDbXrecord
280
     1
 40
0.0
  0
XRECORD
  5
57D2
102
{ACAD_REACTORS
330
57AA
102
}
330
57AA
100
AcDbXrecord
280
     1
 40
0.0
  0
XRECORD
  5
57D3
102
{ACAD_REACTORS
330
57AA
102
}
330
57AA
100
AcDbXrecord
280
     1
1000
Portrait
  0
XRECORD
  5
57D4
102
{ACAD_REACTORS
330
57AA
102
}
330
57AA
100
AcDbXrecord
280
     1
 40
297.0
  0
XRECORD
  5
57D5
102
{ACAD_REACTORS
330
57AA
102
}
330
57AA
100
AcDbXrecord
280
     1
 40
210.0
  0
XRECORD
  5
57D6
102
{ACAD_REACTORS
330
57AA
102
}
330
57AA
100
AcDbXrecord
280
     1
1000
1:1
  0
XRECORD
  5
57D7
102
{ACAD_REACTORS
330
57AA
102
}
330
57AA
100
AcDbXrecord
280
     1
290
     1
  0
XRECORD
  5
57D8
102
{ACAD_REACTORS
330
57AA
102
}
330
57AA
100
AcDbXrecord
280
     1
290
     0
  0
XRECORD
  5
57D9
102
{ACAD_REACTORS
330
57AA
102
}
330
57AA
100
AcDbXrecord
280
     1
1000
Inside
  0
XRECORD
  5
57DA
102
{ACAD_REACTORS
330
57AA
102
}
330
57AA
100
AcDbXrecord
280
     1
1000
Arial,10,-1,5,50,0,0,0,0,0
  0
XRECORD
  5
57DB
102
{ACAD_REACTORS
330
57AA
102
}
330
57AA
100
AcDbXrecord
280
     1
1000
TopLeft
  0
XRECORD
  5
57DC
102
{ACAD_REACTORS
330
57AA
102
}
330
57AA
100
AcDbXrecord
280
     1
1000
3.26.4
  0
XRECORD
  5
57DD
102
{ACAD_REACTORS
330
57AA
102
}
330
57AA
100
AcDbXrecord
280
     1
 90
        4
  0
XRECORD
  5
57DE
102
{ACAD_REACTORS
330
57AA
102
}
330
57AA
100
AcDbXrecord
280
     1
  0
XRECORD
  5
57DF
102
{ACAD_REACTORS
330
57AA
102
}
330
57AA
100
AcDbXrecord
280
     1
 40
1542.812667665763
  0
XRECORD
  5
57E0
102
{ACAD_REACTORS
330
57AA
102
}
330
57AA
100
AcDbXrecord
280
     1
 40
2614.481593465241
  0
DICTIONARY
  5
5825
330
57A5
100
AcDbDictionary
280
     1
281
     1
  3
ACAD_ROUNDTRIP_2008_TABLESTYLE_CELLSTYLEMAP
360
5826
  0
CELLSTYLEMAP
  5
5826
102
{ACAD_REACTORS
330
5825
102
}
330
5825
100
AcDbCellStyleMap
 90
        3
300
CELLSTYLE
  1
TABLEFORMAT_BEGIN
 90
        5
170
     1
 91
        0
 92
    32768
 62
   257
 93
        1
300
CONTENTFORMAT
  1
CONTENTFORMAT_BEGIN
 90
        0
 91
        0
 92
        4
 93
        0
300

 40
0.0
140
1.0
 94
        5
 62
     0
340
575D
144
0.25
309
CONTENTFORMAT_END
171
     1
301
MARGIN
  1
CELLMARGIN_BEGIN
 40
0.06
 40
0.06
 40
0.06
 40
0.06
 40
0.06
 40
0.06
309
CELLMARGIN_END
 94
        6
 95
        1
302
GRIDFORMAT
  1
GRIDFORMAT_BEGIN
 90
        0
 91
        1
 62
     0
 92
       -2
340
575F
 93
        0
 40
0.045
309
GRIDFORMAT_END
 95
        2
302
GRIDFORMAT
  1
GRIDFORMAT_BEGIN
 90
        0
 91
        1
 62
     0
 92
       -2
340
575F
 93
        0
 40
0.045
309
GRIDFORMAT_END
 95
        4
302
GRIDFORMAT
  1
GRIDFORMAT_BEGIN
 90
        0
 91
        1
 62
     0
 92
       -2
340
575F
 93
        0
 40
0.045
309
GRIDFORMAT_END
 95
        8
302
GRIDFORMAT
  1
GRIDFORMAT_BEGIN
 90
        0
 91
        1
 62
     0
 92
       -2
340
575F
 93
        0
 40
0.045
309
GRIDFORMAT_END
 95
       16
302
GRIDFORMAT
  1
GRIDFORMAT_BEGIN
 90
        0
 91
        1
 62
     0
 92
       -2
340
575F
 93
        0
 40
0.045
309
GRIDFORMAT_END
 95
       32
302
GRIDFORMAT
  1
GRIDFORMAT_BEGIN
 90
        0
 91
        1
 62
     0
 92
       -2
340
575F
 93
        0
 40
0.045
309
GRIDFORMAT_END
309
TABLEFORMAT_END
  1
CELLSTYLE_BEGIN
 90
        1
 91
        1
300
_TITLE
309
CELLSTYLE_END
300
CELLSTYLE
  1
TABLEFORMAT_BEGIN
 90
        5
170
     1
 91
        0
 92
        0
 62
   257
 93
        1
300
CONTENTFORMAT
  1
CONTENTFORMAT_BEGIN
 90
        0
 91
        0
 92
        4
 93
        0
300

 40
0.0
140
1.0
 94
        5
 62
     0
340
575D
144
0.18
309
CONTENTFORMAT_END
171
     1
301
MARGIN
  1
CELLMARGIN_BEGIN
 40
0.06
 40
0.06
 40
0.06
 40
0.06
 40
0.06
 40
0.06
309
CELLMARGIN_END
 94
        6
 95
        1
302
GRIDFORMAT
  1
GRIDFORMAT_BEGIN
 90
        0
 91
        1
 62
     0
 92
       -2
340
575F
 93
        0
 40
0.045
309
GRIDFORMAT_END
 95
        2
302
GRIDFORMAT
  1
GRIDFORMAT_BEGIN
 90
        0
 91
        1
 62
     0
 92
       -2
340
575F
 93
        0
 40
0.045
309
GRIDFORMAT_END
 95
        4
302
GRIDFORMAT
  1
GRIDFORMAT_BEGIN
 90
        0
 91
        1
 62
     0
 92
       -2
340
575F
 93
        0
 40
0.045
309
GRIDFORMAT_END
 95
        8
302
GRIDFORMAT
  1
GRIDFORMAT_BEGIN
 90
        0
 91
        1
 62
     0
 92
       -2
340
575F
 93
        0
 40
0.045
309
GRIDFORMAT_END
 95
       16
302
GRIDFORMAT
  1
GRIDFORMAT_BEGIN
 90
        0
 91
        1
 62
     0
 92
       -2
340
575F
 93
        0
 40
0.045
309
GRIDFORMAT_END
 95
       32
302
GRIDFORMAT
  1
GRIDFORMAT_BEGIN
 90
        0
 91
        1
 62
     0
 92
       -2
340
575F
 93
        0
 40
0.045
309
GRIDFORMAT_END
309
TABLEFORMAT_END
  1
CELLSTYLE_BEGIN
 90
        2
 91
        1
300
_HEADER
309
CELLSTYLE_END
300
CELLSTYLE
  1
TABLEFORMAT_BEGIN
 90
        5
170
     1
 91
        0
 92
        0
 62
   257
 93
        1
300
CONTENTFORMAT
  1
CONTENTFORMAT_BEGIN
 90
        0
 91
        0
 92
        4
 93
        0
300

 40
0.0
140
1.0
 94
        2
 62
     0
340
575D
144
0.18
309
CONTENTFORMAT_END
171
     1
301
MARGIN
  1
CELLMARGIN_BEGIN
 40
0.06
 40
0.06
 40
0.06
 40
0.06
 40
0.06
 40
0.06
309
CELLMARGIN_END
 94
        6
 95
        1
302
GRIDFORMAT
  1
GRIDFORMAT_BEGIN
 90
        0
 91
        1
 62
     0
 92
       -2
340
575F
 93
        0
 40
0.045
309
GRIDFORMAT_END
 95
        2
302
GRIDFORMAT
  1
GRIDFORMAT_BEGIN
 90
        0
 91
        1
 62
     0
 92
       -2
340
575F
 93
        0
 40
0.045
309
GRIDFORMAT_END
 95
        4
302
GRIDFORMAT
  1
GRIDFORMAT_BEGIN
 90
        0
 91
        1
 62
     0
 92
       -2
340
575F
 93
        0
 40
0.045
309
GRIDFORMAT_END
 95
        8
302
GRIDFORMAT
  1
GRIDFORMAT_BEGIN
 90
        0
 91
        1
 62
     0
 92
       -2
340
575F
 93
        0
 40
0.045
309
GRIDFORMAT_END
 95
       16
302
GRIDFORMAT
  1
GRIDFORMAT_BEGIN
 90
        0
 91
        1
 62
     0
 92
       -2
340
575F
 93
        0
 40
0.045
309
GRIDFORMAT_END
 95
       32
302
GRIDFORMAT
  1
GRIDFORMAT_BEGIN
 90
        0
 91
        1
 62
     0
 92
       -2
340
575F
 93
        0
 40
0.045
309
GRIDFORMAT_END
309
TABLEFORMAT_END
  1
CELLSTYLE_BEGIN
 90
        3
 91
        2
300
_DATA
309
CELLSTYLE_END
  0
ENDSEC
  0
EOF
