  0
SECTION
  2
HEADER
  9
$ACADVER
  1
AC1027
  9
$ACADMAINTVER
 70
   105
  9
$DWGCODEPAGE
  3
ANSI_1252
  9
$LASTSAVEDBY
  1
asterix
  9
$REQUIREDVERSIONS
160
                 0
  9
$INSBASE
 10
0.0
 20
0.0
 30
0.0
  9
$EXTMIN
 10
-28.68652657284531
 20
-7.286442534433064
 30
0.0
  9
$EXTMAX
 10
125.7217594520524
 20
131.0041073840441
 30
0.0
  9
$LIMMIN
 10
0.0
 20
0.0
  9
$LIMMAX
 10
12.0
 20
9.0
  9
$ORTHOMODE
 70
     0
  9
$REGENMODE
 70
     1
  9
$FILLMODE
 70
     1
  9
$QTEXTMODE
 70
     0
  9
$MIRRTEXT
 70
     0
  9
$LTSCALE
 40
1.0
  9
$ATTMODE
 70
     1
  9
$TEXTSIZE
 40
0.2
  9
$TRACEWID
 40
0.05
  9
$TEXTSTYLE
  7
Standard
  9
$CLAYER
  8
livello 10
  9
$CELTYPE
  6
ByLayer
  9
$CECOLOR
 62
   256
  9
$CELTSCALE
 40
1.0
  9
$DISPSILH
 70
     0
  9
$DIMSCALE
 40
1.0
  9
$DIMASZ
 40
2.5
  9
$DIMEXO
 40
0.625
  9
$DIMDLI
 40
5.0
  9
$DIMRND
 40
0.0
  9
$DIMDLE
 40
0.0
  9
$DIMEXE
 40
1.25
  9
$DIMTP
 40
0.0
  9
$DIMTM
 40
0.0
  9
$DIMTXT
 40
2.5
  9
$DIMCEN
 40
0.09
  9
$DIMTSZ
 40
0.0
  9
$DIMTOL
 70
     0
  9
$DIMLIM
 70
     0
  9
$DIMTIH
 70
     1
  9
$DIMTOH
 70
     1
  9
$DIMSE1
 70
     0
  9
$DIMSE2
 70
     0
  9
$DIMTAD
 70
     0
  9
$DIMZIN
 70
     8
  9
$DIMBLK
  1

  9
$DIMASO
 70
     1
  9
$DIMSHO
 70
     1
  9
$DIMPOST
  1

  9
$DIMAPOST
  1

  9
$DIMALT
 70
     0
  9
$DIMALTD
 70
     2
  9
$DIMALTF
 40
25.4
  9
$DIMLFAC
 40
1.0
  9
$DIMTOFL
 70
     0
  9
$DIMTVP
 40
0.0
  9
$DIMTIX
 70
     0
  9
$DIMSOXD
 70
     0
  9
$DIMSAH
 70
     0
  9
$DIMBLK1
  1

  9
$DIMBLK2
  1

  9
$DIMSTYLE
  2
Standard
  9
$DIMCLRD
 70
     0
  9
$DIMCLRE
 70
     0
  9
$DIMCLRT
 70
     0
  9
$DIMTFAC
 40
1.0
  9
$DIMGAP
 40
0.625
  9
$DIMJUST
 70
     0
  9
$DIMSD1
 70
     0
  9
$DIMSD2
 70
     0
  9
$DIMTOLJ
 70
     1
  9
$DIMTZIN
 70
     0
  9
$DIMALTZ
 70
     0
  9
$DIMALTTZ
 70
     0
  9
$DIMUPT
 70
     0
  9
$DIMDEC
 70
     4
  9
$DIMTDEC
 70
     4
  9
$DIMALTU
 70
     2
  9
$DIMALTTD
 70
     2
  9
$DIMTXSTY
  7
Standard
  9
$DIMAUNIT
 70
     0
  9
$DIMADEC
 70
     0
  9
$DIMALTRND
 40
0.0
  9
$DIMAZIN
 70
     2
  9
$DIMDSEP
 70
    46
  9
$DIMATFIT
 70
     3
  9
$DIMFRAC
 70
     0
  9
$DIMLDRBLK
  1

  9
$DIMLUNIT
 70
     2
  9
$DIMLWD
 70
    -2
  9
$DIMLWE
 70
    -2
  9
$DIMTMOVE
 70
     0
  9
$DIMFXL
 40
1.0
  9
$DIMFXLON
 70
     0
  9
$DIMJOGANG
 40
0.7853981633974483
  9
$DIMTFILL
 70
     0
  9
$DIMTFILLCLR
 70
     0
  9
$DIMARCSYM
 70
     0
  9
$DIMLTYPE
  6

  9
$DIMLTEX1
  6

  9
$DIMLTEX2
  6

  9
$DIMTXTDIRECTION
 70
     0
  9
$LUNITS
 70
     2
  9
$LUPREC
 70
     4
  9
$SKETCHINC
 40
0.1
  9
$FILLETRAD
 40
0.0
  9
$AUNITS
 70
     0
  9
$AUPREC
 70
     0
  9
$MENU
  1
.
  9
$ELEVATION
 40
0.0
  9
$PELEVATION
 40
0.0
  9
$THICKNESS
 40
0.0
  9
$LIMCHECK
 70
     0
  9
$CHAMFERA
 40
0.0
  9
$CHAMFERB
 40
0.0
  9
$CHAMFERC
 40
0.0
  9
$CHAMFERD
 40
0.0
  9
$SKPOLY
 70
     0
  9
$TDCREATE
 40
2460418.921908715
  9
$TDUCREATE
 40
2460418.880242049
  9
$TDUPDATE
 40
2460418.921908773
  9
$TDUUPDATE
 40
2460418.880242107
  9
$TDINDWG
 40
0.0000000116
  9
$TDUSRTIMER
 40
0.0000000116
  9
$USRTIMER
 70
     1
  9
$ANGBASE
 50
0.0
  9
$ANGDIR
 70
     0
  9
$PDMODE
 70
     0
  9
$PDSIZE
 40
0.0
  9
$PLINEWID
 40
0.0
  9
$SPLFRAME
 70
     0
  9
$SPLINETYPE
 70
     6
  9
$SPLINESEGS
 70
     8
  9
$HANDSEED
  5
74B6
  9
$SURFTAB1
 70
     6
  9
$SURFTAB2
 70
     6
  9
$SURFTYPE
 70
     6
  9
$SURFU
 70
     6
  9
$SURFV
 70
     6
  9
$UCSBASE
  2

  9
$UCSNAME
  2

  9
$UCSORG
 10
0.0
 20
0.0
 30
0.0
  9
$UCSXDIR
 10
1.0
 20
0.0
 30
0.0
  9
$UCSYDIR
 10
0.0
 20
1.0
 30
0.0
  9
$UCSORTHOREF
  2

  9
$UCSORTHOVIEW
 70
     0
  9
$UCSORGTOP
 10
0.0
 20
0.0
 30
0.0
  9
$UCSORGBOTTOM
 10
0.0
 20
0.0
 30
0.0
  9
$UCSORGLEFT
 10
0.0
 20
0.0
 30
0.0
  9
$UCSORGRIGHT
 10
0.0
 20
0.0
 30
0.0
  9
$UCSORGFRONT
 10
0.0
 20
0.0
 30
0.0
  9
$UCSORGBACK
 10
0.0
 20
0.0
 30
0.0
  9
$PUCSBASE
  2

  9
$PUCSNAME
  2

  9
$PUCSORG
 10
0.0
 20
0.0
 30
0.0
  9
$PUCSXDIR
 10
1.0
 20
0.0
 30
0.0
  9
$PUCSYDIR
 10
0.0
 20
1.0
 30
0.0
  9
$PUCSORTHOREF
  2

  9
$PUCSORTHOVIEW
 70
     0
  9
$PUCSORGTOP
 10
0.0
 20
0.0
 30
0.0
  9
$PUCSORGBOTTOM
 10
0.0
 20
0.0
 30
0.0
  9
$PUCSORGLEFT
 10
0.0
 20
0.0
 30
0.0
  9
$PUCSORGRIGHT
 10
0.0
 20
0.0
 30
0.0
  9
$PUCSORGFRONT
 10
0.0
 20
0.0
 30
0.0
  9
$PUCSORGBACK
 10
0.0
 20
0.0
 30
0.0
  9
$USERI1
 70
     0
  9
$USERI2
 70
     0
  9
$USERI3
 70
     0
  9
$USERI4
 70
     0
  9
$USERI5
 70
     0
  9
$USERR1
 40
0.0
  9
$USERR2
 40
0.0
  9
$USERR3
 40
0.0
  9
$USERR4
 40
0.0
  9
$USERR5
 40
0.0
  9
$WORLDVIEW
 70
     1
  9
$SHADEDGE
 70
     3
  9
$SHADEDIF
 70
    70
  9
$TILEMODE
 70
     1
  9
$MAXACTVP
 70
    64
  9
$PINSBASE
 10
0.0
 20
0.0
 30
0.0
  9
$PLIMCHECK
 70
     0
  9
$PEXTMIN
 10
0.0
 20
0.0
 30
0.0
  9
$PEXTMAX
 10
0.0
 20
0.0
 30
0.0
  9
$PLIMMIN
 10
-20.0
 20
-7.5
  9
$PLIMMAX
 10
277.0
 20
202.5
  9
$UNITMODE
 70
     0
  9
$VISRETAIN
 70
     1
  9
$PLINEGEN
 70
     0
  9
$PSLTSCALE
 70
     1
  9
$TREEDEPTH
 70
  3020
  9
$CMLSTYLE
  2
Standard
  9
$CMLJUST
 70
     0
  9
$CMLSCALE
 40
1.0
  9
$PROXYGRAPHICS
 70
     1
  9
$MEASUREMENT
 70
     1
  9
$CELWEIGHT
370
    -1
  9
$ENDCAPS
280
     0
  9
$JOINSTYLE
280
     0
  9
$LWDISPLAY
290
     0
  9
$INSUNITS
 70
     4
  9
$HYPERLINKBASE
  1

  9
$STYLESHEET
  1

  9
$XEDIT
290
     1
  9
$CEPSNTYPE
380
     0
  9
$PSTYLEMODE
290
     1
  9
$FINGERPRINTGUID
  2
{39eb87ca-6369-704a-8b6e-30db9599f244}
  9
$VERSIONGUID
  2
{FAEB1C32-E019-11D5-929B-00C0DF256EC4}
  9
$EXTNAMES
290
     1
  9
$PSVPSCALE
 40
0.0
  9
$OLESTARTUP
290
     0
  9
$SORTENTS
280
   127
  9
$INDEXCTL
280
     0
  9
$HIDETEXT
280
     1
  9
$XCLIPFRAME
280
     2
  9
$HALOGAP
280
     0
  9
$OBSCOLOR
 70
   257
  9
$OBSLTYPE
280
     0
  9
$INTERSECTIONDISPLAY
280
     0
  9
$INTERSECTIONCOLOR
 70
   257
  9
$DIMASSOC
280
     2
  9
$PROJECTNAME
  1

  9
$CAMERADISPLAY
290
     0
  9
$LENSLENGTH
 40
50.0
  9
$CAMERAHEIGHT
 40
0.0
  9
$STEPSPERSEC
 40
2.0
  9
$STEPSIZE
 40
6.0
  9
$3DDWFPREC
 40
2.0
  9
$PSOLWIDTH
 40
0.25
  9
$PSOLHEIGHT
 40
4.0
  9
$LOFTANG1
 40
1.570796326794897
  9
$LOFTANG2
 40
1.570796326794897
  9
$LOFTMAG1
 40
0.0
  9
$LOFTMAG2
 40
0.0
  9
$LOFTPARAM
 70
     7
  9
$LOFTNORMALS
280
     1
  9
$LATITUDE
 40
37.795
  9
$LONGITUDE
 40
-122.394
  9
$NORTHDIRECTION
 40
0.0
  9
$TIMEZONE
 70
 -8000
  9
$LIGHTGLYPHDISPLAY
280
     1
  9
$TILEMODELIGHTSYNCH
280
     1
  9
$CMATERIAL
347
741C
  9
$SOLIDHIST
280
     0
  9
$SHOWHIST
280
     1
  9
$DWFFRAME
280
     2
  9
$DGNFRAME
280
     2
  9
$REALWORLDSCALE
290
     1
  9
$INTERFERECOLOR
 62
   256
  9
$CSHADOW
280
     0
  9
$SHADOWPLANELOCATION
 40
0.0
  0
ENDSEC
  0
SECTION
  2
CLASSES
  0
CLASS
  1
ACDBDICTIONARYWDFLT
  2
AcDbDictionaryWithDefault
  3
ObjectDBX Classes
 90
        0
 91
        3
280
     0
281
     0
  0
CLASS
  1
VISUALSTYLE
  2
AcDbVisualStyle
  3
ObjectDBX Classes
 90
     4095
 91
        3
280
     0
281
     0
  0
CLASS
  1
MATERIAL
  2
AcDbMaterial
  3
ObjectDBX Classes
 90
     1153
 91
        3
280
     0
281
     0
  0
CLASS
  1
SCALE
  2
AcDbScale
  3
ObjectDBX Classes
 90
     1153
 91
        3
280
     0
281
     0
  0
CLASS
  1
TABLESTYLE
  2
AcDbTableStyle
  3
ObjectDBX Classes
 90
     4095
 91
        3
280
     0
281
     0
  0
CLASS
  1
MLEADERSTYLE
  2
AcDbMLeaderStyle
  3
ACDB_MLEADERSTYLE_CLASS
 90
     4095
 91
        3
280
     0
281
     0
  0
CLASS
  1
SUN
  2
AcDbSun
  3
SCENEOE
 90
     1153
 91
        3
280
     0
281
     0
  0
CLASS
  1
DICTIONARYVAR
  2
AcDbDictionaryVar
  3
ObjectDBX Classes
 90
        0
 91
        3
280
     0
281
     0
  0
CLASS
  1
CELLSTYLEMAP
  2
AcDbCellStyleMap
  3
ObjectDBX Classes
 90
     1152
 91
        3
280
     0
281
     0
  0
ENDSEC
  0
SECTION
  2
TABLES
  0
TABLE
  2
VPORT
  5
73E1
330
0
100
AcDbSymbolTable
 70
     1
  0
VPORT
  5
7401
330
73E1
100
AcDbSymbolTableRecord
100
AcDbViewportTableRecord
  2
*Active
 70
     0
 10
0.0
 20
0.0
 11
1.0
 21
1.0
 12
20.33635457239882
 22
18.64179728353366
 13
0.0
 23
0.0
 14
0.5
 24
0.5
 15
0.5
 25
0.5
 16
0.0
 26
0.0
 36
1.0
 17
0.0
 27
0.0
 37
0.0
 40
259.9649147831082
 41
1.379746835443038
 42
50.0
 43
0.0
 44
0.0
 50
0.0
 51
0.0
 71
     0
 72
   100
 73
     1
 74
     3
 75
     0
 76
     0
 77
     0
 78
     0
281
     0
 65
     1
110
0.0
120
0.0
130
0.0
111
1.0
121
0.0
131
0.0
112
0.0
122
1.0
132
0.0
 79
     0
146
0.0
348
7407
 60
     3
 61
     5
292
     1
282
     1
141
0.0
142
0.0
 63
   250
361
7435
  0
ENDTAB
  0
TABLE
  2
LTYPE
  5
73DE
330
0
100
AcDbSymbolTable
 70
    48
  0
LTYPE
  5
73EC
330
73DE
100
AcDbSymbolTableRecord
100
AcDbLinetypeTableRecord
  2
ByBlock
 70
     0
  3

 72
    65
 73
     0
 40
0.0
  0
LTYPE
  5
73ED
330
73DE
100
AcDbSymbolTableRecord
100
AcDbLinetypeTableRecord
  2
ByLayer
 70
     0
  3

 72
    65
 73
     0
 40
0.0
  0
LTYPE
  5
73EE
330
73DE
100
AcDbSymbolTableRecord
100
AcDbLinetypeTableRecord
  2
Continuous
 70
     0
  3
Solid line
 72
    65
 73
     0
 40
0.0
  0
LTYPE
  5
7470
330
73DE
100
AcDbSymbolTableRecord
100
AcDbLinetypeTableRecord
  2
DOT
 70
     0
  3
Dot . . . . . . . . . . . . . . . . . . . . . . . .
 72
    65
 73
     2
 40
6.35
 49
0.0
 74
     0
 49
-6.35
 74
     0
  0
LTYPE
  5
7471
330
73DE
100
AcDbSymbolTableRecord
100
AcDbLinetypeTableRecord
  2
DOT2
 70
     0
  3
Dot (.5x) ........................................
 72
    65
 73
     2
 40
3.175
 49
0.0
 74
     0
 49
-3.175
 74
     0
  0
LTYPE
  5
7472
330
73DE
100
AcDbSymbolTableRecord
100
AcDbLinetypeTableRecord
  2
DIVIDE2
 70
     0
  3
Divide (.5x) __..__..__..__..__..__..__..__.._
 72
    65
 73
     6
 40
15.875
 49
6.35
 74
     0
 49
-3.175
 74
     0
 49
0.0
 74
     0
 49
-3.175
 74
     0
 49
0.0
 74
     0
 49
-3.175
 74
     0
  0
LTYPE
  5
7473
330
73DE
100
AcDbSymbolTableRecord
100
AcDbLinetypeTableRecord
  2
DIVIDEX2
 70
     0
  3
Divide (2x) ________  .  .  ________  .  .  _
 72
    65
 73
     6
 40
63.5
 49
25.4
 74
     0
 49
-12.7
 74
     0
 49
0.0
 74
     0
 49
-12.7
 74
     0
 49
0.0
 74
     0
 49
-12.7
 74
     0
  0
LTYPE
  5
7474
330
73DE
100
AcDbSymbolTableRecord
100
AcDbLinetypeTableRecord
  2
DASHEDX2
 70
     0
  3
Dashed (2x) ____  ____  ____  ____  ____  ___
 72
    65
 73
     2
 40
38.09999999999999
 49
25.4
 74
     0
 49
-12.7
 74
     0
  0
LTYPE
  5
7475
330
73DE
100
AcDbSymbolTableRecord
100
AcDbLinetypeTableRecord
  2
DIVIDE
 70
     0
  3
Divide ____ . . ____ . . ____ . . ____ . . ____
 72
    65
 73
     6
 40
31.75
 49
12.7
 74
     0
 49
-6.35
 74
     0
 49
0.0
 74
     0
 49
-6.35
 74
     0
 49
0.0
 74
     0
 49
-6.35
 74
     0
  0
LTYPE
  5
7476
330
73DE
100
AcDbSymbolTableRecord
100
AcDbLinetypeTableRecord
  2
DASHED
 70
     0
  3
Dashed __ __ __ __ __ __ __ __ __ __ __ __ __ _
 72
    65
 73
     2
 40
19.05
 49
12.7
 74
     0
 49
-6.35
 74
     0
  0
LTYPE
  5
7477
330
73DE
100
AcDbSymbolTableRecord
100
AcDbLinetypeTableRecord
  2
DASHED2
 70
     0
  3
Dashed (.5x) _ _ _ _ _ _ _ _ _ _ _ _ _ _ _ _ _ 
 72
    65
 73
     2
 40
9.524999999999999
 49
6.35
 74
     0
 49
-3.175
 74
     0
  0
LTYPE
  5
7478
330
73DE
100
AcDbSymbolTableRecord
100
AcDbLinetypeTableRecord
  2
HIDDEN
 70
     0
  3
Hidden __ __ __ __ __ __ __ __ __ __ __ __ __ __
 72
    65
 73
     2
 40
9.524999999999999
 49
6.35
 74
     0
 49
-3.175
 74
     0
  0
LTYPE
  5
7479
330
73DE
100
AcDbSymbolTableRecord
100
AcDbLinetypeTableRecord
  2
HIDDEN2
 70
     0
  3
Hidden (.5x) _ _ _ _ _ _ _ _ _ _ _ _ _ _ _ _ _ 
 72
    65
 73
     2
 40
4.762499999999999
 49
3.175
 74
     0
 49
-1.5875
 74
     0
  0
LTYPE
  5
747B
330
73DE
100
AcDbSymbolTableRecord
100
AcDbLinetypeTableRecord
  2
FENCELINE2
 70
     0
  3
Fenceline square ----[]-----[]----[]-----[]----[]---
 72
    65
 73
     4
 40
36.83
 49
6.35
 74
     0
 49
-2.54
 74
     2
 75
     0
340
747A
 46
2.54
 50
0.0
 44
-2.54
 45
0.0
  9
BOX
 49
-2.54
 74
     0
 49
25.4
 74
     0
  0
LTYPE
  5
747D
330
73DE
100
AcDbSymbolTableRecord
100
AcDbLinetypeTableRecord
  2
GAS_LINE
 70
     0
  3
Gas line ----GAS----GAS----GAS----GAS----GAS----GAS--
 72
    65
 73
     3
 40
24.13
 49
12.7
 74
     0
 49
-5.08
 74
     2
 75
     0
340
747C
 46
2.54
 50
0.0
 44
-2.54
 45
-1.27
  9
GAS
 49
-6.35
 74
     0
  0
LTYPE
  5
747F
330
73DE
100
AcDbSymbolTableRecord
100
AcDbLinetypeTableRecord
  2
DRAINAGE2
 70
     0
  3
Drainage reversed----<----<----<----
 72
    65
 73
     2
 40
10.16
 49
5.08
 74
     2
 75
     0
340
747E
 46
2.54
 50
0.0
 44
0.0
 45
0.0
  9
RIGHT_ARROW
 49
5.08
 74
     0
  0
LTYPE
  5
7481
330
73DE
100
AcDbSymbolTableRecord
100
AcDbLinetypeTableRecord
  2
FENCELINE1
 70
     0
  3
Fenceline circle ----0-----0----0-----0----0-----0--
 72
    65
 73
     4
 40
36.83
 49
6.35
 74
     0
 49
-2.54
 74
     2
 75
     0
340
7480
 46
2.54
 50
0.0
 44
-2.54
 45
0.0
  9
CIRC1
 49
-2.54
 74
     0
 49
25.4
 74
     0
  0
LTYPE
  5
7482
330
73DE
100
AcDbSymbolTableRecord
100
AcDbLinetypeTableRecord
  2
DOTX2
 70
     0
  3
Dot (2x) .  .  .  .  .  .  .  .  .  .  .  .  .  .
 72
    65
 73
     2
 40
12.7
 49
0.0
 74
     0
 49
-12.7
 74
     0
  0
LTYPE
  5
7484
330
73DE
100
AcDbSymbolTableRecord
100
AcDbLinetypeTableRecord
  2
DRAINAGE
 70
     0
  3
Drainage ---->---->---->----
 72
    65
 73
     2
 40
10.16
 49
5.08
 74
     2
 75
     0
340
7483
 46
2.54
 50
180.0
 44
0.0
 45
0.0
  9
RIGHT_ARROW
 49
5.08
 74
     0
  0
LTYPE
  5
7487
330
73DE
100
AcDbSymbolTableRecord
100
AcDbLinetypeTableRecord
  2
BATTING
 70
     0
  3
Batting SSSSSSSSSSSSSSSSSSSSSSSSSSSSSSSSSSSSSSSSSSSSSSS
 72
    65
 73
     4
 40
10.16254
 49
0.00254
 74
     0
 49
-2.54
 74
     2
 75
     0
340
7485
 46
2.54
 50
0.0
 44
-2.54
 45
0.0
  9
BAT
 49
-5.08
 74
     2
 75
     0
340
7486
 46
2.54
 50
180.0
 44
2.54
 45
0.0
  9
BAT
 49
-2.54
 74
     0
  0
LTYPE
  5
7488
330
73DE
100
AcDbSymbolTableRecord
100
AcDbLinetypeTableRecord
  2
BORDER
 70
     0
  3
Border __ __ . __ __ . __ __ . __ __ . __ __ .
 72
    65
 73
     6
 40
44.45
 49
12.7
 74
     0
 49
-6.35
 74
     0
 49
12.7
 74
     0
 49
-6.35
 74
     0
 49
0.0
 74
     0
 49
-6.35
 74
     0
  0
LTYPE
  5
7489
330
73DE
100
AcDbSymbolTableRecord
100
AcDbLinetypeTableRecord
  2
ACAD_ISO14W100
 70
     0
  3
ISO dash triple-dot __ . . . __ . . . __ . . . _
 72
    65
 73
     8
 40
24.0
 49
12.0
 74
     0
 49
-3.0
 74
     0
 49
0.0
 74
     0
 49
-3.0
 74
     0
 49
0.0
 74
     0
 49
-3.0
 74
     0
 49
0.0
 74
     0
 49
-3.0
 74
     0
  0
LTYPE
  5
748A
330
73DE
100
AcDbSymbolTableRecord
100
AcDbLinetypeTableRecord
  2
ACAD_ISO15W100
 70
     0
  3
ISO double-dash triple-dot __ __ . . . __ __ . .
 72
    65
 73
    10
 40
39.0
 49
12.0
 74
     0
 49
-3.0
 74
     0
 49
12.0
 74
     0
 49
-3.0
 74
     0
 49
0.0
 74
     0
 49
-3.0
 74
     0
 49
0.0
 74
     0
 49
-3.0
 74
     0
 49
0.0
 74
     0
 49
-3.0
 74
     0
  0
LTYPE
  5
748B
330
73DE
100
AcDbSymbolTableRecord
100
AcDbLinetypeTableRecord
  2
ACAD_ISO12W100
 70
     0
  3
ISO dash double-dot __ . . __ . . __ . . __ . . 
 72
    65
 73
     6
 40
21.0
 49
12.0
 74
     0
 49
-3.0
 74
     0
 49
0.0
 74
     0
 49
-3.0
 74
     0
 49
0.0
 74
     0
 49
-3.0
 74
     0
  0
LTYPE
  5
748C
330
73DE
100
AcDbSymbolTableRecord
100
AcDbLinetypeTableRecord
  2
ACAD_ISO13W100
 70
     0
  3
ISO double-dash double-dot __ __ . . __ __ . . _
 72
    65
 73
     8
 40
36.0
 49
12.0
 74
     0
 49
-3.0
 74
     0
 49
12.0
 74
     0
 49
-3.0
 74
     0
 49
0.0
 74
     0
 49
-3.0
 74
     0
 49
0.0
 74
     0
 49
-3.0
 74
     0
  0
LTYPE
  5
748D
330
73DE
100
AcDbSymbolTableRecord
100
AcDbLinetypeTableRecord
  2
ACAD_ISO10W100
 70
     0
  3
ISO dash dot __ . __ . __ . __ . __ . __ . __ . 
 72
    65
 73
     4
 40
18.0
 49
12.0
 74
     0
 49
-3.0
 74
     0
 49
0.0
 74
     0
 49
-3.0
 74
     0
  0
LTYPE
  5
748E
330
73DE
100
AcDbSymbolTableRecord
100
AcDbLinetypeTableRecord
  2
ACAD_ISO11W100
 70
     0
  3
ISO double-dash dot __ __ . __ __ . __ __ . __ _
 72
    65
 73
     6
 40
33.0
 49
12.0
 74
     0
 49
-3.0
 74
     0
 49
12.0
 74
     0
 49
-3.0
 74
     0
 49
0.0
 74
     0
 49
-3.0
 74
     0
  0
LTYPE
  5
748F
330
73DE
100
AcDbSymbolTableRecord
100
AcDbLinetypeTableRecord
  2
DASHDOT2
 70
     0
  3
Dash dot (.5x) _._._._._._._._._._._._._._._.
 72
    65
 73
     4
 40
12.7
 49
6.35
 74
     0
 49
-3.175
 74
     0
 49
0.0
 74
     0
 49
-3.175
 74
     0
  0
LTYPE
  5
7490
330
73DE
100
AcDbSymbolTableRecord
100
AcDbLinetypeTableRecord
  2
DASHDOTX2
 70
     0
  3
Dash dot (2x) ____  .  ____  .  ____  .  ___
 72
    65
 73
     4
 40
50.8
 49
25.4
 74
     0
 49
-12.7
 74
     0
 49
0.0
 74
     0
 49
-12.7
 74
     0
  0
LTYPE
  5
7491
330
73DE
100
AcDbSymbolTableRecord
100
AcDbLinetypeTableRecord
  2
CENTERX2
 70
     0
  3
Center (2x) ________  __  ________  __  _____
 72
    65
 73
     4
 40
101.6
 49
63.5
 74
     0
 49
-12.7
 74
     0
 49
12.7
 74
     0
 49
-12.7
 74
     0
  0
LTYPE
  5
7492
330
73DE
100
AcDbSymbolTableRecord
100
AcDbLinetypeTableRecord
  2
DASHDOT
 70
     0
  3
Dash dot __ . __ . __ . __ . __ . __ . __ . __
 72
    65
 73
     4
 40
25.4
 49
12.7
 74
     0
 49
-6.35
 74
     0
 49
0.0
 74
     0
 49
-6.35
 74
     0
  0
LTYPE
  5
7493
330
73DE
100
AcDbSymbolTableRecord
100
AcDbLinetypeTableRecord
  2
CENTER
 70
     0
  3
Center ____ _ ____ _ ____ _ ____ _ ____ _ ____
 72
    65
 73
     4
 40
50.8
 49
31.75
 74
     0
 49
-6.35
 74
     0
 49
6.35
 74
     0
 49
-6.35
 74
     0
  0
LTYPE
  5
7494
330
73DE
100
AcDbSymbolTableRecord
100
AcDbLinetypeTableRecord
  2
CENTER2
 70
     0
  3
Center (.5x) ___ _ ___ _ ___ _ ___ _ ___ _ ___
 72
    65
 73
     4
 40
28.575
 49
19.05
 74
     0
 49
-3.175
 74
     0
 49
3.175
 74
     0
 49
-3.175
 74
     0
  0
LTYPE
  5
7495
330
73DE
100
AcDbSymbolTableRecord
100
AcDbLinetypeTableRecord
  2
BORDER2
 70
     0
  3
Border (.5x) __.__.__.__.__.__.__.__.__.__.__.
 72
    65
 73
     6
 40
22.225
 49
6.35
 74
     0
 49
-3.175
 74
     0
 49
6.35
 74
     0
 49
-3.175
 74
     0
 49
0.0
 74
     0
 49
-3.175
 74
     0
  0
LTYPE
  5
7496
330
73DE
100
AcDbSymbolTableRecord
100
AcDbLinetypeTableRecord
  2
BORDERX2
 70
     0
  3
Border (2x) ____  ____  .  ____  ____  .  ___
 72
    65
 73
     6
 40
88.89999999999999
 49
25.4
 74
     0
 49
-12.7
 74
     0
 49
25.4
 74
     0
 49
-12.7
 74
     0
 49
0.0
 74
     0
 49
-12.7
 74
     0
  0
LTYPE
  5
7497
330
73DE
100
AcDbSymbolTableRecord
100
AcDbLinetypeTableRecord
  2
ACAD_ISO08W100
 70
     0
  3
ISO long-dash short-dash ____ __ ____ __ ____ _
 72
    65
 73
     4
 40
36.0
 49
24.0
 74
     0
 49
-3.0
 74
     0
 49
6.0
 74
     0
 49
-3.0
 74
     0
  0
LTYPE
  5
7498
330
73DE
100
AcDbSymbolTableRecord
100
AcDbLinetypeTableRecord
  2
ACAD_ISO09W100
 70
     0
  3
ISO long-dash double-short-dash ____ __ __ ____
 72
    65
 73
     6
 40
45.0
 49
24.0
 74
     0
 49
-3.0
 74
     0
 49
6.0
 74
     0
 49
-3.0
 74
     0
 49
6.0
 74
     0
 49
-3.0
 74
     0
  0
LTYPE
  5
7499
330
73DE
100
AcDbSymbolTableRecord
100
AcDbLinetypeTableRecord
  2
ACAD_ISO06W100
 70
     0
  3
ISO long-dash triple-dot ____ ... ____ ... ____
 72
    65
 73
     8
 40
36.0
 49
24.0
 74
     0
 49
-3.0
 74
     0
 49
0.0
 74
     0
 49
-3.0
 74
     0
 49
0.0
 74
     0
 49
-3.0
 74
     0
 49
0.0
 74
     0
 49
-3.0
 74
     0
  0
LTYPE
  5
749A
330
73DE
100
AcDbSymbolTableRecord
100
AcDbLinetypeTableRecord
  2
ACAD_ISO07W100
 70
     0
  3
ISO dot . . . . . . . . . . . . . . . . . . . . 
 72
    65
 73
     2
 40
3.0
 49
0.0
 74
     0
 49
-3.0
 74
     0
  0
LTYPE
  5
749B
330
73DE
100
AcDbSymbolTableRecord
100
AcDbLinetypeTableRecord
  2
ACAD_ISO04W100
 70
     0
  3
ISO long-dash dot ____ . ____ . ____ . ____ . _
 72
    65
 73
     4
 40
30.0
 49
24.0
 74
     0
 49
-3.0
 74
     0
 49
0.0
 74
     0
 49
-3.0
 74
     0
  0
LTYPE
  5
749C
330
73DE
100
AcDbSymbolTableRecord
100
AcDbLinetypeTableRecord
  2
ACAD_ISO05W100
 70
     0
  3
ISO long-dash double-dot ____ .. ____ .. ____ . 
 72
    65
 73
     6
 40
33.0
 49
24.0
 74
     0
 49
-3.0
 74
     0
 49
0.0
 74
     0
 49
-3.0
 74
     0
 49
0.0
 74
     0
 49
-3.0
 74
     0
  0
LTYPE
  5
749D
330
73DE
100
AcDbSymbolTableRecord
100
AcDbLinetypeTableRecord
  2
ACAD_ISO02W100
 70
     0
  3
ISO dash __ __ __ __ __ __ __ __ __ __ __ __ __
 72
    65
 73
     2
 40
15.0
 49
12.0
 74
     0
 49
-3.0
 74
     0
  0
LTYPE
  5
749E
330
73DE
100
AcDbSymbolTableRecord
100
AcDbLinetypeTableRecord
  2
ACAD_ISO03W100
 70
     0
  3
ISO dash space __    __    __    __    __    __
 72
    65
 73
     2
 40
30.0
 49
12.0
 74
     0
 49
-18.0
 74
     0
  0
LTYPE
  5
74A1
330
73DE
100
AcDbSymbolTableRecord
100
AcDbLinetypeTableRecord
  2
ZIGZAG
 70
     0
  3
Zig zag /\/\/\/\/\/\/\/\/\/\/\/\/\/\/\/\/\/\/\/\/\/\/\/
 72
    65
 73
     4
 40
20.32254
 49
0.00254
 74
     0
 49
-5.08
 74
     2
 75
     0
340
749F
 46
5.08
 50
0.0
 44
-5.08
 45
0.0
  9
ZIG
 49
-10.16
 74
     2
 75
     0
340
74A0
 46
5.08
 50
180.0
 44
5.08
 45
0.0
  9
ZIG
 49
-5.08
 74
     0
  0
LTYPE
  5
74A2
330
73DE
100
AcDbSymbolTableRecord
100
AcDbLinetypeTableRecord
  2
PHANTOMX2
 70
     0
  3
Phantom (2x) ____________    ____    ____   _
 72
    65
 73
     6
 40
127.0
 49
63.5
 74
     0
 49
-12.7
 74
     0
 49
12.7
 74
     0
 49
-12.7
 74
     0
 49
12.7
 74
     0
 49
-12.7
 74
     0
  0
LTYPE
  5
74A4
330
73DE
100
AcDbSymbolTableRecord
100
AcDbLinetypeTableRecord
  2
TRACKS
 70
     0
  3
Tracks -|-|-|-|-|-|-|-|-|-|-|-|-|-|-|-|-|-|-|-|-|-|-|-|-
 72
    65
 73
     2
 40
7.62
 49
3.81
 74
     2
 75
     0
340
74A3
 46
6.35
 50
0.0
 44
0.0
 45
0.0
  9
TRACK1
 49
3.81
 74
     0
  0
LTYPE
  5
74A5
330
73DE
100
AcDbSymbolTableRecord
100
AcDbLinetypeTableRecord
  2
PHANTOM
 70
     0
  3
Phantom ______  __  __  ______  __  __  ______ 
 72
    65
 73
     6
 40
63.50000000000001
 49
31.75
 74
     0
 49
-6.35
 74
     0
 49
6.35
 74
     0
 49
-6.35
 74
     0
 49
6.35
 74
     0
 49
-6.35
 74
     0
  0
LTYPE
  5
74A6
330
73DE
100
AcDbSymbolTableRecord
100
AcDbLinetypeTableRecord
  2
PHANTOM2
 70
     0
  3
Phantom (.5x) ___ _ _ ___ _ _ ___ _ _ ___ _ _
 72
    65
 73
     6
 40
31.75
 49
15.875
 74
     0
 49
-3.175
 74
     0
 49
3.175
 74
     0
 49
-3.175
 74
     0
 49
3.175
 74
     0
 49
-3.175
 74
     0
  0
LTYPE
  5
74A7
330
73DE
100
AcDbSymbolTableRecord
100
AcDbLinetypeTableRecord
  2
HIDDENX2
 70
     0
  3
Hidden (2x) ____ ____ ____ ____ ____ ____ ____ 
 72
    65
 73
     2
 40
19.05
 49
12.7
 74
     0
 49
-6.35
 74
     0
  0
LTYPE
  5
74A9
330
73DE
100
AcDbSymbolTableRecord
100
AcDbLinetypeTableRecord
  2
HOT_WATER_SUPPLY
 70
     0
  3
Hot water supply ---- HW ---- HW ---- HW ----
 72
    65
 73
     3
 40
22.86
 49
12.7
 74
     0
 49
-5.08
 74
     2
 75
     0
340
74A8
 46
2.54
 50
0.0
 44
-2.54
 45
-1.27
  9
HW
 49
-5.08
 74
     0
  0
ENDTAB
  0
TABLE
  2
LAYER
  5
73DC
330
0
100
AcDbSymbolTable
 70
     2
  0
LAYER
  5
73E9
330
73DC
100
AcDbSymbolTableRecord
100
AcDbLayerTableRecord
  2
0
 70
     1
 62
   -96
420
    32768
  6
Continuous
370
    25
390
73E8
347
741E
348
0
  0
LAYER
  5
74AA
330
73DC
100
AcDbSymbolTableRecord
100
AcDbLayerTableRecord
  2
livello 10
 70
     0
 62
    18
420
        0
  6
Continuous
370
    25
390
73E8
347
741E
348
0
  0
ENDTAB
  0
TABLE
  2
STYLE
  5
73DD
330
0
100
AcDbSymbolTable
 70
    13
  0
STYLE
  5
73EA
330
73DD
100
AcDbSymbolTableRecord
100
AcDbTextStyleTableRecord
  2
Standard
 70
     0
 40
0.0
 41
1.0
 50
0.0
 71
     0
 42
0.2
  3
txt
  4

  0
STYLE
  5
746E
330
73DD
100
AcDbSymbolTableRecord
100
AcDbTextStyleTableRecord
  2
QCADDimTextStyle
 70
     0
 40
0.0
 41
1.0
 50
0.0
 71
     0
 42
0.2
  3
txt
  4

  0
STYLE
  5
747A
330
73DD
100
AcDbSymbolTableRecord
100
AcDbTextStyleTableRecord
  2
textstyle0
 70
     0
 40
0.0
 41
1.0
 50
0.0
 71
     0
 42
0.2
  3
ltypeshp.shx
  4

  0
STYLE
  5
747C
330
73DD
100
AcDbSymbolTableRecord
100
AcDbTextStyleTableRecord
  2
textstyle1
 70
     0
 40
0.0
 41
1.0
 50
0.0
 71
     0
 42
0.2
  3
STANDARD
  4

  0
STYLE
  5
747E
330
73DD
100
AcDbSymbolTableRecord
100
AcDbTextStyleTableRecord
  2
textstyle2
 70
     0
 40
0.0
 41
1.0
 50
0.0
 71
     0
 42
0.2
  3
qcadshp.shx
  4

  0
STYLE
  5
7480
330
73DD
100
AcDbSymbolTableRecord
100
AcDbTextStyleTableRecord
  2
textstyle3
 70
     0
 40
0.0
 41
1.0
 50
0.0
 71
     0
 42
0.2
  3
ltypeshp.shx
  4

  0
STYLE
  5
7483
330
73DD
100
AcDbSymbolTableRecord
100
AcDbTextStyleTableRecord
  2
textstyle4
 70
     0
 40
0.0
 41
1.0
 50
0.0
 71
     0
 42
0.2
  3
qcadshp.shx
  4

  0
STYLE
  5
7485
330
73DD
100
AcDbSymbolTableRecord
100
AcDbTextStyleTableRecord
  2
textstyle5
 70
     0
 40
0.0
 41
1.0
 50
0.0
 71
     0
 42
0.2
  3
ltypeshp.shx
  4

  0
STYLE
  5
7486
330
73DD
100
AcDbSymbolTableRecord
100
AcDbTextStyleTableRecord
  2
textstyle6
 70
     0
 40
0.0
 41
1.0
 50
0.0
 71
     0
 42
0.2
  3
ltypeshp.shx
  4

  0
STYLE
  5
749F
330
73DD
100
AcDbSymbolTableRecord
100
AcDbTextStyleTableRecord
  2
textstyle7
 70
     0
 40
0.0
 41
1.0
 50
0.0
 71
     0
 42
0.2
  3
ltypeshp.shx
  4

  0
STYLE
  5
74A0
330
73DD
100
AcDbSymbolTableRecord
100
AcDbTextStyleTableRecord
  2
textstyle8
 70
     0
 40
0.0
 41
1.0
 50
0.0
 71
     0
 42
0.2
  3
ltypeshp.shx
  4

  0
STYLE
  5
74A3
330
73DD
100
AcDbSymbolTableRecord
100
AcDbTextStyleTableRecord
  2
textstyle9
 70
     0
 40
0.0
 41
1.0
 50
0.0
 71
     0
 42
0.2
  3
ltypeshp.shx
  4

  0
STYLE
  5
74A8
330
73DD
100
AcDbSymbolTableRecord
100
AcDbTextStyleTableRecord
  2
textstyle10
 70
     0
 40
0.0
 41
1.0
 50
0.0
 71
     0
 42
0.2
  3
STANDARD
  4

  0
ENDTAB
  0
TABLE
  2
VIEW
  5
73DF
330
0
100
AcDbSymbolTable
 70
     0
  0
ENDTAB
  0
TABLE
  2
UCS
  5
73E0
330
0
100
AcDbSymbolTable
 70
     0
  0
ENDTAB
  0
TABLE
  2
APPID
  5
73E2
330
0
100
AcDbSymbolTable
 70
     2
  0
APPID
  5
73EB
330
73E2
100
AcDbSymbolTableRecord
100
AcDbRegAppTableRecord
  2
ACAD
 70
     0
  0
APPID
  5
7436
330
73E2
100
AcDbSymbolTableRecord
100
AcDbRegAppTableRecord
  2
QCAD
 70
     0
  0
ENDTAB
  0
TABLE
  2
DIMSTYLE
  5
73E3
330
0
100
AcDbSymbolTable
 70
     2
100
AcDbDimStyleTable
  0
DIMSTYLE
105
73FF
330
73E3
100
AcDbSymbolTableRecord
100
AcDbDimStyleTableRecord
  2
Standard
 70
     0
178
     0
340
73EA
  0
DIMSTYLE
105
746F
330
73E3
100
AcDbSymbolTableRecord
100
AcDbDimStyleTableRecord
  2
QCADDimStyle
 70
     0
 41
2.5
 42
0.625
 44
1.25
 73
     0
 77
     1
140
2.5
147
0.625
178
     0
340
746E
  0
ENDTAB
  0
TABLE
  2
BLOCK_RECORD
  5
73DB
330
0
100
AcDbSymbolTable
 70
     0
  0
BLOCK_RECORD
  5
73F7
330
73DB
100
AcDbSymbolTableRecord
100
AcDbBlockTableRecord
  2
*Model_Space
340
73FA
 70
     0
280
     1
281
     0
  0
BLOCK_RECORD
  5
73F3
330
73DB
100
AcDbSymbolTableRecord
100
AcDbBlockTableRecord
  2
*Paper_Space
340
73F6
 70
     0
280
     1
281
     0
  0
ENDTAB
  0
ENDSEC
  0
SECTION
  2
BLOCKS
  0
BLOCK
  5
73F8
330
73F7
100
AcDbEntity
  8
0
100
AcDbBlockBegin
  2
*Model_Space
 70
     0
 10
0.0
 20
0.0
 30
0.0
  3
*Model_Space
  1

  0
ENDBLK
  5
73F9
330
73F7
100
AcDbEntity
  8
0
100
AcDbBlockEnd
  0
BLOCK
  5
73F4
330
73F3
100
AcDbEntity
 67
     1
  8
0
100
AcDbBlockBegin
  2
*Paper_Space
 70
     0
 10
0.0
 20
0.0
 30
0.0
  3
*Paper_Space
  1

  0
ENDBLK
  5
73F5
330
73F3
100
AcDbEntity
 67
     1
  8
0
100
AcDbBlockEnd
  0
ENDSEC
  0
SECTION
  2
ENTITIES
  0
LWPOLYLINE
  5
72F3
330
73F7
100
AcDbEntity
  8
livello 10
 62
     6
420
 16711935
100
AcDbPolyline
 90
        2
 70
   128
 43
0.0
 10
35.49740944705167
 20
22.46191355375754
 10
36.34590944705167
 20
22.95181355375752
  0
LWPOLYLINE
  5
72F5
330
73F7
100
AcDbEntity
  8
livello 10
 62
     6
420
 16711935
100
AcDbPolyline
 90
        2
 70
   128
 43
0.0
 10
66.0720094470517
 20
68.49891355375756
 10
52.07300944705167
 20
68.49891355375756
  0
LWPOLYLINE
  5
72F9
330
73F7
100
AcDbEntity
  8
livello 10
 62
     6
420
 16711935
100
AcDbPolyline
 90
        2
 70
   128
 43
0.0
 10
17.36730944705167
 20
35.72361355375756
 10
13.29770944705166
 20
33.37401355375755
  0
LWPOLYLINE
  5
72FB
330
73F7
100
AcDbEntity
  8
livello 10
 62
     6
420
 16711935
100
AcDbPolyline
 90
        5
 70
   128
 43
0.0
 10
58.09510944705167
 20
26.80921355375756
 10
44.57210944705167
 20
23.18571355375752
 10
40.94880944705167
 20
36.70821355375756
 10
54.47170944705167
 20
40.33171355375755
 10
58.09510944705167
 20
26.80921355375756
  0
LWPOLYLINE
  5
72FC
330
73F7
100
AcDbEntity
  8
livello 10
 62
     6
420
 16711935
100
AcDbPolyline
 90
        2
 70
   128
 43
0.0
 10
25.70740944705166
 20
14.81781355375756
 10
28.50480944705166
 20
16.43291355375754
  0
LWPOLYLINE
  5
72FD
330
73F7
100
AcDbEntity
  8
livello 10
 62
     6
420
 16711935
100
AcDbPolyline
 90
        2
 70
   128
 43
0.0
 10
109.2230094470517
 20
63.44861355375754
 10
123.2220094470517
 20
63.44861355375754
  0
LWPOLYLINE
  5
72FE
330
73F7
100
AcDbEntity
  8
livello 10
 62
     6
420
 16711935
100
AcDbPolyline
 90
        2
 70
   128
 43
0.0
 10
28.50480944705166
 20
16.43291355375754
 10
28.91680944705166
 20
15.71931355375756
  0
LWPOLYLINE
  5
72FF
330
73F7
100
AcDbEntity
  8
livello 10
 62
     6
420
 16711935
100
AcDbPolyline
 90
        2
 70
   128
 43
0.0
 10
71.1220094470517
 20
63.44851355375754
 10
85.1210094470517
 20
63.44851355375754
  0
LWPOLYLINE
  5
7301
330
73F7
100
AcDbEntity
  8
livello 10
 62
     6
420
 16711935
100
AcDbPolyline
 90
        2
 70
   128
 43
0.0
 10
104.1720094470517
 20
68.49891355375756
 10
90.1730094470517
 20
68.49891355375756
  0
LWPOLYLINE
  5
7302
330
73F7
100
AcDbEntity
  8
livello 10
 62
     6
420
 16711935
100
AcDbPolyline
 90
        2
 70
   128
 43
0.0
 10
36.35990944705165
 20
20.96801355375754
 10
35.49740944705167
 20
22.46191355375754
  0
LWPOLYLINE
  5
7303
330
73F7
100
AcDbEntity
  8
livello 10
 62
     6
420
 16711935
100
AcDbPolyline
 90
        2
 70
   128
 43
0.0
 10
11.29440944705166
 20
39.78191355375755
 10
10.49840944705167
 20
39.32231355375755
  0
LWPOLYLINE
  5
7305
330
73F7
100
AcDbEntity
  8
livello 10
 62
     6
420
 16711935
100
AcDbPolyline
 90
        2
 70
   128
 43
0.0
 10
71.1230094470517
 20
82.49861355375755
 10
85.1220094470517
 20
82.49861355375755
  0
LWPOLYLINE
  5
7308
330
73F7
100
AcDbEntity
  8
livello 10
 62
     6
420
 16711935
100
AcDbPolyline
 90
        2
 70
   128
 43
0.0
 10
23.59690944705166
 20
43.07421355375756
 10
24.44540944705166
 20
43.56411355375754
  0
LWPOLYLINE
  5
730C
330
73F7
100
AcDbEntity
  8
livello 10
 62
     6
420
 16711935
100
AcDbPolyline
 90
        2
 70
   128
 43
0.0
 10
66.0720094470517
 20
82.49861355375755
 10
66.0720094470517
 20
68.49891355375756
  0
LWPOLYLINE
  5
7311
330
73F7
100
AcDbEntity
  8
livello 10
 62
     6
420
 16711935
100
AcDbPolyline
 90
        2
 70
   128
 43
0.0
 10
31.34180944705167
 20
17.11941355375757
 10
30.92980944705167
 20
17.83301355375755
  0
LWPOLYLINE
  5
7312
330
73F7
100
AcDbEntity
  8
livello 10
 62
     6
420
 16711935
100
AcDbPolyline
 90
        2
 70
   128
 43
0.0
 10
30.92980944705167
 20
17.83301355375755
 10
36.35990944705165
 20
20.96801355375754
  0
LWPOLYLINE
  5
7315
330
73F7
100
AcDbEntity
  8
livello 10
 62
     6
420
 16711935
100
AcDbPolyline
 90
       10
 70
   128
 43
0.0
 10
123.2215094470517
 20
101.5486135537575
 10
123.2215094470517
 20
87.54891355375754
 10
109.2225094470517
 20
87.54891355375754
 10
109.2225094470517
 20
101.5486135537575
 10
123.2220094470517
 20
101.5488135537575
 10
109.2230094470517
 20
101.5486135537575
 10
123.2220094470517
 20
101.5486135537575
 10
123.2220094470517
 20
87.54891355375754
 10
109.2230094470517
 20
87.54891355375754
 10
109.2230094470517
 20
101.5486135537575
  0
LWPOLYLINE
  5
7316
330
73F7
100
AcDbEntity
  8
livello 10
 62
     6
420
 16711935
100
AcDbPolyline
 90
        2
 70
   128
 43
0.0
 10
109.2225094470517
 20
49.44891355375755
 10
109.2225094470517
 20
63.44861355375754
  0
LWPOLYLINE
  5
7317
330
73F7
100
AcDbEntity
  8
livello 10
 62
     6
420
 16711935
100
AcDbPolyline
 90
        5
 70
   128
 43
0.0
 10
82.1911094470517
 20
27.54131355375756
 10
68.1921094470516
 20
27.54131355375756
 10
68.1921094470516
 20
41.54081355375756
 10
82.1911094470517
 20
41.54081355375756
 10
82.1911094470517
 20
27.54131355375756
  0
LWPOLYLINE
  5
7319
330
73F7
100
AcDbEntity
  8
livello 10
 62
     6
420
 16711935
100
AcDbPolyline
 90
        5
 70
   128
 43
0.0
 10
71.1230094470517
 20
87.54891355375754
 10
71.1230094470517
 20
101.5486135537575
 10
85.1220094470517
 20
101.5486135537575
 10
85.1220094470517
 20
87.54891355375754
 10
71.1230094470517
 20
87.54891355375754
  0
LWPOLYLINE
  5
731B
330
73F7
100
AcDbEntity
  8
livello 10
 62
     6
420
 16711935
100
AcDbPolyline
 90
        5
 70
   128
 43
0.0
 10
33.02300944705166
 20
101.5488135537575
 10
47.02200944705166
 20
101.5486135537575
 10
47.02200944705166
 20
87.54891355375754
 10
33.02300944705166
 20
87.54891355375754
 10
33.02300944705166
 20
101.5486135537575
  0
LWPOLYLINE
  5
731C
330
73F7
100
AcDbEntity
  8
livello 10
 62
     6
420
 16711935
100
AcDbPolyline
 90
        2
 70
   128
 43
0.0
 10
92.07310944705159
 20
27.54131355375756
 10
92.07310944705159
 20
41.54081355375756
  0
LWPOLYLINE
  5
731D
330
73F7
100
AcDbEntity
  8
livello 10
 62
     6
420
 16711935
100
AcDbPolyline
 90
        2
 70
   128
 43
0.0
 10
13.29770944705166
 20
33.37401355375755
 10
20.29770944705166
 20
21.24971355375754
  0
LWPOLYLINE
  5
7320
330
73F7
100
AcDbEntity
  8
livello 10
 62
     6
420
 16711935
100
AcDbPolyline
 90
        2
 70
   128
 43
0.0
 10
12.14840944705165
 20
36.46441355375757
 10
12.94440944705167
 20
36.92401355375756
  0
LWPOLYLINE
  5
7321
330
73F7
100
AcDbEntity
  8
livello 10
 62
     6
420
 16711935
100
AcDbPolyline
 90
        2
 70
   128
 43
0.0
 10
15.65480944705166
 20
44.29001355375753
 10
15.24230944705167
 20
45.00451355375755
  0
LWPOLYLINE
  5
7322
330
73F7
100
AcDbEntity
  8
livello 10
 62
     6
420
 16711935
100
AcDbPolyline
 90
        9
 70
   128
 43
0.0
 10
109.2225094470517
 20
120.5989135537576
 10
109.2225094470517
 20
106.5989135537575
 10
123.2215094470517
 20
106.5989135537575
 10
123.2215094470517
 20
120.5989135537576
 10
109.2230094470517
 20
120.5989135537576
 10
123.2220094470517
 20
120.5989135537576
 10
123.2220094470517
 20
106.5989135537575
 10
109.2230094470517
 20
106.5989135537575
 10
109.2230094470517
 20
120.5989135537576
  0
LWPOLYLINE
  5
7324
330
73F7
100
AcDbEntity
  8
livello 10
 62
     6
420
 16711935
100
AcDbPolyline
 90
        2
 70
   128
 43
0.0
 10
66.0720094470517
 20
63.44861355375754
 10
66.0720094470517
 20
49.44891355375755
  0
LWPOLYLINE
  5
7326
330
73F7
100
AcDbEntity
  8
livello 10
 62
     6
420
 16711935
100
AcDbPolyline
 90
        2
 70
   128
 43
0.0
 10
52.07300944705167
 20
82.49861355375755
 10
66.0720094470517
 20
82.49861355375755
  0
LWPOLYLINE
  5
7328
330
73F7
100
AcDbEntity
  8
livello 10
 62
     6
420
 16711935
100
AcDbPolyline
 90
        2
 70
   128
 43
0.0
 10
25.12980944705166
 20
22.27851355375753
 10
22.33240944705166
 20
20.66351355375753
  0
LWPOLYLINE
  5
7329
330
73F7
100
AcDbEntity
  8
livello 10
 62
     6
420
 16711935
100
AcDbPolyline
 90
        2
 70
   128
 43
0.0
 10
20.29770944705166
 20
21.24971355375754
 10
24.36730944705167
 20
23.59921355375752
  0
LWPOLYLINE
  5
732A
330
73F7
100
AcDbEntity
  8
livello 10
 62
     6
420
 16711935
100
AcDbPolyline
 90
        2
 70
   128
 43
0.0
 10
90.1730094470517
 20
63.44851355375754
 10
104.1720094470517
 20
63.44851355375754
  0
LWPOLYLINE
  5
732B
330
73F7
100
AcDbEntity
  8
livello 10
 62
     6
420
 16711935
100
AcDbPolyline
 90
        2
 70
   128
 43
0.0
 10
28.91680944705166
 20
15.71931355375756
 10
31.34180944705167
 20
17.11941355375757
  0
LWPOLYLINE
  5
732C
330
73F7
100
AcDbEntity
  8
livello 10
 62
     6
420
 16711935
100
AcDbPolyline
 90
        2
 70
   128
 43
0.0
 10
28.35090944705166
 20
25.89921355375753
 10
32.42160944705165
 20
28.24941355375756
  0
LWPOLYLINE
  5
732E
330
73F7
100
AcDbEntity
  8
livello 10
 62
     6
420
 16711935
100
AcDbPolyline
 90
        5
 70
   128
 43
0.0
 10
71.1230094470517
 20
63.44861355375754
 10
85.1220094470517
 20
63.44861355375754
 10
85.1220094470517
 20
49.44891355375755
 10
71.1230094470517
 20
49.44891355375755
 10
71.1230094470517
 20
63.44861355375754
  0
LWPOLYLINE
  5
732F
330
73F7
100
AcDbEntity
  8
livello 10
 62
     6
420
 16711935
100
AcDbPolyline
 90
        2
 70
   128
 43
0.0
 10
33.84690944705167
 20
25.32071355375757
 10
32.98490944705165
 20
26.81371355375757
  0
LWPOLYLINE
  5
7330
330
73F7
100
AcDbEntity
  8
livello 10
 62
     6
420
 16711935
100
AcDbPolyline
 90
        2
 70
   128
 43
0.0
 10
22.33240944705166
 20
20.66351355375753
 10
23.19440944705167
 20
19.17051355375753
  0
LWPOLYLINE
  5
7339
330
73F7
100
AcDbEntity
  8
livello 10
 62
     6
420
 16711935
100
AcDbPolyline
 90
        2
 70
   128
 43
0.0
 10
90.1730094470517
 20
82.49861355375755
 10
104.1720094470517
 20
82.49861355375755
  0
LWPOLYLINE
  5
733C
330
73F7
100
AcDbEntity
  8
livello 10
 62
     6
420
 16711935
100
AcDbPolyline
 90
        2
 70
   128
 43
0.0
 10
15.24230944705167
 20
45.00451355375755
 10
12.81730944705166
 20
43.60441355375754
  0
LWPOLYLINE
  5
733D
330
73F7
100
AcDbEntity
  8
livello 10
 62
     6
420
 16711935
100
AcDbPolyline
 90
        2
 70
   128
 43
0.0
 10
24.36730944705167
 20
23.59921355375752
 10
25.12980944705166
 20
22.27851355375753
  0
LWPOLYLINE
  5
7340
330
73F7
100
AcDbEntity
  8
livello 10
 62
     6
420
 16711935
100
AcDbPolyline
 90
        2
 70
   128
 43
0.0
 10
21.08490944705166
 20
47.42511355375755
 10
15.65480944705166
 20
44.29001355375753
  0
LWPOLYLINE
  5
7341
330
73F7
100
AcDbEntity
  8
livello 10
 62
     6
420
 16711935
100
AcDbPolyline
 90
        2
 70
   128
 43
0.0
 10
106.0721094470517
 20
27.54131355375756
 10
92.07310944705159
 20
27.54131355375756
  0
LWPOLYLINE
  5
7343
330
73F7
100
AcDbEntity
  8
livello 10
 62
     6
420
 16711935
100
AcDbPolyline
 90
        5
 70
   128
 43
0.0
 10
71.1220094470517
 20
106.5989135537575
 10
71.1220094470517
 20
120.5989135537576
 10
85.1210094470517
 20
120.5989135537576
 10
85.1210094470517
 20
106.5989135537575
 10
71.1220094470517
 20
106.5989135537575
  0
LWPOLYLINE
  5
7344
330
73F7
100
AcDbEntity
  8
livello 10
 62
     6
420
 16711935
100
AcDbPolyline
 90
        2
 70
   128
 43
0.0
 10
22.39840944705166
 20
18.71091355375756
 10
24.04890944705166
 20
15.85221355375757
  0
LWPOLYLINE
  5
7346
330
73F7
100
AcDbEntity
  8
livello 10
 62
     6
420
 16711935
100
AcDbPolyline
 90
        5
 70
   128
 43
0.0
 10
52.07300944705167
 20
120.5989135537576
 10
66.0720094470517
 20
120.5989135537576
 10
66.0720094470517
 20
106.5989135537575
 10
52.07300944705167
 20
106.5989135537575
 10
52.07300944705167
 20
120.5989135537576
  0
LWPOLYLINE
  5
7348
330
73F7
100
AcDbEntity
  8
livello 10
 62
     6
420
 16711935
100
AcDbPolyline
 90
        2
 70
   128
 43
0.0
 10
32.42160944705165
 20
28.24941355375756
 10
25.42160944705167
 20
40.37381355375756
  0
LWPOLYLINE
  5
7349
330
73F7
100
AcDbEntity
  8
livello 10
 62
     6
420
 16711935
100
AcDbPolyline
 90
        2
 70
   128
 43
0.0
 10
66.0720094470517
 20
49.44891355375755
 10
52.07300944705167
 20
49.44891355375755
  0
LWPOLYLINE
  5
734A
330
73F7
100
AcDbEntity
  8
livello 10
 62
     6
420
 16711935
100
AcDbPolyline
 90
        2
 70
   128
 43
0.0
 10
33.02300944705166
 20
63.44851355375754
 10
47.02200944705166
 20
63.44851355375754
  0
LWPOLYLINE
  5
734F
330
73F7
100
AcDbEntity
  8
livello 10
 62
     6
420
 16711935
100
AcDbPolyline
 90
        2
 70
   128
 43
0.0
 10
106.0721094470517
 20
41.54081355375756
 10
106.0721094470517
 20
27.54131355375756
  0
LWPOLYLINE
  5
7350
330
73F7
100
AcDbEntity
  8
livello 10
 62
     6
420
 16711935
100
AcDbPolyline
 90
        2
 70
   128
 43
0.0
 10
20.58840944705166
 20
39.34421355375756
 10
24.45990944705166
 20
41.57941355375753
  0
LWPOLYLINE
  5
7353
330
73F7
100
AcDbEntity
  8
livello 10
 62
     6
420
 16711935
100
AcDbPolyline
 90
        2
 70
   128
 43
0.0
 10
90.1730094470517
 20
68.49891355375756
 10
90.1730094470517
 20
82.49861355375755
  0
LWPOLYLINE
  5
7354
330
73F7
100
AcDbEntity
  8
livello 10
 62
     6
420
 16711935
100
AcDbPolyline
 90
        2
 70
   128
 43
0.0
 10
24.44540944705166
 20
43.56411355375754
 10
22.79540944705167
 20
46.42201355375754
  0
LWPOLYLINE
  5
7355
330
73F7
100
AcDbEntity
  8
livello 10
 62
     6
420
 16711935
100
AcDbPolyline
 90
        2
 70
   128
 43
0.0
 10
71.1220094470517
 20
101.5488135537575
 10
85.1210094470517
 20
101.5488135537575
  0
LWPOLYLINE
  5
7356
330
73F7
100
AcDbEntity
  8
livello 10
 62
     6
420
 16711935
100
AcDbPolyline
 90
        2
 70
   128
 43
0.0
 10
92.07310944705159
 20
41.54081355375756
 10
106.0721094470517
 20
41.54081355375756
  0
LWPOLYLINE
  5
7358
330
73F7
100
AcDbEntity
  8
livello 10
 62
     6
420
 16711935
100
AcDbPolyline
 90
        2
 70
   128
 43
0.0
 10
24.84490944705166
 20
16.31171355375756
 10
25.70740944705166
 20
14.81781355375756
  0
LWPOLYLINE
  5
735A
330
73F7
100
AcDbEntity
  8
livello 10
 62
     6
420
 16711935
100
AcDbPolyline
 90
        5
 70
   128
 43
0.0
 10
90.1730094470517
 20
120.5989135537576
 10
104.1720094470517
 20
120.5989135537576
 10
104.1720094470517
 20
106.5989135537575
 10
90.1730094470517
 20
106.5989135537575
 10
90.1730094470517
 20
120.5989135537576
  0
LWPOLYLINE
  5
735E
330
73F7
100
AcDbEntity
  8
livello 10
 62
     6
420
 16711935
100
AcDbPolyline
 90
       10
 70
   128
 43
0.0
 10
109.2230094470517
 20
82.49861355375755
 10
123.2220094470517
 20
82.49861355375755
 10
123.2220094470517
 20
68.49891355375756
 10
109.2230094470517
 20
68.49891355375756
 10
109.2230094470517
 20
82.49861355375755
 10
123.2215094470517
 20
82.49861355375755
 10
123.2215094470517
 20
68.49891355375756
 10
109.2225094470517
 20
68.49891355375756
 10
109.2225094470517
 20
82.49861355375755
 10
123.2215094470517
 20
82.49861355375755
  0
LWPOLYLINE
  5
7362
330
73F7
100
AcDbEntity
  8
livello 10
 62
     6
420
 16711935
100
AcDbPolyline
 90
        2
 70
   128
 43
0.0
 10
52.07300944705167
 20
68.49891355375756
 10
52.07300944705167
 20
82.49861355375755
  0
LWPOLYLINE
  5
7364
330
73F7
100
AcDbEntity
  8
livello 10
 62
     6
420
 16711935
100
AcDbPolyline
 90
        2
 70
   128
 43
0.0
 10
29.11340944705167
 20
24.57851355375755
 10
28.35090944705166
 20
25.89921355375753
  0
LWPOLYLINE
  5
7366
330
73F7
100
AcDbEntity
  8
livello 10
 62
     6
420
 16711935
100
AcDbPolyline
 90
        2
 70
   128
 43
0.0
 10
52.07300944705167
 20
63.44851355375754
 10
66.0720094470517
 20
63.44851355375754
  0
LWPOLYLINE
  5
7367
330
73F7
100
AcDbEntity
  8
livello 10
 62
     6
420
 16711935
100
AcDbPolyline
 90
        2
 70
   128
 43
0.0
 10
12.94440944705167
 20
36.92401355375756
 10
13.80740944705167
 20
35.42921355375753
  0
LWPOLYLINE
  5
7369
330
73F7
100
AcDbEntity
  8
livello 10
 62
     6
420
 16711935
100
AcDbPolyline
 90
        2
 70
   128
 43
0.0
 10
123.2215094470517
 20
63.44861355375754
 10
123.2215094470517
 20
49.44891355375755
  0
LWPOLYLINE
  5
736A
330
73F7
100
AcDbEntity
  8
livello 10
 62
     6
420
 16711935
100
AcDbPolyline
 90
        2
 70
   128
 43
0.0
 10
123.2215094470517
 20
49.44891355375755
 10
109.2225094470517
 20
49.44891355375755
  0
LWPOLYLINE
  5
736B
330
73F7
100
AcDbEntity
  8
livello 10
 62
     6
420
 16711935
100
AcDbPolyline
 90
        2
 70
   128
 43
0.0
 10
34.69540944705167
 20
25.81061355375755
 10
33.84690944705167
 20
25.32071355375757
  0
LWPOLYLINE
  5
736F
330
73F7
100
AcDbEntity
  8
livello 10
 62
     6
420
 16711935
100
AcDbPolyline
 90
        2
 70
   128
 43
0.0
 10
32.98490944705165
 20
26.81371355375757
 10
29.11340944705167
 20
24.57851355375755
  0
LWPOLYLINE
  5
7370
330
73F7
100
AcDbEntity
  8
livello 10
 62
     6
420
 16711935
100
AcDbPolyline
 90
        2
 70
   128
 43
0.0
 10
109.2225094470517
 20
63.44861355375754
 10
123.2215094470517
 20
63.44861355375754
  0
LWPOLYLINE
  5
7371
330
73F7
100
AcDbEntity
  8
livello 10
 62
     6
420
 16711935
100
AcDbPolyline
 90
        5
 70
   128
 43
0.0
 10
90.1730094470517
 20
49.44891355375755
 10
90.1730094470517
 20
63.44861355375754
 10
104.1720094470517
 20
63.44861355375754
 10
104.1720094470517
 20
49.44891355375755
 10
90.1730094470517
 20
49.44891355375755
  0
LWPOLYLINE
  5
7373
330
73F7
100
AcDbEntity
  8
livello 10
 62
     6
420
 16711935
100
AcDbPolyline
 90
        2
 70
   128
 43
0.0
 10
10.43240944705167
 20
41.27491355375754
 10
11.29440944705166
 20
39.78191355375755
  0
LWPOLYLINE
  5
7374
330
73F7
100
AcDbEntity
  8
livello 10
 62
     6
420
 16711935
100
AcDbPolyline
 90
        2
 70
   128
 43
0.0
 10
24.45990944705166
 20
41.57941355375753
 10
23.59690944705166
 20
43.07421355375756
  0
LWPOLYLINE
  5
7375
330
73F7
100
AcDbEntity
  8
livello 10
 62
     6
420
 16711935
100
AcDbPolyline
 90
        2
 70
   128
 43
0.0
 10
13.22980944705165
 20
42.88991355375757
 10
10.43240944705167
 20
41.27491355375754
  0
LWPOLYLINE
  5
737B
330
73F7
100
AcDbEntity
  8
livello 10
 62
     6
420
 16711935
100
AcDbPolyline
 90
        2
 70
   128
 43
0.0
 10
21.94690944705167
 20
45.93211355375756
 10
21.08490944705166
 20
47.42511355375755
  0
LWPOLYLINE
  5
737C
330
73F7
100
AcDbEntity
  8
livello 10
 62
     6
420
 16711935
100
AcDbPolyline
 90
        2
 70
   128
 43
0.0
 10
85.1220094470517
 20
68.49891355375756
 10
71.1230094470517
 20
68.49891355375756
  0
LWPOLYLINE
  5
737D
330
73F7
100
AcDbEntity
  8
livello 10
 62
     6
420
 16711935
100
AcDbPolyline
 90
        2
 70
   128
 43
0.0
 10
10.49840944705167
 20
39.32231355375755
 10
12.14840944705165
 20
36.46441355375757
  0
LWPOLYLINE
  5
737E
330
73F7
100
AcDbEntity
  8
livello 10
 62
     6
420
 16711935
100
AcDbPolyline
 90
        6
 70
   128
 43
0.0
 10
47.02200944705166
 20
82.49861355375755
 10
33.02300944705166
 20
82.49861355375755
 10
47.02200944705166
 20
82.49861355375755
 10
47.02200944705166
 20
68.49891355375756
 10
33.02300944705166
 20
68.49891355375756
 10
33.02300944705166
 20
82.49861355375755
  0
LWPOLYLINE
  5
737F
330
73F7
100
AcDbEntity
  8
livello 10
 62
     6
420
 16711935
100
AcDbPolyline
 90
        2
 70
   128
 43
0.0
 10
85.1220094470517
 20
82.49861355375755
 10
85.1220094470517
 20
68.49891355375756
  0
LWPOLYLINE
  5
7380
330
73F7
100
AcDbEntity
  8
livello 10
 62
     6
420
 16711935
100
AcDbPolyline
 90
        2
 70
   128
 43
0.0
 10
21.35090944705166
 20
38.02351355375757
 10
20.58840944705166
 20
39.34421355375756
  0
LWPOLYLINE
  5
7381
330
73F7
100
AcDbEntity
  8
livello 10
 62
     6
420
 16711935
100
AcDbPolyline
 90
        2
 70
   128
 43
0.0
 10
52.07300944705167
 20
63.44861355375754
 10
66.0720094470517
 20
63.44861355375754
  0
LWPOLYLINE
  5
7384
330
73F7
100
AcDbEntity
  8
livello 10
 62
     6
420
 16711935
100
AcDbPolyline
 90
        2
 70
   128
 43
0.0
 10
22.79540944705167
 20
46.42201355375754
 10
21.94690944705167
 20
45.93211355375756
  0
LWPOLYLINE
  5
7386
330
73F7
100
AcDbEntity
  8
livello 10
 62
     6
420
 16711935
100
AcDbPolyline
 90
        2
 70
   128
 43
0.0
 10
24.04890944705166
 20
15.85221355375757
 10
24.84490944705166
 20
16.31171355375756
  0
LWPOLYLINE
  5
7387
330
73F7
100
AcDbEntity
  8
livello 10
 62
     6
420
 16711935
100
AcDbPolyline
 90
        2
 70
   128
 43
0.0
 10
13.80740944705167
 20
35.42921355375753
 10
16.60480944705165
 20
37.04431355375755
  0
LWPOLYLINE
  5
738A
330
73F7
100
AcDbEntity
  8
livello 10
 62
     6
420
 16711935
100
AcDbPolyline
 90
        6
 70
   128
 43
0.0
 10
104.1720094470517
 20
101.5488135537575
 10
90.1730094470517
 20
101.5486135537575
 10
104.1720094470517
 20
101.5486135537575
 10
104.1720094470517
 20
87.54891355375754
 10
90.1730094470517
 20
87.54891355375754
 10
90.1730094470517
 20
101.5486135537575
  0
LWPOLYLINE
  5
738B
330
73F7
100
AcDbEntity
  8
livello 10
 62
     6
420
 16711935
100
AcDbPolyline
 90
        5
 70
   128
 43
0.0
 10
33.02300944705166
 20
49.44891355375755
 10
33.02300944705166
 20
63.44861355375754
 10
47.02200944705166
 20
63.44861355375754
 10
47.02200944705166
 20
49.44891355375755
 10
33.02300944705166
 20
49.44891355375755
  0
LWPOLYLINE
  5
738C
330
73F7
100
AcDbEntity
  8
livello 10
 62
     6
420
 16711935
100
AcDbPolyline
 90
        2
 70
   128
 43
0.0
 10
23.19440944705167
 20
19.17051355375753
 10
22.39840944705166
 20
18.71091355375756
  0
LWPOLYLINE
  5
738E
330
73F7
100
AcDbEntity
  8
livello 10
 62
     6
420
 16711935
100
AcDbPolyline
 90
        2
 70
   128
 43
0.0
 10
71.1230094470517
 20
68.49891355375756
 10
71.1230094470517
 20
82.49861355375755
  0
LWPOLYLINE
  5
738F
330
73F7
100
AcDbEntity
  8
livello 10
 62
     6
420
 16711935
100
AcDbPolyline
 90
        5
 70
   128
 43
0.0
 10
47.02200944705166
 20
106.5989135537575
 10
33.02300944705166
 20
106.5989135537575
 10
33.02300944705166
 20
120.5989135537576
 10
47.02200944705166
 20
120.5989135537576
 10
47.02200944705166
 20
106.5989135537575
  0
LWPOLYLINE
  5
7390
330
73F7
100
AcDbEntity
  8
livello 10
 62
     6
420
 16711935
100
AcDbPolyline
 90
        2
 70
   128
 43
0.0
 10
36.34590944705167
 20
22.95181355375752
 10
34.69540944705167
 20
25.81061355375755
  0
LWPOLYLINE
  5
7391
330
73F7
100
AcDbEntity
  8
livello 10
 62
     6
420
 16711935
100
AcDbPolyline
 90
        2
 70
   128
 43
0.0
 10
16.60480944705165
 20
37.04431355375755
 10
17.36730944705167
 20
35.72361355375756
  0
LWPOLYLINE
  5
7392
330
73F7
100
AcDbEntity
  8
livello 10
 62
     6
420
 16711935
100
AcDbPolyline
 90
        2
 70
   128
 43
0.0
 10
25.42160944705167
 20
40.37381355375756
 10
21.35090944705166
 20
38.02351355375757
  0
LWPOLYLINE
  5
7393
330
73F7
100
AcDbEntity
  8
livello 10
 62
     6
420
 16711935
100
AcDbPolyline
 90
        6
 70
   128
 43
0.0
 10
66.0720094470517
 20
101.5488135537575
 10
52.07300944705167
 20
101.5486135537575
 10
66.0720094470517
 20
101.5486135537575
 10
66.0720094470517
 20
87.54891355375754
 10
52.07300944705167
 20
87.54891355375754
 10
52.07300944705167
 20
101.5486135537575
  0
LWPOLYLINE
  5
7394
330
73F7
100
AcDbEntity
  8
livello 10
 62
     6
420
 16711935
100
AcDbPolyline
 90
        2
 70
   128
 43
0.0
 10
104.1720094470517
 20
82.49861355375755
 10
104.1720094470517
 20
68.49891355375756
  0
LWPOLYLINE
  5
7396
330
73F7
100
AcDbEntity
  8
livello 10
 62
     6
420
 16711935
100
AcDbPolyline
 90
        2
 70
   128
 43
0.0
 10
12.81730944705166
 20
43.60441355375754
 10
13.22980944705165
 20
42.88991355375757
  0
LWPOLYLINE
  5
7397
330
73F7
100
AcDbEntity
  8
livello 10
 62
     6
420
 16711935
100
AcDbPolyline
 90
        2
 70
   128
 43
0.0
 10
52.07300944705167
 20
49.44891355375755
 10
52.07300944705167
 20
63.44861355375754
  0
LWPOLYLINE
  5
7399
330
73F7
100
AcDbEntity
  8
livello 10
100
AcDbPolyline
 90
        2
 70
   128
 43
0.0
 10
125.7217594520523
 20
128.5
 10
125.7217594520523
 20
21.51580934505881
  0
LINE
  5
739A
330
73F7
100
AcDbEntity
  8
livello 10
100
AcDbLine
 10
-16.12147454177554
 20
0.7135630062664404
 30
0.0
 11
-28.35159058213813
 21
21.89676493225684
 31
0.0
  0
ARC
  5
739B
330
73F7
100
AcDbEntity
  8
livello 10
100
AcDbCircle
 10
95.8984532304566
 20
-145.9866935985162
 30
0.0
 40
167.21638564158
100
AcDbArc
 50
80.73540840839506
 51
122.3967664234727
  0
ARC
  5
739C
330
73F7
100
AcDbEntity
  8
livello 10
100
AcDbCircle
 10
123.2217594520523
 20
21.51580934505893
 30
0.0
 40
2.5
100
AcDbArc
 50
260.735408408395
 51
0.0
1001
QCAD
1000
reversed:1
  0
ARC
  5
739D
330
73F7
100
AcDbEntity
  8
livello 10
100
AcDbCircle
 10
123.2217594520524
 20
128.4999999999999
 30
0.0
 40
2.5
100
AcDbArc
 50
0.0
 51
90.0
  0
ARC
  5
739E
330
73F7
100
AcDbEntity
  8
livello 10
100
AcDbCircle
 10
-2.265064882301573
 20
8.713557465566936
 30
0.0
 40
16.0
100
AcDbArc
 50
209.9999770893945
 51
302.3967664234728
1001
QCAD
1000
reversed:1
  0
ARC
  5
739F
330
73F7
100
AcDbEntity
  8
livello 10
100
AcDbCircle
 10
122.9089557117525
 20
119.0910442882475
 30
0.0
 40
11.91306309579659
100
AcDbArc
 50
88.49540004713747
 51
128.2823745466523
  0
ARC
  5
73A0
330
73F7
100
AcDbEntity
  8
livello 10
100
AcDbCircle
 10
105.8684210526318
 20
142.3421052631575
 30
0.0
 40
17.36383512024614
100
AcDbArc
 50
250.2468765968023
 51
259.3240067960646
1001
QCAD
1000
reversed:1
  0
ARC
  5
73A1
330
73F7
100
AcDbEntity
  8
livello 10
100
AcDbCircle
 10
89.0
 20
100.7499999999999
 30
0.0
 40
27.54201336140845
100
AcDbArc
 50
66.4599607304857
 51
114.9491085345786
  0
ARC
  5
73A2
330
73F7
100
AcDbEntity
  8
livello 10
100
AcDbCircle
 10
105.6157639320038
 20
141.0018774412509
 30
0.0
 40
16.0
100
AcDbArc
 50
259.3240067960646
 51
308.2823745466523
1001
QCAD
1000
reversed:1
  0
ARC
  5
73A3
330
73F7
100
AcDbEntity
  8
livello 10
100
AcDbCircle
 10
29.00000000000003
 20
133.0
 30
0.0
 40
7.280109889280518
100
AcDbArc
 50
258.7536124775071
 51
282.8183345634365
1001
QCAD
1000
reversed:1
  0
ARC
  5
73A4
330
73F7
100
AcDbEntity
  8
livello 10
100
AcDbCircle
 10
36.05967527440016
 20
122.9791020717826
 30
0.0
 40
5.642726999162988
100
AcDbArc
 50
63.73183186484072
 51
140.3930017356231
1001
QCAD
1000
reversed:1
  0
ARC
  5
73A5
330
73F7
100
AcDbEntity
  8
livello 10
100
AcDbCircle
 10
48.31554561866629
 20
145.803507320917
 30
0.0
 40
20.26827166278377
100
AcDbArc
 50
241.2185890146956
 51
270.0
  0
ARC
  5
73A6
330
73F7
100
AcDbEntity
  8
livello 10
100
AcDbCircle
 10
30.17144799222515
 20
127.8514788487965
 30
0.0
 40
2.0
100
AcDbArc
 50
282.8183345634365
 51
320.3930017356233
  0
LWPOLYLINE
  5
73A7
330
73F7
100
AcDbEntity
  8
livello 10
100
AcDbPolyline
 90
        2
 70
   128
 43
0.0
 10
48.31554561866628
 20
125.5352356581332
 10
76.5387920254936
 20
125.5352356581332
  0
ARC
  5
73A8
330
73F7
100
AcDbEntity
  8
livello 10
100
AcDbCircle
 10
76.5387920254936
 20
127.5352356581332
 30
0.0
 40
2.0
100
AcDbArc
 50
270.0
 51
294.9491085345784
1001
QCAD
1000
reversed:1
  0
LWPOLYLINE
  5
73A9
330
73F7
100
AcDbEntity
  8
livello 10
100
AcDbPolyline
 90
        2
 70
   128
 43
0.0
 10
-9.193196321867873
 20
4.713499224289471
 10
-19.92336819688384
 20
23.29870689134383
  0
LWPOLYLINE
  5
73AA
330
73F7
100
AcDbEntity
  8
livello 10
100
AcDbPolyline
 90
        2
 70
   128
 43
0.0
 10
-9.193191866732235
 20
4.713591507756306
 42
0.2298719258997679
 10
-3.408349421375561
 20
0.7957098854537961
  0
ARC
  5
73AB
330
73F7
100
AcDbEntity
  8
livello 10
100
AcDbCircle
 10
95.8984532304566
 20
-145.9866935985162
 30
0.0
 40
175.21638564158
100
AcDbArc
 50
116.0836894866831
 51
122.1687382753835
  0
ARC
  5
73AC
330
73F7
100
AcDbEntity
  8
livello 10
100
AcDbCircle
 10
0.0
 20
0.0
 30
0.0
 40
3.5
100
AcDbArc
 50
41.76207883551202
 51
166.8591488783888
  0
LINE
  5
73AD
330
73F7
100
AcDbEntity
  8
livello 10
100
AcDbLine
 10
24.5926
 20
123.4076918999439
 30
0.0
 11
24.5926
 21
63.54510832362087
 31
0.0
  0
ARC
  5
73AE
330
73F7
100
AcDbEntity
  8
livello 10
100
AcDbCircle
 10
24.5926
 20
54.19621634235021
 30
0.0
 40
7.177385043360949
100
AcDbArc
 50
104.9712453187677
 51
188.7973833971456
  0
LINE
  5
73AF
330
73F7
100
AcDbEntity
  8
livello 10
100
AcDbLine
 10
2.902000024806028
 20
39.36371551886728
 30
0.0
 11
-19.00830640896325
 21
26.71376908365929
 31
0.0
  0
LINE
  5
73B0
330
73F7
100
AcDbEntity
  8
livello 10
100
AcDbLine
 10
16.27906770133293
 20
50.55108781286248
 30
0.0
 11
-23.67302089254059
 21
27.48469290803135
 31
0.0
  0
LINE
  5
73B1
330
73F7
100
AcDbEntity
  8
livello 10
100
AcDbLine
 10
-27.18132464562927
 20
25.45916876992024
 30
0.0
 11
-27.436528434341
 21
25.31182650124754
 31
0.0
  0
LINE
  5
73B2
330
73F7
100
AcDbEntity
  8
livello 10
100
AcDbLine
 10
19.92455326805882
 20
14.87977096127386
 30
0.0
 11
6.317065895594482
 21
38.44865221840799
 31
0.0
  0
ARC
  5
73B3
330
73F7
100
AcDbEntity
  8
livello 10
100
AcDbCircle
 10
-17.75830454746759
 20
24.54870664893429
 30
0.0
 40
2.5
100
AcDbArc
 50
120.0000492622373
 51
209.9999935849257
1001
QCAD
1000
reversed:1
  0
ARC
  5
73B4
330
73F7
100
AcDbEntity
  8
livello 10
100
AcDbCircle
 10
4.15200188630169
 20
37.19865308414228
 30
0.0
 40
2.5
100
AcDbArc
 50
29.99997708939453
 51
120.0000492622373
1001
QCAD
1000
reversed:1
  0
ARC
  5
73B5
330
73F7
100
AcDbEntity
  8
livello 10
100
AcDbCircle
 10
15.02906583983724
 20
52.71615024758748
 30
0.0
 40
2.5
100
AcDbArc
 50
300.0000492622372
 51
8.797383397145756
1001
QCAD
1000
reversed:1
  0
ARC
  5
73B6
330
73F7
100
AcDbEntity
  8
livello 10
100
AcDbCircle
 10
22.0926
 20
63.54510832362087
 30
0.0
 40
2.5
100
AcDbArc
 50
284.9712453187678
 51
0.0
1001
QCAD
1000
reversed:1
  0
ARC
  5
73B7
330
73F7
100
AcDbEntity
  8
livello 10
100
AcDbCircle
 10
17.75948925876602
 20
13.62977182700816
 30
0.0
 40
2.5
100
AcDbArc
 50
296.083689486683
 51
29.99997708939448
1001
QCAD
1000
reversed:1
  0
ARC
  5
73B8
330
73F7
100
AcDbEntity
  8
livello 10
100
AcDbCircle
 10
27.0926
 20
123.4076918999439
 30
0.0
 40
2.5
100
AcDbArc
 50
78.75361247750683
 51
180.0
1001
QCAD
1000
reversed:1
  0
ARC
  5
73B9
330
73F7
100
AcDbEntity
  8
livello 10
100
AcDbCircle
 10
-24.0
 20
24.0
 30
0.0
 40
3.5
100
AcDbArc
 50
84.63946221590419
 51
155.3606363085713
  0
ARC
  5
73BA
330
73F7
100
AcDbEntity
  8
livello 10
100
AcDbCircle
 10
-26.18652657284531
 20
23.14676406652254
 30
0.0
 40
2.5
100
AcDbArc
 50
120.0000492622373
 51
209.9999770893945
1001
QCAD
1000
reversed:1
  0
CIRCLE
  5
73BB
330
73F7
100
AcDbEntity
  8
livello 10
100
AcDbCircle
 10
-24.0
 20
24.0
 30
0.0
 40
1.300000000000001
  0
CIRCLE
  5
73BC
330
73F7
100
AcDbEntity
  8
livello 10
100
AcDbCircle
 10
0.0
 20
0.0
 30
0.0
 40
1.300000000000001
  0
CIRCLE
  5
73BD
330
73F7
100
AcDbEntity
  8
livello 10
100
AcDbCircle
 10
123.2217594520523
 20
21.51580934505893
 30
0.0
 40
1.300000000000001
  0
CIRCLE
  5
73BE
330
73F7
100
AcDbEntity
  8
livello 10
100
AcDbCircle
 10
123.2217594520524
 20
128.5158093450588
 30
0.0
 40
1.300000000000001
  0
CIRCLE
  5
73BF
330
73F7
100
AcDbEntity
  8
livello 10
100
AcDbCircle
 10
36.005
 20
124.9692
 30
0.0
 40
1.300000000000001
  0
LWPOLYLINE
  5
73C0
330
73F7
100
AcDbEntity
  8
livello 10
100
AcDbPolyline
 90
        8
 70
   129
 43
0.0
 10
48.02200944705166
 20
106.5989135537575
 42
-0.4142135623730951
 10
47.02200944705166
 20
105.5989135537575
 10
33.02300944705166
 20
105.5989135537575
 42
-0.4142135623730951
 10
32.02300944705166
 20
106.5989135537575
 10
32.02300944705166
 20
120.5989135537576
 42
-0.4142135623730951
 10
33.02300944705166
 20
121.5989135537576
 10
47.02200944705166
 20
121.5989135537576
 42
-0.4142135623730951
 10
48.02200944705166
 20
120.5989135537576
  0
LWPOLYLINE
  5
73C1
330
73F7
100
AcDbEntity
  8
livello 10
100
AcDbPolyline
 90
        8
 70
   129
 43
0.0
 10
51.07300944705168
 20
120.5989135537576
 42
-0.4142135623730951
 10
52.07300944705168
 20
121.5989135537576
 10
66.0720094470517
 20
121.5989135537576
 42
-0.4142135623730951
 10
67.0720094470517
 20
120.5989135537576
 10
67.0720094470517
 20
106.5989135537575
 42
-0.4142135623730951
 10
66.0720094470517
 20
105.5989135537575
 10
52.07300944705168
 20
105.5989135537575
 42
-0.4142135623730951
 10
51.07300944705168
 20
106.5989135537575
  0
LWPOLYLINE
  5
73C2
330
73F7
100
AcDbEntity
  8
livello 10
100
AcDbPolyline
 90
        8
 70
   129
 43
0.0
 10
89.1730094470517
 20
120.5989135537576
 42
-0.4142135623730951
 10
90.1730094470517
 20
121.5989135537576
 10
104.1720094470517
 20
121.5989135537576
 42
-0.4142135623730951
 10
105.1720094470517
 20
120.5989135537576
 10
105.1720094470517
 20
106.5989135537575
 42
-0.4142135623730951
 10
104.1720094470517
 20
105.5989135537575
 10
90.1730094470517
 20
105.5989135537575
 42
-0.4142135623730951
 10
89.1730094470517
 20
106.5989135537575
  0
LWPOLYLINE
  5
73C3
330
73F7
100
AcDbEntity
  8
livello 10
100
AcDbPolyline
 90
       13
 70
   129
 43
0.0
 10
124.2220094420517
 20
101.5487135537584
 42
-0.0000249999744045
 10
124.2220094470517
 20
101.5486135538601
 10
124.2220094470517
 20
87.54891355375756
 42
-0.4142135623730951
 10
123.2220094470517
 20
86.54891355375756
 10
123.2215094470517
 20
86.54891355375756
 10
109.2230094470517
 20
86.54891355375756
 10
109.2225094470517
 20
86.54891355375756
 42
-0.4142135623730951
 10
108.2225094470517
 20
87.54891355375756
 10
108.2225094470517
 20
101.5486135537575
 42
-0.4142093780401371
 10
109.2224951608242
 20
102.5486135536555
 10
109.2230094470517
 20
102.5486135610027
 10
123.221953123431
 20
102.5488135533388
 10
123.2219951608242
 20
102.5488135536555
 42
-0.414247036430213
  0
LWPOLYLINE
  5
73D2
330
73F7
100
AcDbEntity
  8
livello 10
100
AcDbPolyline
 90
       13
 70
   129
 43
0.0
 10
105.1720094420517
 20
101.5487135537584
 42
-0.0000249999744045
 10
105.1720094470517
 20
101.5486135538601
 10
105.1720094470517
 20
87.54891355375756
 42
-0.4142135623730951
 10
104.1720094470517
 20
86.54891355375756
 10
104.1715094470517
 20
86.54891355375756
 10
90.1730094470517
 20
86.54891355375756
 10
90.17250944705168
 20
86.54891355375756
 42
-0.4142135623730951
 10
89.17250944705168
 20
87.54891355375756
 10
89.17250944705168
 20
101.5486135537575
 42
-0.4142093780401371
 10
90.17249516082421
 20
102.5486135536555
 10
90.17300944705164
 20
102.5486135610027
 10
104.171953123431
 20
102.5488135533388
 10
104.1719951608242
 20
102.5488135536555
 42
-0.414247036430213
  0
LWPOLYLINE
  5
73D3
330
73F7
100
AcDbEntity
  8
livello 10
100
AcDbPolyline
 90
       13
 70
   129
 43
0.0
 10
124.2220094420517
 20
120.5987135537584
 42
-0.0000249999744045
 10
124.2220094470517
 20
120.5986135538601
 10
124.2220094470517
 20
106.5989135537576
 42
-0.4142135623730951
 10
123.2220094470517
 20
105.5989135537576
 10
123.2215094470517
 20
105.5989135537576
 10
109.2230094470517
 20
105.5989135537576
 10
109.2225094470517
 20
105.5989135537576
 42
-0.4142135623730951
 10
108.2225094470517
 20
106.5989135537576
 10
108.2225094470517
 20
120.5986135537575
 42
-0.4142093780401371
 10
109.2224951608242
 20
121.5986135536555
 10
109.2230094470517
 20
121.5986135610027
 10
123.221953123431
 20
121.5988135533388
 10
123.2219951608242
 20
121.5988135536555
 42
-0.414247036430213
  0
LWPOLYLINE
  5
73D4
330
73F7
100
AcDbEntity
  8
livello 10
100
AcDbPolyline
 90
       13
 70
   129
 43
0.0
 10
124.2220094420517
 20
63.44871355375841
 42
-0.0000249999744045
 10
124.2220094470517
 20
63.44861355386013
 10
124.2220094470517
 20
49.44891355375756
 42
-0.4142135623730951
 10
123.2220094470517
 20
48.44891355375756
 10
123.2215094470517
 20
48.44891355375756
 10
109.2230094470517
 20
48.44891355375756
 10
109.2225094470517
 20
48.44891355375756
 42
-0.4142135623730951
 10
108.2225094470517
 20
49.44891355375756
 10
108.2225094470517
 20
63.44861355375755
 42
-0.4142093780401371
 10
109.2224951608242
 20
64.44861355365552
 10
109.2230094470517
 20
64.44861356100272
 10
123.221953123431
 20
64.44881355333885
 10
123.2219951608242
 20
64.4488135536555
 42
-0.414247036430213
  0
LWPOLYLINE
  5
73D5
330
73F7
100
AcDbEntity
  8
livello 10
100
AcDbPolyline
 90
       13
 70
   129
 43
0.0
 10
107.0726094420516
 20
41.54111355375842
 42
-0.0000249999744045
 10
107.0726094470516
 20
41.54101355386014
 10
107.0726094470516
 20
27.54131355375758
 42
-0.4142135623730951
 10
106.0726094470516
 20
26.54131355375758
 10
106.0721094470516
 20
26.54131355375758
 10
92.07360944705161
 20
26.54131355375758
 10
92.07310944705159
 20
26.54131355375758
 42
-0.4142135623730951
 10
91.07310944705159
 20
27.54131355375758
 10
91.07310944705159
 20
41.54101355375757
 42
-0.4142093780401371
 10
92.07309516082412
 20
42.54101355365553
 10
92.07360944705155
 20
42.54101356100273
 10
106.0725531234309
 20
42.54121355333886
 10
106.0725951608242
 20
42.54121355365551
 42
-0.414247036430213
  0
LWPOLYLINE
  5
73D6
330
73F7
100
AcDbEntity
  8
livello 10
100
AcDbPolyline
 90
       13
 70
   129
 43
0.0
 10
67.07250944205168
 20
63.44871355375841
 42
-0.0000249999744045
 10
67.07250944705169
 20
63.44861355386013
 10
67.07250944705169
 20
49.44891355375756
 42
-0.4142135623730951
 10
66.07250944705169
 20
48.44891355375756
 10
66.07200944705167
 20
48.44891355375756
 10
52.07350944705168
 20
48.44891355375756
 10
52.07300944705167
 20
48.44891355375756
 42
-0.4142135623730951
 10
51.07300944705167
 20
49.44891355375756
 10
51.07300944705167
 20
63.44861355375755
 42
-0.4142093780401371
 10
52.0729951608242
 20
64.44861355365552
 10
52.07350944705163
 20
64.44861356100272
 10
66.07245312343102
 20
64.44881355333885
 10
66.07249516082422
 20
64.4488135536555
 42
-0.414247036430213
  0
LWPOLYLINE
  5
73C4
330
73F7
100
AcDbEntity
  8
livello 10
100
AcDbPolyline
 90
        8
 70
   129
 43
0.0
 10
71.12300944705171
 20
86.54891355375756
 42
-0.4142135623730951
 10
70.12300944705171
 20
87.54891355375756
 10
70.12300944705171
 20
101.5486135537575
 42
-0.4142135623730951
 10
71.12300944705171
 20
102.5486135537575
 10
85.1220094470517
 20
102.5486135537575
 42
-0.4142135623730951
 10
86.1220094470517
 20
101.5486135537575
 10
86.1220094470517
 20
87.54891355375756
 42
-0.4142135623730951
 10
85.1220094470517
 20
86.54891355375756
  0
LWPOLYLINE
  5
73CD
330
73F7
100
AcDbEntity
  8
livello 10
100
AcDbPolyline
 90
        8
 70
   129
 43
0.0
 10
52.07300944705172
 20
86.54891355375756
 42
-0.4142135623730951
 10
51.07300944705172
 20
87.54891355375756
 10
51.07300944705172
 20
101.5486135537575
 42
-0.4142135623730951
 10
52.07300944705172
 20
102.5486135537575
 10
66.0720094470517
 20
102.5486135537575
 42
-0.4142135623730951
 10
67.0720094470517
 20
101.5486135537575
 10
67.0720094470517
 20
87.54891355375756
 42
-0.4142135623730951
 10
66.0720094470517
 20
86.54891355375756
  0
LWPOLYLINE
  5
73CE
330
73F7
100
AcDbEntity
  8
livello 10
100
AcDbPolyline
 90
        8
 70
   129
 43
0.0
 10
33.02300944705168
 20
67.49891355375757
 42
-0.4142135623730951
 10
32.02300944705168
 20
68.49891355375757
 10
32.02300944705168
 20
82.49861355375756
 42
-0.4142135623730951
 10
33.02300944705168
 20
83.49861355375756
 10
47.02200944705166
 20
83.49861355375756
 42
-0.4142135623730951
 10
48.02200944705166
 20
82.49861355375756
 10
48.02200944705166
 20
68.49891355375757
 42
-0.4142135623730951
 10
47.02200944705166
 20
67.49891355375757
  0
LWPOLYLINE
  5
73CF
330
73F7
100
AcDbEntity
  8
livello 10
100
AcDbPolyline
 90
        8
 70
   129
 43
0.0
 10
52.07300944705172
 20
67.49891355375756
 42
-0.4142135623730951
 10
51.07300944705172
 20
68.49891355375756
 10
51.07300944705172
 20
82.49861355375755
 42
-0.4142135623730951
 10
52.07300944705172
 20
83.49861355375755
 10
66.0720094470517
 20
83.49861355375755
 42
-0.4142135623730951
 10
67.0720094470517
 20
82.49861355375755
 10
67.0720094470517
 20
68.49891355375756
 42
-0.4142135623730951
 10
66.0720094470517
 20
67.49891355375756
  0
LWPOLYLINE
  5
73D0
330
73F7
100
AcDbEntity
  8
livello 10
100
AcDbPolyline
 90
        8
 70
   129
 43
0.0
 10
71.12300944705176
 20
67.49891355375755
 42
-0.4142135623730951
 10
70.12300944705176
 20
68.49891355375755
 10
70.12300944705176
 20
82.49861355375754
 42
-0.4142135623730951
 10
71.12300944705176
 20
83.49861355375754
 10
85.12200944705174
 20
83.49861355375754
 42
-0.4142135623730951
 10
86.12200944705174
 20
82.49861355375754
 10
86.12200944705174
 20
68.49891355375755
 42
-0.4142135623730951
 10
85.12200944705174
 20
67.49891355375755
  0
LWPOLYLINE
  5
73D1
330
73F7
100
AcDbEntity
  8
livello 10
100
AcDbPolyline
 90
        8
 70
   129
 43
0.0
 10
90.1730094470518
 20
67.49891355375753
 42
-0.4142135623730951
 10
89.1730094470518
 20
68.49891355375753
 10
89.1730094470518
 20
82.49861355375752
 42
-0.4142135623730951
 10
90.1730094470518
 20
83.49861355375752
 10
104.1720094470518
 20
83.49861355375752
 42
-0.4142135623730951
 10
105.1720094470518
 20
82.49861355375752
 10
105.1720094470518
 20
68.49891355375753
 42
-0.4142135623730951
 10
104.1720094470518
 20
67.49891355375753
  0
LWPOLYLINE
  5
73C5
330
73F7
100
AcDbEntity
  8
livello 10
100
AcDbPolyline
 90
       12
 70
   129
 43
0.0
 10
109.2230094470517
 20
83.49861355375755
 10
123.2215094470517
 20
83.49861355375755
 10
123.2220094470517
 20
83.49861355375755
 42
-0.4142135623730951
 10
124.2220094470517
 20
82.49861355375755
 10
124.2220094470517
 20
68.49891355375756
 42
-0.4142135623730951
 10
123.2220094470517
 20
67.49891355375756
 10
123.2215094470517
 20
67.49891355375756
 10
109.2230094470517
 20
67.49891355375756
 10
109.2225094470517
 20
67.49891355375756
 42
-0.4142135623730951
 10
108.2225094470517
 20
68.49891355375756
 10
108.2225094470517
 20
82.49861355375755
 42
-0.4142135623730951
 10
109.2225094470517
 20
83.49861355375755
  0
LWPOLYLINE
  5
73C6
330
73F7
100
AcDbEntity
  8
livello 10
100
AcDbPolyline
 90
        8
 70
   129
 43
0.0
 10
90.1730094470517
 20
48.44891355375755
 42
-0.4142135623730951
 10
89.1730094470517
 20
49.44891355375755
 10
89.1730094470517
 20
63.44861355375754
 42
-0.4142135623730951
 10
90.1730094470517
 20
64.44861355375754
 10
104.1720094470517
 20
64.44861355375754
 42
-0.4142135623730951
 10
105.1720094470517
 20
63.44861355375754
 10
105.1720094470517
 20
49.44891355375755
 42
-0.4142135623730951
 10
104.1720094470517
 20
48.44891355375755
  0
LWPOLYLINE
  5
73C7
330
73F7
100
AcDbEntity
  8
livello 10
100
AcDbPolyline
 90
        8
 70
   129
 43
0.0
 10
70.12300944705171
 20
63.44861355375754
 42
-0.4142135623730951
 10
71.12300944705171
 20
64.44861355375754
 10
85.1220094470517
 20
64.44861355375754
 42
-0.4142135623730951
 10
86.1220094470517
 20
63.44861355375754
 10
86.1220094470517
 20
49.44891355375755
 42
-0.4142135623730951
 10
85.1220094470517
 20
48.44891355375755
 10
71.12300944705171
 20
48.44891355375755
 42
-0.4142135623730951
 10
70.12300944705171
 20
49.44891355375755
  0
LWPOLYLINE
  5
73C8
330
73F7
100
AcDbEntity
  8
livello 10
100
AcDbPolyline
 90
        8
 70
   129
 43
0.0
 10
33.02300944705166
 20
48.44891355375755
 42
-0.4142135623730951
 10
32.02300944705166
 20
49.44891355375755
 10
32.02300944705166
 20
63.44861355375754
 42
-0.4142135623730951
 10
33.02300944705166
 20
64.44861355375754
 10
47.02200944705166
 20
64.44861355375754
 42
-0.4142135623730951
 10
48.02200944705166
 20
63.44861355375754
 10
48.02200944705166
 20
49.44891355375755
 42
-0.4142135623730951
 10
47.02200944705166
 20
48.44891355375755
  0
LWPOLYLINE
  5
73C9
330
73F7
100
AcDbEntity
  8
livello 10
100
AcDbPolyline
 90
        8
 70
   129
 43
0.0
 10
59.0610342546326
 20
27.06803640070071
 42
-0.414214248974286
 10
58.35393002967073
 20
25.84328813944612
 10
44.83093002967074
 20
22.21978813944608
 42
-0.4142148966491832
 10
43.60618285369274
 20
22.92689737141569
 10
39.98288285369274
 20
36.44939737141573
 42
-0.4142116866198189
 10
40.68998707870244
 20
37.67413848957924
 10
54.21288707870244
 20
41.29763848957922
 42
-0.414213417251139
 10
55.4376342546326
 20
40.5905364007007
  0
LWPOLYLINE
  5
73CA
330
73F7
100
AcDbEntity
  8
livello 10
100
AcDbPolyline
 90
        8
 70
   129
 43
0.0
 10
83.1911094470517
 20
27.54131355375756
 42
-0.4142135623730951
 10
82.1911094470517
 20
26.54131355375756
 10
68.1921094470516
 20
26.54131355375756
 42
-0.4142135623730951
 10
67.1921094470516
 20
27.54131355375756
 10
67.1921094470516
 20
41.54081355375756
 42
-0.4142135623730951
 10
68.1921094470516
 20
42.54081355375756
 10
82.1911094470517
 20
42.54081355375756
 42
-0.4142135623730951
 10
83.1911094470517
 20
41.54081355375756
  0
LWPOLYLINE
  5
73CB
330
73F7
100
AcDbEntity
  8
livello 10
100
AcDbPolyline
 90
        8
 70
   129
 43
0.0
 10
71.1220094470517
 20
105.5989135537575
 42
-0.4142135623730951
 10
70.1220094470517
 20
106.5989135537575
 10
70.1220094470517
 20
120.5989135537576
 42
-0.4142135623730951
 10
71.1220094470517
 20
121.5989135537576
 10
85.1210094470517
 20
121.5989135537576
 42
-0.4142135623730951
 10
86.1210094470517
 20
120.5989135537576
 10
86.1210094470517
 20
106.5989135537575
 42
-0.4142135623730951
 10
85.1210094470517
 20
105.5989135537575
  0
LWPOLYLINE
  5
73CC
330
73F7
100
AcDbEntity
  8
livello 10
100
AcDbPolyline
 90
        9
 70
   129
 43
0.0
 10
32.02300944705166
 20
101.5486135537575
 10
32.02300944705166
 20
101.5488135537575
 42
-0.4142177468663815
 10
33.02302373378426
 20
102.5488135536555
 10
47.02202373378426
 20
102.5486135536555
 42
-0.414209377892188
 10
48.02200944705166
 20
101.5486135537576
 10
48.02200944705166
 20
87.54891355375756
 42
-0.4142135623730951
 10
47.02200944705166
 20
86.54891355375756
 10
33.02300944705166
 20
86.54891355375756
 42
-0.4142135623730951
 10
32.02300944705166
 20
87.54891355375756
  0
LWPOLYLINE
  5
73D7
330
73F7
100
AcDbEntity
  8
livello 10
100
AcDbPolyline
 90
        2
 70
   128
 43
0.0
 10
12.4316850370756
 20
32.87401183243488
 10
19.43168503707561
 20
20.74971183243487
  0
LWPOLYLINE
  5
73D8
330
73F7
100
AcDbEntity
  8
livello 10
100
AcDbPolyline
 90
        2
 70
   128
 43
0.0
 10
33.28763564274387
 20
28.74941218213056
 10
26.28763564274388
 20
40.87381218213055
  0
VIEWPORT
  5
74AB
330
73F3
100
AcDbEntity
 67
     1
  8
0
100
AcDbViewport
 10
128.5
 20
97.5
 30
0.0
 40
314.226
 41
222.18
 68
     1
 69
     1
 12
128.5
 22
97.5
 13
0.0
 23
0.0
 14
10.0
 24
10.0
 15
10.0
 25
10.0
 16
0.0
 26
0.0
 36
1.0
 17
0.0
 27
0.0
 37
0.0
 42
50.0
 43
0.0
 44
0.0
 45
222.18
 50
0.0
 51
0.0
 72
   100
 90
   557152
  1

281
     0
 71
     1
 74
     0
110
0.0
120
0.0
130
0.0
111
1.0
121
0.0
131
0.0
112
0.0
122
1.0
132
0.0
 79
     0
146
0.0
170
     0
 61
     5
348
7407
292
     1
282
     1
141
0.0
142
0.0
 63
   256
361
74AC
  0
ENDSEC
  0
SECTION
  2
OBJECTS
  0
DICTIONARY
  5
73E5
330
0
100
AcDbDictionary
281
     1
  3
ACAD_DETAILVIEWSTYLE
350
74B4
  3
ACAD_GROUP
350
73E6
  3
ACAD_LAYOUT
350
73F2
  3
ACAD_MATERIAL
350
741B
  3
ACAD_MLEADERSTYLE
350
7433
  3
ACAD_MLINESTYLE
350
73EF
  3
ACAD_PLOTSETTINGS
350
73F1
  3
ACAD_PLOTSTYLENAME
350
73E7
  3
ACAD_SCALELIST
350
741F
  3
ACAD_SECTIONVIEWSTYLE
350
74B5
  3
ACAD_TABLESTYLE
350
7431
  3
ACAD_VISUALSTYLE
350
7402
  3
AcDbVariableDictionary
350
74AD
  3
ACDB_RECOMPOSE_DATA
350
74B1
  3
QCAD_OBJECTS
350
7437
  0
SUN
  5
7435
330
7401
100
AcDbSun
 90
        1
290
     0
 63
     7
421
 16777215
 40
1.0
291
     1
 91
  2455826
 92
 54000000
292
     0
 70
     2
 71
   256
280
     1
  0
SUN
  5
74AC
330
74AB
100
AcDbSun
 90
        1
290
     0
 63
     7
421
 16777215
 40
1.0
291
     1
 91
  2455826
 92
 54000000
292
     0
 70
     2
 71
   256
280
     1
  0
DICTIONARY
  5
74B4
102
{ACAD_REACTORS
330
73E5
102
}
330
73E5
100
AcDbDictionary
281
     1
  0
DICTIONARY
  5
73E6
102
{ACAD_REACTORS
330
73E5
102
}
330
73E5
100
AcDbDictionary
281
     1
  0
DICTIONARY
  5
73F2
102
{ACAD_REACTORS
330
73E5
102
}
330
73E5
100
AcDbDictionary
281
     1
  3
Layout1
350
73F6
  3
Model
350
73FA
  0
DICTIONARY
  5
741B
102
{ACAD_REACTORS
330
73E5
102
}
330
73E5
100
AcDbDictionary
281
     1
  3
ByBlock
350
741D
  3
ByLayer
350
741C
  3
Global
350
741E
  0
DICTIONARY
  5
7433
102
{ACAD_REACTORS
330
73E5
102
}
330
73E5
100
AcDbDictionary
281
     1
  3
Standard
350
7434
  0
DICTIONARY
  5
73EF
102
{ACAD_REACTORS
330
73E5
102
}
330
73E5
100
AcDbDictionary
281
     1
  3
Standard
350
73F0
  0
DICTIONARY
  5
73F1
102
{ACAD_REACTORS
330
73E5
102
}
330
73E5
100
AcDbDictionary
281
     1
  0
ACDBDICTIONARYWDFLT
  5
73E7
102
{ACAD_REACTORS
330
73E5
102
}
330
73E5
100
AcDbDictionary
281
     1
  3
Normal
350
73E8
100
AcDbDictionaryWithDefault
340
73E8
  0
DICTIONARY
  5
741F
102
{ACAD_REACTORS
330
73E5
102
}
330
73E5
100
AcDbDictionary
281
     1
  3
A0
350
7420
  3
A1
350
7421
  3
A2
350
7422
  3
A3
350
7423
  3
A4
350
7424
  3
A5
350
7425
  3
A6
350
7426
  3
A7
350
7427
  3
A8
350
7428
  3
A9
350
7429
  3
B1
350
742A
  3
B2
350
742B
  3
B3
350
742C
  3
B4
350
742D
  3
B5
350
742E
  3
B6
350
742F
  3
B7
350
7430
  0
DICTIONARY
  5
74B5
102
{ACAD_REACTORS
330
73E5
102
}
330
73E5
100
AcDbDictionary
281
     1
  0
DICTIONARY
  5
7431
102
{ACAD_REACTORS
330
73E5
102
}
330
73E5
100
AcDbDictionary
281
     1
  3
Standard
350
7432
  0
DICTIONARY
  5
7402
102
{ACAD_REACTORS
330
73E5
102
}
330
73E5
100
AcDbDictionary
281
     1
  3
2dWireframe
350
7407
  3
Basic
350
740A
  3
Brighten
350
740E
  3
ColorChange
350
7412
  3
Conceptual
350
740C
  3
Dim
350
740D
  3
EdgeColorOff
350
7415
  3
Facepattern
350
7411
  3
Flat
350
7403
  3
FlatWithEdges
350
7404
  3
Gouraud
350
7405
  3
GouraudWithEdges
350
7406
  3
Hidden
350
7409
  3
JitterOff
350
7413
  3
Linepattern
350
7410
  3
OverhangOff
350
7414
  3
Realistic
350
740B
  3
Shaded
350
741A
  3
Shaded with edges
350
7419
  3
Shades of Gray
350
7416
  3
Sketchy
350
7417
  3
Thicken
350
740F
  3
Wireframe
350
7408
  3
X-Ray
350
7418
  0
DICTIONARY
  5
74AD
102
{ACAD_REACTORS
330
73E5
102
}
330
73E5
100
AcDbDictionary
281
     1
  3
CANNOSCALE
350
74AE
  3
CMLEADERSTYLE
350
74B3
  3
CTABLESTYLE
350
74B2
  0
XRECORD
  5
74B1
102
{ACAD_REACTORS
330
73E5
102
}
330
73E5
100
AcDbXrecord
280
     1
 90
        1
330
7432
  0
DICTIONARY
  5
7437
102
{ACAD_REACTORS
330
73E5
102
}
330
73E5
100
AcDbDictionary
281
     1
  3
ColorSettings/BackgroundColor
350
7439
  3
ColorSettings/ColorMode
350
743A
  3
Grid/DisplayGrid00
350
743B
  3
Grid/DisplayGrid01
350
743C
  3
Grid/DisplayGrid02
350
743D
  3
Grid/DisplayGrid03
350
743E
  3
Grid/GridSpacingX00
350
743F
  3
Grid/GridSpacingX01
350
7440
  3
Grid/GridSpacingX02
350
7441
  3
Grid/GridSpacingX03
350
7442
  3
Grid/GridSpacingY00
350
7443
  3
Grid/GridSpacingY01
350
7444
  3
Grid/GridSpacingY02
350
7445
  3
Grid/GridSpacingY03
350
7446
  3
Grid/IsometricGrid00
350
7447
  3
Grid/IsometricGrid01
350
7448
  3
Grid/IsometricGrid02
350
7449
  3
Grid/IsometricGrid03
350
744A
  3
Grid/IsometricProjection00
350
744B
  3
Grid/IsometricProjection01
350
744C
  3
Grid/IsometricProjection02
350
744D
  3
Grid/IsometricProjection03
350
744E
  3
Grid/MetaGridSpacingX00
350
744F
  3
Grid/MetaGridSpacingX01
350
7450
  3
Grid/MetaGridSpacingX02
350
7451
  3
Grid/MetaGridSpacingX03
350
7452
  3
Grid/MetaGridSpacingY00
350
7453
  3
Grid/MetaGridSpacingY01
350
7454
  3
Grid/MetaGridSpacingY02
350
7455
  3
Grid/MetaGridSpacingY03
350
7456
  3
MultiPageSettings/Columns
350
7457
  3
MultiPageSettings/GlueMarginsBottom
350
7458
  3
MultiPageSettings/GlueMarginsLeft
350
7459
  3
MultiPageSettings/GlueMarginsRight
350
745A
  3
MultiPageSettings/GlueMarginsTop
350
745B
  3
MultiPageSettings/PrintCropMarks
350
745C
  3
MultiPageSettings/Rows
350
745D
  3
PageSettings/OffsetX
350
745E
  3
PageSettings/OffsetY
350
745F
  3
PageSettings/PageOrientation
350
7460
  3
PageSettings/PaperHeight
350
7461
  3
PageSettings/PaperWidth
350
7462
  3
PageSettings/Scale
350
7463
  3
PageSettings/ShowPaperBorders
350
7464
  3
PageTagSettings/EnablePageTags
350
7465
  3
PageTagSettings/TagAlignment
350
7466
  3
PageTagSettings/TagFont
350
7467
  3
PageTagSettings/TagPosition
350
7468
  3
QCADVersion
350
7469
  3
UnitSettings/PaperUnit
350
746A
  3
ViewportCenter
350
746B
  3
ViewportHeight
350
746C
  3
ViewportWidth
350
746D
  0
LAYOUT
  5
73F6
102
{ACAD_REACTORS
330
73F2
102
}
330
73F2
100
AcDbPlotSettings
  1

  2
none_device
  4
ISO_A4_(210.00_x_297.00_MM)
  6

 40
7.5
 41
20.0
 42
7.5
 43
20.0
 44
210.0
 45
297.0
 46
0.0
 47
0.0
 48
0.0
 49
0.0
140
0.0
141
0.0
142
1.0
143
1.0
 70
   688
 72
     1
 73
     1
 74
     5
  7

 75
     0
 76
     0
 77
     2
 78
   300
147
1.0
148
0.0
149
0.0
100
AcDbLayout
  1
Layout1
 70
     1
 71
     0
 10
-20.0
 20
-7.5
 11
277.0
 21
202.5
 12
0.0
 22
0.0
 32
0.0
 14
0.0
 24
0.0
 34
0.0
 15
0.0
 25
0.0
 35
0.0
146
0.0
 13
0.0
 23
0.0
 33
0.0
 16
1.0
 26
0.0
 36
0.0
 17
0.0
 27
1.0
 37
0.0
 76
     0
330
73F3
331
74AB
  0
LAYOUT
  5
73FA
102
{ACAD_REACTORS
330
73F2
102
}
330
73F2
100
AcDbPlotSettings
  1

  2
none_device
  4
Letter_(8.50_x_11.00_Inches)
  6

 40
6.35
 41
6.35
 42
6.35000508
 43
6.35000508
 44
215.9
 45
279.4
 46
0.0
 47
0.0
 48
0.0
 49
0.0
140
0.0
141
0.0
142
1.0
143
1.0
 70
  1712
 72
     0
 73
     0
 74
     0
  7

 75
     0
 76
     0
 77
     2
 78
   300
147
1.0
148
0.0
149
0.0
100
AcDbLayout
  1
Model
 70
     1
 71
     0
 10
0.0
 20
0.0
 11
12.0
 21
9.0
 12
0.0
 22
0.0
 32
0.0
 14
-28.68652657284531
 24
-7.286442534433064
 34
0.0
 15
125.7217594520524
 25
131.0041073840441
 35
0.0
146
0.0
 13
0.0
 23
0.0
 33
0.0
 16
1.0
 26
0.0
 36
0.0
 17
0.0
 27
1.0
 37
0.0
 76
     0
330
73F7
331
7401
  0
MATERIAL
  5
741D
102
{ACAD_REACTORS
330
741B
102
}
330
741B
100
AcDbMaterial
  1
ByBlock
 72
     1
 94
      127
  0
MATERIAL
  5
741C
102
{ACAD_REACTORS
330
741B
102
}
330
741B
100
AcDbMaterial
  1
ByLayer
 72
     1
 94
      127
  0
MATERIAL
  5
741E
102
{ACAD_REACTORS
330
741B
102
}
330
741B
100
AcDbMaterial
  1
Global
 72
     1
 94
      127
  0
MLEADERSTYLE
  5
7434
102
{ACAD_REACTORS
330
7433
102
}
330
7433
100
AcDbMLeaderStyle
179
     2
170
     2
171
     1
172
     0
 90
        2
 40
0.0
 41
0.0
173
     1
 91
-1056964608
340
73EC
 92
       -2
290
     1
 42
0.09
291
     1
 43
0.36
  3
Standard
341
0
 44
0.18
300

342
73EA
174
     1
178
     6
175
     1
176
     0
 93
-1056964608
 45
0.18
292
     0
297
     0
 46
0.18
343
0
 94
-1056964608
 47
1.0
 49
1.0
140
1.0
293
     1
141
0.0
294
     1
177
     0
142
1.0
295
     0
296
     0
143
0.125
271
     0
272
     9
273
     9
298
     0
  0
MLINESTYLE
  5
73F0
102
{ACAD_REACTORS
330
73EF
102
}
330
73EF
100
AcDbMlineStyle
  2
Standard
 70
     0
  3

 62
   256
 51
90.0
 52
90.0
 71
     2
 49
0.5
 62
   256
  6
BYLAYER
 49
-0.5
 62
   256
  6
BYLAYER
  0
ACDBPLACEHOLDER
  5
73E8
102
{ACAD_REACTORS
330
73E7
102
}
330
73E7
  0
SCALE
  5
7420
102
{ACAD_REACTORS
330
741F
102
}
330
741F
100
AcDbScale
 70
     0
300
1:1
140
1.0
141
1.0
290
     1
  0
SCALE
  5
7421
102
{ACAD_REACTORS
330
741F
102
}
330
741F
100
AcDbScale
 70
     0
300
1/128" = 1'-0"
140
0.0078125
141
12.0
290
     0
  0
SCALE
  5
7422
102
{ACAD_REACTORS
330
741F
102
}
330
741F
100
AcDbScale
 70
     0
300
1/64" = 1'-0"
140
0.015625
141
12.0
290
     0
  0
SCALE
  5
7423
102
{ACAD_REACTORS
330
741F
102
}
330
741F
100
AcDbScale
 70
     0
300
1/32" = 1'-0"
140
0.03125
141
12.0
290
     0
  0
SCALE
  5
7424
102
{ACAD_REACTORS
330
741F
102
}
330
741F
100
AcDbScale
 70
     0
300
1/16" = 1'-0"
140
0.0625
141
12.0
290
     0
  0
SCALE
  5
7425
102
{ACAD_REACTORS
330
741F
102
}
330
741F
100
AcDbScale
 70
     0
300
3/32" = 1'-0"
140
0.09375
141
12.0
290
     0
  0
SCALE
  5
7426
102
{ACAD_REACTORS
330
741F
102
}
330
741F
100
AcDbScale
 70
     0
300
1/8" = 1'-0"
140
0.125
141
12.0
290
     0
  0
SCALE
  5
7427
102
{ACAD_REACTORS
330
741F
102
}
330
741F
100
AcDbScale
 70
     0
300
3/16" = 1'-0"
140
0.1875
141
12.0
290
     0
  0
SCALE
  5
7428
102
{ACAD_REACTORS
330
741F
102
}
330
741F
100
AcDbScale
 70
     0
300
1/4" = 1'-0"
140
0.25
141
12.0
290
     0
  0
SCALE
  5
7429
102
{ACAD_REACTORS
330
741F
102
}
330
741F
100
AcDbScale
 70
     0
300
3/8" = 1'-0"
140
0.375
141
12.0
290
     0
  0
SCALE
  5
742A
102
{ACAD_REACTORS
330
741F
102
}
330
741F
100
AcDbScale
 70
     0
300
1/2" = 1'-0"
140
0.5
141
12.0
290
     0
  0
SCALE
  5
742B
102
{ACAD_REACTORS
330
741F
102
}
330
741F
100
AcDbScale
 70
     0
300
3/4" = 1'-0"
140
0.75
141
12.0
290
     0
  0
SCALE
  5
742C
102
{ACAD_REACTORS
330
741F
102
}
330
741F
100
AcDbScale
 70
     0
300
1" = 1'-0"
140
1.0
141
12.0
290
     0
  0
SCALE
  5
742D
102
{ACAD_REACTORS
330
741F
102
}
330
741F
100
AcDbScale
 70
     0
300
1-1/2" = 1'-0"
140
1.5
141
12.0
290
     0
  0
SCALE
  5
742E
102
{ACAD_REACTORS
330
741F
102
}
330
741F
100
AcDbScale
 70
     0
300
3" = 1'-0"
140
3.0
141
12.0
290
     0
  0
SCALE
  5
742F
102
{ACAD_REACTORS
330
741F
102
}
330
741F
100
AcDbScale
 70
     0
300
6" = 1'-0"
140
6.0
141
12.0
290
     0
  0
SCALE
  5
7430
102
{ACAD_REACTORS
330
741F
102
}
330
741F
100
AcDbScale
 70
     0
300
1'-0" = 1'-0"
140
12.0
141
12.0
290
     0
  0
TABLESTYLE
  5
7432
102
{ACAD_REACTORS
330
7431
102
}
102
{ACAD_XDICTIONARY
360
74AF
102
}
330
7431
100
AcDbTableStyle
  3
Standard
 70
     0
 71
     0
 40
0.06
 41
0.06
280
     0
281
     0
  7
Standard
140
0.18
170
     2
 62
     0
 63
   257
283
     0
 90
        4
 91
        0
  1

274
    -2
284
     1
 64
     0
275
    -2
285
     1
 65
     0
276
    -2
286
     1
 66
     0
277
    -2
287
     1
 67
     0
278
    -2
288
     1
 68
     0
279
    -2
289
     1
 69
     0
  7
Standard
140
0.25
170
     5
 62
     0
 63
   257
283
     0
 90
        4
 91
        0
  1

274
    -2
284
     1
 64
     0
275
    -2
285
     1
 65
     0
276
    -2
286
     1
 66
     0
277
    -2
287
     1
 67
     0
278
    -2
288
     1
 68
     0
279
    -2
289
     1
 69
     0
  7
Standard
140
0.18
170
     5
 62
     0
 63
   257
283
     0
 90
        4
 91
        0
  1

274
    -2
284
     1
 64
     0
275
    -2
285
     1
 65
     0
276
    -2
286
     1
 66
     0
277
    -2
287
     1
 67
     0
278
    -2
288
     1
 68
     0
279
    -2
289
     1
 69
     0
  0
VISUALSTYLE
  5
7407
102
{ACAD_REACTORS
330
7402
102
}
330
7402
100
AcDbVisualStyle
  2
2dWireframe
 70
     4
177
     3
291
     0
 70
    58
 90
        0
176
     1
 90
        2
176
     1
 90
        0
176
     1
 90
        0
176
     1
 40
0.6
176
     1
 40
30.0
176
     1
 62
     7
420
 16777215
176
     1
 90
        1
176
     1
 90
        4
176
     1
 62
     7
176
     1
 62
   257
176
     1
 90
        1
176
     1
 90
        1
176
     1
 40
1.0
176
     1
 90
        0
176
     1
 62
   257
176
     1
 40
1.0
176
     1
 90
        1
176
     1
 90
        6
176
     1
 90
        2
176
     1
 62
     7
176
     1
 90
        5
176
     1
 90
        0
176
     1
 90
        0
176
     1
290
     0
176
     1
 90
        1
176
     1
 40
0.0
176
     1
 90
        0
176
     1
290
     1
176
     1
290
     1
176
     1
290
     0
176
     1
290
     0
176
     1
290
     0
176
     1
290
     0
176
     1
290
     0
176
     1
290
     0
176
     1
290
     0
176
     1
 90
       50
176
     1
 40
0.0
176
     1
 40
1.0
176
     1
 90
        0
176
     1
 62
    18
420
        0
176
     1
 90
       50
176
     1
 90
        3
176
     1
 62
     5
420
      255
176
     1
290
     0
176
     1
 90
       50
176
     1
 90
       50
176
     1
 90
       50
176
     1
290
     0
176
     1
 90
       50
176
     1
 62
   256
176
     0
 40
1.0
176
     0
 90
        2
176
     1
  1
strokes_ogs.tif
176
     1
290
     0
176
     1
 40
1.0
176
     1
 40
1.0
176
     1
  0
VISUALSTYLE
  5
740A
102
{ACAD_REACTORS
330
7402
102
}
330
7402
100
AcDbVisualStyle
  2
Basic
 70
     7
177
     3
291
     1
 70
    58
 90
        1
176
     1
 90
        0
176
     1
 90
        1
176
     1
 90
        0
176
     1
 40
0.6
176
     1
 40
30.0
176
     1
 62
     7
420
 16777215
176
     1
 90
        0
176
     1
 90
        4
176
     1
 62
     7
176
     1
 62
   257
176
     1
 90
        1
176
     1
 90
        1
176
     1
 40
1.0
176
     1
 90
        8
176
     1
 62
     7
176
     1
 40
1.0
176
     1
 90
        1
176
     1
 90
        6
176
     1
 90
        2
176
     1
 62
     7
176
     1
 90
        5
176
     1
 90
        0
176
     1
 90
        0
176
     1
290
     0
176
     1
 90
        1
176
     1
 40
0.0
176
     1
 90
        0
176
     1
290
     0
176
     1
290
     1
176
     1
290
     1
176
     1
290
     0
176
     1
290
     0
176
     1
290
     0
176
     1
290
     0
176
     1
290
     0
176
     1
290
     0
176
     1
 90
       50
176
     1
 40
0.0
176
     1
 40
1.0
176
     1
 90
        0
176
     1
 62
    18
420
        0
176
     1
 90
       50
176
     1
 90
        3
176
     1
 62
     5
420
      255
176
     1
290
     0
176
     1
 90
       50
176
     1
 90
       50
176
     1
 90
       50
176
     1
290
     0
176
     1
 90
       50
176
     1
 62
   256
176
     0
 40
1.0
176
     0
 90
        2
176
     1
  1
strokes_ogs.tif
176
     1
290
     0
176
     1
 40
1.0
176
     1
 40
1.0
176
     1
  0
VISUALSTYLE
  5
740E
102
{ACAD_REACTORS
330
7402
102
}
330
7402
100
AcDbVisualStyle
  2
Brighten
 70
    12
177
     3
291
     1
 70
    58
 90
        2
176
     1
 90
        2
176
     1
 90
        0
176
     1
 90
        0
176
     1
 40
0.6
176
     1
 40
30.0
176
     1
 62
     7
420
 16777215
176
     1
 90
        1
176
     1
 90
        4
176
     1
 62
     7
176
     1
 62
   257
176
     1
 90
        1
176
     1
 90
        1
176
     1
 40
1.0
176
     1
 90
        8
176
     1
 62
     7
176
     1
 40
1.0
176
     1
 90
        1
176
     1
 90
        6
176
     1
 90
        2
176
     1
 62
     7
176
     1
 90
        5
176
     1
 90
        0
176
     1
 90
        0
176
     1
290
     0
176
     1
 90
        1
176
     1
 40
50.0
176
     1
 90
        0
176
     1
290
     0
176
     1
290
     1
176
     1
290
     1
176
     1
290
     0
176
     1
290
     0
176
     1
290
     0
176
     1
290
     0
176
     1
290
     0
176
     1
290
     0
176
     1
 90
       50
176
     1
 40
0.0
176
     1
 40
1.0
176
     1
 90
        0
176
     1
 62
    18
420
        0
176
     1
 90
       50
176
     1
 90
        3
176
     1
 62
     5
420
      255
176
     1
290
     0
176
     1
 90
       50
176
     1
 90
       50
176
     1
 90
       50
176
     1
290
     0
176
     1
 90
       50
176
     1
 62
   256
176
     0
 40
1.0
176
     0
 90
        2
176
     1
  1
strokes_ogs.tif
176
     1
290
     0
176
     1
 40
1.0
176
     1
 40
1.0
176
     1
  0
VISUALSTYLE
  5
7412
102
{ACAD_REACTORS
330
7402
102
}
330
7402
100
AcDbVisualStyle
  2
ColorChange
 70
    16
177
     3
291
     1
 70
    58
 90
        2
176
     1
 90
        2
176
     1
 90
        3
176
     1
 90
        0
176
     1
 40
0.6
176
     1
 40
30.0
176
     1
 62
     8
420
  8421504
176
     1
 90
        1
176
     1
 90
        4
176
     1
 62
     7
176
     1
 62
   257
176
     1
 90
        1
176
     1
 90
        1
176
     1
 40
1.0
176
     1
 90
        8
176
     1
 62
     8
420
  8421504
176
     1
 40
1.0
176
     1
 90
        1
176
     1
 90
        6
176
     1
 90
        2
176
     1
 62
     7
176
     1
 90
        5
176
     1
 90
        0
176
     1
 90
        0
176
     1
290
     0
176
     1
 90
        1
176
     1
 40
0.0
176
     1
 90
        0
176
     1
290
     0
176
     1
290
     1
176
     1
290
     1
176
     1
290
     0
176
     1
290
     0
176
     1
290
     0
176
     1
290
     0
176
     1
290
     0
176
     1
290
     0
176
     1
 90
       50
176
     1
 40
0.0
176
     1
 40
1.0
176
     1
 90
        0
176
     1
 62
    18
420
        0
176
     1
 90
       50
176
     1
 90
        3
176
     1
 62
     5
420
      255
176
     1
290
     0
176
     1
 90
       50
176
     1
 90
       50
176
     1
 90
       50
176
     1
290
     0
176
     1
 90
       50
176
     1
 62
   256
176
     0
 40
1.0
176
     0
 90
        2
176
     1
  1
strokes_ogs.tif
176
     1
290
     0
176
     1
 40
1.0
176
     1
 40
1.0
176
     1
  0
VISUALSTYLE
  5
740C
102
{ACAD_REACTORS
330
7402
102
}
330
7402
100
AcDbVisualStyle
  2
Conceptual
 70
     9
177
     3
291
     0
 70
    58
 90
        3
176
     1
 90
        2
176
     1
 90
        0
176
     1
 90
        0
176
     1
 40
0.6
176
     1
 40
30.0
176
     1
 62
     7
420
 16777215
176
     1
 90
        2
176
     1
 90
        2
176
     1
 62
     7
176
     1
 62
   257
176
     1
 90
        1
176
     1
 90
        1
176
     1
 40
179.0
176
     1
 90
        8
176
     1
 62
     7
176
     1
 40
1.0
176
     1
 90
        1
176
     1
 90
        6
176
     1
 90
        2
176
     1
 62
     7
176
     1
 90
        3
176
     1
 90
        0
176
     1
 90
        0
176
     1
290
     0
176
     1
 90
        1
176
     1
 40
0.0
176
     1
 90
        0
176
     1
290
     0
176
     1
290
     1
176
     1
290
     1
176
     1
290
     0
176
     1
290
     0
176
     1
290
     0
176
     1
290
     0
176
     1
290
     0
176
     1
290
     0
176
     1
 90
       50
176
     1
 40
0.0
176
     1
 40
1.0
176
     1
 90
        0
176
     1
 62
    18
420
        0
176
     1
 90
       50
176
     1
 90
        3
176
     1
 62
     5
420
      255
176
     1
290
     0
176
     1
 90
       50
176
     1
 90
       50
176
     1
 90
       50
176
     1
290
     0
176
     1
 90
       50
176
     1
 62
   256
176
     0
 40
1.0
176
     0
 90
        2
176
     1
  1
strokes_ogs.tif
176
     1
290
     0
176
     1
 40
1.0
176
     1
 40
1.0
176
     1
  0
VISUALSTYLE
  5
740D
102
{ACAD_REACTORS
330
7402
102
}
330
7402
100
AcDbVisualStyle
  2
Dim
 70
    11
177
     3
291
     1
 70
    58
 90
        2
176
     1
 90
        2
176
     1
 90
        0
176
     1
 90
        0
176
     1
 40
0.6
176
     1
 40
30.0
176
     1
 62
     7
420
 16777215
176
     1
 90
        1
176
     1
 90
        4
176
     1
 62
     7
176
     1
 62
   257
176
     1
 90
        1
176
     1
 90
        1
176
     1
 40
1.0
176
     1
 90
        8
176
     1
 62
     7
176
     1
 40
1.0
176
     1
 90
        1
176
     1
 90
        6
176
     1
 90
        2
176
     1
 62
     7
176
     1
 90
        5
176
     1
 90
        0
176
     1
 90
        0
176
     1
290
     0
176
     1
 90
        1
176
     1
 40
-50.0
176
     1
 90
        0
176
     1
290
     0
176
     1
290
     1
176
     1
290
     1
176
     1
290
     0
176
     1
290
     0
176
     1
290
     0
176
     1
290
     0
176
     1
290
     0
176
     1
290
     0
176
     1
 90
       50
176
     1
 40
0.0
176
     1
 40
1.0
176
     1
 90
        0
176
     1
 62
    18
420
        0
176
     1
 90
       50
176
     1
 90
        3
176
     1
 62
     5
420
      255
176
     1
290
     0
176
     1
 90
       50
176
     1
 90
       50
176
     1
 90
       50
176
     1
290
     0
176
     1
 90
       50
176
     1
 62
   256
176
     0
 40
1.0
176
     0
 90
        2
176
     1
  1
strokes_ogs.tif
176
     1
290
     0
176
     1
 40
1.0
176
     1
 40
1.0
176
     1
  0
VISUALSTYLE
  5
7415
102
{ACAD_REACTORS
330
7402
102
}
330
7402
100
AcDbVisualStyle
  2
EdgeColorOff
 70
    22
177
     3
291
     1
 70
    58
 90
        2
176
     0
 90
        2
176
     0
 90
        0
176
     0
 90
        0
176
     0
 40
0.6
176
     0
 40
30.0
176
     0
 62
     7
420
 16777215
176
     0
 90
        1
176
     0
 90
        4
176
     0
 62
     7
176
     0
 62
   257
176
     0
 90
        1
176
     0
 90
        1
176
     0
 40
1.0
176
     0
 90
        8
176
     2
 62
     7
176
     0
 40
1.0
176
     0
 90
        1
176
     0
 90
        6
176
     0
 90
        2
176
     0
 62
     7
176
     0
 90
        5
176
     0
 90
        0
176
     0
 90
        0
176
     0
290
     0
176
     0
 90
        1
176
     0
 40
0.0
176
     0
 90
        0
176
     0
290
     0
176
     0
290
     1
176
     0
290
     1
176
     0
290
     0
176
     0
290
     0
176
     0
290
     0
176
     0
290
     0
176
     0
290
     0
176
     0
290
     0
176
     0
 90
       50
176
     0
 40
0.0
176
     0
 40
1.0
176
     0
 90
        0
176
     0
 62
    18
420
        0
176
     0
 90
       50
176
     0
 90
        3
176
     0
 62
     5
420
      255
176
     0
290
     0
176
     0
 90
       50
176
     0
 90
       50
176
     0
 90
       50
176
     0
290
     0
176
     0
 90
       50
176
     0
 62
   256
176
     0
 40
1.0
176
     0
 90
        2
176
     0
  1
strokes_ogs.tif
176
     0
290
     0
176
     0
 40
1.0
176
     0
 40
1.0
176
     0
  0
VISUALSTYLE
  5
7411
102
{ACAD_REACTORS
330
7402
102
}
330
7402
100
AcDbVisualStyle
  2
Facepattern
 70
    15
177
     3
291
     1
 70
    58
 90
        2
176
     1
 90
        2
176
     1
 90
        0
176
     1
 90
        0
176
     1
 40
0.6
176
     1
 40
30.0
176
     1
 62
     7
420
 16777215
176
     1
 90
        1
176
     1
 90
        4
176
     1
 62
     7
176
     1
 62
   257
176
     1
 90
        1
176
     1
 90
        1
176
     1
 40
1.0
176
     1
 90
        8
176
     1
 62
     7
176
     1
 40
1.0
176
     1
 90
        1
176
     1
 90
        6
176
     1
 90
        2
176
     1
 62
     7
176
     1
 90
        5
176
     1
 90
        0
176
     1
 90
        0
176
     1
290
     0
176
     1
 90
        1
176
     1
 40
0.0
176
     1
 90
        0
176
     1
290
     0
176
     1
290
     1
176
     1
290
     1
176
     1
290
     0
176
     1
290
     0
176
     1
290
     0
176
     1
290
     0
176
     1
290
     0
176
     1
290
     0
176
     1
 90
       50
176
     1
 40
0.0
176
     1
 40
1.0
176
     1
 90
        0
176
     1
 62
    18
420
        0
176
     1
 90
       50
176
     1
 90
        3
176
     1
 62
     5
420
      255
176
     1
290
     0
176
     1
 90
       50
176
     1
 90
       50
176
     1
 90
       50
176
     1
290
     0
176
     1
 90
       50
176
     1
 62
   256
176
     0
 40
1.0
176
     0
 90
        2
176
     1
  1
strokes_ogs.tif
176
     1
290
     0
176
     1
 40
1.0
176
     1
 40
1.0
176
     1
  0
VISUALSTYLE
  5
7403
102
{ACAD_REACTORS
330
7402
102
}
330
7402
100
AcDbVisualStyle
  2
Flat
 70
     0
177
     3
291
     1
 70
    58
 90
        2
176
     1
 90
        1
176
     1
 90
        1
176
     1
 90
        2
176
     1
 40
0.6
176
     1
 40
30.0
176
     1
 62
     7
420
 16777215
176
     1
 90
        0
176
     1
 90
        0
176
     1
 62
     7
176
     1
 62
   257
176
     1
 90
        1
176
     1
 90
        1
176
     1
 40
1.0
176
     1
 90
        8
176
     1
 62
     7
176
     1
 40
1.0
176
     1
 90
        1
176
     1
 90
        6
176
     1
 90
        2
176
     1
 62
     7
176
     1
 90
        5
176
     1
 90
        0
176
     1
 90
        0
176
     1
290
     0
176
     1
 90
       13
176
     1
 40
0.0
176
     1
 90
        0
176
     1
290
     0
176
     1
290
     1
176
     1
290
     1
176
     1
290
     0
176
     1
290
     0
176
     1
290
     0
176
     1
290
     0
176
     1
290
     0
176
     1
290
     0
176
     1
 90
       50
176
     1
 40
0.0
176
     1
 40
1.0
176
     1
 90
        0
176
     1
 62
    18
420
        0
176
     1
 90
       50
176
     1
 90
        3
176
     1
 62
     5
420
      255
176
     1
290
     0
176
     1
 90
       50
176
     1
 90
       50
176
     1
 90
       50
176
     1
290
     0
176
     1
 90
       50
176
     1
 62
   256
176
     0
 40
1.0
176
     0
 90
        2
176
     1
  1
strokes_ogs.tif
176
     1
290
     0
176
     1
 40
1.0
176
     1
 40
1.0
176
     1
  0
VISUALSTYLE
  5
7404
102
{ACAD_REACTORS
330
7402
102
}
330
7402
100
AcDbVisualStyle
  2
FlatWithEdges
 70
     1
177
     3
291
     1
 70
    58
 90
        2
176
     1
 90
        1
176
     1
 90
        1
176
     1
 90
        2
176
     1
 40
0.6
176
     1
 40
30.0
176
     1
 62
     7
420
 16777215
176
     1
 90
        1
176
     1
 90
        0
176
     1
 62
     7
176
     1
 62
   257
176
     1
 90
        1
176
     1
 90
        1
176
     1
 40
1.0
176
     1
 90
        0
176
     1
 62
   257
176
     1
 40
1.0
176
     1
 90
        1
176
     1
 90
        6
176
     1
 90
        2
176
     1
 62
     7
176
     1
 90
        5
176
     1
 90
        0
176
     1
 90
        0
176
     1
290
     0
176
     1
 90
       13
176
     1
 40
0.0
176
     1
 90
        0
176
     1
290
     0
176
     1
290
     1
176
     1
290
     1
176
     1
290
     0
176
     1
290
     0
176
     1
290
     0
176
     1
290
     0
176
     1
290
     0
176
     1
290
     0
176
     1
 90
       50
176
     1
 40
0.0
176
     1
 40
1.0
176
     1
 90
        0
176
     1
 62
    18
420
        0
176
     1
 90
       50
176
     1
 90
        3
176
     1
 62
     5
420
      255
176
     1
290
     0
176
     1
 90
       50
176
     1
 90
       50
176
     1
 90
       50
176
     1
290
     0
176
     1
 90
       50
176
     1
 62
   256
176
     0
 40
1.0
176
     0
 90
        2
176
     1
  1
strokes_ogs.tif
176
     1
290
     0
176
     1
 40
1.0
176
     1
 40
1.0
176
     1
  0
VISUALSTYLE
  5
7405
102
{ACAD_REACTORS
330
7402
102
}
330
7402
100
AcDbVisualStyle
  2
Gouraud
 70
     2
177
     3
291
     1
 70
    58
 90
        2
176
     1
 90
        2
176
     1
 90
        1
176
     1
 90
        2
176
     1
 40
0.6
176
     1
 40
30.0
176
     1
 62
     7
420
 16777215
176
     1
 90
        0
176
     1
 90
        0
176
     1
 62
     7
176
     1
 62
   257
176
     1
 90
        1
176
     1
 90
        1
176
     1
 40
1.0
176
     1
 90
        0
176
     1
 62
     7
176
     1
 40
1.0
176
     1
 90
        1
176
     1
 90
        6
176
     1
 90
        2
176
     1
 62
     7
176
     1
 90
        5
176
     1
 90
        0
176
     1
 90
        0
176
     1
290
     0
176
     1
 90
       13
176
     1
 40
0.0
176
     1
 90
        0
176
     1
290
     0
176
     1
290
     1
176
     1
290
     1
176
     1
290
     0
176
     1
290
     0
176
     1
290
     0
176
     1
290
     0
176
     1
290
     0
176
     1
290
     0
176
     1
 90
       50
176
     1
 40
0.0
176
     1
 40
1.0
176
     1
 90
        0
176
     1
 62
    18
420
        0
176
     1
 90
       50
176
     1
 90
        3
176
     1
 62
     5
420
      255
176
     1
290
     0
176
     1
 90
       50
176
     1
 90
       50
176
     1
 90
       50
176
     1
290
     0
176
     1
 90
       50
176
     1
 62
   256
176
     0
 40
1.0
176
     0
 90
        2
176
     1
  1
strokes_ogs.tif
176
     1
290
     0
176
     1
 40
1.0
176
     1
 40
1.0
176
     1
  0
VISUALSTYLE
  5
7406
102
{ACAD_REACTORS
330
7402
102
}
330
7402
100
AcDbVisualStyle
  2
GouraudWithEdges
 70
     3
177
     3
291
     1
 70
    58
 90
        2
176
     1
 90
        2
176
     1
 90
        1
176
     1
 90
        2
176
     1
 40
0.6
176
     1
 40
30.0
176
     1
 62
     7
420
 16777215
176
     1
 90
        1
176
     1
 90
        0
176
     1
 62
     7
176
     1
 62
   257
176
     1
 90
        1
176
     1
 90
        1
176
     1
 40
1.0
176
     1
 90
        0
176
     1
 62
   257
176
     1
 40
1.0
176
     1
 90
        1
176
     1
 90
        6
176
     1
 90
        2
176
     1
 62
     7
176
     1
 90
        5
176
     1
 90
        0
176
     1
 90
        0
176
     1
290
     0
176
     1
 90
       13
176
     1
 40
0.0
176
     1
 90
        0
176
     1
290
     0
176
     1
290
     1
176
     1
290
     1
176
     1
290
     0
176
     1
290
     0
176
     1
290
     0
176
     1
290
     0
176
     1
290
     0
176
     1
290
     0
176
     1
 90
       50
176
     1
 40
0.0
176
     1
 40
1.0
176
     1
 90
        0
176
     1
 62
    18
420
        0
176
     1
 90
       50
176
     1
 90
        3
176
     1
 62
     5
420
      255
176
     1
290
     0
176
     1
 90
       50
176
     1
 90
       50
176
     1
 90
       50
176
     1
290
     0
176
     1
 90
       50
176
     1
 62
   256
176
     0
 40
1.0
176
     0
 90
        2
176
     1
  1
strokes_ogs.tif
176
     1
290
     0
176
     1
 40
1.0
176
     1
 40
1.0
176
     1
  0
VISUALSTYLE
  5
7409
102
{ACAD_REACTORS
330
7402
102
}
330
7402
100
AcDbVisualStyle
  2
Hidden
 70
     6
177
     3
291
     0
 70
    58
 90
        1
176
     1
 90
        2
176
     1
 90
        2
176
     1
 90
        0
176
     1
 40
0.6
176
     1
 40
30.0
176
     1
 62
     7
420
 16777215
176
     1
 90
        2
176
     1
 90
        2
176
     1
 62
     7
176
     1
 62
   257
176
     1
 90
        2
176
     1
 90
        1
176
     1
 40
40.0
176
     1
 90
        0
176
     1
 62
   257
176
     1
 40
1.0
176
     1
 90
        1
176
     1
 90
        6
176
     1
 90
        2
176
     1
 62
     7
176
     1
 90
        3
176
     1
 90
        0
176
     1
 90
        0
176
     1
290
     0
176
     1
 90
        1
176
     1
 40
0.0
176
     1
 90
        0
176
     1
290
     0
176
     1
290
     1
176
     1
290
     1
176
     1
290
     0
176
     1
290
     0
176
     1
290
     0
176
     1
290
     0
176
     1
290
     0
176
     1
290
     0
176
     1
 90
       50
176
     1
 40
0.0
176
     1
 40
1.0
176
     1
 90
        0
176
     1
 62
    18
420
        0
176
     1
 90
       50
176
     1
 90
        3
176
     1
 62
     5
420
      255
176
     1
290
     0
176
     1
 90
       50
176
     1
 90
       50
176
     1
 90
       50
176
     1
290
     0
176
     1
 90
       50
176
     1
 62
   256
176
     0
 40
1.0
176
     0
 90
        2
176
     1
  1
strokes_ogs.tif
176
     1
290
     0
176
     1
 40
1.0
176
     1
 40
1.0
176
     1
  0
VISUALSTYLE
  5
7413
102
{ACAD_REACTORS
330
7402
102
}
330
7402
100
AcDbVisualStyle
  2
JitterOff
 70
    20
177
     3
291
     1
 70
    58
 90
        2
176
     0
 90
        2
176
     0
 90
        0
176
     0
 90
        0
176
     0
 40
0.6
176
     0
 40
30.0
176
     0
 62
     7
420
 16777215
176
     0
 90
        1
176
     0
 90
        4
176
     0
 62
     7
176
     0
 62
   257
176
     0
 90
        1
176
     0
 90
        1
176
     0
 40
1.0
176
     0
 90
       10
176
     2
 62
     7
176
     0
 40
1.0
176
     0
 90
        1
176
     0
 90
        6
176
     0
 90
        2
176
     0
 62
     7
176
     0
 90
        5
176
     0
 90
        0
176
     0
 90
        0
176
     0
290
     0
176
     0
 90
        1
176
     0
 40
0.0
176
     0
 90
        0
176
     0
290
     0
176
     0
290
     1
176
     0
290
     1
176
     0
290
     0
176
     0
290
     0
176
     0
290
     0
176
     0
290
     0
176
     0
290
     0
176
     0
290
     0
176
     0
 90
       50
176
     0
 40
0.0
176
     0
 40
1.0
176
     0
 90
        0
176
     0
 62
    18
420
        0
176
     0
 90
       50
176
     0
 90
        3
176
     0
 62
     5
420
      255
176
     0
290
     0
176
     0
 90
       50
176
     0
 90
       50
176
     0
 90
       50
176
     0
290
     0
176
     0
 90
       50
176
     0
 62
   256
176
     0
 40
1.0
176
     0
 90
        2
176
     0
  1
strokes_ogs.tif
176
     0
290
     0
176
     0
 40
1.0
176
     0
 40
1.0
176
     0
  0
VISUALSTYLE
  5
7410
102
{ACAD_REACTORS
330
7402
102
}
330
7402
100
AcDbVisualStyle
  2
Linepattern
 70
    14
177
     3
291
     1
 70
    58
 90
        2
176
     1
 90
        2
176
     1
 90
        0
176
     1
 90
        0
176
     1
 40
0.6
176
     1
 40
30.0
176
     1
 62
     7
420
 16777215
176
     1
 90
        1
176
     1
 90
        4
176
     1
 62
     7
176
     1
 62
   257
176
     1
 90
        7
176
     1
 90
        7
176
     1
 40
1.0
176
     1
 90
        8
176
     1
 62
     7
176
     1
 40
1.0
176
     1
 90
        1
176
     1
 90
        6
176
     1
 90
        2
176
     1
 62
     7
176
     1
 90
        5
176
     1
 90
        0
176
     1
 90
        0
176
     1
290
     0
176
     1
 90
        1
176
     1
 40
0.0
176
     1
 90
        0
176
     1
290
     0
176
     1
290
     1
176
     1
290
     1
176
     1
290
     0
176
     1
290
     0
176
     1
290
     0
176
     1
290
     0
176
     1
290
     0
176
     1
290
     0
176
     1
 90
       50
176
     1
 40
0.0
176
     1
 40
1.0
176
     1
 90
        0
176
     1
 62
    18
420
        0
176
     1
 90
       50
176
     1
 90
        3
176
     1
 62
     5
420
      255
176
     1
290
     0
176
     1
 90
       50
176
     1
 90
       50
176
     1
 90
       50
176
     1
290
     0
176
     1
 90
       50
176
     1
 62
   256
176
     0
 40
1.0
176
     0
 90
        2
176
     1
  1
strokes_ogs.tif
176
     1
290
     0
176
     1
 40
1.0
176
     1
 40
1.0
176
     1
  0
VISUALSTYLE
  5
7414
102
{ACAD_REACTORS
330
7402
102
}
330
7402
100
AcDbVisualStyle
  2
OverhangOff
 70
    21
177
     3
291
     1
 70
    58
 90
        2
176
     0
 90
        2
176
     0
 90
        0
176
     0
 90
        0
176
     0
 40
0.6
176
     0
 40
30.0
176
     0
 62
     7
420
 16777215
176
     0
 90
        1
176
     0
 90
        4
176
     0
 62
     7
176
     0
 62
   257
176
     0
 90
        1
176
     0
 90
        1
176
     0
 40
1.0
176
     0
 90
        9
176
     2
 62
     7
176
     0
 40
1.0
176
     0
 90
        1
176
     0
 90
        6
176
     0
 90
        2
176
     0
 62
     7
176
     0
 90
        5
176
     0
 90
        0
176
     0
 90
        0
176
     0
290
     0
176
     0
 90
        1
176
     0
 40
0.0
176
     0
 90
        0
176
     0
290
     0
176
     0
290
     1
176
     0
290
     1
176
     0
290
     0
176
     0
290
     0
176
     0
290
     0
176
     0
290
     0
176
     0
290
     0
176
     0
290
     0
176
     0
 90
       50
176
     0
 40
0.0
176
     0
 40
1.0
176
     0
 90
        0
176
     0
 62
    18
420
        0
176
     0
 90
       50
176
     0
 90
        3
176
     0
 62
     5
420
      255
176
     0
290
     0
176
     0
 90
       50
176
     0
 90
       50
176
     0
 90
       50
176
     0
290
     0
176
     0
 90
       50
176
     0
 62
   256
176
     0
 40
1.0
176
     0
 90
        2
176
     0
  1
strokes_ogs.tif
176
     0
290
     0
176
     0
 40
1.0
176
     0
 40
1.0
176
     0
  0
VISUALSTYLE
  5
740B
102
{ACAD_REACTORS
330
7402
102
}
330
7402
100
AcDbVisualStyle
  2
Realistic
 70
     8
177
     3
291
     0
 70
    58
 90
        2
176
     1
 90
        3
176
     1
 90
        0
176
     1
 90
        2
176
     1
 40
0.6
176
     1
 40
30.0
176
     1
 62
     7
420
 16777215
176
     1
 90
        0
176
     1
 90
        0
176
     1
 62
     7
176
     1
 62
   257
176
     1
 90
        1
176
     1
 90
        1
176
     1
 40
1.0
176
     1
 90
        8
176
     1
 62
   257
176
     1
 40
1.0
176
     1
 90
        1
176
     1
 90
        6
176
     1
 90
        2
176
     1
 62
     7
176
     1
 90
        3
176
     1
 90
        0
176
     1
 90
        0
176
     1
290
     0
176
     1
 90
       13
176
     1
 40
0.0
176
     1
 90
        0
176
     1
290
     0
176
     1
290
     1
176
     1
290
     1
176
     1
290
     0
176
     1
290
     0
176
     1
290
     0
176
     1
290
     0
176
     1
290
     0
176
     1
290
     0
176
     1
 90
       50
176
     1
 40
0.0
176
     1
 40
1.0
176
     1
 90
        0
176
     1
 62
    18
420
        0
176
     1
 90
       50
176
     1
 90
        3
176
     1
 62
     5
420
      255
176
     1
290
     0
176
     1
 90
       50
176
     1
 90
       50
176
     1
 90
       50
176
     1
290
     0
176
     1
 90
       50
176
     1
 62
   256
176
     0
 40
1.0
176
     0
 90
        2
176
     1
  1
strokes_ogs.tif
176
     1
290
     0
176
     1
 40
1.0
176
     1
 40
1.0
176
     1
  0
VISUALSTYLE
  5
741A
102
{ACAD_REACTORS
330
7402
102
}
330
7402
100
AcDbVisualStyle
  2
Shaded
 70
    27
177
     3
291
     0
 70
    58
 90
        2
176
     1
 90
        2
176
     1
 90
        1
176
     1
 90
        2
176
     1
 40
0.6
176
     1
 40
30.0
176
     1
 62
     7
420
 16777215
176
     1
 90
        0
176
     1
 90
        4
176
     1
 62
     7
176
     1
 62
   257
176
     1
 90
        1
176
     1
 90
        1
176
     1
 40
1.0
176
     1
 90
        8
176
     1
 62
   257
176
     1
 40
1.0
176
     1
 90
        1
176
     1
 90
        6
176
     1
 90
        2
176
     1
 62
     8
420
  7895160
176
     1
 90
        3
176
     1
 90
        0
176
     1
 90
        0
176
     1
290
     0
176
     1
 90
        5
176
     1
 40
0.0
176
     1
 90
        0
176
     1
290
     0
176
     1
290
     1
176
     1
290
     1
176
     1
290
     0
176
     1
290
     0
176
     1
290
     0
176
     1
290
     0
176
     1
290
     0
176
     1
290
     0
176
     1
 90
       50
176
     1
 40
0.0
176
     1
 40
1.0
176
     1
 90
        0
176
     1
 62
    18
420
        0
176
     1
 90
       50
176
     1
 90
        3
176
     1
 62
     5
420
      255
176
     1
290
     0
176
     1
 90
       50
176
     1
 90
       50
176
     1
 90
       50
176
     1
290
     0
176
     1
 90
       50
176
     1
 62
   256
176
     0
 40
1.0
176
     0
 90
        2
176
     1
  1
strokes_ogs.tif
176
     1
290
     0
176
     1
 40
1.0
176
     1
 40
1.0
176
     1
  0
VISUALSTYLE
  5
7419
102
{ACAD_REACTORS
330
7402
102
}
330
7402
100
AcDbVisualStyle
  2
Shaded with edges
 70
    26
177
     3
291
     0
 70
    58
 90
        2
176
     1
 90
        2
176
     1
 90
        1
176
     1
 90
        2
176
     1
 40
0.6
176
     1
 40
30.0
176
     1
 62
     7
420
 16777215
176
     1
 90
        1
176
     1
 90
       10
176
     1
 62
     7
176
     1
 62
   257
176
     1
 90
        2
176
     1
 90
        1
176
     1
 40
1.0
176
     1
 90
        8
176
     1
 62
   257
176
     1
 40
1.0
176
     1
 90
        1
176
     1
 90
        6
176
     1
 90
        2
176
     1
 62
     7
176
     1
 90
        3
176
     1
 90
        0
176
     1
 90
        0
176
     1
290
     0
176
     1
 90
        5
176
     1
 40
0.0
176
     1
 90
        0
176
     1
290
     0
176
     1
290
     1
176
     1
290
     1
176
     1
290
     0
176
     1
290
     0
176
     1
290
     0
176
     1
290
     0
176
     1
290
     0
176
     1
290
     0
176
     1
 90
       50
176
     1
 40
0.0
176
     1
 40
1.0
176
     1
 90
        0
176
     1
 62
    18
420
        0
176
     1
 90
       50
176
     1
 90
        3
176
     1
 62
     5
420
      255
176
     1
290
     0
176
     1
 90
       50
176
     1
 90
       50
176
     1
 90
       50
176
     1
290
     0
176
     1
 90
       50
176
     1
 62
   256
176
     0
 40
1.0
176
     0
 90
        2
176
     1
  1
strokes_ogs.tif
176
     1
290
     0
176
     1
 40
1.0
176
     1
 40
1.0
176
     1
  0
VISUALSTYLE
  5
7416
102
{ACAD_REACTORS
330
7402
102
}
330
7402
100
AcDbVisualStyle
  2
Shades of Gray
 70
    23
177
     3
291
     0
 70
    58
 90
        2
176
     1
 90
        2
176
     1
 90
        3
176
     1
 90
        0
176
     1
 40
0.6
176
     1
 40
30.0
176
     1
 62
     7
420
 16777215
176
     1
 90
        2
176
     1
 90
        2
176
     1
 62
     7
176
     1
 62
     7
176
     1
 90
        1
176
     1
 90
        1
176
     1
 40
40.0
176
     1
 90
        8
176
     1
 62
     7
176
     1
 40
1.0
176
     1
 90
        1
176
     1
 90
        6
176
     1
 90
        2
176
     1
 62
     7
176
     1
 90
        3
176
     1
 90
        0
176
     1
 90
        0
176
     1
290
     0
176
     1
 90
        1
176
     1
 40
0.0
176
     1
 90
        0
176
     1
290
     0
176
     1
290
     1
176
     1
290
     1
176
     1
290
     0
176
     1
290
     0
176
     1
290
     0
176
     1
290
     0
176
     1
290
     0
176
     1
290
     0
176
     1
 90
       50
176
     1
 40
0.0
176
     1
 40
1.0
176
     1
 90
        0
176
     1
 62
    18
420
        0
176
     1
 90
       50
176
     1
 90
        3
176
     1
 62
     5
420
      255
176
     1
290
     0
176
     1
 90
       50
176
     1
 90
       50
176
     1
 90
       50
176
     1
290
     0
176
     1
 90
       50
176
     1
 62
   256
176
     0
 40
1.0
176
     0
 90
        2
176
     1
  1
strokes_ogs.tif
176
     1
290
     0
176
     1
 40
1.0
176
     1
 40
1.0
176
     1
  0
VISUALSTYLE
  5
7417
102
{ACAD_REACTORS
330
7402
102
}
330
7402
100
AcDbVisualStyle
  2
Sketchy
 70
    24
177
     3
291
     0
 70
    58
 90
        1
176
     1
 90
        2
176
     1
 90
        2
176
     1
 90
        0
176
     1
 40
0.6
176
     1
 40
30.0
176
     1
 62
     7
420
 16777215
176
     1
 90
        2
176
     1
 90
        2
176
     1
 62
     7
176
     1
 62
     7
176
     1
 90
        1
176
     1
 90
        1
176
     1
 40
40.0
176
     1
 90
       11
176
     1
 62
     7
176
     1
 40
1.0
176
     1
 90
        1
176
     1
 90
        6
176
     1
 90
        2
176
     1
 62
     7
176
     1
 90
        6
176
     1
 90
        0
176
     1
 90
        0
176
     1
290
     0
176
     1
 90
        1
176
     1
 40
0.0
176
     1
 90
        0
176
     1
290
     0
176
     1
290
     1
176
     1
290
     1
176
     1
290
     0
176
     1
290
     0
176
     1
290
     0
176
     1
290
     0
176
     1
290
     0
176
     1
290
     0
176
     1
 90
       50
176
     1
 40
0.0
176
     1
 40
1.0
176
     1
 90
        0
176
     1
 62
    18
420
        0
176
     1
 90
       50
176
     1
 90
        3
176
     1
 62
     5
420
      255
176
     1
290
     0
176
     1
 90
       50
176
     1
 90
       50
176
     1
 90
       50
176
     1
290
     0
176
     1
 90
       50
176
     1
 62
   256
176
     0
 40
1.0
176
     0
 90
        2
176
     1
  1
strokes_ogs.tif
176
     1
290
     0
176
     1
 40
1.0
176
     1
 40
1.0
176
     1
  0
VISUALSTYLE
  5
740F
102
{ACAD_REACTORS
330
7402
102
}
330
7402
100
AcDbVisualStyle
  2
Thicken
 70
    13
177
     3
291
     1
 70
    58
 90
        2
176
     1
 90
        2
176
     1
 90
        0
176
     1
 90
        0
176
     1
 40
0.6
176
     1
 40
30.0
176
     1
 62
     7
420
 16777215
176
     1
 90
        1
176
     1
 90
        4
176
     1
 62
     7
176
     1
 62
   257
176
     1
 90
        1
176
     1
 90
        1
176
     1
 40
1.0
176
     1
 90
       12
176
     1
 62
     7
176
     1
 40
1.0
176
     1
 90
        1
176
     1
 90
        6
176
     1
 90
        2
176
     1
 62
     7
176
     1
 90
        5
176
     1
 90
        0
176
     1
 90
        0
176
     1
290
     0
176
     1
 90
        1
176
     1
 40
0.0
176
     1
 90
        0
176
     1
290
     0
176
     1
290
     1
176
     1
290
     1
176
     1
290
     0
176
     1
290
     0
176
     1
290
     0
176
     1
290
     0
176
     1
290
     0
176
     1
290
     0
176
     1
 90
       50
176
     1
 40
0.0
176
     1
 40
1.0
176
     1
 90
        0
176
     1
 62
    18
420
        0
176
     1
 90
       50
176
     1
 90
        3
176
     1
 62
     5
420
      255
176
     1
290
     0
176
     1
 90
       50
176
     1
 90
       50
176
     1
 90
       50
176
     1
290
     0
176
     1
 90
       50
176
     1
 62
   256
176
     0
 40
1.0
176
     0
 90
        2
176
     1
  1
strokes_ogs.tif
176
     1
290
     0
176
     1
 40
1.0
176
     1
 40
1.0
176
     1
  0
VISUALSTYLE
  5
7408
102
{ACAD_REACTORS
330
7402
102
}
330
7402
100
AcDbVisualStyle
  2
Wireframe
 70
     5
177
     3
291
     0
 70
    58
 90
        0
176
     1
 90
        2
176
     1
 90
        0
176
     1
 90
        0
176
     1
 40
0.6
176
     1
 40
30.0
176
     1
 62
     7
420
 16777215
176
     1
 90
        1
176
     1
 90
        4
176
     1
 62
     7
176
     1
 62
   257
176
     1
 90
        1
176
     1
 90
        1
176
     1
 40
1.0
176
     1
 90
        0
176
     1
 62
   257
176
     1
 40
1.0
176
     1
 90
        1
176
     1
 90
        6
176
     1
 90
        2
176
     1
 62
     7
176
     1
 90
        3
176
     1
 90
        0
176
     1
 90
        0
176
     1
290
     0
176
     1
 90
        1
176
     1
 40
0.0
176
     1
 90
        0
176
     1
290
     0
176
     1
290
     1
176
     1
290
     1
176
     1
290
     0
176
     1
290
     0
176
     1
290
     0
176
     1
290
     0
176
     1
290
     0
176
     1
290
     0
176
     1
 90
       50
176
     1
 40
0.0
176
     1
 40
1.0
176
     1
 90
        0
176
     1
 62
    18
420
        0
176
     1
 90
       50
176
     1
 90
        3
176
     1
 62
     5
420
      255
176
     1
290
     0
176
     1
 90
       50
176
     1
 90
       50
176
     1
 90
       50
176
     1
290
     0
176
     1
 90
       50
176
     1
 62
   256
176
     0
 40
1.0
176
     0
 90
        2
176
     1
  1
strokes_ogs.tif
176
     1
290
     0
176
     1
 40
1.0
176
     1
 40
1.0
176
     1
  0
VISUALSTYLE
  5
7418
102
{ACAD_REACTORS
330
7402
102
}
330
7402
100
AcDbVisualStyle
  2
X-Ray
 70
    25
177
     3
291
     0
 70
    58
 90
        2
176
     1
 90
        2
176
     1
 90
        1
176
     1
 90
        1
176
     1
 40
0.5
176
     1
 40
30.0
176
     1
 62
     7
420
 16777215
176
     1
 90
        1
176
     1
 90
        0
176
     1
 62
     7
176
     1
 62
   257
176
     1
 90
        1
176
     1
 90
        1
176
     1
 40
1.0
176
     1
 90
        8
176
     1
 62
     7
176
     1
 40
1.0
176
     1
 90
        1
176
     1
 90
        6
176
     1
 90
        2
176
     1
 62
     7
176
     1
 90
        3
176
     1
 90
        0
176
     1
 90
        0
176
     1
290
     0
176
     1
 90
       13
176
     1
 40
0.0
176
     1
 90
        0
176
     1
290
     0
176
     1
290
     1
176
     1
290
     1
176
     1
290
     0
176
     1
290
     0
176
     1
290
     0
176
     1
290
     0
176
     1
290
     0
176
     1
290
     0
176
     1
 90
       50
176
     1
 40
0.0
176
     1
 40
1.0
176
     1
 90
        0
176
     1
 62
    18
420
        0
176
     1
 90
       50
176
     1
 90
        3
176
     1
 62
     5
420
      255
176
     1
290
     0
176
     1
 90
       50
176
     1
 90
       50
176
     1
 90
       50
176
     1
290
     0
176
     1
 90
       50
176
     1
 62
   256
176
     0
 40
1.0
176
     0
 90
        2
176
     1
  1
strokes_ogs.tif
176
     1
290
     0
176
     1
 40
1.0
176
     1
 40
1.0
176
     1
  0
DICTIONARYVAR
  5
74AE
102
{ACAD_REACTORS
330
74AD
102
}
330
74AD
100
DictionaryVariables
280
     0
  1
1:1
  0
DICTIONARYVAR
  5
74B3
102
{ACAD_REACTORS
330
74AD
102
}
330
74AD
100
DictionaryVariables
280
     0
  1
Standard
  0
DICTIONARYVAR
  5
74B2
102
{ACAD_REACTORS
330
74AD
102
}
330
74AD
100
DictionaryVariables
280
     0
  1
Standard
  0
XRECORD
  5
7439
102
{ACAD_REACTORS
330
7437
102
}
330
7437
100
AcDbXrecord
280
     1
1000
#ffffff
  0
XRECORD
  5
743A
102
{ACAD_REACTORS
330
7437
102
}
330
7437
100
AcDbXrecord
280
     1
1000
FullColor
  0
XRECORD
  5
743B
102
{ACAD_REACTORS
330
7437
102
}
330
7437
100
AcDbXrecord
280
     1
290
     1
  0
XRECORD
  5
743C
102
{ACAD_REACTORS
330
7437
102
}
330
7437
100
AcDbXrecord
280
     1
290
     1
  0
XRECORD
  5
743D
102
{ACAD_REACTORS
330
7437
102
}
330
7437
100
AcDbXrecord
280
     1
290
     1
  0
XRECORD
  5
743E
102
{ACAD_REACTORS
330
7437
102
}
330
7437
100
AcDbXrecord
280
     1
290
     1
  0
XRECORD
  5
743F
102
{ACAD_REACTORS
330
7437
102
}
330
7437
100
AcDbXrecord
280
     1
1000
auto
  0
XRECORD
  5
7440
102
{ACAD_REACTORS
330
7437
102
}
330
7437
100
AcDbXrecord
280
     1
1000
auto
  0
XRECORD
  5
7441
102
{ACAD_REACTORS
330
7437
102
}
330
7437
100
AcDbXrecord
280
     1
1000
auto
  0
XRECORD
  5
7442
102
{ACAD_REACTORS
330
7437
102
}
330
7437
100
AcDbXrecord
280
     1
1000
auto
  0
XRECORD
  5
7443
102
{ACAD_REACTORS
330
7437
102
}
330
7437
100
AcDbXrecord
280
     1
1000
auto
  0
XRECORD
  5
7444
102
{ACAD_REACTORS
330
7437
102
}
330
7437
100
AcDbXrecord
280
     1
1000
auto
  0
XRECORD
  5
7445
102
{ACAD_REACTORS
330
7437
102
}
330
7437
100
AcDbXrecord
280
     1
1000
auto
  0
XRECORD
  5
7446
102
{ACAD_REACTORS
330
7437
102
}
330
7437
100
AcDbXrecord
280
     1
1000
auto
  0
XRECORD
  5
7447
102
{ACAD_REACTORS
330
7437
102
}
330
7437
100
AcDbXrecord
280
     1
290
     0
  0
XRECORD
  5
7448
102
{ACAD_REACTORS
330
7437
102
}
330
7437
100
AcDbXrecord
280
     1
290
     0
  0
XRECORD
  5
7449
102
{ACAD_REACTORS
330
7437
102
}
330
7437
100
AcDbXrecord
280
     1
290
     0
  0
XRECORD
  5
744A
102
{ACAD_REACTORS
330
7437
102
}
330
7437
100
AcDbXrecord
280
     1
290
     0
  0
XRECORD
  5
744B
102
{ACAD_REACTORS
330
7437
102
}
330
7437
100
AcDbXrecord
280
     1
 90
    65537
  0
XRECORD
  5
744C
102
{ACAD_REACTORS
330
7437
102
}
330
7437
100
AcDbXrecord
280
     1
 90
    65537
  0
XRECORD
  5
744D
102
{ACAD_REACTORS
330
7437
102
}
330
7437
100
AcDbXrecord
280
     1
 90
    65537
  0
XRECORD
  5
744E
102
{ACAD_REACTORS
330
7437
102
}
330
7437
100
AcDbXrecord
280
     1
 90
    65537
  0
XRECORD
  5
744F
102
{ACAD_REACTORS
330
7437
102
}
330
7437
100
AcDbXrecord
280
     1
1000
auto
  0
XRECORD
  5
7450
102
{ACAD_REACTORS
330
7437
102
}
330
7437
100
AcDbXrecord
280
     1
1000
auto
  0
XRECORD
  5
7451
102
{ACAD_REACTORS
330
7437
102
}
330
7437
100
AcDbXrecord
280
     1
1000
auto
  0
XRECORD
  5
7452
102
{ACAD_REACTORS
330
7437
102
}
330
7437
100
AcDbXrecord
280
     1
1000
auto
  0
XRECORD
  5
7453
102
{ACAD_REACTORS
330
7437
102
}
330
7437
100
AcDbXrecord
280
     1
1000
auto
  0
XRECORD
  5
7454
102
{ACAD_REACTORS
330
7437
102
}
330
7437
100
AcDbXrecord
280
     1
1000
auto
  0
XRECORD
  5
7455
102
{ACAD_REACTORS
330
7437
102
}
330
7437
100
AcDbXrecord
280
     1
1000
auto
  0
XRECORD
  5
7456
102
{ACAD_REACTORS
330
7437
102
}
330
7437
100
AcDbXrecord
280
     1
1000
auto
  0
XRECORD
  5
7457
102
{ACAD_REACTORS
330
7437
102
}
330
7437
100
AcDbXrecord
280
     1
 90
        1
  0
XRECORD
  5
7458
102
{ACAD_REACTORS
330
7437
102
}
330
7437
100
AcDbXrecord
280
     1
 40
10.0
  0
XRECORD
  5
7459
102
{ACAD_REACTORS
330
7437
102
}
330
7437
100
AcDbXrecord
280
     1
 40
10.0
  0
XRECORD
  5
745A
102
{ACAD_REACTORS
330
7437
102
}
330
7437
100
AcDbXrecord
280
     1
 40
10.0
  0
XRECORD
  5
745B
102
{ACAD_REACTORS
330
7437
102
}
330
7437
100
AcDbXrecord
280
     1
 40
10.0
  0
XRECORD
  5
745C
102
{ACAD_REACTORS
330
7437
102
}
330
7437
100
AcDbXrecord
280
     1
290
     0
  0
XRECORD
  5
745D
102
{ACAD_REACTORS
330
7437
102
}
330
7437
100
AcDbXrecord
280
     1
 90
        1
  0
XRECORD
  5
745E
102
{ACAD_REACTORS
330
7437
102
}
330
7437
100
AcDbXrecord
280
     1
 40
0.0
  0
XRECORD
  5
745F
102
{ACAD_REACTORS
330
7437
102
}
330
7437
100
AcDbXrecord
280
     1
 40
0.0
  0
XRECORD
  5
7460
102
{ACAD_REACTORS
330
7437
102
}
330
7437
100
AcDbXrecord
280
     1
1000
Portrait
  0
XRECORD
  5
7461
102
{ACAD_REACTORS
330
7437
102
}
330
7437
100
AcDbXrecord
280
     1
 40
297.0
  0
XRECORD
  5
7462
102
{ACAD_REACTORS
330
7437
102
}
330
7437
100
AcDbXrecord
280
     1
 40
210.0
  0
XRECORD
  5
7463
102
{ACAD_REACTORS
330
7437
102
}
330
7437
100
AcDbXrecord
280
     1
1000
1:1
  0
XRECORD
  5
7464
102
{ACAD_REACTORS
330
7437
102
}
330
7437
100
AcDbXrecord
280
     1
290
     1
  0
XRECORD
  5
7465
102
{ACAD_REACTORS
330
7437
102
}
330
7437
100
AcDbXrecord
280
     1
290
     0
  0
XRECORD
  5
7466
102
{ACAD_REACTORS
330
7437
102
}
330
7437
100
AcDbXrecord
280
     1
1000
Inside
  0
XRECORD
  5
7467
102
{ACAD_REACTORS
330
7437
102
}
330
7437
100
AcDbXrecord
280
     1
1000
Arial,10,-1,5,50,0,0,0,0,0
  0
XRECORD
  5
7468
102
{ACAD_REACTORS
330
7437
102
}
330
7437
100
AcDbXrecord
280
     1
1000
TopLeft
  0
XRECORD
  5
7469
102
{ACAD_REACTORS
330
7437
102
}
330
7437
100
AcDbXrecord
280
     1
1000
3.26.4
  0
XRECORD
  5
746A
102
{ACAD_REACTORS
330
7437
102
}
330
7437
100
AcDbXrecord
280
     1
 90
        4
  0
XRECORD
  5
746B
102
{ACAD_REACTORS
330
7437
102
}
330
7437
100
AcDbXrecord
280
     1
  0
XRECORD
  5
746C
102
{ACAD_REACTORS
330
7437
102
}
330
7437
100
AcDbXrecord
280
     1
 40
259.9649147831082
  0
XRECORD
  5
746D
102
{ACAD_REACTORS
330
7437
102
}
330
7437
100
AcDbXrecord
280
     1
 40
358.6857684982126
  0
DICTIONARY
  5
74AF
330
7432
100
AcDbDictionary
280
     1
281
     1
  3
ACAD_ROUNDTRIP_2008_TABLESTYLE_CELLSTYLEMAP
360
74B0
  0
CELLSTYLEMAP
  5
74B0
102
{ACAD_REACTORS
330
74AF
102
}
330
74AF
100
AcDbCellStyleMap
 90
        3
300
CELLSTYLE
  1
TABLEFORMAT_BEGIN
 90
        5
170
     1
 91
        0
 92
    32768
 62
   257
 93
        1
300
CONTENTFORMAT
  1
CONTENTFORMAT_BEGIN
 90
        0
 91
        0
 92
        4
 93
        0
300

 40
0.0
140
1.0
 94
        5
 62
     0
340
73EA
144
0.25
309
CONTENTFORMAT_END
171
     1
301
MARGIN
  1
CELLMARGIN_BEGIN
 40
0.06
 40
0.06
 40
0.06
 40
0.06
 40
0.06
 40
0.06
309
CELLMARGIN_END
 94
        6
 95
        1
302
GRIDFORMAT
  1
GRIDFORMAT_BEGIN
 90
        0
 91
        1
 62
     0
 92
       -2
340
73EC
 93
        0
 40
0.045
309
GRIDFORMAT_END
 95
        2
302
GRIDFORMAT
  1
GRIDFORMAT_BEGIN
 90
        0
 91
        1
 62
     0
 92
       -2
340
73EC
 93
        0
 40
0.045
309
GRIDFORMAT_END
 95
        4
302
GRIDFORMAT
  1
GRIDFORMAT_BEGIN
 90
        0
 91
        1
 62
     0
 92
       -2
340
73EC
 93
        0
 40
0.045
309
GRIDFORMAT_END
 95
        8
302
GRIDFORMAT
  1
GRIDFORMAT_BEGIN
 90
        0
 91
        1
 62
     0
 92
       -2
340
73EC
 93
        0
 40
0.045
309
GRIDFORMAT_END
 95
       16
302
GRIDFORMAT
  1
GRIDFORMAT_BEGIN
 90
        0
 91
        1
 62
     0
 92
       -2
340
73EC
 93
        0
 40
0.045
309
GRIDFORMAT_END
 95
       32
302
GRIDFORMAT
  1
GRIDFORMAT_BEGIN
 90
        0
 91
        1
 62
     0
 92
       -2
340
73EC
 93
        0
 40
0.045
309
GRIDFORMAT_END
309
TABLEFORMAT_END
  1
CELLSTYLE_BEGIN
 90
        1
 91
        1
300
_TITLE
309
CELLSTYLE_END
300
CELLSTYLE
  1
TABLEFORMAT_BEGIN
 90
        5
170
     1
 91
        0
 92
        0
 62
   257
 93
        1
300
CONTENTFORMAT
  1
CONTENTFORMAT_BEGIN
 90
        0
 91
        0
 92
        4
 93
        0
300

 40
0.0
140
1.0
 94
        5
 62
     0
340
73EA
144
0.18
309
CONTENTFORMAT_END
171
     1
301
MARGIN
  1
CELLMARGIN_BEGIN
 40
0.06
 40
0.06
 40
0.06
 40
0.06
 40
0.06
 40
0.06
309
CELLMARGIN_END
 94
        6
 95
        1
302
GRIDFORMAT
  1
GRIDFORMAT_BEGIN
 90
        0
 91
        1
 62
     0
 92
       -2
340
73EC
 93
        0
 40
0.045
309
GRIDFORMAT_END
 95
        2
302
GRIDFORMAT
  1
GRIDFORMAT_BEGIN
 90
        0
 91
        1
 62
     0
 92
       -2
340
73EC
 93
        0
 40
0.045
309
GRIDFORMAT_END
 95
        4
302
GRIDFORMAT
  1
GRIDFORMAT_BEGIN
 90
        0
 91
        1
 62
     0
 92
       -2
340
73EC
 93
        0
 40
0.045
309
GRIDFORMAT_END
 95
        8
302
GRIDFORMAT
  1
GRIDFORMAT_BEGIN
 90
        0
 91
        1
 62
     0
 92
       -2
340
73EC
 93
        0
 40
0.045
309
GRIDFORMAT_END
 95
       16
302
GRIDFORMAT
  1
GRIDFORMAT_BEGIN
 90
        0
 91
        1
 62
     0
 92
       -2
340
73EC
 93
        0
 40
0.045
309
GRIDFORMAT_END
 95
       32
302
GRIDFORMAT
  1
GRIDFORMAT_BEGIN
 90
        0
 91
        1
 62
     0
 92
       -2
340
73EC
 93
        0
 40
0.045
309
GRIDFORMAT_END
309
TABLEFORMAT_END
  1
CELLSTYLE_BEGIN
 90
        2
 91
        1
300
_HEADER
309
CELLSTYLE_END
300
CELLSTYLE
  1
TABLEFORMAT_BEGIN
 90
        5
170
     1
 91
        0
 92
        0
 62
   257
 93
        1
300
CONTENTFORMAT
  1
CONTENTFORMAT_BEGIN
 90
        0
 91
        0
 92
        4
 93
        0
300

 40
0.0
140
1.0
 94
        2
 62
     0
340
73EA
144
0.18
309
CONTENTFORMAT_END
171
     1
301
MARGIN
  1
CELLMARGIN_BEGIN
 40
0.06
 40
0.06
 40
0.06
 40
0.06
 40
0.06
 40
0.06
309
CELLMARGIN_END
 94
        6
 95
        1
302
GRIDFORMAT
  1
GRIDFORMAT_BEGIN
 90
        0
 91
        1
 62
     0
 92
       -2
340
73EC
 93
        0
 40
0.045
309
GRIDFORMAT_END
 95
        2
302
GRIDFORMAT
  1
GRIDFORMAT_BEGIN
 90
        0
 91
        1
 62
     0
 92
       -2
340
73EC
 93
        0
 40
0.045
309
GRIDFORMAT_END
 95
        4
302
GRIDFORMAT
  1
GRIDFORMAT_BEGIN
 90
        0
 91
        1
 62
     0
 92
       -2
340
73EC
 93
        0
 40
0.045
309
GRIDFORMAT_END
 95
        8
302
GRIDFORMAT
  1
GRIDFORMAT_BEGIN
 90
        0
 91
        1
 62
     0
 92
       -2
340
73EC
 93
        0
 40
0.045
309
GRIDFORMAT_END
 95
       16
302
GRIDFORMAT
  1
GRIDFORMAT_BEGIN
 90
        0
 91
        1
 62
     0
 92
       -2
340
73EC
 93
        0
 40
0.045
309
GRIDFORMAT_END
 95
       32
302
GRIDFORMAT
  1
GRIDFORMAT_BEGIN
 90
        0
 91
        1
 62
     0
 92
       -2
340
73EC
 93
        0
 40
0.045
309
GRIDFORMAT_END
309
TABLEFORMAT_END
  1
CELLSTYLE_BEGIN
 90
        3
 91
        2
300
_DATA
309
CELLSTYLE_END
  0
ENDSEC
  0
EOF
