  0
SECTION
  2
HEADER
  9
$ACADVER
  1
AC1027
  9
$ACADMAINTVER
 70
   105
  9
$DWGCODEPAGE
  3
ANSI_1252
  9
$LASTSAVEDBY
  1
asterix
  9
$REQUIREDVERSIONS
160
                 0
  9
$INSBASE
 10
0.0
 20
0.0
 30
0.0
  9
$EXTMIN
 10
7.289683920941751
 20
-14.28644253443309
 30
0.0
  9
$EXTMAX
 10
165.7217594520524
 20
124.0041073840441
 30
0.0
  9
$LIMMIN
 10
0.0
 20
0.0
  9
$LIMMAX
 10
12.0
 20
9.0
  9
$ORTHOMODE
 70
     0
  9
$REGENMODE
 70
     1
  9
$FILLMODE
 70
     1
  9
$QTEXTMODE
 70
     0
  9
$MIRRTEXT
 70
     0
  9
$LTSCALE
 40
1.0
  9
$ATTMODE
 70
     1
  9
$TEXTSIZE
 40
0.2
  9
$TRACEWID
 40
0.05
  9
$TEXTSTYLE
  7
Standard
  9
$CLAYER
  8
0
  9
$CELTYPE
  6
ByLayer
  9
$CECOLOR
 62
   256
  9
$CELTSCALE
 40
1.0
  9
$DISPSILH
 70
     0
  9
$DIMSCALE
 40
1.0
  9
$DIMASZ
 40
2.5
  9
$DIMEXO
 40
0.625
  9
$DIMDLI
 40
5.0
  9
$DIMRND
 40
0.0
  9
$DIMDLE
 40
0.0
  9
$DIMEXE
 40
1.25
  9
$DIMTP
 40
0.0
  9
$DIMTM
 40
0.0
  9
$DIMTXT
 40
2.5
  9
$DIMCEN
 40
0.09
  9
$DIMTSZ
 40
0.0
  9
$DIMTOL
 70
     0
  9
$DIMLIM
 70
     0
  9
$DIMTIH
 70
     1
  9
$DIMTOH
 70
     1
  9
$DIMSE1
 70
     0
  9
$DIMSE2
 70
     0
  9
$DIMTAD
 70
     0
  9
$DIMZIN
 70
     8
  9
$DIMBLK
  1

  9
$DIMASO
 70
     1
  9
$DIMSHO
 70
     1
  9
$DIMPOST
  1

  9
$DIMAPOST
  1

  9
$DIMALT
 70
     0
  9
$DIMALTD
 70
     2
  9
$DIMALTF
 40
25.4
  9
$DIMLFAC
 40
1.0
  9
$DIMTOFL
 70
     0
  9
$DIMTVP
 40
0.0
  9
$DIMTIX
 70
     0
  9
$DIMSOXD
 70
     0
  9
$DIMSAH
 70
     0
  9
$DIMBLK1
  1

  9
$DIMBLK2
  1

  9
$DIMSTYLE
  2
Standard
  9
$DIMCLRD
 70
     0
  9
$DIMCLRE
 70
     0
  9
$DIMCLRT
 70
     0
  9
$DIMTFAC
 40
1.0
  9
$DIMGAP
 40
0.625
  9
$DIMJUST
 70
     0
  9
$DIMSD1
 70
     0
  9
$DIMSD2
 70
     0
  9
$DIMTOLJ
 70
     1
  9
$DIMTZIN
 70
     0
  9
$DIMALTZ
 70
     0
  9
$DIMALTTZ
 70
     0
  9
$DIMUPT
 70
     0
  9
$DIMDEC
 70
     4
  9
$DIMTDEC
 70
     4
  9
$DIMALTU
 70
     2
  9
$DIMALTTD
 70
     2
  9
$DIMTXSTY
  7
Standard
  9
$DIMAUNIT
 70
     0
  9
$DIMADEC
 70
     0
  9
$DIMALTRND
 40
0.0
  9
$DIMAZIN
 70
     2
  9
$DIMDSEP
 70
    46
  9
$DIMATFIT
 70
     3
  9
$DIMFRAC
 70
     0
  9
$DIMLDRBLK
  1

  9
$DIMLUNIT
 70
     2
  9
$DIMLWD
 70
    -2
  9
$DIMLWE
 70
    -2
  9
$DIMTMOVE
 70
     0
  9
$DIMFXL
 40
1.0
  9
$DIMFXLON
 70
     0
  9
$DIMJOGANG
 40
0.7853981633974483
  9
$DIMTFILL
 70
     0
  9
$DIMTFILLCLR
 70
     0
  9
$DIMARCSYM
 70
     0
  9
$DIMLTYPE
  6

  9
$DIMLTEX1
  6

  9
$DIMLTEX2
  6

  9
$DIMTXTDIRECTION
 70
     0
  9
$LUNITS
 70
     2
  9
$LUPREC
 70
     4
  9
$SKETCHINC
 40
0.1
  9
$FILLETRAD
 40
0.0
  9
$AUNITS
 70
     0
  9
$AUPREC
 70
     0
  9
$MENU
  1
.
  9
$ELEVATION
 40
0.0
  9
$PELEVATION
 40
0.0
  9
$THICKNESS
 40
0.0
  9
$LIMCHECK
 70
     0
  9
$CHAMFERA
 40
0.0
  9
$CHAMFERB
 40
0.0
  9
$CHAMFERC
 40
0.0
  9
$CHAMFERD
 40
0.0
  9
$SKPOLY
 70
     0
  9
$TDCREATE
 40
2460415.991640035
  9
$TDUCREATE
 40
2460415.949973368
  9
$TDUPDATE
 40
2460415.991640151
  9
$TDUUPDATE
 40
2460415.949973484
  9
$TDINDWG
 40
0.0000000116
  9
$TDUSRTIMER
 40
0.0000000116
  9
$USRTIMER
 70
     1
  9
$ANGBASE
 50
0.0
  9
$ANGDIR
 70
     0
  9
$PDMODE
 70
     0
  9
$PDSIZE
 40
0.0
  9
$PLINEWID
 40
0.0
  9
$SPLFRAME
 70
     0
  9
$SPLINETYPE
 70
     6
  9
$SPLINESEGS
 70
     8
  9
$HANDSEED
  5
72FD
  9
$SURFTAB1
 70
     6
  9
$SURFTAB2
 70
     6
  9
$SURFTYPE
 70
     6
  9
$SURFU
 70
     6
  9
$SURFV
 70
     6
  9
$UCSBASE
  2

  9
$UCSNAME
  2

  9
$UCSORG
 10
0.0
 20
0.0
 30
0.0
  9
$UCSXDIR
 10
1.0
 20
0.0
 30
0.0
  9
$UCSYDIR
 10
0.0
 20
1.0
 30
0.0
  9
$UCSORTHOREF
  2

  9
$UCSORTHOVIEW
 70
     0
  9
$UCSORGTOP
 10
0.0
 20
0.0
 30
0.0
  9
$UCSORGBOTTOM
 10
0.0
 20
0.0
 30
0.0
  9
$UCSORGLEFT
 10
0.0
 20
0.0
 30
0.0
  9
$UCSORGRIGHT
 10
0.0
 20
0.0
 30
0.0
  9
$UCSORGFRONT
 10
0.0
 20
0.0
 30
0.0
  9
$UCSORGBACK
 10
0.0
 20
0.0
 30
0.0
  9
$PUCSBASE
  2

  9
$PUCSNAME
  2

  9
$PUCSORG
 10
0.0
 20
0.0
 30
0.0
  9
$PUCSXDIR
 10
1.0
 20
0.0
 30
0.0
  9
$PUCSYDIR
 10
0.0
 20
1.0
 30
0.0
  9
$PUCSORTHOREF
  2

  9
$PUCSORTHOVIEW
 70
     0
  9
$PUCSORGTOP
 10
0.0
 20
0.0
 30
0.0
  9
$PUCSORGBOTTOM
 10
0.0
 20
0.0
 30
0.0
  9
$PUCSORGLEFT
 10
0.0
 20
0.0
 30
0.0
  9
$PUCSORGRIGHT
 10
0.0
 20
0.0
 30
0.0
  9
$PUCSORGFRONT
 10
0.0
 20
0.0
 30
0.0
  9
$PUCSORGBACK
 10
0.0
 20
0.0
 30
0.0
  9
$USERI1
 70
     0
  9
$USERI2
 70
     0
  9
$USERI3
 70
     0
  9
$USERI4
 70
     0
  9
$USERI5
 70
     0
  9
$USERR1
 40
0.0
  9
$USERR2
 40
0.0
  9
$USERR3
 40
0.0
  9
$USERR4
 40
0.0
  9
$USERR5
 40
0.0
  9
$WORLDVIEW
 70
     1
  9
$SHADEDGE
 70
     3
  9
$SHADEDIF
 70
    70
  9
$TILEMODE
 70
     1
  9
$MAXACTVP
 70
    64
  9
$PINSBASE
 10
0.0
 20
0.0
 30
0.0
  9
$PLIMCHECK
 70
     0
  9
$PEXTMIN
 10
0.0
 20
0.0
 30
0.0
  9
$PEXTMAX
 10
0.0
 20
0.0
 30
0.0
  9
$PLIMMIN
 10
-20.0
 20
-7.5
  9
$PLIMMAX
 10
277.0
 20
202.5
  9
$UNITMODE
 70
     0
  9
$VISRETAIN
 70
     1
  9
$PLINEGEN
 70
     0
  9
$PSLTSCALE
 70
     1
  9
$TREEDEPTH
 70
  3020
  9
$CMLSTYLE
  2
Standard
  9
$CMLJUST
 70
     0
  9
$CMLSCALE
 40
1.0
  9
$PROXYGRAPHICS
 70
     1
  9
$MEASUREMENT
 70
     1
  9
$CELWEIGHT
370
    -1
  9
$ENDCAPS
280
     0
  9
$JOINSTYLE
280
     0
  9
$LWDISPLAY
290
     0
  9
$INSUNITS
 70
     4
  9
$HYPERLINKBASE
  1

  9
$STYLESHEET
  1

  9
$XEDIT
290
     1
  9
$CEPSNTYPE
380
     0
  9
$PSTYLEMODE
290
     1
  9
$FINGERPRINTGUID
  2
{c8178583-5e9e-ea47-9381-8b2fdeb894cc}
  9
$VERSIONGUID
  2
{FAEB1C32-E019-11D5-929B-00C0DF256EC4}
  9
$EXTNAMES
290
     1
  9
$PSVPSCALE
 40
0.0
  9
$OLESTARTUP
290
     0
  9
$SORTENTS
280
   127
  9
$INDEXCTL
280
     0
  9
$HIDETEXT
280
     1
  9
$XCLIPFRAME
280
     2
  9
$HALOGAP
280
     0
  9
$OBSCOLOR
 70
   257
  9
$OBSLTYPE
280
     0
  9
$INTERSECTIONDISPLAY
280
     0
  9
$INTERSECTIONCOLOR
 70
   257
  9
$DIMASSOC
280
     2
  9
$PROJECTNAME
  1

  9
$CAMERADISPLAY
290
     0
  9
$LENSLENGTH
 40
50.0
  9
$CAMERAHEIGHT
 40
0.0
  9
$STEPSPERSEC
 40
2.0
  9
$STEPSIZE
 40
6.0
  9
$3DDWFPREC
 40
2.0
  9
$PSOLWIDTH
 40
0.25
  9
$PSOLHEIGHT
 40
4.0
  9
$LOFTANG1
 40
1.570796326794897
  9
$LOFTANG2
 40
1.570796326794897
  9
$LOFTMAG1
 40
0.0
  9
$LOFTMAG2
 40
0.0
  9
$LOFTPARAM
 70
     7
  9
$LOFTNORMALS
280
     1
  9
$LATITUDE
 40
37.795
  9
$LONGITUDE
 40
-122.394
  9
$NORTHDIRECTION
 40
0.0
  9
$TIMEZONE
 70
 -8000
  9
$LIGHTGLYPHDISPLAY
280
     1
  9
$TILEMODELIGHTSYNCH
280
     1
  9
$CMATERIAL
347
7263
  9
$SOLIDHIST
280
     0
  9
$SHOWHIST
280
     1
  9
$DWFFRAME
280
     2
  9
$DGNFRAME
280
     2
  9
$REALWORLDSCALE
290
     1
  9
$INTERFERECOLOR
 62
   256
  9
$CSHADOW
280
     0
  9
$SHADOWPLANELOCATION
 40
0.0
  0
ENDSEC
  0
SECTION
  2
CLASSES
  0
CLASS
  1
ACDBDICTIONARYWDFLT
  2
AcDbDictionaryWithDefault
  3
ObjectDBX Classes
 90
        0
 91
        3
280
     0
281
     0
  0
CLASS
  1
VISUALSTYLE
  2
AcDbVisualStyle
  3
ObjectDBX Classes
 90
     4095
 91
        3
280
     0
281
     0
  0
CLASS
  1
MATERIAL
  2
AcDbMaterial
  3
ObjectDBX Classes
 90
     1153
 91
        3
280
     0
281
     0
  0
CLASS
  1
SCALE
  2
AcDbScale
  3
ObjectDBX Classes
 90
     1153
 91
        3
280
     0
281
     0
  0
CLASS
  1
TABLESTYLE
  2
AcDbTableStyle
  3
ObjectDBX Classes
 90
     4095
 91
        3
280
     0
281
     0
  0
CLASS
  1
MLEADERSTYLE
  2
AcDbMLeaderStyle
  3
ACDB_MLEADERSTYLE_CLASS
 90
     4095
 91
        3
280
     0
281
     0
  0
CLASS
  1
SUN
  2
AcDbSun
  3
SCENEOE
 90
     1153
 91
        3
280
     0
281
     0
  0
CLASS
  1
DICTIONARYVAR
  2
AcDbDictionaryVar
  3
ObjectDBX Classes
 90
        0
 91
        3
280
     0
281
     0
  0
CLASS
  1
CELLSTYLEMAP
  2
AcDbCellStyleMap
  3
ObjectDBX Classes
 90
     1152
 91
        3
280
     0
281
     0
  0
ENDSEC
  0
SECTION
  2
TABLES
  0
TABLE
  2
VPORT
  5
7228
330
0
100
AcDbSymbolTable
 70
     1
  0
VPORT
  5
7248
330
7228
100
AcDbSymbolTableRecord
100
AcDbViewportTableRecord
  2
*Active
 70
     0
 10
0.0
 20
0.0
 11
1.0
 21
1.0
 12
91.49222508438389
 22
75.8669315590846
 13
0.0
 23
0.0
 14
0.5
 24
0.5
 15
0.5
 25
0.5
 16
0.0
 26
0.0
 36
1.0
 17
0.0
 27
0.0
 37
0.0
 40
125.388451811331
 41
1.628164556962025
 42
50.0
 43
0.0
 44
0.0
 50
0.0
 51
0.0
 71
     0
 72
   100
 73
     1
 74
     3
 75
     0
 76
     0
 77
     0
 78
     0
281
     0
 65
     1
110
0.0
120
0.0
130
0.0
111
1.0
121
0.0
131
0.0
112
0.0
122
1.0
132
0.0
 79
     0
146
0.0
348
724E
 60
     3
 61
     5
292
     1
282
     1
141
0.0
142
0.0
 63
   250
361
727C
  0
ENDTAB
  0
TABLE
  2
LTYPE
  5
7225
330
0
100
AcDbSymbolTable
 70
    48
  0
LTYPE
  5
7233
330
7225
100
AcDbSymbolTableRecord
100
AcDbLinetypeTableRecord
  2
ByBlock
 70
     0
  3

 72
    65
 73
     0
 40
0.0
  0
LTYPE
  5
7234
330
7225
100
AcDbSymbolTableRecord
100
AcDbLinetypeTableRecord
  2
ByLayer
 70
     0
  3

 72
    65
 73
     0
 40
0.0
  0
LTYPE
  5
7235
330
7225
100
AcDbSymbolTableRecord
100
AcDbLinetypeTableRecord
  2
Continuous
 70
     0
  3
Solid line
 72
    65
 73
     0
 40
0.0
  0
LTYPE
  5
72B7
330
7225
100
AcDbSymbolTableRecord
100
AcDbLinetypeTableRecord
  2
ACAD_ISO14W100
 70
     0
  3
ISO dash triple-dot __ . . . __ . . . __ . . . _
 72
    65
 73
     8
 40
24.0
 49
12.0
 74
     0
 49
-3.0
 74
     0
 49
0.0
 74
     0
 49
-3.0
 74
     0
 49
0.0
 74
     0
 49
-3.0
 74
     0
 49
0.0
 74
     0
 49
-3.0
 74
     0
  0
LTYPE
  5
72B8
330
7225
100
AcDbSymbolTableRecord
100
AcDbLinetypeTableRecord
  2
ACAD_ISO15W100
 70
     0
  3
ISO double-dash triple-dot __ __ . . . __ __ . .
 72
    65
 73
    10
 40
39.0
 49
12.0
 74
     0
 49
-3.0
 74
     0
 49
12.0
 74
     0
 49
-3.0
 74
     0
 49
0.0
 74
     0
 49
-3.0
 74
     0
 49
0.0
 74
     0
 49
-3.0
 74
     0
 49
0.0
 74
     0
 49
-3.0
 74
     0
  0
LTYPE
  5
72BB
330
7225
100
AcDbSymbolTableRecord
100
AcDbLinetypeTableRecord
  2
BATTING
 70
     0
  3
Batting SSSSSSSSSSSSSSSSSSSSSSSSSSSSSSSSSSSSSSSSSSSSSSS
 72
    65
 73
     4
 40
10.16254
 49
0.00254
 74
     0
 49
-2.54
 74
     2
 75
     0
340
72B9
 46
2.54
 50
0.0
 44
-2.54
 45
0.0
  9
BAT
 49
-5.08
 74
     2
 75
     0
340
72BA
 46
2.54
 50
180.0
 44
2.54
 45
0.0
  9
BAT
 49
-2.54
 74
     0
  0
LTYPE
  5
72BC
330
7225
100
AcDbSymbolTableRecord
100
AcDbLinetypeTableRecord
  2
BORDER
 70
     0
  3
Border __ __ . __ __ . __ __ . __ __ . __ __ .
 72
    65
 73
     6
 40
44.45
 49
12.7
 74
     0
 49
-6.35
 74
     0
 49
12.7
 74
     0
 49
-6.35
 74
     0
 49
0.0
 74
     0
 49
-6.35
 74
     0
  0
LTYPE
  5
72BD
330
7225
100
AcDbSymbolTableRecord
100
AcDbLinetypeTableRecord
  2
ACAD_ISO02W100
 70
     0
  3
ISO dash __ __ __ __ __ __ __ __ __ __ __ __ __
 72
    65
 73
     2
 40
15.0
 49
12.0
 74
     0
 49
-3.0
 74
     0
  0
LTYPE
  5
72BE
330
7225
100
AcDbSymbolTableRecord
100
AcDbLinetypeTableRecord
  2
ACAD_ISO03W100
 70
     0
  3
ISO dash space __    __    __    __    __    __
 72
    65
 73
     2
 40
30.0
 49
12.0
 74
     0
 49
-18.0
 74
     0
  0
LTYPE
  5
72BF
330
7225
100
AcDbSymbolTableRecord
100
AcDbLinetypeTableRecord
  2
ACAD_ISO04W100
 70
     0
  3
ISO long-dash dot ____ . ____ . ____ . ____ . _
 72
    65
 73
     4
 40
30.0
 49
24.0
 74
     0
 49
-3.0
 74
     0
 49
0.0
 74
     0
 49
-3.0
 74
     0
  0
LTYPE
  5
72C0
330
7225
100
AcDbSymbolTableRecord
100
AcDbLinetypeTableRecord
  2
ACAD_ISO05W100
 70
     0
  3
ISO long-dash double-dot ____ .. ____ .. ____ . 
 72
    65
 73
     6
 40
33.0
 49
24.0
 74
     0
 49
-3.0
 74
     0
 49
0.0
 74
     0
 49
-3.0
 74
     0
 49
0.0
 74
     0
 49
-3.0
 74
     0
  0
LTYPE
  5
72C1
330
7225
100
AcDbSymbolTableRecord
100
AcDbLinetypeTableRecord
  2
ACAD_ISO06W100
 70
     0
  3
ISO long-dash triple-dot ____ ... ____ ... ____
 72
    65
 73
     8
 40
36.0
 49
24.0
 74
     0
 49
-3.0
 74
     0
 49
0.0
 74
     0
 49
-3.0
 74
     0
 49
0.0
 74
     0
 49
-3.0
 74
     0
 49
0.0
 74
     0
 49
-3.0
 74
     0
  0
LTYPE
  5
72C2
330
7225
100
AcDbSymbolTableRecord
100
AcDbLinetypeTableRecord
  2
ACAD_ISO07W100
 70
     0
  3
ISO dot . . . . . . . . . . . . . . . . . . . . 
 72
    65
 73
     2
 40
3.0
 49
0.0
 74
     0
 49
-3.0
 74
     0
  0
LTYPE
  5
72C3
330
7225
100
AcDbSymbolTableRecord
100
AcDbLinetypeTableRecord
  2
ACAD_ISO08W100
 70
     0
  3
ISO long-dash short-dash ____ __ ____ __ ____ _
 72
    65
 73
     4
 40
36.0
 49
24.0
 74
     0
 49
-3.0
 74
     0
 49
6.0
 74
     0
 49
-3.0
 74
     0
  0
LTYPE
  5
72C4
330
7225
100
AcDbSymbolTableRecord
100
AcDbLinetypeTableRecord
  2
ACAD_ISO09W100
 70
     0
  3
ISO long-dash double-short-dash ____ __ __ ____
 72
    65
 73
     6
 40
45.0
 49
24.0
 74
     0
 49
-3.0
 74
     0
 49
6.0
 74
     0
 49
-3.0
 74
     0
 49
6.0
 74
     0
 49
-3.0
 74
     0
  0
LTYPE
  5
72C5
330
7225
100
AcDbSymbolTableRecord
100
AcDbLinetypeTableRecord
  2
HIDDENX2
 70
     0
  3
Hidden (2x) ____ ____ ____ ____ ____ ____ ____ 
 72
    65
 73
     2
 40
19.05
 49
12.7
 74
     0
 49
-6.35
 74
     0
  0
LTYPE
  5
72C7
330
7225
100
AcDbSymbolTableRecord
100
AcDbLinetypeTableRecord
  2
HOT_WATER_SUPPLY
 70
     0
  3
Hot water supply ---- HW ---- HW ---- HW ----
 72
    65
 73
     3
 40
22.86
 49
12.7
 74
     0
 49
-5.08
 74
     2
 75
     0
340
72C6
 46
2.54
 50
0.0
 44
-2.54
 45
-1.27
  9
HW
 49
-5.08
 74
     0
  0
LTYPE
  5
72C8
330
7225
100
AcDbSymbolTableRecord
100
AcDbLinetypeTableRecord
  2
PHANTOM
 70
     0
  3
Phantom ______  __  __  ______  __  __  ______ 
 72
    65
 73
     6
 40
63.50000000000001
 49
31.75
 74
     0
 49
-6.35
 74
     0
 49
6.35
 74
     0
 49
-6.35
 74
     0
 49
6.35
 74
     0
 49
-6.35
 74
     0
  0
LTYPE
  5
72C9
330
7225
100
AcDbSymbolTableRecord
100
AcDbLinetypeTableRecord
  2
PHANTOM2
 70
     0
  3
Phantom (.5x) ___ _ _ ___ _ _ ___ _ _ ___ _ _
 72
    65
 73
     6
 40
31.75
 49
15.875
 74
     0
 49
-3.175
 74
     0
 49
3.175
 74
     0
 49
-3.175
 74
     0
 49
3.175
 74
     0
 49
-3.175
 74
     0
  0
LTYPE
  5
72CA
330
7225
100
AcDbSymbolTableRecord
100
AcDbLinetypeTableRecord
  2
PHANTOMX2
 70
     0
  3
Phantom (2x) ____________    ____    ____   _
 72
    65
 73
     6
 40
127.0
 49
63.5
 74
     0
 49
-12.7
 74
     0
 49
12.7
 74
     0
 49
-12.7
 74
     0
 49
12.7
 74
     0
 49
-12.7
 74
     0
  0
LTYPE
  5
72CC
330
7225
100
AcDbSymbolTableRecord
100
AcDbLinetypeTableRecord
  2
TRACKS
 70
     0
  3
Tracks -|-|-|-|-|-|-|-|-|-|-|-|-|-|-|-|-|-|-|-|-|-|-|-|-
 72
    65
 73
     2
 40
7.62
 49
3.81
 74
     2
 75
     0
340
72CB
 46
6.35
 50
0.0
 44
0.0
 45
0.0
  9
TRACK1
 49
3.81
 74
     0
  0
LTYPE
  5
72CF
330
7225
100
AcDbSymbolTableRecord
100
AcDbLinetypeTableRecord
  2
ZIGZAG
 70
     0
  3
Zig zag /\/\/\/\/\/\/\/\/\/\/\/\/\/\/\/\/\/\/\/\/\/\/\/
 72
    65
 73
     4
 40
20.32254
 49
0.00254
 74
     0
 49
-5.08
 74
     2
 75
     0
340
72CD
 46
5.08
 50
0.0
 44
-5.08
 45
0.0
  9
ZIG
 49
-10.16
 74
     2
 75
     0
340
72CE
 46
5.08
 50
180.0
 44
5.08
 45
0.0
  9
ZIG
 49
-5.08
 74
     0
  0
LTYPE
  5
72D0
330
7225
100
AcDbSymbolTableRecord
100
AcDbLinetypeTableRecord
  2
DOTX2
 70
     0
  3
Dot (2x) .  .  .  .  .  .  .  .  .  .  .  .  .  .
 72
    65
 73
     2
 40
12.7
 49
0.0
 74
     0
 49
-12.7
 74
     0
  0
LTYPE
  5
72D2
330
7225
100
AcDbSymbolTableRecord
100
AcDbLinetypeTableRecord
  2
DRAINAGE
 70
     0
  3
Drainage ---->---->---->----
 72
    65
 73
     2
 40
10.16
 49
5.08
 74
     2
 75
     0
340
72D1
 46
2.54
 50
180.0
 44
0.0
 45
0.0
  9
RIGHT_ARROW
 49
5.08
 74
     0
  0
LTYPE
  5
72D4
330
7225
100
AcDbSymbolTableRecord
100
AcDbLinetypeTableRecord
  2
DRAINAGE2
 70
     0
  3
Drainage reversed----<----<----<----
 72
    65
 73
     2
 40
10.16
 49
5.08
 74
     2
 75
     0
340
72D3
 46
2.54
 50
0.0
 44
0.0
 45
0.0
  9
RIGHT_ARROW
 49
5.08
 74
     0
  0
LTYPE
  5
72D6
330
7225
100
AcDbSymbolTableRecord
100
AcDbLinetypeTableRecord
  2
FENCELINE1
 70
     0
  3
Fenceline circle ----0-----0----0-----0----0-----0--
 72
    65
 73
     4
 40
36.83
 49
6.35
 74
     0
 49
-2.54
 74
     2
 75
     0
340
72D5
 46
2.54
 50
0.0
 44
-2.54
 45
0.0
  9
CIRC1
 49
-2.54
 74
     0
 49
25.4
 74
     0
  0
LTYPE
  5
72D8
330
7225
100
AcDbSymbolTableRecord
100
AcDbLinetypeTableRecord
  2
FENCELINE2
 70
     0
  3
Fenceline square ----[]-----[]----[]-----[]----[]---
 72
    65
 73
     4
 40
36.83
 49
6.35
 74
     0
 49
-2.54
 74
     2
 75
     0
340
72D7
 46
2.54
 50
0.0
 44
-2.54
 45
0.0
  9
BOX
 49
-2.54
 74
     0
 49
25.4
 74
     0
  0
LTYPE
  5
72DA
330
7225
100
AcDbSymbolTableRecord
100
AcDbLinetypeTableRecord
  2
GAS_LINE
 70
     0
  3
Gas line ----GAS----GAS----GAS----GAS----GAS----GAS--
 72
    65
 73
     3
 40
24.13
 49
12.7
 74
     0
 49
-5.08
 74
     2
 75
     0
340
72D9
 46
2.54
 50
0.0
 44
-2.54
 45
-1.27
  9
GAS
 49
-6.35
 74
     0
  0
LTYPE
  5
72DB
330
7225
100
AcDbSymbolTableRecord
100
AcDbLinetypeTableRecord
  2
HIDDEN
 70
     0
  3
Hidden __ __ __ __ __ __ __ __ __ __ __ __ __ __
 72
    65
 73
     2
 40
9.524999999999999
 49
6.35
 74
     0
 49
-3.175
 74
     0
  0
LTYPE
  5
72DC
330
7225
100
AcDbSymbolTableRecord
100
AcDbLinetypeTableRecord
  2
HIDDEN2
 70
     0
  3
Hidden (.5x) _ _ _ _ _ _ _ _ _ _ _ _ _ _ _ _ _ 
 72
    65
 73
     2
 40
4.762499999999999
 49
3.175
 74
     0
 49
-1.5875
 74
     0
  0
LTYPE
  5
72DD
330
7225
100
AcDbSymbolTableRecord
100
AcDbLinetypeTableRecord
  2
DASHED
 70
     0
  3
Dashed __ __ __ __ __ __ __ __ __ __ __ __ __ _
 72
    65
 73
     2
 40
19.05
 49
12.7
 74
     0
 49
-6.35
 74
     0
  0
LTYPE
  5
72DE
330
7225
100
AcDbSymbolTableRecord
100
AcDbLinetypeTableRecord
  2
DASHED2
 70
     0
  3
Dashed (.5x) _ _ _ _ _ _ _ _ _ _ _ _ _ _ _ _ _ 
 72
    65
 73
     2
 40
9.524999999999999
 49
6.35
 74
     0
 49
-3.175
 74
     0
  0
LTYPE
  5
72DF
330
7225
100
AcDbSymbolTableRecord
100
AcDbLinetypeTableRecord
  2
DASHEDX2
 70
     0
  3
Dashed (2x) ____  ____  ____  ____  ____  ___
 72
    65
 73
     2
 40
38.09999999999999
 49
25.4
 74
     0
 49
-12.7
 74
     0
  0
LTYPE
  5
72E0
330
7225
100
AcDbSymbolTableRecord
100
AcDbLinetypeTableRecord
  2
DIVIDE
 70
     0
  3
Divide ____ . . ____ . . ____ . . ____ . . ____
 72
    65
 73
     6
 40
31.75
 49
12.7
 74
     0
 49
-6.35
 74
     0
 49
0.0
 74
     0
 49
-6.35
 74
     0
 49
0.0
 74
     0
 49
-6.35
 74
     0
  0
LTYPE
  5
72E1
330
7225
100
AcDbSymbolTableRecord
100
AcDbLinetypeTableRecord
  2
DIVIDE2
 70
     0
  3
Divide (.5x) __..__..__..__..__..__..__..__.._
 72
    65
 73
     6
 40
15.875
 49
6.35
 74
     0
 49
-3.175
 74
     0
 49
0.0
 74
     0
 49
-3.175
 74
     0
 49
0.0
 74
     0
 49
-3.175
 74
     0
  0
LTYPE
  5
72E2
330
7225
100
AcDbSymbolTableRecord
100
AcDbLinetypeTableRecord
  2
DIVIDEX2
 70
     0
  3
Divide (2x) ________  .  .  ________  .  .  _
 72
    65
 73
     6
 40
63.5
 49
25.4
 74
     0
 49
-12.7
 74
     0
 49
0.0
 74
     0
 49
-12.7
 74
     0
 49
0.0
 74
     0
 49
-12.7
 74
     0
  0
LTYPE
  5
72E3
330
7225
100
AcDbSymbolTableRecord
100
AcDbLinetypeTableRecord
  2
DOT
 70
     0
  3
Dot . . . . . . . . . . . . . . . . . . . . . . . .
 72
    65
 73
     2
 40
6.35
 49
0.0
 74
     0
 49
-6.35
 74
     0
  0
LTYPE
  5
72E4
330
7225
100
AcDbSymbolTableRecord
100
AcDbLinetypeTableRecord
  2
DOT2
 70
     0
  3
Dot (.5x) ........................................
 72
    65
 73
     2
 40
3.175
 49
0.0
 74
     0
 49
-3.175
 74
     0
  0
LTYPE
  5
72E5
330
7225
100
AcDbSymbolTableRecord
100
AcDbLinetypeTableRecord
  2
BORDER2
 70
     0
  3
Border (.5x) __.__.__.__.__.__.__.__.__.__.__.
 72
    65
 73
     6
 40
22.225
 49
6.35
 74
     0
 49
-3.175
 74
     0
 49
6.35
 74
     0
 49
-3.175
 74
     0
 49
0.0
 74
     0
 49
-3.175
 74
     0
  0
LTYPE
  5
72E6
330
7225
100
AcDbSymbolTableRecord
100
AcDbLinetypeTableRecord
  2
BORDERX2
 70
     0
  3
Border (2x) ____  ____  .  ____  ____  .  ___
 72
    65
 73
     6
 40
88.89999999999999
 49
25.4
 74
     0
 49
-12.7
 74
     0
 49
25.4
 74
     0
 49
-12.7
 74
     0
 49
0.0
 74
     0
 49
-12.7
 74
     0
  0
LTYPE
  5
72E7
330
7225
100
AcDbSymbolTableRecord
100
AcDbLinetypeTableRecord
  2
CENTER
 70
     0
  3
Center ____ _ ____ _ ____ _ ____ _ ____ _ ____
 72
    65
 73
     4
 40
50.8
 49
31.75
 74
     0
 49
-6.35
 74
     0
 49
6.35
 74
     0
 49
-6.35
 74
     0
  0
LTYPE
  5
72E8
330
7225
100
AcDbSymbolTableRecord
100
AcDbLinetypeTableRecord
  2
CENTER2
 70
     0
  3
Center (.5x) ___ _ ___ _ ___ _ ___ _ ___ _ ___
 72
    65
 73
     4
 40
28.575
 49
19.05
 74
     0
 49
-3.175
 74
     0
 49
3.175
 74
     0
 49
-3.175
 74
     0
  0
LTYPE
  5
72E9
330
7225
100
AcDbSymbolTableRecord
100
AcDbLinetypeTableRecord
  2
CENTERX2
 70
     0
  3
Center (2x) ________  __  ________  __  _____
 72
    65
 73
     4
 40
101.6
 49
63.5
 74
     0
 49
-12.7
 74
     0
 49
12.7
 74
     0
 49
-12.7
 74
     0
  0
LTYPE
  5
72EA
330
7225
100
AcDbSymbolTableRecord
100
AcDbLinetypeTableRecord
  2
DASHDOT
 70
     0
  3
Dash dot __ . __ . __ . __ . __ . __ . __ . __
 72
    65
 73
     4
 40
25.4
 49
12.7
 74
     0
 49
-6.35
 74
     0
 49
0.0
 74
     0
 49
-6.35
 74
     0
  0
LTYPE
  5
72EB
330
7225
100
AcDbSymbolTableRecord
100
AcDbLinetypeTableRecord
  2
DASHDOT2
 70
     0
  3
Dash dot (.5x) _._._._._._._._._._._._._._._.
 72
    65
 73
     4
 40
12.7
 49
6.35
 74
     0
 49
-3.175
 74
     0
 49
0.0
 74
     0
 49
-3.175
 74
     0
  0
LTYPE
  5
72EC
330
7225
100
AcDbSymbolTableRecord
100
AcDbLinetypeTableRecord
  2
DASHDOTX2
 70
     0
  3
Dash dot (2x) ____  .  ____  .  ____  .  ___
 72
    65
 73
     4
 40
50.8
 49
25.4
 74
     0
 49
-12.7
 74
     0
 49
0.0
 74
     0
 49
-12.7
 74
     0
  0
LTYPE
  5
72ED
330
7225
100
AcDbSymbolTableRecord
100
AcDbLinetypeTableRecord
  2
ACAD_ISO10W100
 70
     0
  3
ISO dash dot __ . __ . __ . __ . __ . __ . __ . 
 72
    65
 73
     4
 40
18.0
 49
12.0
 74
     0
 49
-3.0
 74
     0
 49
0.0
 74
     0
 49
-3.0
 74
     0
  0
LTYPE
  5
72EE
330
7225
100
AcDbSymbolTableRecord
100
AcDbLinetypeTableRecord
  2
ACAD_ISO11W100
 70
     0
  3
ISO double-dash dot __ __ . __ __ . __ __ . __ _
 72
    65
 73
     6
 40
33.0
 49
12.0
 74
     0
 49
-3.0
 74
     0
 49
12.0
 74
     0
 49
-3.0
 74
     0
 49
0.0
 74
     0
 49
-3.0
 74
     0
  0
LTYPE
  5
72EF
330
7225
100
AcDbSymbolTableRecord
100
AcDbLinetypeTableRecord
  2
ACAD_ISO12W100
 70
     0
  3
ISO dash double-dot __ . . __ . . __ . . __ . . 
 72
    65
 73
     6
 40
21.0
 49
12.0
 74
     0
 49
-3.0
 74
     0
 49
0.0
 74
     0
 49
-3.0
 74
     0
 49
0.0
 74
     0
 49
-3.0
 74
     0
  0
LTYPE
  5
72F0
330
7225
100
AcDbSymbolTableRecord
100
AcDbLinetypeTableRecord
  2
ACAD_ISO13W100
 70
     0
  3
ISO double-dash double-dot __ __ . . __ __ . . _
 72
    65
 73
     8
 40
36.0
 49
12.0
 74
     0
 49
-3.0
 74
     0
 49
12.0
 74
     0
 49
-3.0
 74
     0
 49
0.0
 74
     0
 49
-3.0
 74
     0
 49
0.0
 74
     0
 49
-3.0
 74
     0
  0
ENDTAB
  0
TABLE
  2
LAYER
  5
7223
330
0
100
AcDbSymbolTable
 70
     2
  0
LAYER
  5
7230
330
7223
100
AcDbSymbolTableRecord
100
AcDbLayerTableRecord
  2
0
 70
     0
 62
    96
420
    32768
  6
Continuous
370
    25
390
722F
347
7265
348
0
  0
LAYER
  5
72F1
330
7223
100
AcDbSymbolTableRecord
100
AcDbLayerTableRecord
  2
livello 10
 70
     0
 62
    18
420
        0
  6
Continuous
370
    25
390
722F
347
7265
348
0
  0
ENDTAB
  0
TABLE
  2
STYLE
  5
7224
330
0
100
AcDbSymbolTable
 70
    13
  0
STYLE
  5
7231
330
7224
100
AcDbSymbolTableRecord
100
AcDbTextStyleTableRecord
  2
Standard
 70
     0
 40
0.0
 41
1.0
 50
0.0
 71
     0
 42
0.2
  3
txt
  4

  0
STYLE
  5
72B5
330
7224
100
AcDbSymbolTableRecord
100
AcDbTextStyleTableRecord
  2
QCADDimTextStyle
 70
     0
 40
0.0
 41
1.0
 50
0.0
 71
     0
 42
0.2
  3
txt
  4

  0
STYLE
  5
72B9
330
7224
100
AcDbSymbolTableRecord
100
AcDbTextStyleTableRecord
  2
textstyle0
 70
     0
 40
0.0
 41
1.0
 50
0.0
 71
     0
 42
0.2
  3
ltypeshp.shx
  4

  0
STYLE
  5
72BA
330
7224
100
AcDbSymbolTableRecord
100
AcDbTextStyleTableRecord
  2
textstyle1
 70
     0
 40
0.0
 41
1.0
 50
0.0
 71
     0
 42
0.2
  3
ltypeshp.shx
  4

  0
STYLE
  5
72C6
330
7224
100
AcDbSymbolTableRecord
100
AcDbTextStyleTableRecord
  2
textstyle2
 70
     0
 40
0.0
 41
1.0
 50
0.0
 71
     0
 42
0.2
  3
STANDARD
  4

  0
STYLE
  5
72CB
330
7224
100
AcDbSymbolTableRecord
100
AcDbTextStyleTableRecord
  2
textstyle3
 70
     0
 40
0.0
 41
1.0
 50
0.0
 71
     0
 42
0.2
  3
ltypeshp.shx
  4

  0
STYLE
  5
72CD
330
7224
100
AcDbSymbolTableRecord
100
AcDbTextStyleTableRecord
  2
textstyle4
 70
     0
 40
0.0
 41
1.0
 50
0.0
 71
     0
 42
0.2
  3
ltypeshp.shx
  4

  0
STYLE
  5
72CE
330
7224
100
AcDbSymbolTableRecord
100
AcDbTextStyleTableRecord
  2
textstyle5
 70
     0
 40
0.0
 41
1.0
 50
0.0
 71
     0
 42
0.2
  3
ltypeshp.shx
  4

  0
STYLE
  5
72D1
330
7224
100
AcDbSymbolTableRecord
100
AcDbTextStyleTableRecord
  2
textstyle6
 70
     0
 40
0.0
 41
1.0
 50
0.0
 71
     0
 42
0.2
  3
qcadshp.shx
  4

  0
STYLE
  5
72D3
330
7224
100
AcDbSymbolTableRecord
100
AcDbTextStyleTableRecord
  2
textstyle7
 70
     0
 40
0.0
 41
1.0
 50
0.0
 71
     0
 42
0.2
  3
qcadshp.shx
  4

  0
STYLE
  5
72D5
330
7224
100
AcDbSymbolTableRecord
100
AcDbTextStyleTableRecord
  2
textstyle8
 70
     0
 40
0.0
 41
1.0
 50
0.0
 71
     0
 42
0.2
  3
ltypeshp.shx
  4

  0
STYLE
  5
72D7
330
7224
100
AcDbSymbolTableRecord
100
AcDbTextStyleTableRecord
  2
textstyle9
 70
     0
 40
0.0
 41
1.0
 50
0.0
 71
     0
 42
0.2
  3
ltypeshp.shx
  4

  0
STYLE
  5
72D9
330
7224
100
AcDbSymbolTableRecord
100
AcDbTextStyleTableRecord
  2
textstyle10
 70
     0
 40
0.0
 41
1.0
 50
0.0
 71
     0
 42
0.2
  3
STANDARD
  4

  0
ENDTAB
  0
TABLE
  2
VIEW
  5
7226
330
0
100
AcDbSymbolTable
 70
     0
  0
ENDTAB
  0
TABLE
  2
UCS
  5
7227
330
0
100
AcDbSymbolTable
 70
     0
  0
ENDTAB
  0
TABLE
  2
APPID
  5
7229
330
0
100
AcDbSymbolTable
 70
     2
  0
APPID
  5
7232
330
7229
100
AcDbSymbolTableRecord
100
AcDbRegAppTableRecord
  2
ACAD
 70
     0
  0
APPID
  5
727D
330
7229
100
AcDbSymbolTableRecord
100
AcDbRegAppTableRecord
  2
QCAD
 70
     0
  0
ENDTAB
  0
TABLE
  2
DIMSTYLE
  5
722A
330
0
100
AcDbSymbolTable
 70
     2
100
AcDbDimStyleTable
  0
DIMSTYLE
105
7246
330
722A
100
AcDbSymbolTableRecord
100
AcDbDimStyleTableRecord
  2
Standard
 70
     0
178
     0
340
7231
  0
DIMSTYLE
105
72B6
330
722A
100
AcDbSymbolTableRecord
100
AcDbDimStyleTableRecord
  2
QCADDimStyle
 70
     0
 41
2.5
 42
0.625
 44
1.25
 73
     0
 77
     1
140
2.5
147
0.625
178
     0
340
72B5
  0
ENDTAB
  0
TABLE
  2
BLOCK_RECORD
  5
7222
330
0
100
AcDbSymbolTable
 70
     0
  0
BLOCK_RECORD
  5
723E
330
7222
100
AcDbSymbolTableRecord
100
AcDbBlockTableRecord
  2
*Model_Space
340
7241
 70
     0
280
     1
281
     0
  0
BLOCK_RECORD
  5
723A
330
7222
100
AcDbSymbolTableRecord
100
AcDbBlockTableRecord
  2
*Paper_Space
340
723D
 70
     0
280
     1
281
     0
  0
ENDTAB
  0
ENDSEC
  0
SECTION
  2
BLOCKS
  0
BLOCK
  5
723F
330
723E
100
AcDbEntity
  8
0
100
AcDbBlockBegin
  2
*Model_Space
 70
     0
 10
0.0
 20
0.0
 30
0.0
  3
*Model_Space
  1

  0
ENDBLK
  5
7240
330
723E
100
AcDbEntity
  8
0
100
AcDbBlockEnd
  0
BLOCK
  5
723B
330
723A
100
AcDbEntity
 67
     1
  8
0
100
AcDbBlockBegin
  2
*Paper_Space
 70
     0
 10
0.0
 20
0.0
 30
0.0
  3
*Paper_Space
  1

  0
ENDBLK
  5
723C
330
723A
100
AcDbEntity
 67
     1
  8
0
100
AcDbBlockEnd
  0
ENDSEC
  0
SECTION
  2
ENTITIES
  0
LWPOLYLINE
  5
6B91
330
723E
100
AcDbEntity
  8
livello 10
 62
     6
420
 16711935
100
AcDbPolyline
 90
        2
 70
   128
 43
0.0
 10
111.1220094470517
 20
75.49861355375755
 10
125.1210094470517
 20
75.49861355375755
  0
LWPOLYLINE
  5
6BA5
330
723E
100
AcDbEntity
  8
livello 10
 62
     6
420
 16711935
100
AcDbPolyline
 90
        2
 70
   128
 43
0.0
 10
75.49740944705167
 20
15.46191355375754
 10
76.34590944705167
 20
15.95181355375752
  0
LWPOLYLINE
  5
6BA7
330
723E
100
AcDbEntity
  8
livello 10
 62
     6
420
 16711935
100
AcDbPolyline
 90
        2
 70
   128
 43
0.0
 10
125.1220094470517
 20
42.44891355375755
 10
111.1230094470517
 20
42.44891355375755
  0
LWPOLYLINE
  5
6BB3
330
723E
100
AcDbEntity
  8
livello 10
 62
     6
420
 16711935
100
AcDbPolyline
 90
        2
 70
   128
 43
0.0
 10
106.0720094470517
 20
61.49891355375755
 10
92.07300944705167
 20
61.49891355375755
  0
LWPOLYLINE
  5
6BB7
330
723E
100
AcDbEntity
  8
livello 10
 62
     6
420
 16711935
100
AcDbPolyline
 90
        2
 70
   128
 43
0.0
 10
163.2220094470517
 20
113.5989135537576
 10
163.2220094470517
 20
99.59891355375754
  0
LWPOLYLINE
  5
6BBB
330
723E
100
AcDbEntity
  8
livello 10
 62
     6
420
 16711935
100
AcDbPolyline
 90
        2
 70
   128
 43
0.0
 10
149.2230094470517
 20
56.44851355375754
 10
163.2220094470517
 20
56.44851355375754
  0
LWPOLYLINE
  5
6BBF
330
723E
100
AcDbEntity
  8
livello 10
 62
     6
420
 16711935
100
AcDbPolyline
 90
        2
 70
   128
 43
0.0
 10
163.2215094470517
 20
113.5989135537576
 10
163.2215094470517
 20
99.59891355375754
  0
LWPOLYLINE
  5
6BC3
330
723E
100
AcDbEntity
  8
livello 10
 62
     6
420
 16711935
100
AcDbPolyline
 90
        2
 70
   128
 43
0.0
 10
57.36730944705167
 20
28.72361355375756
 10
53.29770944705166
 20
26.37401355375755
  0
LWPOLYLINE
  5
6BD3
330
723E
100
AcDbEntity
  8
livello 10
 62
     6
420
 16711935
100
AcDbPolyline
 90
        2
 70
   128
 43
0.0
 10
163.2215094470517
 20
80.54891355375754
 10
149.2225094470517
 20
80.54891355375754
  0
LWPOLYLINE
  5
6BDB
330
723E
100
AcDbEntity
  8
livello 10
 62
     6
420
 16711935
100
AcDbPolyline
 90
        2
 70
   128
 43
0.0
 10
94.47170944705167
 20
33.33171355375755
 10
98.09510944705167
 20
19.80921355375756
  0
LWPOLYLINE
  5
6BE1
330
723E
100
AcDbEntity
  8
livello 10
 62
     6
420
 16711935
100
AcDbPolyline
 90
        2
 70
   128
 43
0.0
 10
65.70740944705166
 20
7.81781355375756
 10
68.50480944705166
 20
9.432913553757544
  0
LWPOLYLINE
  5
6BE3
330
723E
100
AcDbEntity
  8
livello 10
 62
     6
420
 16711935
100
AcDbPolyline
 90
        2
 70
   128
 43
0.0
 10
149.2230094470517
 20
56.44861355375754
 10
163.2220094470517
 20
56.44861355375754
  0
LWPOLYLINE
  5
6BEB
330
723E
100
AcDbEntity
  8
livello 10
 62
     6
420
 16711935
100
AcDbPolyline
 90
        2
 70
   128
 43
0.0
 10
68.50480944705166
 20
9.432913553757544
 10
68.91680944705166
 20
8.719313553757559
  0
LWPOLYLINE
  5
6BF7
330
723E
100
AcDbEntity
  8
livello 10
 62
     6
420
 16711935
100
AcDbPolyline
 90
        2
 70
   128
 43
0.0
 10
111.1220094470517
 20
56.44851355375754
 10
125.1210094470517
 20
56.44851355375754
  0
LWPOLYLINE
  5
6C0F
330
723E
100
AcDbEntity
  8
livello 10
 62
     6
420
 16711935
100
AcDbPolyline
 90
        2
 70
   128
 43
0.0
 10
130.1730094470517
 20
94.54861355375755
 10
144.1720094470517
 20
94.54861355375755
  0
LWPOLYLINE
  5
6C11
330
723E
100
AcDbEntity
  8
livello 10
 62
     6
420
 16711935
100
AcDbPolyline
 90
        2
 70
   128
 43
0.0
 10
144.1720094470517
 20
61.49891355375755
 10
130.1730094470517
 20
61.49891355375755
  0
LWPOLYLINE
  5
6C1D
330
723E
100
AcDbEntity
  8
livello 10
 62
     6
420
 16711935
100
AcDbPolyline
 90
        2
 70
   128
 43
0.0
 10
76.35990944705165
 20
13.96801355375754
 10
75.49740944705167
 20
15.46191355375754
  0
LWPOLYLINE
  5
6C21
330
723E
100
AcDbEntity
  8
livello 10
 62
     6
420
 16711935
100
AcDbPolyline
 90
        2
 70
   128
 43
0.0
 10
51.29440944705166
 20
32.78191355375755
 10
50.49840944705166
 20
32.32231355375755
  0
LWPOLYLINE
  5
6C23
330
723E
100
AcDbEntity
  8
livello 10
 62
     6
420
 16711935
100
AcDbPolyline
 90
        2
 70
   128
 43
0.0
 10
87.02200944705166
 20
80.54891355375754
 10
73.02300944705166
 20
80.54891355375754
  0
LWPOLYLINE
  5
6C2B
330
723E
100
AcDbEntity
  8
livello 10
 62
     6
420
 16711935
100
AcDbPolyline
 90
        2
 70
   128
 43
0.0
 10
111.1230094470517
 20
75.49861355375755
 10
125.1220094470517
 20
75.49861355375755
  0
LWPOLYLINE
  5
6C2D
330
723E
100
AcDbEntity
  8
livello 10
 62
     6
420
 16711935
100
AcDbPolyline
 90
        2
 70
   128
 43
0.0
 10
125.1220094470517
 20
94.54861355375755
 10
125.1220094470517
 20
80.54891355375754
  0
LWPOLYLINE
  5
6C2F
330
723E
100
AcDbEntity
  8
livello 10
 62
     6
420
 16711935
100
AcDbPolyline
 90
        2
 70
   128
 43
0.0
 10
111.1230094470517
 20
94.54861355375755
 10
125.1220094470517
 20
94.54861355375755
  0
LWPOLYLINE
  5
6C3D
330
723E
100
AcDbEntity
  8
livello 10
 62
     6
420
 16711935
100
AcDbPolyline
 90
        2
 70
   128
 43
0.0
 10
63.59690944705166
 20
36.07421355375756
 10
64.44540944705166
 20
36.56411355375754
  0
LWPOLYLINE
  5
6C47
330
723E
100
AcDbEntity
  8
livello 10
 62
     6
420
 16711935
100
AcDbPolyline
 90
        2
 70
   128
 43
0.0
 10
149.2230094470517
 20
75.49861355375755
 10
163.2220094470517
 20
75.49861355375755
  0
LWPOLYLINE
  5
6C49
330
723E
100
AcDbEntity
  8
livello 10
 62
     6
420
 16711935
100
AcDbPolyline
 90
        2
 70
   128
 43
0.0
 10
106.0720094470517
 20
80.54891355375754
 10
92.07300944705167
 20
80.54891355375754
  0
LWPOLYLINE
  5
6C4D
330
723E
100
AcDbEntity
  8
livello 10
 62
     6
420
 16711935
100
AcDbPolyline
 90
        2
 70
   128
 43
0.0
 10
73.02300944705166
 20
75.49861355375755
 10
87.02200944705166
 20
75.49861355375755
  0
LWPOLYLINE
  5
6C51
330
723E
100
AcDbEntity
  8
livello 10
 62
     6
420
 16711935
100
AcDbPolyline
 90
        2
 70
   128
 43
0.0
 10
106.0720094470517
 20
75.49861355375755
 10
106.0720094470517
 20
61.49891355375755
  0
LWPOLYLINE
  5
6C57
330
723E
100
AcDbEntity
  8
livello 10
 62
     6
420
 16711935
100
AcDbPolyline
 90
        2
 70
   128
 43
0.0
 10
163.2220094470517
 20
56.44861355375754
 10
163.2220094470517
 20
42.44891355375755
  0
LWPOLYLINE
  5
6C5D
330
723E
100
AcDbEntity
  8
livello 10
 62
     6
420
 16711935
100
AcDbPolyline
 90
        2
 70
   128
 43
0.0
 10
163.2215094470517
 20
61.49891355375755
 10
149.2225094470517
 20
61.49891355375755
  0
LWPOLYLINE
  5
6C75
330
723E
100
AcDbEntity
  8
livello 10
 62
     6
420
 16711935
100
AcDbPolyline
 90
        2
 70
   128
 43
0.0
 10
84.57210944705167
 20
16.18571355375752
 10
80.94880944705167
 20
29.70821355375756
  0
LWPOLYLINE
  5
6C77
330
723E
100
AcDbEntity
  8
livello 10
 62
     6
420
 16711935
100
AcDbPolyline
 90
        2
 70
   128
 43
0.0
 10
144.1720094470517
 20
56.44861355375754
 10
144.1720094470517
 20
42.44891355375755
  0
LWPOLYLINE
  5
6C81
330
723E
100
AcDbEntity
  8
livello 10
 62
     6
420
 16711935
100
AcDbPolyline
 90
        2
 70
   128
 43
0.0
 10
71.34180944705167
 20
10.11941355375757
 10
70.92980944705167
 20
10.83301355375755
  0
LWPOLYLINE
  5
6C83
330
723E
100
AcDbEntity
  8
livello 10
 62
     6
420
 16711935
100
AcDbPolyline
 90
        2
 70
   128
 43
0.0
 10
70.92980944705167
 20
10.83301355375755
 10
76.35990944705165
 20
13.96801355375754
  0
LWPOLYLINE
  5
6C85
330
723E
100
AcDbEntity
  8
livello 10
 62
     6
420
 16711935
100
AcDbPolyline
 90
        2
 70
   128
 43
0.0
 10
163.2215094470517
 20
99.59891355375754
 10
149.2225094470517
 20
99.59891355375754
  0
LWPOLYLINE
  5
6C8D
330
723E
100
AcDbEntity
  8
livello 10
 62
     6
420
 16711935
100
AcDbPolyline
 90
        2
 70
   128
 43
0.0
 10
87.02200944705166
 20
75.49861355375755
 10
87.02200944705166
 20
61.49891355375755
  0
LWPOLYLINE
  5
6C8F
330
723E
100
AcDbEntity
  8
livello 10
 62
     6
420
 16711935
100
AcDbPolyline
 90
        2
 70
   128
 43
0.0
 10
149.2230094470517
 20
80.54891355375754
 10
149.2230094470517
 20
94.54861355375755
  0
LWPOLYLINE
  5
6C91
330
723E
100
AcDbEntity
  8
livello 10
 62
     6
420
 16711935
100
AcDbPolyline
 90
        2
 70
   128
 43
0.0
 10
149.2225094470517
 20
42.44891355375755
 10
149.2225094470517
 20
56.44861355375754
  0
LWPOLYLINE
  5
6CB1
330
723E
100
AcDbEntity
  8
livello 10
 62
     6
420
 16711935
100
AcDbPolyline
 90
        2
 70
   128
 43
0.0
 10
122.1911094470517
 20
34.54081355375756
 10
122.1911094470517
 20
20.54131355375756
  0
LWPOLYLINE
  5
6CB5
330
723E
100
AcDbEntity
  8
livello 10
 62
     6
420
 16711935
100
AcDbPolyline
 90
        2
 70
   128
 43
0.0
 10
144.1720094470517
 20
80.54891355375754
 10
130.1730094470517
 20
80.54891355375754
  0
LWPOLYLINE
  5
6CBF
330
723E
100
AcDbEntity
  8
livello 10
 62
     6
420
 16711935
100
AcDbPolyline
 90
        2
 70
   128
 43
0.0
 10
125.1220094470517
 20
80.54891355375754
 10
111.1230094470517
 20
80.54891355375754
  0
LWPOLYLINE
  5
6CC1
330
723E
100
AcDbEntity
  8
livello 10
 62
     6
420
 16711935
100
AcDbPolyline
 90
        2
 70
   128
 43
0.0
 10
73.02300944705166
 20
94.54861355375755
 10
87.02200944705166
 20
94.54861355375755
  0
LWPOLYLINE
  5
6CC3
330
723E
100
AcDbEntity
  8
livello 10
 62
     6
420
 16711935
100
AcDbPolyline
 90
        2
 70
   128
 43
0.0
 10
73.02300944705166
 20
80.54891355375754
 10
73.02300944705166
 20
94.54861355375755
  0
LWPOLYLINE
  5
6CC5
330
723E
100
AcDbEntity
  8
livello 10
 62
     6
420
 16711935
100
AcDbPolyline
 90
        2
 70
   128
 43
0.0
 10
132.0731094470516
 20
20.54131355375756
 10
132.0731094470516
 20
34.54081355375756
  0
LWPOLYLINE
  5
6CC9
330
723E
100
AcDbEntity
  8
livello 10
 62
     6
420
 16711935
100
AcDbPolyline
 90
        2
 70
   128
 43
0.0
 10
53.29770944705166
 20
26.37401355375755
 10
60.29770944705166
 20
14.24971355375754
  0
LWPOLYLINE
  5
6CD5
330
723E
100
AcDbEntity
  8
livello 10
 62
     6
420
 16711935
100
AcDbPolyline
 90
        2
 70
   128
 43
0.0
 10
73.02300944705166
 20
75.49861355375755
 10
87.02200944705166
 20
75.49861355375755
  0
LWPOLYLINE
  5
6CDF
330
723E
100
AcDbEntity
  8
livello 10
 62
     6
420
 16711935
100
AcDbPolyline
 90
        2
 70
   128
 43
0.0
 10
149.2230094470517
 20
94.54861355375755
 10
163.2220094470517
 20
94.54861355375755
  0
LWPOLYLINE
  5
6CE3
330
723E
100
AcDbEntity
  8
livello 10
 62
     6
420
 16711935
100
AcDbPolyline
 90
        2
 70
   128
 43
0.0
 10
52.14840944705166
 20
29.46441355375757
 10
52.94440944705167
 20
29.92401355375756
  0
LWPOLYLINE
  5
6CED
330
723E
100
AcDbEntity
  8
livello 10
 62
     6
420
 16711935
100
AcDbPolyline
 90
        2
 70
   128
 43
0.0
 10
55.65480944705166
 20
37.29001355375753
 10
55.24230944705167
 20
38.00451355375755
  0
LWPOLYLINE
  5
6CF3
330
723E
100
AcDbEntity
  8
livello 10
 62
     6
420
 16711935
100
AcDbPolyline
 90
        2
 70
   128
 43
0.0
 10
149.2230094470517
 20
99.59891355375754
 10
149.2230094470517
 20
113.5989135537576
  0
LWPOLYLINE
  5
6D07
330
723E
100
AcDbEntity
  8
livello 10
 62
     6
420
 16711935
100
AcDbPolyline
 90
        2
 70
   128
 43
0.0
 10
111.1230094470517
 20
80.54891355375754
 10
111.1230094470517
 20
94.54861355375755
  0
LWPOLYLINE
  5
6D09
330
723E
100
AcDbEntity
  8
livello 10
 62
     6
420
 16711935
100
AcDbPolyline
 90
        2
 70
   128
 43
0.0
 10
106.0720094470517
 20
56.44861355375754
 10
106.0720094470517
 20
42.44891355375755
  0
LWPOLYLINE
  5
6D0D
330
723E
100
AcDbEntity
  8
livello 10
 62
     6
420
 16711935
100
AcDbPolyline
 90
        2
 70
   128
 43
0.0
 10
73.02300944705166
 20
56.44861355375754
 10
87.02200944705166
 20
56.44861355375754
  0
LWPOLYLINE
  5
6D11
330
723E
100
AcDbEntity
  8
livello 10
 62
     6
420
 16711935
100
AcDbPolyline
 90
        2
 70
   128
 43
0.0
 10
92.07300944705167
 20
75.49861355375755
 10
106.0720094470517
 20
75.49861355375755
  0
LWPOLYLINE
  5
6D15
330
723E
100
AcDbEntity
  8
livello 10
 62
     6
420
 16711935
100
AcDbPolyline
 90
        2
 70
   128
 43
0.0
 10
73.02300944705166
 20
99.59891355375754
 10
73.02300944705166
 20
113.5989135537576
  0
LWPOLYLINE
  5
6D19
330
723E
100
AcDbEntity
  8
livello 10
 62
     6
420
 16711935
100
AcDbPolyline
 90
        2
 70
   128
 43
0.0
 10
65.12980944705166
 20
15.27851355375753
 10
62.33240944705166
 20
13.66351355375753
  0
LWPOLYLINE
  5
6D23
330
723E
100
AcDbEntity
  8
livello 10
 62
     6
420
 16711935
100
AcDbPolyline
 90
        2
 70
   128
 43
0.0
 10
60.29770944705166
 20
14.24971355375754
 10
64.36730944705167
 20
16.59921355375752
  0
LWPOLYLINE
  5
6D25
330
723E
100
AcDbEntity
  8
livello 10
 62
     6
420
 16711935
100
AcDbPolyline
 90
        2
 70
   128
 43
0.0
 10
130.1730094470517
 20
56.44851355375754
 10
144.1720094470517
 20
56.44851355375754
  0
LWPOLYLINE
  5
6D29
330
723E
100
AcDbEntity
  8
livello 10
 62
     6
420
 16711935
100
AcDbPolyline
 90
        2
 70
   128
 43
0.0
 10
68.91680944705166
 20
8.719313553757559
 10
71.34180944705167
 20
10.11941355375757
  0
LWPOLYLINE
  5
6D33
330
723E
100
AcDbEntity
  8
livello 10
 62
     6
420
 16711935
100
AcDbPolyline
 90
        2
 70
   128
 43
0.0
 10
68.35090944705166
 20
18.89921355375753
 10
72.42160944705165
 20
21.24941355375756
  0
LWPOLYLINE
  5
6D37
330
723E
100
AcDbEntity
  8
livello 10
 62
     6
420
 16711935
100
AcDbPolyline
 90
        2
 70
   128
 43
0.0
 10
130.1730094470517
 20
94.54881355375754
 10
144.1720094470517
 20
94.54881355375754
  0
LWPOLYLINE
  5
6D3F
330
723E
100
AcDbEntity
  8
livello 10
 62
     6
420
 16711935
100
AcDbPolyline
 90
        2
 70
   128
 43
0.0
 10
111.1230094470517
 20
42.44891355375755
 10
111.1230094470517
 20
56.44861355375754
  0
LWPOLYLINE
  5
6D41
330
723E
100
AcDbEntity
  8
livello 10
 62
     6
420
 16711935
100
AcDbPolyline
 90
        2
 70
   128
 43
0.0
 10
73.84690944705167
 20
18.32071355375757
 10
72.98490944705165
 20
19.81371355375757
  0
LWPOLYLINE
  5
6D47
330
723E
100
AcDbEntity
  8
livello 10
 62
     6
420
 16711935
100
AcDbPolyline
 90
        2
 70
   128
 43
0.0
 10
62.33240944705166
 20
13.66351355375753
 10
63.19440944705167
 20
12.17051355375753
  0
LWPOLYLINE
  5
6D57
330
723E
100
AcDbEntity
  8
livello 10
 62
     6
420
 16711935
100
AcDbPolyline
 90
        2
 70
   128
 43
0.0
 10
144.1720094470517
 20
94.54861355375755
 10
144.1720094470517
 20
80.54891355375754
  0
LWPOLYLINE
  5
6D63
330
723E
100
AcDbEntity
  8
livello 10
 62
     6
420
 16711935
100
AcDbPolyline
 90
        2
 70
   128
 43
0.0
 10
163.2220094470517
 20
42.44891355375755
 10
149.2230094470517
 20
42.44891355375755
  0
LWPOLYLINE
  5
6D65
330
723E
100
AcDbEntity
  8
livello 10
 62
     6
420
 16711935
100
AcDbPolyline
 90
        2
 70
   128
 43
0.0
 10
111.1220094470517
 20
99.59891355375754
 10
111.1220094470517
 20
113.5989135537576
  0
LWPOLYLINE
  5
6D67
330
723E
100
AcDbEntity
  8
livello 10
 62
     6
420
 16711935
100
AcDbPolyline
 90
        2
 70
   128
 43
0.0
 10
108.1921094470516
 20
20.54131355375756
 10
108.1921094470516
 20
34.54081355375756
  0
LWPOLYLINE
  5
6D6D
330
723E
100
AcDbEntity
  8
livello 10
 62
     6
420
 16711935
100
AcDbPolyline
 90
        2
 70
   128
 43
0.0
 10
163.2220094470517
 20
61.49891355375755
 10
149.2230094470517
 20
61.49891355375755
  0
LWPOLYLINE
  5
6D6F
330
723E
100
AcDbEntity
  8
livello 10
 62
     6
420
 16711935
100
AcDbPolyline
 90
        2
 70
   128
 43
0.0
 10
163.2215094470517
 20
75.49861355375755
 10
163.2215094470517
 20
61.49891355375755
  0
LWPOLYLINE
  5
6D77
330
723E
100
AcDbEntity
  8
livello 10
 62
     6
420
 16711935
100
AcDbPolyline
 90
        2
 70
   128
 43
0.0
 10
111.1220094470517
 20
113.5989135537576
 10
125.1210094470517
 20
113.5989135537576
  0
LWPOLYLINE
  5
6D79
330
723E
100
AcDbEntity
  8
livello 10
 62
     6
420
 16711935
100
AcDbPolyline
 90
        2
 70
   128
 43
0.0
 10
98.09510944705167
 20
19.80921355375756
 10
84.57210944705167
 20
16.18571355375752
  0
LWPOLYLINE
  5
6D85
330
723E
100
AcDbEntity
  8
livello 10
 62
     6
420
 16711935
100
AcDbPolyline
 90
        2
 70
   128
 43
0.0
 10
130.1730094470517
 20
75.49861355375755
 10
144.1720094470517
 20
75.49861355375755
  0
LWPOLYLINE
  5
6D87
330
723E
100
AcDbEntity
  8
livello 10
 62
     6
420
 16711935
100
AcDbPolyline
 90
        2
 70
   128
 43
0.0
 10
149.2225094470517
 20
61.49891355375755
 10
149.2225094470517
 20
75.49861355375755
  0
LWPOLYLINE
  5
6D89
330
723E
100
AcDbEntity
  8
livello 10
 62
     6
420
 16711935
100
AcDbPolyline
 90
        2
 70
   128
 43
0.0
 10
73.02300944705166
 20
42.44891355375755
 10
73.02300944705166
 20
56.44861355375754
  0
LWPOLYLINE
  5
6D8D
330
723E
100
AcDbEntity
  8
livello 10
 62
     6
420
 16711935
100
AcDbPolyline
 90
        2
 70
   128
 43
0.0
 10
55.24230944705167
 20
38.00451355375755
 10
52.81730944705166
 20
36.60441355375754
  0
LWPOLYLINE
  5
6D8F
330
723E
100
AcDbEntity
  8
livello 10
 62
     6
420
 16711935
100
AcDbPolyline
 90
        2
 70
   128
 43
0.0
 10
64.36730944705167
 20
16.59921355375752
 10
65.12980944705166
 20
15.27851355375753
  0
LWPOLYLINE
  5
6D9B
330
723E
100
AcDbEntity
  8
livello 10
 62
     6
420
 16711935
100
AcDbPolyline
 90
        2
 70
   128
 43
0.0
 10
92.07300944705167
 20
113.5989135537576
 10
106.0720094470517
 20
113.5989135537576
  0
LWPOLYLINE
  5
6DA1
330
723E
100
AcDbEntity
  8
livello 10
 62
     6
420
 16711935
100
AcDbPolyline
 90
        2
 70
   128
 43
0.0
 10
144.1720094470517
 20
99.59891355375754
 10
130.1730094470517
 20
99.59891355375754
  0
LWPOLYLINE
  5
6DA3
330
723E
100
AcDbEntity
  8
livello 10
 62
     6
420
 16711935
100
AcDbPolyline
 90
        2
 70
   128
 43
0.0
 10
61.08490944705166
 20
40.42511355375755
 10
55.65480944705166
 20
37.29001355375753
  0
LWPOLYLINE
  5
6DAB
330
723E
100
AcDbEntity
  8
livello 10
 62
     6
420
 16711935
100
AcDbPolyline
 90
        2
 70
   128
 43
0.0
 10
146.0721094470517
 20
20.54131355375756
 10
132.0731094470516
 20
20.54131355375756
  0
LWPOLYLINE
  5
6DAD
330
723E
100
AcDbEntity
  8
livello 10
 62
     6
420
 16711935
100
AcDbPolyline
 90
        2
 70
   128
 43
0.0
 10
73.02300944705166
 20
113.5989135537576
 10
87.02200944705166
 20
113.5989135537576
  0
LWPOLYLINE
  5
6DAF
330
723E
100
AcDbEntity
  8
livello 10
 62
     6
420
 16711935
100
AcDbPolyline
 90
        2
 70
   128
 43
0.0
 10
125.1210094470517
 20
99.59891355375754
 10
111.1220094470517
 20
99.59891355375754
  0
LWPOLYLINE
  5
6DB1
330
723E
100
AcDbEntity
  8
livello 10
 62
     6
420
 16711935
100
AcDbPolyline
 90
        2
 70
   128
 43
0.0
 10
62.39840944705166
 20
11.71091355375756
 10
64.04890944705166
 20
8.852213553757565
  0
LWPOLYLINE
  5
6DC3
330
723E
100
AcDbEntity
  8
livello 10
 62
     6
420
 16711935
100
AcDbPolyline
 90
        2
 70
   128
 43
0.0
 10
130.1730094470517
 20
113.5989135537576
 10
144.1720094470517
 20
113.5989135537576
  0
LWPOLYLINE
  5
6DCB
330
723E
100
AcDbEntity
  8
livello 10
 62
     6
420
 16711935
100
AcDbPolyline
 90
        2
 70
   128
 43
0.0
 10
92.07300944705167
 20
99.59891355375754
 10
92.07300944705167
 20
113.5989135537576
  0
LWPOLYLINE
  5
6DCF
330
723E
100
AcDbEntity
  8
livello 10
 62
     6
420
 16711935
100
AcDbPolyline
 90
        2
 70
   128
 43
0.0
 10
149.2230094470517
 20
61.49891355375755
 10
149.2230094470517
 20
75.49861355375755
  0
LWPOLYLINE
  5
6DDD
330
723E
100
AcDbEntity
  8
livello 10
 62
     6
420
 16711935
100
AcDbPolyline
 90
        2
 70
   128
 43
0.0
 10
72.42160944705165
 20
21.24941355375756
 10
65.42160944705167
 20
33.37381355375756
  0
LWPOLYLINE
  5
6DE1
330
723E
100
AcDbEntity
  8
livello 10
 62
     6
420
 16711935
100
AcDbPolyline
 90
        2
 70
   128
 43
0.0
 10
106.0720094470517
 20
42.44891355375755
 10
92.07300944705167
 20
42.44891355375755
  0
LWPOLYLINE
  5
6DE5
330
723E
100
AcDbEntity
  8
livello 10
 62
     6
420
 16711935
100
AcDbPolyline
 90
        2
 70
   128
 43
0.0
 10
73.02300944705166
 20
56.44851355375754
 10
87.02200944705166
 20
56.44851355375754
  0
LWPOLYLINE
  5
6DE9
330
723E
100
AcDbEntity
  8
livello 10
 62
     6
420
 16711935
100
AcDbPolyline
 90
        2
 70
   128
 43
0.0
 10
163.2220094470517
 20
80.54891355375754
 10
149.2230094470517
 20
80.54891355375754
  0
LWPOLYLINE
  5
6DED
330
723E
100
AcDbEntity
  8
livello 10
 62
     6
420
 16711935
100
AcDbPolyline
 90
        2
 70
   128
 43
0.0
 10
163.2220094470517
 20
99.59891355375754
 10
149.2230094470517
 20
99.59891355375754
  0
LWPOLYLINE
  5
6DEF
330
723E
100
AcDbEntity
  8
livello 10
 62
     6
420
 16711935
100
AcDbPolyline
 90
        2
 70
   128
 43
0.0
 10
92.07300944705167
 20
94.54861355375755
 10
106.0720094470517
 20
94.54861355375755
  0
LWPOLYLINE
  5
6DF1
330
723E
100
AcDbEntity
  8
livello 10
 62
     6
420
 16711935
100
AcDbPolyline
 90
        2
 70
   128
 43
0.0
 10
87.02200944705166
 20
94.54861355375755
 10
87.02200944705166
 20
80.54891355375754
  0
LWPOLYLINE
  5
6DF7
330
723E
100
AcDbEntity
  8
livello 10
 62
     6
420
 16711935
100
AcDbPolyline
 90
        2
 70
   128
 43
0.0
 10
146.0721094470517
 20
34.54081355375756
 10
146.0721094470517
 20
20.54131355375756
  0
LWPOLYLINE
  5
6DFB
330
723E
100
AcDbEntity
  8
livello 10
 62
     6
420
 16711935
100
AcDbPolyline
 90
        2
 70
   128
 43
0.0
 10
60.58840944705166
 20
32.34421355375756
 10
64.45990944705166
 20
34.57941355375753
  0
LWPOLYLINE
  5
6DFF
330
723E
100
AcDbEntity
  8
livello 10
 62
     6
420
 16711935
100
AcDbPolyline
 90
        2
 70
   128
 43
0.0
 10
125.1210094470517
 20
113.5989135537576
 10
125.1210094470517
 20
99.59891355375754
  0
LWPOLYLINE
  5
6E09
330
723E
100
AcDbEntity
  8
livello 10
 62
     6
420
 16711935
100
AcDbPolyline
 90
        2
 70
   128
 43
0.0
 10
92.07300944705167
 20
75.49861355375755
 10
106.0720094470517
 20
75.49861355375755
  0
LWPOLYLINE
  5
6E0D
330
723E
100
AcDbEntity
  8
livello 10
 62
     6
420
 16711935
100
AcDbPolyline
 90
        2
 70
   128
 43
0.0
 10
130.1730094470517
 20
61.49891355375755
 10
130.1730094470517
 20
75.49861355375755
  0
LWPOLYLINE
  5
6E11
330
723E
100
AcDbEntity
  8
livello 10
 62
     6
420
 16711935
100
AcDbPolyline
 90
        2
 70
   128
 43
0.0
 10
64.44540944705166
 20
36.56411355375754
 10
62.79540944705167
 20
39.42201355375754
  0
LWPOLYLINE
  5
6E19
330
723E
100
AcDbEntity
  8
livello 10
 62
     6
420
 16711935
100
AcDbPolyline
 90
        2
 70
   128
 43
0.0
 10
111.1220094470517
 20
94.54881355375754
 10
125.1210094470517
 20
94.54881355375754
  0
LWPOLYLINE
  5
6E23
330
723E
100
AcDbEntity
  8
livello 10
 62
     6
420
 16711935
100
AcDbPolyline
 90
        2
 70
   128
 43
0.0
 10
132.0731094470516
 20
34.54081355375756
 10
146.0721094470517
 20
34.54081355375756
  0
LWPOLYLINE
  5
6E25
330
723E
100
AcDbEntity
  8
livello 10
 62
     6
420
 16711935
100
AcDbPolyline
 90
        2
 70
   128
 43
0.0
 10
149.2225094470517
 20
113.5989135537576
 10
163.2215094470517
 20
113.5989135537576
  0
LWPOLYLINE
  5
6E27
330
723E
100
AcDbEntity
  8
livello 10
 62
     6
420
 16711935
100
AcDbPolyline
 90
        2
 70
   128
 43
0.0
 10
64.84490944705166
 20
9.311713553757556
 10
65.70740944705166
 20
7.81781355375756
  0
LWPOLYLINE
  5
6E2D
330
723E
100
AcDbEntity
  8
livello 10
 62
     6
420
 16711935
100
AcDbPolyline
 90
        2
 70
   128
 43
0.0
 10
87.02200944705166
 20
99.59891355375754
 10
73.02300944705166
 20
99.59891355375754
  0
LWPOLYLINE
  5
6E2F
330
723E
100
AcDbEntity
  8
livello 10
 62
     6
420
 16711935
100
AcDbPolyline
 90
        2
 70
   128
 43
0.0
 10
130.1730094470517
 20
99.59891355375754
 10
130.1730094470517
 20
113.5989135537576
  0
LWPOLYLINE
  5
6E37
330
723E
100
AcDbEntity
  8
livello 10
 62
     6
420
 16711935
100
AcDbPolyline
 90
        2
 70
   128
 43
0.0
 10
149.2230094470517
 20
75.49861355375755
 10
163.2220094470517
 20
75.49861355375755
  0
LWPOLYLINE
  5
6E45
330
723E
100
AcDbEntity
  8
livello 10
 62
     6
420
 16711935
100
AcDbPolyline
 90
        2
 70
   128
 43
0.0
 10
108.1921094470516
 20
34.54081355375756
 10
122.1911094470517
 20
34.54081355375756
  0
LWPOLYLINE
  5
6E4D
330
723E
100
AcDbEntity
  8
livello 10
 62
     6
420
 16711935
100
AcDbPolyline
 90
        2
 70
   128
 43
0.0
 10
149.2230094470517
 20
94.54881355375754
 10
163.2220094470517
 20
94.54881355375754
  0
LWPOLYLINE
  5
6E57
330
723E
100
AcDbEntity
  8
livello 10
 62
     6
420
 16711935
100
AcDbPolyline
 90
        2
 70
   128
 43
0.0
 10
149.2225094470517
 20
75.49861355375755
 10
163.2215094470517
 20
75.49861355375755
  0
LWPOLYLINE
  5
6E73
330
723E
100
AcDbEntity
  8
livello 10
 62
     6
420
 16711935
100
AcDbPolyline
 90
        2
 70
   128
 43
0.0
 10
92.07300944705167
 20
94.54881355375754
 10
106.0720094470517
 20
94.54881355375754
  0
LWPOLYLINE
  5
6E75
330
723E
100
AcDbEntity
  8
livello 10
 62
     6
420
 16711935
100
AcDbPolyline
 90
        2
 70
   128
 43
0.0
 10
149.2225094470517
 20
80.54891355375754
 10
149.2225094470517
 20
94.54861355375755
  0
LWPOLYLINE
  5
6E7F
330
723E
100
AcDbEntity
  8
livello 10
 62
     6
420
 16711935
100
AcDbPolyline
 90
        2
 70
   128
 43
0.0
 10
130.1730094470517
 20
42.44891355375755
 10
130.1730094470517
 20
56.44861355375754
  0
LWPOLYLINE
  5
6E81
330
723E
100
AcDbEntity
  8
livello 10
 62
     6
420
 16711935
100
AcDbPolyline
 90
        2
 70
   128
 43
0.0
 10
92.07300944705167
 20
61.49891355375755
 10
92.07300944705167
 20
75.49861355375755
  0
LWPOLYLINE
  5
6E83
330
723E
100
AcDbEntity
  8
livello 10
 62
     6
420
 16711935
100
AcDbPolyline
 90
        2
 70
   128
 43
0.0
 10
80.94880944705167
 20
29.70821355375756
 10
94.47170944705167
 20
33.33171355375755
  0
LWPOLYLINE
  5
6E85
330
723E
100
AcDbEntity
  8
livello 10
 62
     6
420
 16711935
100
AcDbPolyline
 90
        2
 70
   128
 43
0.0
 10
69.11340944705167
 20
17.57851355375755
 10
68.35090944705166
 20
18.89921355375753
  0
LWPOLYLINE
  5
6E87
330
723E
100
AcDbEntity
  8
livello 10
 62
     6
420
 16711935
100
AcDbPolyline
 90
        2
 70
   128
 43
0.0
 10
73.02300944705166
 20
61.49891355375755
 10
73.02300944705166
 20
75.49861355375755
  0
LWPOLYLINE
  5
6E91
330
723E
100
AcDbEntity
  8
livello 10
 62
     6
420
 16711935
100
AcDbPolyline
 90
        2
 70
   128
 43
0.0
 10
92.07300944705167
 20
56.44851355375754
 10
106.0720094470517
 20
56.44851355375754
  0
LWPOLYLINE
  5
6E95
330
723E
100
AcDbEntity
  8
livello 10
 62
     6
420
 16711935
100
AcDbPolyline
 90
        2
 70
   128
 43
0.0
 10
52.94440944705167
 20
29.92401355375756
 10
53.80740944705167
 20
28.42921355375753
  0
LWPOLYLINE
  5
6EA3
330
723E
100
AcDbEntity
  8
livello 10
 62
     6
420
 16711935
100
AcDbPolyline
 90
        2
 70
   128
 43
0.0
 10
149.2225094470517
 20
99.59891355375754
 10
149.2225094470517
 20
113.5989135537576
  0
LWPOLYLINE
  5
6EAD
330
723E
100
AcDbEntity
  8
livello 10
 62
     6
420
 16711935
100
AcDbPolyline
 90
        2
 70
   128
 43
0.0
 10
163.2215094470517
 20
56.44861355375754
 10
163.2215094470517
 20
42.44891355375755
  0
LWPOLYLINE
  5
6EAF
330
723E
100
AcDbEntity
  8
livello 10
 62
     6
420
 16711935
100
AcDbPolyline
 90
        2
 70
   128
 43
0.0
 10
163.2215094470517
 20
42.44891355375755
 10
149.2225094470517
 20
42.44891355375755
  0
LWPOLYLINE
  5
6EB7
330
723E
100
AcDbEntity
  8
livello 10
 62
     6
420
 16711935
100
AcDbPolyline
 90
        2
 70
   128
 43
0.0
 10
74.69540944705167
 20
18.81061355375755
 10
73.84690944705167
 20
18.32071355375757
  0
LWPOLYLINE
  5
6EB9
330
723E
100
AcDbEntity
  8
livello 10
 62
     6
420
 16711935
100
AcDbPolyline
 90
        2
 70
   128
 43
0.0
 10
73.02300944705166
 20
94.54881355375754
 10
87.02200944705166
 20
94.54881355375754
  0
LWPOLYLINE
  5
6EC5
330
723E
100
AcDbEntity
  8
livello 10
 62
     6
420
 16711935
100
AcDbPolyline
 90
        2
 70
   128
 43
0.0
 10
106.0720094470517
 20
113.5989135537576
 10
106.0720094470517
 20
99.59891355375754
  0
LWPOLYLINE
  5
6EC7
330
723E
100
AcDbEntity
  8
livello 10
 62
     6
420
 16711935
100
AcDbPolyline
 90
        2
 70
   128
 43
0.0
 10
149.2230094470517
 20
113.5989135537576
 10
163.2220094470517
 20
113.5989135537576
  0
LWPOLYLINE
  5
6EC9
330
723E
100
AcDbEntity
  8
livello 10
 62
     6
420
 16711935
100
AcDbPolyline
 90
        2
 70
   128
 43
0.0
 10
72.98490944705165
 20
19.81371355375757
 10
69.11340944705167
 20
17.57851355375755
  0
LWPOLYLINE
  5
6ECB
330
723E
100
AcDbEntity
  8
livello 10
 62
     6
420
 16711935
100
AcDbPolyline
 90
        2
 70
   128
 43
0.0
 10
149.2225094470517
 20
56.44861355375754
 10
163.2215094470517
 20
56.44861355375754
  0
LWPOLYLINE
  5
6ED1
330
723E
100
AcDbEntity
  8
livello 10
 62
     6
420
 16711935
100
AcDbPolyline
 90
        2
 70
   128
 43
0.0
 10
144.1720094470517
 20
42.44891355375755
 10
130.1730094470517
 20
42.44891355375755
  0
LWPOLYLINE
  5
6ED5
330
723E
100
AcDbEntity
  8
livello 10
 62
     6
420
 16711935
100
AcDbPolyline
 90
        2
 70
   128
 43
0.0
 10
122.1911094470517
 20
20.54131355375756
 10
108.1921094470516
 20
20.54131355375756
  0
LWPOLYLINE
  5
6ED9
330
723E
100
AcDbEntity
  8
livello 10
 62
     6
420
 16711935
100
AcDbPolyline
 90
        2
 70
   128
 43
0.0
 10
50.43240944705167
 20
34.27491355375754
 10
51.29440944705166
 20
32.78191355375755
  0
LWPOLYLINE
  5
6EE5
330
723E
100
AcDbEntity
  8
livello 10
 62
     6
420
 16711935
100
AcDbPolyline
 90
        2
 70
   128
 43
0.0
 10
64.45990944705166
 20
34.57941355375753
 10
63.59690944705166
 20
36.07421355375756
  0
LWPOLYLINE
  5
6EEB
330
723E
100
AcDbEntity
  8
livello 10
 62
     6
420
 16711935
100
AcDbPolyline
 90
        2
 70
   128
 43
0.0
 10
53.22980944705166
 20
35.88991355375757
 10
50.43240944705167
 20
34.27491355375754
  0
LWPOLYLINE
  5
6EEF
330
723E
100
AcDbEntity
  8
livello 10
 62
     6
420
 16711935
100
AcDbPolyline
 90
        2
 70
   128
 43
0.0
 10
106.0720094470517
 20
99.59891355375754
 10
92.07300944705167
 20
99.59891355375754
  0
LWPOLYLINE
  5
6F01
330
723E
100
AcDbEntity
  8
livello 10
 62
     6
420
 16711935
100
AcDbPolyline
 90
        2
 70
   128
 43
0.0
 10
149.2225094470517
 20
94.54861355375755
 10
163.2215094470517
 20
94.54861355375755
  0
LWPOLYLINE
  5
6F0D
330
723E
100
AcDbEntity
  8
livello 10
 62
     6
420
 16711935
100
AcDbPolyline
 90
        2
 70
   128
 43
0.0
 10
130.1730094470517
 20
75.49861355375755
 10
144.1720094470517
 20
75.49861355375755
  0
LWPOLYLINE
  5
6F1D
330
723E
100
AcDbEntity
  8
livello 10
 62
     6
420
 16711935
100
AcDbPolyline
 90
        2
 70
   128
 43
0.0
 10
163.2220094470517
 20
75.49861355375755
 10
163.2220094470517
 20
61.49891355375755
  0
LWPOLYLINE
  5
6F25
330
723E
100
AcDbEntity
  8
livello 10
 62
     6
420
 16711935
100
AcDbPolyline
 90
        2
 70
   128
 43
0.0
 10
106.0720094470517
 20
94.54861355375755
 10
106.0720094470517
 20
80.54891355375754
  0
LWPOLYLINE
  5
6F2F
330
723E
100
AcDbEntity
  8
livello 10
 62
     6
420
 16711935
100
AcDbPolyline
 90
        2
 70
   128
 43
0.0
 10
61.94690944705167
 20
38.93211355375755
 10
61.08490944705166
 20
40.42511355375755
  0
LWPOLYLINE
  5
6F31
330
723E
100
AcDbEntity
  8
livello 10
 62
     6
420
 16711935
100
AcDbPolyline
 90
        2
 70
   128
 43
0.0
 10
125.1220094470517
 20
61.49891355375755
 10
111.1230094470517
 20
61.49891355375755
  0
LWPOLYLINE
  5
6F35
330
723E
100
AcDbEntity
  8
livello 10
 62
     6
420
 16711935
100
AcDbPolyline
 90
        2
 70
   128
 43
0.0
 10
50.49840944705166
 20
32.32231355375755
 10
52.14840944705166
 20
29.46441355375757
  0
LWPOLYLINE
  5
6F3B
330
723E
100
AcDbEntity
  8
livello 10
 62
     6
420
 16711935
100
AcDbPolyline
 90
        2
 70
   128
 43
0.0
 10
87.02200944705166
 20
61.49891355375755
 10
73.02300944705166
 20
61.49891355375755
  0
LWPOLYLINE
  5
6F49
330
723E
100
AcDbEntity
  8
livello 10
 62
     6
420
 16711935
100
AcDbPolyline
 90
        2
 70
   128
 43
0.0
 10
125.1220094470517
 20
75.49861355375755
 10
125.1220094470517
 20
61.49891355375755
  0
LWPOLYLINE
  5
6F5B
330
723E
100
AcDbEntity
  8
livello 10
 62
     6
420
 16711935
100
AcDbPolyline
 90
        2
 70
   128
 43
0.0
 10
61.35090944705166
 20
31.02351355375757
 10
60.58840944705166
 20
32.34421355375756
  0
LWPOLYLINE
  5
6F61
330
723E
100
AcDbEntity
  8
livello 10
 62
     6
420
 16711935
100
AcDbPolyline
 90
        2
 70
   128
 43
0.0
 10
92.07300944705167
 20
56.44861355375754
 10
106.0720094470517
 20
56.44861355375754
  0
LWPOLYLINE
  5
6F69
330
723E
100
AcDbEntity
  8
livello 10
 62
     6
420
 16711935
100
AcDbPolyline
 90
        2
 70
   128
 43
0.0
 10
163.2215094470517
 20
94.54861355375755
 10
163.2215094470517
 20
80.54891355375754
  0
LWPOLYLINE
  5
6F6B
330
723E
100
AcDbEntity
  8
livello 10
 62
     6
420
 16711935
100
AcDbPolyline
 90
        2
 70
   128
 43
0.0
 10
87.02200944705166
 20
56.44861355375754
 10
87.02200944705166
 20
42.44891355375755
  0
LWPOLYLINE
  5
6F6D
330
723E
100
AcDbEntity
  8
livello 10
 62
     6
420
 16711935
100
AcDbPolyline
 90
        2
 70
   128
 43
0.0
 10
62.79540944705167
 20
39.42201355375754
 10
61.94690944705167
 20
38.93211355375755
  0
LWPOLYLINE
  5
6F6F
330
723E
100
AcDbEntity
  8
livello 10
 62
     6
420
 16711935
100
AcDbPolyline
 90
        2
 70
   128
 43
0.0
 10
130.1730094470517
 20
56.44861355375754
 10
144.1720094470517
 20
56.44861355375754
  0
LWPOLYLINE
  5
6F77
330
723E
100
AcDbEntity
  8
livello 10
 62
     6
420
 16711935
100
AcDbPolyline
 90
        2
 70
   128
 43
0.0
 10
64.04890944705166
 20
8.852213553757565
 10
64.84490944705166
 20
9.311713553757556
  0
LWPOLYLINE
  5
6F79
330
723E
100
AcDbEntity
  8
livello 10
 62
     6
420
 16711935
100
AcDbPolyline
 90
        2
 70
   128
 43
0.0
 10
53.80740944705167
 20
28.42921355375753
 10
56.60480944705166
 20
30.04431355375755
  0
LWPOLYLINE
  5
6F81
330
723E
100
AcDbEntity
  8
livello 10
 62
     6
420
 16711935
100
AcDbPolyline
 90
        2
 70
   128
 43
0.0
 10
149.2230094470517
 20
42.44891355375755
 10
149.2230094470517
 20
56.44861355375754
  0
LWPOLYLINE
  5
6F83
330
723E
100
AcDbEntity
  8
livello 10
 62
     6
420
 16711935
100
AcDbPolyline
 90
        2
 70
   128
 43
0.0
 10
144.1720094470517
 20
113.5989135537576
 10
144.1720094470517
 20
99.59891355375754
  0
LWPOLYLINE
  5
6F85
330
723E
100
AcDbEntity
  8
livello 10
 62
     6
420
 16711935
100
AcDbPolyline
 90
        2
 70
   128
 43
0.0
 10
130.1730094470517
 20
80.54891355375754
 10
130.1730094470517
 20
94.54861355375755
  0
LWPOLYLINE
  5
6F87
330
723E
100
AcDbEntity
  8
livello 10
 62
     6
420
 16711935
100
AcDbPolyline
 90
        2
 70
   128
 43
0.0
 10
87.02200944705166
 20
42.44891355375755
 10
73.02300944705166
 20
42.44891355375755
  0
LWPOLYLINE
  5
6F8D
330
723E
100
AcDbEntity
  8
livello 10
 62
     6
420
 16711935
100
AcDbPolyline
 90
        2
 70
   128
 43
0.0
 10
63.19440944705167
 20
12.17051355375753
 10
62.39840944705166
 20
11.71091355375756
  0
LWPOLYLINE
  5
6F95
330
723E
100
AcDbEntity
  8
livello 10
 62
     6
420
 16711935
100
AcDbPolyline
 90
        2
 70
   128
 43
0.0
 10
163.2220094470517
 20
94.54861355375755
 10
163.2220094470517
 20
80.54891355375754
  0
LWPOLYLINE
  5
6FA5
330
723E
100
AcDbEntity
  8
livello 10
 62
     6
420
 16711935
100
AcDbPolyline
 90
        2
 70
   128
 43
0.0
 10
111.1230094470517
 20
61.49891355375755
 10
111.1230094470517
 20
75.49861355375755
  0
LWPOLYLINE
  5
6FB7
330
723E
100
AcDbEntity
  8
livello 10
 62
     6
420
 16711935
100
AcDbPolyline
 90
        2
 70
   128
 43
0.0
 10
87.02200944705166
 20
113.5989135537576
 10
87.02200944705166
 20
99.59891355375754
  0
LWPOLYLINE
  5
6FC1
330
723E
100
AcDbEntity
  8
livello 10
 62
     6
420
 16711935
100
AcDbPolyline
 90
        2
 70
   128
 43
0.0
 10
76.34590944705167
 20
15.95181355375752
 10
74.69540944705167
 20
18.81061355375755
  0
LWPOLYLINE
  5
6FC5
330
723E
100
AcDbEntity
  8
livello 10
 62
     6
420
 16711935
100
AcDbPolyline
 90
        2
 70
   128
 43
0.0
 10
56.60480944705166
 20
30.04431355375755
 10
57.36730944705167
 20
28.72361355375756
  0
LWPOLYLINE
  5
6FCB
330
723E
100
AcDbEntity
  8
livello 10
 62
     6
420
 16711935
100
AcDbPolyline
 90
        2
 70
   128
 43
0.0
 10
65.42160944705167
 20
33.37381355375756
 10
61.35090944705166
 20
31.02351355375757
  0
LWPOLYLINE
  5
6FD5
330
723E
100
AcDbEntity
  8
livello 10
 62
     6
420
 16711935
100
AcDbPolyline
 90
        2
 70
   128
 43
0.0
 10
92.07300944705167
 20
80.54891355375754
 10
92.07300944705167
 20
94.54861355375755
  0
LWPOLYLINE
  5
6FD7
330
723E
100
AcDbEntity
  8
livello 10
 62
     6
420
 16711935
100
AcDbPolyline
 90
        2
 70
   128
 43
0.0
 10
144.1720094470517
 20
75.49861355375755
 10
144.1720094470517
 20
61.49891355375755
  0
LWPOLYLINE
  5
6FDB
330
723E
100
AcDbEntity
  8
livello 10
 62
     6
420
 16711935
100
AcDbPolyline
 90
        2
 70
   128
 43
0.0
 10
125.1220094470517
 20
56.44861355375754
 10
125.1220094470517
 20
42.44891355375755
  0
LWPOLYLINE
  5
6FE1
330
723E
100
AcDbEntity
  8
livello 10
 62
     6
420
 16711935
100
AcDbPolyline
 90
        2
 70
   128
 43
0.0
 10
52.81730944705166
 20
36.60441355375754
 10
53.22980944705166
 20
35.88991355375757
  0
LWPOLYLINE
  5
6FE3
330
723E
100
AcDbEntity
  8
livello 10
 62
     6
420
 16711935
100
AcDbPolyline
 90
        2
 70
   128
 43
0.0
 10
92.07300944705167
 20
42.44891355375755
 10
92.07300944705167
 20
56.44861355375754
  0
LWPOLYLINE
  5
6FED
330
723E
100
AcDbEntity
  8
livello 10
 62
     6
420
 16711935
100
AcDbPolyline
 90
        2
 70
   128
 43
0.0
 10
111.1230094470517
 20
56.44861355375754
 10
125.1220094470517
 20
56.44861355375754
  0
LWPOLYLINE
  5
6981
330
723E
100
AcDbEntity
  8
0
100
AcDbPolyline
 90
        2
 70
   128
 43
0.0
 10
165.7217594520523
 20
121.5
 10
165.7217594520523
 20
14.51580934505881
  0
ARC
  5
721F
330
723E
100
AcDbEntity
  8
0
100
AcDbCircle
 10
163.2217594520523
 20
14.50000000000001
 30
0.0
 40
2.5
100
AcDbArc
 50
254.3770949167229
 51
0.1811620516081499
  0
ARC
  5
721E
330
723E
100
AcDbEntity
  8
0
100
AcDbCircle
 10
163.2217594520524
 20
121.4999999999999
 30
0.0
 40
2.5
100
AcDbArc
 50
0.0
 51
89.99999999982413
  0
CIRCLE
  5
6979
330
723E
100
AcDbEntity
  8
0
100
AcDbCircle
 10
33.00000000000001
 20
109.0
 30
0.0
 40
2.5
  0
CIRCLE
  5
6998
330
723E
100
AcDbEntity
  8
0
100
AcDbCircle
 10
32.00000000000001
 20
49.99999999999999
 30
0.0
 40
2.5
  0
CIRCLE
  5
6997
330
723E
100
AcDbEntity
  8
0
100
AcDbCircle
 10
40.0
 20
-6.999999999999993
 30
0.0
 40
2.5
  0
CIRCLE
  5
69D8
330
723E
100
AcDbEntity
  8
0
100
AcDbCircle
 10
16.0
 20
17.0
 30
0.0
 40
2.5
  0
LINE
  5
6996
330
723E
100
AcDbEntity
  8
0
100
AcDbLine
 10
23.87852545822444
 20
-6.28643699373354
 30
0.0
 11
9.433274261467846
 21
18.73349511179035
 31
0.0
  0
LINE
  5
6991
330
723E
100
AcDbEntity
  8
0
100
AcDbLine
 10
22.00004080188606
 20
44.4641487293178
 30
0.0
 11
15.2896431190557
 21
40.58987247458184
 31
0.0
  0
ARC
  5
6992
330
723E
100
AcDbEntity
  8
0
100
AcDbCircle
 10
135.8984532304566
 20
-152.9866935985162
 30
0.0
 40
167.21638564158
100
AcDbArc
 50
80.73540840839506
 51
122.3967664234727
  0
ARC
  5
698F
330
723E
100
AcDbEntity
  8
0
100
AcDbCircle
 10
163.2217594520523
 20
14.51580934505895
 30
0.0
 40
2.5
100
AcDbArc
 50
260.735408408395
 51
0.0
1001
QCAD
1000
reversed:1
  0
ARC
  5
698C
330
723E
100
AcDbEntity
  8
0
100
AcDbCircle
 10
23.28968392094175
 20
26.73348957109081
 30
0.0
 40
16.0
100
AcDbArc
 50
120.0001687145842
 51
209.9999770893945
  0
ARC
  5
69A1
330
723E
100
AcDbEntity
  8
0
100
AcDbCircle
 10
14.0
 20
58.32053163280882
 30
0.0
 40
16.0
100
AcDbArc
 50
300.0001687145842
 51
326.4432216798911
  0
LWPOLYLINE
  5
6988
330
723E
100
AcDbEntity
  8
0
100
AcDbPolyline
 90
        2
 70
   128
 43
0.0
 10
36.0
 20
112.0
 10
33.00000000000001
 20
112.0
  0
LWPOLYLINE
  5
698B
330
723E
100
AcDbEntity
  8
0
100
AcDbPolyline
 90
        2
 70
   128
 43
0.0
 10
38.99999999999999
 20
115.0
 10
39.00000000000002
 20
117.3989135537576
  0
ARC
  5
6985
330
723E
100
AcDbEntity
  8
0
100
AcDbCircle
 10
36.00000000000001
 20
115.0
 30
0.0
 40
3.0
100
AcDbArc
 50
270.0
 51
0.0
  0
ARC
  5
6987
330
723E
100
AcDbEntity
  8
0
100
AcDbCircle
 10
33.00000000000001
 20
109.0
 30
0.0
 40
3.0
100
AcDbArc
 50
90.0
 51
248.013309976788
  0
ARC
  5
6960
330
723E
100
AcDbEntity
  8
0
100
AcDbCircle
 10
163.2217594520524
 20
121.4999999999999
 30
0.0
 40
2.5
100
AcDbArc
 50
0.0
 51
90.0
  0
ARC
  5
69A0
330
723E
100
AcDbEntity
  8
0
100
AcDbCircle
 10
37.73493511769835
 20
1.713557465566915
 30
0.0
 40
16.0
100
AcDbArc
 50
209.9999770893945
 51
302.3967664234728
1001
QCAD
1000
reversed:1
  0
ARC
  5
699B
330
723E
100
AcDbEntity
  8
0
100
AcDbCircle
 10
162.9089557117525
 20
112.0910442882475
 30
0.0
 40
11.91306309579659
100
AcDbArc
 50
88.49540004713747
 51
128.2823745466523
  0
ARC
  5
699E
330
723E
100
AcDbEntity
  8
0
100
AcDbCircle
 10
145.8684210526318
 20
135.3421052631575
 30
0.0
 40
17.36383512024614
100
AcDbArc
 50
250.2468765968023
 51
259.3240067960646
1001
QCAD
1000
reversed:1
  0
ARC
  5
6970
330
723E
100
AcDbEntity
  8
0
100
AcDbCircle
 10
129.0
 20
93.74999999999994
 30
0.0
 40
27.54201336140845
100
AcDbArc
 50
66.4599607304857
 51
114.9491085345786
  0
ARC
  5
6999
330
723E
100
AcDbEntity
  8
0
100
AcDbCircle
 10
145.6157639320038
 20
134.0018774412509
 30
0.0
 40
16.0
100
AcDbArc
 50
259.3240067960646
 51
308.2823745466523
1001
QCAD
1000
reversed:1
  0
LINE
  5
699A
330
723E
100
AcDbEntity
  8
0
100
AcDbLine
 10
42.0
 20
120.3989135537576
 30
0.0
 11
63.6760987618221
 21
120.3989135537576
 31
0.0
  0
ARC
  5
696D
330
723E
100
AcDbEntity
  8
0
100
AcDbCircle
 10
42.0
 20
117.3989135537576
 30
0.0
 40
3.0
100
AcDbArc
 50
90.0
 51
180.0
  0
LINE
  5
6961
330
723E
100
AcDbEntity
  8
0
100
AcDbLine
 10
33.00000000000001
 20
57.22841614740048
 30
0.0
 11
33.0
 21
78.45372573842393
 31
0.0
  0
ARC
  5
69A2
330
723E
100
AcDbEntity
  8
0
100
AcDbCircle
 10
32.00000000000001
 20
49.99999999999999
 30
0.0
 40
4.5
100
AcDbArc
 50
105.4660099534206
 51
179.6970018388853
1001
QCAD
1000
reversed:1
  0
ARC
  5
6968
330
723E
100
AcDbEntity
  8
0
100
AcDbCircle
 10
2.499999999999945
 20
96.5
 30
0.0
 40
30.20761493398649
100
AcDbArc
 50
347.5740571345726
 51
11.88926712841805
1001
QCAD
1000
reversed:1
  0
ARC
  5
6963
330
723E
100
AcDbEntity
  8
0
100
AcDbCircle
 10
52.97312761546326
 20
85.99999999999999
 30
0.0
 40
21.35116113878832
100
AcDbArc
 50
169.2022091102337
 51
200.6976359714295
  0
ARC
  5
695E
330
723E
100
AcDbEntity
  8
0
100
AcDbCircle
 10
34.99523172653053
 20
103.3414621714222
 30
0.0
 40
3.0
100
AcDbArc
 50
150.8325541953298
 51
191.8892671284181
  0
ARC
  5
699C
330
723E
100
AcDbEntity
  8
0
100
AcDbCircle
 10
30.0
 20
57.22841614740048
 30
0.0
 40
3.0
100
AcDbArc
 50
285.4660099534206
 51
0.0
  0
ARC
  5
699F
330
723E
100
AcDbEntity
  8
0
100
AcDbCircle
 10
26.50007690709418
 20
50.02908559989447
 30
0.0
 40
1.0
100
AcDbArc
 50
326.4432216798911
 51
359.6970018388852
  0
ARC
  5
699D
330
723E
100
AcDbEntity
  8
0
100
AcDbCircle
 10
31.50243521682055
 20
105.2909165929868
 30
0.0
 40
1.0
100
AcDbArc
 50
330.8325541953298
 51
68.01330997678825
  0
ARC
  5
6973
330
723E
100
AcDbEntity
  8
0
100
AcDbCircle
 10
69.00000000000003
 20
126.0
 30
0.0
 40
7.280109889280518
100
AcDbArc
 50
234.9920940995593
 51
282.8183345634365
1001
QCAD
1000
reversed:1
  0
ARC
  5
6972
330
723E
100
AcDbEntity
  8
0
100
AcDbCircle
 10
76.05967527440016
 20
115.9791020717826
 30
0.0
 40
5.642726999162988
100
AcDbArc
 50
63.73183186484072
 51
140.3930017356231
1001
QCAD
1000
reversed:1
  0
ARC
  5
696E
330
723E
100
AcDbEntity
  8
0
100
AcDbCircle
 10
88.31554561866629
 20
138.803507320917
 30
0.0
 40
20.26827166278377
100
AcDbArc
 50
241.2185890146956
 51
270.0
  0
ARC
  5
6974
330
723E
100
AcDbEntity
  8
0
100
AcDbCircle
 10
63.67609876182212
 20
118.3989135537576
 30
0.0
 40
2.0
100
AcDbArc
 50
54.99209409955947
 51
90.0
  0
ARC
  5
6971
330
723E
100
AcDbEntity
  8
0
100
AcDbCircle
 10
70.17144799222515
 20
120.8514788487965
 30
0.0
 40
2.0
100
AcDbArc
 50
282.8183345634365
 51
320.3930017356233
  0
LWPOLYLINE
  5
696F
330
723E
100
AcDbEntity
  8
0
100
AcDbPolyline
 90
        2
 70
   128
 43
0.0
 10
88.31554561866628
 20
118.5352356581332
 10
116.5387920254936
 20
118.5352356581332
  0
ARC
  5
696C
330
723E
100
AcDbEntity
  8
0
100
AcDbCircle
 10
116.5387920254936
 20
120.5352356581332
 30
0.0
 40
2.0
100
AcDbArc
 50
270.0
 51
294.9491085345784
1001
QCAD
1000
reversed:1
  0
CIRCLE
  5
6AB4
330
723E
100
AcDbEntity
  8
0
100
AcDbCircle
 10
156.2225094470517
 20
106.5989135537576
 30
0.0
 40
1.99389999999994
  0
CIRCLE
  5
721C
330
723E
100
AcDbEntity
  8
0
100
AcDbCircle
 10
163.2217594520523
 20
14.50000000000001
 30
0.0
 40
1.5
  0
CIRCLE
  5
721D
330
723E
100
AcDbEntity
  8
0
100
AcDbCircle
 10
163.2217594520524
 20
121.4999999999999
 30
0.0
 40
1.5
  0
CIRCLE
  5
7220
330
723E
100
AcDbEntity
  8
0
100
AcDbCircle
 10
76.00500485703307
 20
117.9692011154276
 30
0.0
 40
1.5
  0
VIEWPORT
  5
72F2
330
723A
100
AcDbEntity
 67
     1
  8
0
100
AcDbViewport
 10
128.5
 20
97.5
 30
0.0
 40
314.226
 41
222.18
 68
     1
 69
     1
 12
128.5
 22
97.5
 13
0.0
 23
0.0
 14
10.0
 24
10.0
 15
10.0
 25
10.0
 16
0.0
 26
0.0
 36
1.0
 17
0.0
 27
0.0
 37
0.0
 42
50.0
 43
0.0
 44
0.0
 45
222.18
 50
0.0
 51
0.0
 72
   100
 90
   557152
  1

281
     0
 71
     1
 74
     0
110
0.0
120
0.0
130
0.0
111
1.0
121
0.0
131
0.0
112
0.0
122
1.0
132
0.0
 79
     0
146
0.0
170
     0
 61
     5
348
724E
292
     1
282
     1
141
0.0
142
0.0
 63
   256
361
72F3
  0
ENDSEC
  0
SECTION
  2
OBJECTS
  0
DICTIONARY
  5
722C
330
0
100
AcDbDictionary
281
     1
  3
ACAD_DETAILVIEWSTYLE
350
72FB
  3
ACAD_GROUP
350
722D
  3
ACAD_LAYOUT
350
7239
  3
ACAD_MATERIAL
350
7262
  3
ACAD_MLEADERSTYLE
350
727A
  3
ACAD_MLINESTYLE
350
7236
  3
ACAD_PLOTSETTINGS
350
7238
  3
ACAD_PLOTSTYLENAME
350
722E
  3
ACAD_SCALELIST
350
7266
  3
ACAD_SECTIONVIEWSTYLE
350
72FC
  3
ACAD_TABLESTYLE
350
7278
  3
ACAD_VISUALSTYLE
350
7249
  3
AcDbVariableDictionary
350
72F4
  3
ACDB_RECOMPOSE_DATA
350
72F8
  3
QCAD_OBJECTS
350
727E
  0
SUN
  5
727C
330
7248
100
AcDbSun
 90
        1
290
     0
 63
     7
421
 16777215
 40
1.0
291
     1
 91
  2455826
 92
 54000000
292
     0
 70
     2
 71
   256
280
     1
  0
SUN
  5
72F3
330
72F2
100
AcDbSun
 90
        1
290
     0
 63
     7
421
 16777215
 40
1.0
291
     1
 91
  2455826
 92
 54000000
292
     0
 70
     2
 71
   256
280
     1
  0
DICTIONARY
  5
72FB
102
{ACAD_REACTORS
330
722C
102
}
330
722C
100
AcDbDictionary
281
     1
  0
DICTIONARY
  5
722D
102
{ACAD_REACTORS
330
722C
102
}
330
722C
100
AcDbDictionary
281
     1
  0
DICTIONARY
  5
7239
102
{ACAD_REACTORS
330
722C
102
}
330
722C
100
AcDbDictionary
281
     1
  3
Layout1
350
723D
  3
Model
350
7241
  0
DICTIONARY
  5
7262
102
{ACAD_REACTORS
330
722C
102
}
330
722C
100
AcDbDictionary
281
     1
  3
ByBlock
350
7264
  3
ByLayer
350
7263
  3
Global
350
7265
  0
DICTIONARY
  5
727A
102
{ACAD_REACTORS
330
722C
102
}
330
722C
100
AcDbDictionary
281
     1
  3
Standard
350
727B
  0
DICTIONARY
  5
7236
102
{ACAD_REACTORS
330
722C
102
}
330
722C
100
AcDbDictionary
281
     1
  3
Standard
350
7237
  0
DICTIONARY
  5
7238
102
{ACAD_REACTORS
330
722C
102
}
330
722C
100
AcDbDictionary
281
     1
  0
ACDBDICTIONARYWDFLT
  5
722E
102
{ACAD_REACTORS
330
722C
102
}
330
722C
100
AcDbDictionary
281
     1
  3
Normal
350
722F
100
AcDbDictionaryWithDefault
340
722F
  0
DICTIONARY
  5
7266
102
{ACAD_REACTORS
330
722C
102
}
330
722C
100
AcDbDictionary
281
     1
  3
A0
350
7267
  3
A1
350
7268
  3
A2
350
7269
  3
A3
350
726A
  3
A4
350
726B
  3
A5
350
726C
  3
A6
350
726D
  3
A7
350
726E
  3
A8
350
726F
  3
A9
350
7270
  3
B1
350
7271
  3
B2
350
7272
  3
B3
350
7273
  3
B4
350
7274
  3
B5
350
7275
  3
B6
350
7276
  3
B7
350
7277
  0
DICTIONARY
  5
72FC
102
{ACAD_REACTORS
330
722C
102
}
330
722C
100
AcDbDictionary
281
     1
  0
DICTIONARY
  5
7278
102
{ACAD_REACTORS
330
722C
102
}
330
722C
100
AcDbDictionary
281
     1
  3
Standard
350
7279
  0
DICTIONARY
  5
7249
102
{ACAD_REACTORS
330
722C
102
}
330
722C
100
AcDbDictionary
281
     1
  3
2dWireframe
350
724E
  3
Basic
350
7251
  3
Brighten
350
7255
  3
ColorChange
350
7259
  3
Conceptual
350
7253
  3
Dim
350
7254
  3
EdgeColorOff
350
725C
  3
Facepattern
350
7258
  3
Flat
350
724A
  3
FlatWithEdges
350
724B
  3
Gouraud
350
724C
  3
GouraudWithEdges
350
724D
  3
Hidden
350
7250
  3
JitterOff
350
725A
  3
Linepattern
350
7257
  3
OverhangOff
350
725B
  3
Realistic
350
7252
  3
Shaded
350
7261
  3
Shaded with edges
350
7260
  3
Shades of Gray
350
725D
  3
Sketchy
350
725E
  3
Thicken
350
7256
  3
Wireframe
350
724F
  3
X-Ray
350
725F
  0
DICTIONARY
  5
72F4
102
{ACAD_REACTORS
330
722C
102
}
330
722C
100
AcDbDictionary
281
     1
  3
CANNOSCALE
350
72F5
  3
CMLEADERSTYLE
350
72FA
  3
CTABLESTYLE
350
72F9
  0
XRECORD
  5
72F8
102
{ACAD_REACTORS
330
722C
102
}
330
722C
100
AcDbXrecord
280
     1
 90
        1
330
7279
  0
DICTIONARY
  5
727E
102
{ACAD_REACTORS
330
722C
102
}
330
722C
100
AcDbDictionary
281
     1
  3
ColorSettings/BackgroundColor
350
7280
  3
ColorSettings/ColorMode
350
7281
  3
Grid/DisplayGrid00
350
7282
  3
Grid/DisplayGrid01
350
7283
  3
Grid/DisplayGrid02
350
7284
  3
Grid/DisplayGrid03
350
7285
  3
Grid/GridSpacingX00
350
7286
  3
Grid/GridSpacingX01
350
7287
  3
Grid/GridSpacingX02
350
7288
  3
Grid/GridSpacingX03
350
7289
  3
Grid/GridSpacingY00
350
728A
  3
Grid/GridSpacingY01
350
728B
  3
Grid/GridSpacingY02
350
728C
  3
Grid/GridSpacingY03
350
728D
  3
Grid/IsometricGrid00
350
728E
  3
Grid/IsometricGrid01
350
728F
  3
Grid/IsometricGrid02
350
7290
  3
Grid/IsometricGrid03
350
7291
  3
Grid/IsometricProjection00
350
7292
  3
Grid/IsometricProjection01
350
7293
  3
Grid/IsometricProjection02
350
7294
  3
Grid/IsometricProjection03
350
7295
  3
Grid/MetaGridSpacingX00
350
7296
  3
Grid/MetaGridSpacingX01
350
7297
  3
Grid/MetaGridSpacingX02
350
7298
  3
Grid/MetaGridSpacingX03
350
7299
  3
Grid/MetaGridSpacingY00
350
729A
  3
Grid/MetaGridSpacingY01
350
729B
  3
Grid/MetaGridSpacingY02
350
729C
  3
Grid/MetaGridSpacingY03
350
729D
  3
MultiPageSettings/Columns
350
729E
  3
MultiPageSettings/GlueMarginsBottom
350
729F
  3
MultiPageSettings/GlueMarginsLeft
350
72A0
  3
MultiPageSettings/GlueMarginsRight
350
72A1
  3
MultiPageSettings/GlueMarginsTop
350
72A2
  3
MultiPageSettings/PrintCropMarks
350
72A3
  3
MultiPageSettings/Rows
350
72A4
  3
PageSettings/OffsetX
350
72A5
  3
PageSettings/OffsetY
350
72A6
  3
PageSettings/PageOrientation
350
72A7
  3
PageSettings/PaperHeight
350
72A8
  3
PageSettings/PaperWidth
350
72A9
  3
PageSettings/Scale
350
72AA
  3
PageSettings/ShowPaperBorders
350
72AB
  3
PageTagSettings/EnablePageTags
350
72AC
  3
PageTagSettings/TagAlignment
350
72AD
  3
PageTagSettings/TagFont
350
72AE
  3
PageTagSettings/TagPosition
350
72AF
  3
QCADVersion
350
72B0
  3
UnitSettings/PaperUnit
350
72B1
  3
ViewportCenter
350
72B2
  3
ViewportHeight
350
72B3
  3
ViewportWidth
350
72B4
  0
LAYOUT
  5
723D
102
{ACAD_REACTORS
330
7239
102
}
330
7239
100
AcDbPlotSettings
  1

  2
none_device
  4
ISO_A4_(210.00_x_297.00_MM)
  6

 40
7.5
 41
20.0
 42
7.5
 43
20.0
 44
210.0
 45
297.0
 46
0.0
 47
0.0
 48
0.0
 49
0.0
140
0.0
141
0.0
142
1.0
143
1.0
 70
   688
 72
     1
 73
     1
 74
     5
  7

 75
     0
 76
     0
 77
     2
 78
   300
147
1.0
148
0.0
149
0.0
100
AcDbLayout
  1
Layout1
 70
     1
 71
     0
 10
-20.0
 20
-7.5
 11
277.0
 21
202.5
 12
0.0
 22
0.0
 32
0.0
 14
0.0
 24
0.0
 34
0.0
 15
0.0
 25
0.0
 35
0.0
146
0.0
 13
0.0
 23
0.0
 33
0.0
 16
1.0
 26
0.0
 36
0.0
 17
0.0
 27
1.0
 37
0.0
 76
     0
330
723A
331
72F2
  0
LAYOUT
  5
7241
102
{ACAD_REACTORS
330
7239
102
}
330
7239
100
AcDbPlotSettings
  1

  2
none_device
  4
Letter_(8.50_x_11.00_Inches)
  6

 40
6.35
 41
6.35
 42
6.35000508
 43
6.35000508
 44
215.9
 45
279.4
 46
0.0
 47
0.0
 48
0.0
 49
0.0
140
0.0
141
0.0
142
1.0
143
1.0
 70
  1712
 72
     0
 73
     0
 74
     0
  7

 75
     0
 76
     0
 77
     2
 78
   300
147
1.0
148
0.0
149
0.0
100
AcDbLayout
  1
Model
 70
     1
 71
     0
 10
0.0
 20
0.0
 11
12.0
 21
9.0
 12
0.0
 22
0.0
 32
0.0
 14
7.289683920941751
 24
-14.28644253443309
 34
0.0
 15
165.7217594520524
 25
124.0041073840441
 35
0.0
146
0.0
 13
0.0
 23
0.0
 33
0.0
 16
1.0
 26
0.0
 36
0.0
 17
0.0
 27
1.0
 37
0.0
 76
     0
330
723E
331
7248
  0
MATERIAL
  5
7264
102
{ACAD_REACTORS
330
7262
102
}
330
7262
100
AcDbMaterial
  1
ByBlock
 72
     1
 94
      127
  0
MATERIAL
  5
7263
102
{ACAD_REACTORS
330
7262
102
}
330
7262
100
AcDbMaterial
  1
ByLayer
 72
     1
 94
      127
  0
MATERIAL
  5
7265
102
{ACAD_REACTORS
330
7262
102
}
330
7262
100
AcDbMaterial
  1
Global
 72
     1
 94
      127
  0
MLEADERSTYLE
  5
727B
102
{ACAD_REACTORS
330
727A
102
}
330
727A
100
AcDbMLeaderStyle
179
     2
170
     2
171
     1
172
     0
 90
        2
 40
0.0
 41
0.0
173
     1
 91
-1056964608
340
7233
 92
       -2
290
     1
 42
0.09
291
     1
 43
0.36
  3
Standard
341
0
 44
0.18
300

342
7231
174
     1
178
     6
175
     1
176
     0
 93
-1056964608
 45
0.18
292
     0
297
     0
 46
0.18
343
0
 94
-1056964608
 47
1.0
 49
1.0
140
1.0
293
     1
141
0.0
294
     1
177
     0
142
1.0
295
     0
296
     0
143
0.125
271
     0
272
     9
273
     9
298
     0
  0
MLINESTYLE
  5
7237
102
{ACAD_REACTORS
330
7236
102
}
330
7236
100
AcDbMlineStyle
  2
Standard
 70
     0
  3

 62
   256
 51
90.0
 52
90.0
 71
     2
 49
0.5
 62
   256
  6
BYLAYER
 49
-0.5
 62
   256
  6
BYLAYER
  0
ACDBPLACEHOLDER
  5
722F
102
{ACAD_REACTORS
330
722E
102
}
330
722E
  0
SCALE
  5
7267
102
{ACAD_REACTORS
330
7266
102
}
330
7266
100
AcDbScale
 70
     0
300
1:1
140
1.0
141
1.0
290
     1
  0
SCALE
  5
7268
102
{ACAD_REACTORS
330
7266
102
}
330
7266
100
AcDbScale
 70
     0
300
1/128" = 1'-0"
140
0.0078125
141
12.0
290
     0
  0
SCALE
  5
7269
102
{ACAD_REACTORS
330
7266
102
}
330
7266
100
AcDbScale
 70
     0
300
1/64" = 1'-0"
140
0.015625
141
12.0
290
     0
  0
SCALE
  5
726A
102
{ACAD_REACTORS
330
7266
102
}
330
7266
100
AcDbScale
 70
     0
300
1/32" = 1'-0"
140
0.03125
141
12.0
290
     0
  0
SCALE
  5
726B
102
{ACAD_REACTORS
330
7266
102
}
330
7266
100
AcDbScale
 70
     0
300
1/16" = 1'-0"
140
0.0625
141
12.0
290
     0
  0
SCALE
  5
726C
102
{ACAD_REACTORS
330
7266
102
}
330
7266
100
AcDbScale
 70
     0
300
3/32" = 1'-0"
140
0.09375
141
12.0
290
     0
  0
SCALE
  5
726D
102
{ACAD_REACTORS
330
7266
102
}
330
7266
100
AcDbScale
 70
     0
300
1/8" = 1'-0"
140
0.125
141
12.0
290
     0
  0
SCALE
  5
726E
102
{ACAD_REACTORS
330
7266
102
}
330
7266
100
AcDbScale
 70
     0
300
3/16" = 1'-0"
140
0.1875
141
12.0
290
     0
  0
SCALE
  5
726F
102
{ACAD_REACTORS
330
7266
102
}
330
7266
100
AcDbScale
 70
     0
300
1/4" = 1'-0"
140
0.25
141
12.0
290
     0
  0
SCALE
  5
7270
102
{ACAD_REACTORS
330
7266
102
}
330
7266
100
AcDbScale
 70
     0
300
3/8" = 1'-0"
140
0.375
141
12.0
290
     0
  0
SCALE
  5
7271
102
{ACAD_REACTORS
330
7266
102
}
330
7266
100
AcDbScale
 70
     0
300
1/2" = 1'-0"
140
0.5
141
12.0
290
     0
  0
SCALE
  5
7272
102
{ACAD_REACTORS
330
7266
102
}
330
7266
100
AcDbScale
 70
     0
300
3/4" = 1'-0"
140
0.75
141
12.0
290
     0
  0
SCALE
  5
7273
102
{ACAD_REACTORS
330
7266
102
}
330
7266
100
AcDbScale
 70
     0
300
1" = 1'-0"
140
1.0
141
12.0
290
     0
  0
SCALE
  5
7274
102
{ACAD_REACTORS
330
7266
102
}
330
7266
100
AcDbScale
 70
     0
300
1-1/2" = 1'-0"
140
1.5
141
12.0
290
     0
  0
SCALE
  5
7275
102
{ACAD_REACTORS
330
7266
102
}
330
7266
100
AcDbScale
 70
     0
300
3" = 1'-0"
140
3.0
141
12.0
290
     0
  0
SCALE
  5
7276
102
{ACAD_REACTORS
330
7266
102
}
330
7266
100
AcDbScale
 70
     0
300
6" = 1'-0"
140
6.0
141
12.0
290
     0
  0
SCALE
  5
7277
102
{ACAD_REACTORS
330
7266
102
}
330
7266
100
AcDbScale
 70
     0
300
1'-0" = 1'-0"
140
12.0
141
12.0
290
     0
  0
TABLESTYLE
  5
7279
102
{ACAD_REACTORS
330
7278
102
}
102
{ACAD_XDICTIONARY
360
72F6
102
}
330
7278
100
AcDbTableStyle
  3
Standard
 70
     0
 71
     0
 40
0.06
 41
0.06
280
     0
281
     0
  7
Standard
140
0.18
170
     2
 62
     0
 63
   257
283
     0
 90
        4
 91
        0
  1

274
    -2
284
     1
 64
     0
275
    -2
285
     1
 65
     0
276
    -2
286
     1
 66
     0
277
    -2
287
     1
 67
     0
278
    -2
288
     1
 68
     0
279
    -2
289
     1
 69
     0
  7
Standard
140
0.25
170
     5
 62
     0
 63
   257
283
     0
 90
        4
 91
        0
  1

274
    -2
284
     1
 64
     0
275
    -2
285
     1
 65
     0
276
    -2
286
     1
 66
     0
277
    -2
287
     1
 67
     0
278
    -2
288
     1
 68
     0
279
    -2
289
     1
 69
     0
  7
Standard
140
0.18
170
     5
 62
     0
 63
   257
283
     0
 90
        4
 91
        0
  1

274
    -2
284
     1
 64
     0
275
    -2
285
     1
 65
     0
276
    -2
286
     1
 66
     0
277
    -2
287
     1
 67
     0
278
    -2
288
     1
 68
     0
279
    -2
289
     1
 69
     0
  0
VISUALSTYLE
  5
724E
102
{ACAD_REACTORS
330
7249
102
}
330
7249
100
AcDbVisualStyle
  2
2dWireframe
 70
     4
177
     3
291
     0
 70
    58
 90
        0
176
     1
 90
        2
176
     1
 90
        0
176
     1
 90
        0
176
     1
 40
0.6
176
     1
 40
30.0
176
     1
 62
     7
420
 16777215
176
     1
 90
        1
176
     1
 90
        4
176
     1
 62
     7
176
     1
 62
   257
176
     1
 90
        1
176
     1
 90
        1
176
     1
 40
1.0
176
     1
 90
        0
176
     1
 62
   257
176
     1
 40
1.0
176
     1
 90
        1
176
     1
 90
        6
176
     1
 90
        2
176
     1
 62
     7
176
     1
 90
        5
176
     1
 90
        0
176
     1
 90
        0
176
     1
290
     0
176
     1
 90
        1
176
     1
 40
0.0
176
     1
 90
        0
176
     1
290
     1
176
     1
290
     1
176
     1
290
     0
176
     1
290
     0
176
     1
290
     0
176
     1
290
     0
176
     1
290
     0
176
     1
290
     0
176
     1
290
     0
176
     1
 90
       50
176
     1
 40
0.0
176
     1
 40
1.0
176
     1
 90
        0
176
     1
 62
    18
420
        0
176
     1
 90
       50
176
     1
 90
        3
176
     1
 62
     5
420
      255
176
     1
290
     0
176
     1
 90
       50
176
     1
 90
       50
176
     1
 90
       50
176
     1
290
     0
176
     1
 90
       50
176
     1
 62
   256
176
     0
 40
1.0
176
     0
 90
        2
176
     1
  1
strokes_ogs.tif
176
     1
290
     0
176
     1
 40
1.0
176
     1
 40
1.0
176
     1
  0
VISUALSTYLE
  5
7251
102
{ACAD_REACTORS
330
7249
102
}
330
7249
100
AcDbVisualStyle
  2
Basic
 70
     7
177
     3
291
     1
 70
    58
 90
        1
176
     1
 90
        0
176
     1
 90
        1
176
     1
 90
        0
176
     1
 40
0.6
176
     1
 40
30.0
176
     1
 62
     7
420
 16777215
176
     1
 90
        0
176
     1
 90
        4
176
     1
 62
     7
176
     1
 62
   257
176
     1
 90
        1
176
     1
 90
        1
176
     1
 40
1.0
176
     1
 90
        8
176
     1
 62
     7
176
     1
 40
1.0
176
     1
 90
        1
176
     1
 90
        6
176
     1
 90
        2
176
     1
 62
     7
176
     1
 90
        5
176
     1
 90
        0
176
     1
 90
        0
176
     1
290
     0
176
     1
 90
        1
176
     1
 40
0.0
176
     1
 90
        0
176
     1
290
     0
176
     1
290
     1
176
     1
290
     1
176
     1
290
     0
176
     1
290
     0
176
     1
290
     0
176
     1
290
     0
176
     1
290
     0
176
     1
290
     0
176
     1
 90
       50
176
     1
 40
0.0
176
     1
 40
1.0
176
     1
 90
        0
176
     1
 62
    18
420
        0
176
     1
 90
       50
176
     1
 90
        3
176
     1
 62
     5
420
      255
176
     1
290
     0
176
     1
 90
       50
176
     1
 90
       50
176
     1
 90
       50
176
     1
290
     0
176
     1
 90
       50
176
     1
 62
   256
176
     0
 40
1.0
176
     0
 90
        2
176
     1
  1
strokes_ogs.tif
176
     1
290
     0
176
     1
 40
1.0
176
     1
 40
1.0
176
     1
  0
VISUALSTYLE
  5
7255
102
{ACAD_REACTORS
330
7249
102
}
330
7249
100
AcDbVisualStyle
  2
Brighten
 70
    12
177
     3
291
     1
 70
    58
 90
        2
176
     1
 90
        2
176
     1
 90
        0
176
     1
 90
        0
176
     1
 40
0.6
176
     1
 40
30.0
176
     1
 62
     7
420
 16777215
176
     1
 90
        1
176
     1
 90
        4
176
     1
 62
     7
176
     1
 62
   257
176
     1
 90
        1
176
     1
 90
        1
176
     1
 40
1.0
176
     1
 90
        8
176
     1
 62
     7
176
     1
 40
1.0
176
     1
 90
        1
176
     1
 90
        6
176
     1
 90
        2
176
     1
 62
     7
176
     1
 90
        5
176
     1
 90
        0
176
     1
 90
        0
176
     1
290
     0
176
     1
 90
        1
176
     1
 40
50.0
176
     1
 90
        0
176
     1
290
     0
176
     1
290
     1
176
     1
290
     1
176
     1
290
     0
176
     1
290
     0
176
     1
290
     0
176
     1
290
     0
176
     1
290
     0
176
     1
290
     0
176
     1
 90
       50
176
     1
 40
0.0
176
     1
 40
1.0
176
     1
 90
        0
176
     1
 62
    18
420
        0
176
     1
 90
       50
176
     1
 90
        3
176
     1
 62
     5
420
      255
176
     1
290
     0
176
     1
 90
       50
176
     1
 90
       50
176
     1
 90
       50
176
     1
290
     0
176
     1
 90
       50
176
     1
 62
   256
176
     0
 40
1.0
176
     0
 90
        2
176
     1
  1
strokes_ogs.tif
176
     1
290
     0
176
     1
 40
1.0
176
     1
 40
1.0
176
     1
  0
VISUALSTYLE
  5
7259
102
{ACAD_REACTORS
330
7249
102
}
330
7249
100
AcDbVisualStyle
  2
ColorChange
 70
    16
177
     3
291
     1
 70
    58
 90
        2
176
     1
 90
        2
176
     1
 90
        3
176
     1
 90
        0
176
     1
 40
0.6
176
     1
 40
30.0
176
     1
 62
     8
420
  8421504
176
     1
 90
        1
176
     1
 90
        4
176
     1
 62
     7
176
     1
 62
   257
176
     1
 90
        1
176
     1
 90
        1
176
     1
 40
1.0
176
     1
 90
        8
176
     1
 62
     8
420
  8421504
176
     1
 40
1.0
176
     1
 90
        1
176
     1
 90
        6
176
     1
 90
        2
176
     1
 62
     7
176
     1
 90
        5
176
     1
 90
        0
176
     1
 90
        0
176
     1
290
     0
176
     1
 90
        1
176
     1
 40
0.0
176
     1
 90
        0
176
     1
290
     0
176
     1
290
     1
176
     1
290
     1
176
     1
290
     0
176
     1
290
     0
176
     1
290
     0
176
     1
290
     0
176
     1
290
     0
176
     1
290
     0
176
     1
 90
       50
176
     1
 40
0.0
176
     1
 40
1.0
176
     1
 90
        0
176
     1
 62
    18
420
        0
176
     1
 90
       50
176
     1
 90
        3
176
     1
 62
     5
420
      255
176
     1
290
     0
176
     1
 90
       50
176
     1
 90
       50
176
     1
 90
       50
176
     1
290
     0
176
     1
 90
       50
176
     1
 62
   256
176
     0
 40
1.0
176
     0
 90
        2
176
     1
  1
strokes_ogs.tif
176
     1
290
     0
176
     1
 40
1.0
176
     1
 40
1.0
176
     1
  0
VISUALSTYLE
  5
7253
102
{ACAD_REACTORS
330
7249
102
}
330
7249
100
AcDbVisualStyle
  2
Conceptual
 70
     9
177
     3
291
     0
 70
    58
 90
        3
176
     1
 90
        2
176
     1
 90
        0
176
     1
 90
        0
176
     1
 40
0.6
176
     1
 40
30.0
176
     1
 62
     7
420
 16777215
176
     1
 90
        2
176
     1
 90
        2
176
     1
 62
     7
176
     1
 62
   257
176
     1
 90
        1
176
     1
 90
        1
176
     1
 40
179.0
176
     1
 90
        8
176
     1
 62
     7
176
     1
 40
1.0
176
     1
 90
        1
176
     1
 90
        6
176
     1
 90
        2
176
     1
 62
     7
176
     1
 90
        3
176
     1
 90
        0
176
     1
 90
        0
176
     1
290
     0
176
     1
 90
        1
176
     1
 40
0.0
176
     1
 90
        0
176
     1
290
     0
176
     1
290
     1
176
     1
290
     1
176
     1
290
     0
176
     1
290
     0
176
     1
290
     0
176
     1
290
     0
176
     1
290
     0
176
     1
290
     0
176
     1
 90
       50
176
     1
 40
0.0
176
     1
 40
1.0
176
     1
 90
        0
176
     1
 62
    18
420
        0
176
     1
 90
       50
176
     1
 90
        3
176
     1
 62
     5
420
      255
176
     1
290
     0
176
     1
 90
       50
176
     1
 90
       50
176
     1
 90
       50
176
     1
290
     0
176
     1
 90
       50
176
     1
 62
   256
176
     0
 40
1.0
176
     0
 90
        2
176
     1
  1
strokes_ogs.tif
176
     1
290
     0
176
     1
 40
1.0
176
     1
 40
1.0
176
     1
  0
VISUALSTYLE
  5
7254
102
{ACAD_REACTORS
330
7249
102
}
330
7249
100
AcDbVisualStyle
  2
Dim
 70
    11
177
     3
291
     1
 70
    58
 90
        2
176
     1
 90
        2
176
     1
 90
        0
176
     1
 90
        0
176
     1
 40
0.6
176
     1
 40
30.0
176
     1
 62
     7
420
 16777215
176
     1
 90
        1
176
     1
 90
        4
176
     1
 62
     7
176
     1
 62
   257
176
     1
 90
        1
176
     1
 90
        1
176
     1
 40
1.0
176
     1
 90
        8
176
     1
 62
     7
176
     1
 40
1.0
176
     1
 90
        1
176
     1
 90
        6
176
     1
 90
        2
176
     1
 62
     7
176
     1
 90
        5
176
     1
 90
        0
176
     1
 90
        0
176
     1
290
     0
176
     1
 90
        1
176
     1
 40
-50.0
176
     1
 90
        0
176
     1
290
     0
176
     1
290
     1
176
     1
290
     1
176
     1
290
     0
176
     1
290
     0
176
     1
290
     0
176
     1
290
     0
176
     1
290
     0
176
     1
290
     0
176
     1
 90
       50
176
     1
 40
0.0
176
     1
 40
1.0
176
     1
 90
        0
176
     1
 62
    18
420
        0
176
     1
 90
       50
176
     1
 90
        3
176
     1
 62
     5
420
      255
176
     1
290
     0
176
     1
 90
       50
176
     1
 90
       50
176
     1
 90
       50
176
     1
290
     0
176
     1
 90
       50
176
     1
 62
   256
176
     0
 40
1.0
176
     0
 90
        2
176
     1
  1
strokes_ogs.tif
176
     1
290
     0
176
     1
 40
1.0
176
     1
 40
1.0
176
     1
  0
VISUALSTYLE
  5
725C
102
{ACAD_REACTORS
330
7249
102
}
330
7249
100
AcDbVisualStyle
  2
EdgeColorOff
 70
    22
177
     3
291
     1
 70
    58
 90
        2
176
     0
 90
        2
176
     0
 90
        0
176
     0
 90
        0
176
     0
 40
0.6
176
     0
 40
30.0
176
     0
 62
     7
420
 16777215
176
     0
 90
        1
176
     0
 90
        4
176
     0
 62
     7
176
     0
 62
   257
176
     0
 90
        1
176
     0
 90
        1
176
     0
 40
1.0
176
     0
 90
        8
176
     2
 62
     7
176
     0
 40
1.0
176
     0
 90
        1
176
     0
 90
        6
176
     0
 90
        2
176
     0
 62
     7
176
     0
 90
        5
176
     0
 90
        0
176
     0
 90
        0
176
     0
290
     0
176
     0
 90
        1
176
     0
 40
0.0
176
     0
 90
        0
176
     0
290
     0
176
     0
290
     1
176
     0
290
     1
176
     0
290
     0
176
     0
290
     0
176
     0
290
     0
176
     0
290
     0
176
     0
290
     0
176
     0
290
     0
176
     0
 90
       50
176
     0
 40
0.0
176
     0
 40
1.0
176
     0
 90
        0
176
     0
 62
    18
420
        0
176
     0
 90
       50
176
     0
 90
        3
176
     0
 62
     5
420
      255
176
     0
290
     0
176
     0
 90
       50
176
     0
 90
       50
176
     0
 90
       50
176
     0
290
     0
176
     0
 90
       50
176
     0
 62
   256
176
     0
 40
1.0
176
     0
 90
        2
176
     0
  1
strokes_ogs.tif
176
     0
290
     0
176
     0
 40
1.0
176
     0
 40
1.0
176
     0
  0
VISUALSTYLE
  5
7258
102
{ACAD_REACTORS
330
7249
102
}
330
7249
100
AcDbVisualStyle
  2
Facepattern
 70
    15
177
     3
291
     1
 70
    58
 90
        2
176
     1
 90
        2
176
     1
 90
        0
176
     1
 90
        0
176
     1
 40
0.6
176
     1
 40
30.0
176
     1
 62
     7
420
 16777215
176
     1
 90
        1
176
     1
 90
        4
176
     1
 62
     7
176
     1
 62
   257
176
     1
 90
        1
176
     1
 90
        1
176
     1
 40
1.0
176
     1
 90
        8
176
     1
 62
     7
176
     1
 40
1.0
176
     1
 90
        1
176
     1
 90
        6
176
     1
 90
        2
176
     1
 62
     7
176
     1
 90
        5
176
     1
 90
        0
176
     1
 90
        0
176
     1
290
     0
176
     1
 90
        1
176
     1
 40
0.0
176
     1
 90
        0
176
     1
290
     0
176
     1
290
     1
176
     1
290
     1
176
     1
290
     0
176
     1
290
     0
176
     1
290
     0
176
     1
290
     0
176
     1
290
     0
176
     1
290
     0
176
     1
 90
       50
176
     1
 40
0.0
176
     1
 40
1.0
176
     1
 90
        0
176
     1
 62
    18
420
        0
176
     1
 90
       50
176
     1
 90
        3
176
     1
 62
     5
420
      255
176
     1
290
     0
176
     1
 90
       50
176
     1
 90
       50
176
     1
 90
       50
176
     1
290
     0
176
     1
 90
       50
176
     1
 62
   256
176
     0
 40
1.0
176
     0
 90
        2
176
     1
  1
strokes_ogs.tif
176
     1
290
     0
176
     1
 40
1.0
176
     1
 40
1.0
176
     1
  0
VISUALSTYLE
  5
724A
102
{ACAD_REACTORS
330
7249
102
}
330
7249
100
AcDbVisualStyle
  2
Flat
 70
     0
177
     3
291
     1
 70
    58
 90
        2
176
     1
 90
        1
176
     1
 90
        1
176
     1
 90
        2
176
     1
 40
0.6
176
     1
 40
30.0
176
     1
 62
     7
420
 16777215
176
     1
 90
        0
176
     1
 90
        0
176
     1
 62
     7
176
     1
 62
   257
176
     1
 90
        1
176
     1
 90
        1
176
     1
 40
1.0
176
     1
 90
        8
176
     1
 62
     7
176
     1
 40
1.0
176
     1
 90
        1
176
     1
 90
        6
176
     1
 90
        2
176
     1
 62
     7
176
     1
 90
        5
176
     1
 90
        0
176
     1
 90
        0
176
     1
290
     0
176
     1
 90
       13
176
     1
 40
0.0
176
     1
 90
        0
176
     1
290
     0
176
     1
290
     1
176
     1
290
     1
176
     1
290
     0
176
     1
290
     0
176
     1
290
     0
176
     1
290
     0
176
     1
290
     0
176
     1
290
     0
176
     1
 90
       50
176
     1
 40
0.0
176
     1
 40
1.0
176
     1
 90
        0
176
     1
 62
    18
420
        0
176
     1
 90
       50
176
     1
 90
        3
176
     1
 62
     5
420
      255
176
     1
290
     0
176
     1
 90
       50
176
     1
 90
       50
176
     1
 90
       50
176
     1
290
     0
176
     1
 90
       50
176
     1
 62
   256
176
     0
 40
1.0
176
     0
 90
        2
176
     1
  1
strokes_ogs.tif
176
     1
290
     0
176
     1
 40
1.0
176
     1
 40
1.0
176
     1
  0
VISUALSTYLE
  5
724B
102
{ACAD_REACTORS
330
7249
102
}
330
7249
100
AcDbVisualStyle
  2
FlatWithEdges
 70
     1
177
     3
291
     1
 70
    58
 90
        2
176
     1
 90
        1
176
     1
 90
        1
176
     1
 90
        2
176
     1
 40
0.6
176
     1
 40
30.0
176
     1
 62
     7
420
 16777215
176
     1
 90
        1
176
     1
 90
        0
176
     1
 62
     7
176
     1
 62
   257
176
     1
 90
        1
176
     1
 90
        1
176
     1
 40
1.0
176
     1
 90
        0
176
     1
 62
   257
176
     1
 40
1.0
176
     1
 90
        1
176
     1
 90
        6
176
     1
 90
        2
176
     1
 62
     7
176
     1
 90
        5
176
     1
 90
        0
176
     1
 90
        0
176
     1
290
     0
176
     1
 90
       13
176
     1
 40
0.0
176
     1
 90
        0
176
     1
290
     0
176
     1
290
     1
176
     1
290
     1
176
     1
290
     0
176
     1
290
     0
176
     1
290
     0
176
     1
290
     0
176
     1
290
     0
176
     1
290
     0
176
     1
 90
       50
176
     1
 40
0.0
176
     1
 40
1.0
176
     1
 90
        0
176
     1
 62
    18
420
        0
176
     1
 90
       50
176
     1
 90
        3
176
     1
 62
     5
420
      255
176
     1
290
     0
176
     1
 90
       50
176
     1
 90
       50
176
     1
 90
       50
176
     1
290
     0
176
     1
 90
       50
176
     1
 62
   256
176
     0
 40
1.0
176
     0
 90
        2
176
     1
  1
strokes_ogs.tif
176
     1
290
     0
176
     1
 40
1.0
176
     1
 40
1.0
176
     1
  0
VISUALSTYLE
  5
724C
102
{ACAD_REACTORS
330
7249
102
}
330
7249
100
AcDbVisualStyle
  2
Gouraud
 70
     2
177
     3
291
     1
 70
    58
 90
        2
176
     1
 90
        2
176
     1
 90
        1
176
     1
 90
        2
176
     1
 40
0.6
176
     1
 40
30.0
176
     1
 62
     7
420
 16777215
176
     1
 90
        0
176
     1
 90
        0
176
     1
 62
     7
176
     1
 62
   257
176
     1
 90
        1
176
     1
 90
        1
176
     1
 40
1.0
176
     1
 90
        0
176
     1
 62
     7
176
     1
 40
1.0
176
     1
 90
        1
176
     1
 90
        6
176
     1
 90
        2
176
     1
 62
     7
176
     1
 90
        5
176
     1
 90
        0
176
     1
 90
        0
176
     1
290
     0
176
     1
 90
       13
176
     1
 40
0.0
176
     1
 90
        0
176
     1
290
     0
176
     1
290
     1
176
     1
290
     1
176
     1
290
     0
176
     1
290
     0
176
     1
290
     0
176
     1
290
     0
176
     1
290
     0
176
     1
290
     0
176
     1
 90
       50
176
     1
 40
0.0
176
     1
 40
1.0
176
     1
 90
        0
176
     1
 62
    18
420
        0
176
     1
 90
       50
176
     1
 90
        3
176
     1
 62
     5
420
      255
176
     1
290
     0
176
     1
 90
       50
176
     1
 90
       50
176
     1
 90
       50
176
     1
290
     0
176
     1
 90
       50
176
     1
 62
   256
176
     0
 40
1.0
176
     0
 90
        2
176
     1
  1
strokes_ogs.tif
176
     1
290
     0
176
     1
 40
1.0
176
     1
 40
1.0
176
     1
  0
VISUALSTYLE
  5
724D
102
{ACAD_REACTORS
330
7249
102
}
330
7249
100
AcDbVisualStyle
  2
GouraudWithEdges
 70
     3
177
     3
291
     1
 70
    58
 90
        2
176
     1
 90
        2
176
     1
 90
        1
176
     1
 90
        2
176
     1
 40
0.6
176
     1
 40
30.0
176
     1
 62
     7
420
 16777215
176
     1
 90
        1
176
     1
 90
        0
176
     1
 62
     7
176
     1
 62
   257
176
     1
 90
        1
176
     1
 90
        1
176
     1
 40
1.0
176
     1
 90
        0
176
     1
 62
   257
176
     1
 40
1.0
176
     1
 90
        1
176
     1
 90
        6
176
     1
 90
        2
176
     1
 62
     7
176
     1
 90
        5
176
     1
 90
        0
176
     1
 90
        0
176
     1
290
     0
176
     1
 90
       13
176
     1
 40
0.0
176
     1
 90
        0
176
     1
290
     0
176
     1
290
     1
176
     1
290
     1
176
     1
290
     0
176
     1
290
     0
176
     1
290
     0
176
     1
290
     0
176
     1
290
     0
176
     1
290
     0
176
     1
 90
       50
176
     1
 40
0.0
176
     1
 40
1.0
176
     1
 90
        0
176
     1
 62
    18
420
        0
176
     1
 90
       50
176
     1
 90
        3
176
     1
 62
     5
420
      255
176
     1
290
     0
176
     1
 90
       50
176
     1
 90
       50
176
     1
 90
       50
176
     1
290
     0
176
     1
 90
       50
176
     1
 62
   256
176
     0
 40
1.0
176
     0
 90
        2
176
     1
  1
strokes_ogs.tif
176
     1
290
     0
176
     1
 40
1.0
176
     1
 40
1.0
176
     1
  0
VISUALSTYLE
  5
7250
102
{ACAD_REACTORS
330
7249
102
}
330
7249
100
AcDbVisualStyle
  2
Hidden
 70
     6
177
     3
291
     0
 70
    58
 90
        1
176
     1
 90
        2
176
     1
 90
        2
176
     1
 90
        0
176
     1
 40
0.6
176
     1
 40
30.0
176
     1
 62
     7
420
 16777215
176
     1
 90
        2
176
     1
 90
        2
176
     1
 62
     7
176
     1
 62
   257
176
     1
 90
        2
176
     1
 90
        1
176
     1
 40
40.0
176
     1
 90
        0
176
     1
 62
   257
176
     1
 40
1.0
176
     1
 90
        1
176
     1
 90
        6
176
     1
 90
        2
176
     1
 62
     7
176
     1
 90
        3
176
     1
 90
        0
176
     1
 90
        0
176
     1
290
     0
176
     1
 90
        1
176
     1
 40
0.0
176
     1
 90
        0
176
     1
290
     0
176
     1
290
     1
176
     1
290
     1
176
     1
290
     0
176
     1
290
     0
176
     1
290
     0
176
     1
290
     0
176
     1
290
     0
176
     1
290
     0
176
     1
 90
       50
176
     1
 40
0.0
176
     1
 40
1.0
176
     1
 90
        0
176
     1
 62
    18
420
        0
176
     1
 90
       50
176
     1
 90
        3
176
     1
 62
     5
420
      255
176
     1
290
     0
176
     1
 90
       50
176
     1
 90
       50
176
     1
 90
       50
176
     1
290
     0
176
     1
 90
       50
176
     1
 62
   256
176
     0
 40
1.0
176
     0
 90
        2
176
     1
  1
strokes_ogs.tif
176
     1
290
     0
176
     1
 40
1.0
176
     1
 40
1.0
176
     1
  0
VISUALSTYLE
  5
725A
102
{ACAD_REACTORS
330
7249
102
}
330
7249
100
AcDbVisualStyle
  2
JitterOff
 70
    20
177
     3
291
     1
 70
    58
 90
        2
176
     0
 90
        2
176
     0
 90
        0
176
     0
 90
        0
176
     0
 40
0.6
176
     0
 40
30.0
176
     0
 62
     7
420
 16777215
176
     0
 90
        1
176
     0
 90
        4
176
     0
 62
     7
176
     0
 62
   257
176
     0
 90
        1
176
     0
 90
        1
176
     0
 40
1.0
176
     0
 90
       10
176
     2
 62
     7
176
     0
 40
1.0
176
     0
 90
        1
176
     0
 90
        6
176
     0
 90
        2
176
     0
 62
     7
176
     0
 90
        5
176
     0
 90
        0
176
     0
 90
        0
176
     0
290
     0
176
     0
 90
        1
176
     0
 40
0.0
176
     0
 90
        0
176
     0
290
     0
176
     0
290
     1
176
     0
290
     1
176
     0
290
     0
176
     0
290
     0
176
     0
290
     0
176
     0
290
     0
176
     0
290
     0
176
     0
290
     0
176
     0
 90
       50
176
     0
 40
0.0
176
     0
 40
1.0
176
     0
 90
        0
176
     0
 62
    18
420
        0
176
     0
 90
       50
176
     0
 90
        3
176
     0
 62
     5
420
      255
176
     0
290
     0
176
     0
 90
       50
176
     0
 90
       50
176
     0
 90
       50
176
     0
290
     0
176
     0
 90
       50
176
     0
 62
   256
176
     0
 40
1.0
176
     0
 90
        2
176
     0
  1
strokes_ogs.tif
176
     0
290
     0
176
     0
 40
1.0
176
     0
 40
1.0
176
     0
  0
VISUALSTYLE
  5
7257
102
{ACAD_REACTORS
330
7249
102
}
330
7249
100
AcDbVisualStyle
  2
Linepattern
 70
    14
177
     3
291
     1
 70
    58
 90
        2
176
     1
 90
        2
176
     1
 90
        0
176
     1
 90
        0
176
     1
 40
0.6
176
     1
 40
30.0
176
     1
 62
     7
420
 16777215
176
     1
 90
        1
176
     1
 90
        4
176
     1
 62
     7
176
     1
 62
   257
176
     1
 90
        7
176
     1
 90
        7
176
     1
 40
1.0
176
     1
 90
        8
176
     1
 62
     7
176
     1
 40
1.0
176
     1
 90
        1
176
     1
 90
        6
176
     1
 90
        2
176
     1
 62
     7
176
     1
 90
        5
176
     1
 90
        0
176
     1
 90
        0
176
     1
290
     0
176
     1
 90
        1
176
     1
 40
0.0
176
     1
 90
        0
176
     1
290
     0
176
     1
290
     1
176
     1
290
     1
176
     1
290
     0
176
     1
290
     0
176
     1
290
     0
176
     1
290
     0
176
     1
290
     0
176
     1
290
     0
176
     1
 90
       50
176
     1
 40
0.0
176
     1
 40
1.0
176
     1
 90
        0
176
     1
 62
    18
420
        0
176
     1
 90
       50
176
     1
 90
        3
176
     1
 62
     5
420
      255
176
     1
290
     0
176
     1
 90
       50
176
     1
 90
       50
176
     1
 90
       50
176
     1
290
     0
176
     1
 90
       50
176
     1
 62
   256
176
     0
 40
1.0
176
     0
 90
        2
176
     1
  1
strokes_ogs.tif
176
     1
290
     0
176
     1
 40
1.0
176
     1
 40
1.0
176
     1
  0
VISUALSTYLE
  5
725B
102
{ACAD_REACTORS
330
7249
102
}
330
7249
100
AcDbVisualStyle
  2
OverhangOff
 70
    21
177
     3
291
     1
 70
    58
 90
        2
176
     0
 90
        2
176
     0
 90
        0
176
     0
 90
        0
176
     0
 40
0.6
176
     0
 40
30.0
176
     0
 62
     7
420
 16777215
176
     0
 90
        1
176
     0
 90
        4
176
     0
 62
     7
176
     0
 62
   257
176
     0
 90
        1
176
     0
 90
        1
176
     0
 40
1.0
176
     0
 90
        9
176
     2
 62
     7
176
     0
 40
1.0
176
     0
 90
        1
176
     0
 90
        6
176
     0
 90
        2
176
     0
 62
     7
176
     0
 90
        5
176
     0
 90
        0
176
     0
 90
        0
176
     0
290
     0
176
     0
 90
        1
176
     0
 40
0.0
176
     0
 90
        0
176
     0
290
     0
176
     0
290
     1
176
     0
290
     1
176
     0
290
     0
176
     0
290
     0
176
     0
290
     0
176
     0
290
     0
176
     0
290
     0
176
     0
290
     0
176
     0
 90
       50
176
     0
 40
0.0
176
     0
 40
1.0
176
     0
 90
        0
176
     0
 62
    18
420
        0
176
     0
 90
       50
176
     0
 90
        3
176
     0
 62
     5
420
      255
176
     0
290
     0
176
     0
 90
       50
176
     0
 90
       50
176
     0
 90
       50
176
     0
290
     0
176
     0
 90
       50
176
     0
 62
   256
176
     0
 40
1.0
176
     0
 90
        2
176
     0
  1
strokes_ogs.tif
176
     0
290
     0
176
     0
 40
1.0
176
     0
 40
1.0
176
     0
  0
VISUALSTYLE
  5
7252
102
{ACAD_REACTORS
330
7249
102
}
330
7249
100
AcDbVisualStyle
  2
Realistic
 70
     8
177
     3
291
     0
 70
    58
 90
        2
176
     1
 90
        3
176
     1
 90
        0
176
     1
 90
        2
176
     1
 40
0.6
176
     1
 40
30.0
176
     1
 62
     7
420
 16777215
176
     1
 90
        0
176
     1
 90
        0
176
     1
 62
     7
176
     1
 62
   257
176
     1
 90
        1
176
     1
 90
        1
176
     1
 40
1.0
176
     1
 90
        8
176
     1
 62
   257
176
     1
 40
1.0
176
     1
 90
        1
176
     1
 90
        6
176
     1
 90
        2
176
     1
 62
     7
176
     1
 90
        3
176
     1
 90
        0
176
     1
 90
        0
176
     1
290
     0
176
     1
 90
       13
176
     1
 40
0.0
176
     1
 90
        0
176
     1
290
     0
176
     1
290
     1
176
     1
290
     1
176
     1
290
     0
176
     1
290
     0
176
     1
290
     0
176
     1
290
     0
176
     1
290
     0
176
     1
290
     0
176
     1
 90
       50
176
     1
 40
0.0
176
     1
 40
1.0
176
     1
 90
        0
176
     1
 62
    18
420
        0
176
     1
 90
       50
176
     1
 90
        3
176
     1
 62
     5
420
      255
176
     1
290
     0
176
     1
 90
       50
176
     1
 90
       50
176
     1
 90
       50
176
     1
290
     0
176
     1
 90
       50
176
     1
 62
   256
176
     0
 40
1.0
176
     0
 90
        2
176
     1
  1
strokes_ogs.tif
176
     1
290
     0
176
     1
 40
1.0
176
     1
 40
1.0
176
     1
  0
VISUALSTYLE
  5
7261
102
{ACAD_REACTORS
330
7249
102
}
330
7249
100
AcDbVisualStyle
  2
Shaded
 70
    27
177
     3
291
     0
 70
    58
 90
        2
176
     1
 90
        2
176
     1
 90
        1
176
     1
 90
        2
176
     1
 40
0.6
176
     1
 40
30.0
176
     1
 62
     7
420
 16777215
176
     1
 90
        0
176
     1
 90
        4
176
     1
 62
     7
176
     1
 62
   257
176
     1
 90
        1
176
     1
 90
        1
176
     1
 40
1.0
176
     1
 90
        8
176
     1
 62
   257
176
     1
 40
1.0
176
     1
 90
        1
176
     1
 90
        6
176
     1
 90
        2
176
     1
 62
     8
420
  7895160
176
     1
 90
        3
176
     1
 90
        0
176
     1
 90
        0
176
     1
290
     0
176
     1
 90
        5
176
     1
 40
0.0
176
     1
 90
        0
176
     1
290
     0
176
     1
290
     1
176
     1
290
     1
176
     1
290
     0
176
     1
290
     0
176
     1
290
     0
176
     1
290
     0
176
     1
290
     0
176
     1
290
     0
176
     1
 90
       50
176
     1
 40
0.0
176
     1
 40
1.0
176
     1
 90
        0
176
     1
 62
    18
420
        0
176
     1
 90
       50
176
     1
 90
        3
176
     1
 62
     5
420
      255
176
     1
290
     0
176
     1
 90
       50
176
     1
 90
       50
176
     1
 90
       50
176
     1
290
     0
176
     1
 90
       50
176
     1
 62
   256
176
     0
 40
1.0
176
     0
 90
        2
176
     1
  1
strokes_ogs.tif
176
     1
290
     0
176
     1
 40
1.0
176
     1
 40
1.0
176
     1
  0
VISUALSTYLE
  5
7260
102
{ACAD_REACTORS
330
7249
102
}
330
7249
100
AcDbVisualStyle
  2
Shaded with edges
 70
    26
177
     3
291
     0
 70
    58
 90
        2
176
     1
 90
        2
176
     1
 90
        1
176
     1
 90
        2
176
     1
 40
0.6
176
     1
 40
30.0
176
     1
 62
     7
420
 16777215
176
     1
 90
        1
176
     1
 90
       10
176
     1
 62
     7
176
     1
 62
   257
176
     1
 90
        2
176
     1
 90
        1
176
     1
 40
1.0
176
     1
 90
        8
176
     1
 62
   257
176
     1
 40
1.0
176
     1
 90
        1
176
     1
 90
        6
176
     1
 90
        2
176
     1
 62
     7
176
     1
 90
        3
176
     1
 90
        0
176
     1
 90
        0
176
     1
290
     0
176
     1
 90
        5
176
     1
 40
0.0
176
     1
 90
        0
176
     1
290
     0
176
     1
290
     1
176
     1
290
     1
176
     1
290
     0
176
     1
290
     0
176
     1
290
     0
176
     1
290
     0
176
     1
290
     0
176
     1
290
     0
176
     1
 90
       50
176
     1
 40
0.0
176
     1
 40
1.0
176
     1
 90
        0
176
     1
 62
    18
420
        0
176
     1
 90
       50
176
     1
 90
        3
176
     1
 62
     5
420
      255
176
     1
290
     0
176
     1
 90
       50
176
     1
 90
       50
176
     1
 90
       50
176
     1
290
     0
176
     1
 90
       50
176
     1
 62
   256
176
     0
 40
1.0
176
     0
 90
        2
176
     1
  1
strokes_ogs.tif
176
     1
290
     0
176
     1
 40
1.0
176
     1
 40
1.0
176
     1
  0
VISUALSTYLE
  5
725D
102
{ACAD_REACTORS
330
7249
102
}
330
7249
100
AcDbVisualStyle
  2
Shades of Gray
 70
    23
177
     3
291
     0
 70
    58
 90
        2
176
     1
 90
        2
176
     1
 90
        3
176
     1
 90
        0
176
     1
 40
0.6
176
     1
 40
30.0
176
     1
 62
     7
420
 16777215
176
     1
 90
        2
176
     1
 90
        2
176
     1
 62
     7
176
     1
 62
     7
176
     1
 90
        1
176
     1
 90
        1
176
     1
 40
40.0
176
     1
 90
        8
176
     1
 62
     7
176
     1
 40
1.0
176
     1
 90
        1
176
     1
 90
        6
176
     1
 90
        2
176
     1
 62
     7
176
     1
 90
        3
176
     1
 90
        0
176
     1
 90
        0
176
     1
290
     0
176
     1
 90
        1
176
     1
 40
0.0
176
     1
 90
        0
176
     1
290
     0
176
     1
290
     1
176
     1
290
     1
176
     1
290
     0
176
     1
290
     0
176
     1
290
     0
176
     1
290
     0
176
     1
290
     0
176
     1
290
     0
176
     1
 90
       50
176
     1
 40
0.0
176
     1
 40
1.0
176
     1
 90
        0
176
     1
 62
    18
420
        0
176
     1
 90
       50
176
     1
 90
        3
176
     1
 62
     5
420
      255
176
     1
290
     0
176
     1
 90
       50
176
     1
 90
       50
176
     1
 90
       50
176
     1
290
     0
176
     1
 90
       50
176
     1
 62
   256
176
     0
 40
1.0
176
     0
 90
        2
176
     1
  1
strokes_ogs.tif
176
     1
290
     0
176
     1
 40
1.0
176
     1
 40
1.0
176
     1
  0
VISUALSTYLE
  5
725E
102
{ACAD_REACTORS
330
7249
102
}
330
7249
100
AcDbVisualStyle
  2
Sketchy
 70
    24
177
     3
291
     0
 70
    58
 90
        1
176
     1
 90
        2
176
     1
 90
        2
176
     1
 90
        0
176
     1
 40
0.6
176
     1
 40
30.0
176
     1
 62
     7
420
 16777215
176
     1
 90
        2
176
     1
 90
        2
176
     1
 62
     7
176
     1
 62
     7
176
     1
 90
        1
176
     1
 90
        1
176
     1
 40
40.0
176
     1
 90
       11
176
     1
 62
     7
176
     1
 40
1.0
176
     1
 90
        1
176
     1
 90
        6
176
     1
 90
        2
176
     1
 62
     7
176
     1
 90
        6
176
     1
 90
        0
176
     1
 90
        0
176
     1
290
     0
176
     1
 90
        1
176
     1
 40
0.0
176
     1
 90
        0
176
     1
290
     0
176
     1
290
     1
176
     1
290
     1
176
     1
290
     0
176
     1
290
     0
176
     1
290
     0
176
     1
290
     0
176
     1
290
     0
176
     1
290
     0
176
     1
 90
       50
176
     1
 40
0.0
176
     1
 40
1.0
176
     1
 90
        0
176
     1
 62
    18
420
        0
176
     1
 90
       50
176
     1
 90
        3
176
     1
 62
     5
420
      255
176
     1
290
     0
176
     1
 90
       50
176
     1
 90
       50
176
     1
 90
       50
176
     1
290
     0
176
     1
 90
       50
176
     1
 62
   256
176
     0
 40
1.0
176
     0
 90
        2
176
     1
  1
strokes_ogs.tif
176
     1
290
     0
176
     1
 40
1.0
176
     1
 40
1.0
176
     1
  0
VISUALSTYLE
  5
7256
102
{ACAD_REACTORS
330
7249
102
}
330
7249
100
AcDbVisualStyle
  2
Thicken
 70
    13
177
     3
291
     1
 70
    58
 90
        2
176
     1
 90
        2
176
     1
 90
        0
176
     1
 90
        0
176
     1
 40
0.6
176
     1
 40
30.0
176
     1
 62
     7
420
 16777215
176
     1
 90
        1
176
     1
 90
        4
176
     1
 62
     7
176
     1
 62
   257
176
     1
 90
        1
176
     1
 90
        1
176
     1
 40
1.0
176
     1
 90
       12
176
     1
 62
     7
176
     1
 40
1.0
176
     1
 90
        1
176
     1
 90
        6
176
     1
 90
        2
176
     1
 62
     7
176
     1
 90
        5
176
     1
 90
        0
176
     1
 90
        0
176
     1
290
     0
176
     1
 90
        1
176
     1
 40
0.0
176
     1
 90
        0
176
     1
290
     0
176
     1
290
     1
176
     1
290
     1
176
     1
290
     0
176
     1
290
     0
176
     1
290
     0
176
     1
290
     0
176
     1
290
     0
176
     1
290
     0
176
     1
 90
       50
176
     1
 40
0.0
176
     1
 40
1.0
176
     1
 90
        0
176
     1
 62
    18
420
        0
176
     1
 90
       50
176
     1
 90
        3
176
     1
 62
     5
420
      255
176
     1
290
     0
176
     1
 90
       50
176
     1
 90
       50
176
     1
 90
       50
176
     1
290
     0
176
     1
 90
       50
176
     1
 62
   256
176
     0
 40
1.0
176
     0
 90
        2
176
     1
  1
strokes_ogs.tif
176
     1
290
     0
176
     1
 40
1.0
176
     1
 40
1.0
176
     1
  0
VISUALSTYLE
  5
724F
102
{ACAD_REACTORS
330
7249
102
}
330
7249
100
AcDbVisualStyle
  2
Wireframe
 70
     5
177
     3
291
     0
 70
    58
 90
        0
176
     1
 90
        2
176
     1
 90
        0
176
     1
 90
        0
176
     1
 40
0.6
176
     1
 40
30.0
176
     1
 62
     7
420
 16777215
176
     1
 90
        1
176
     1
 90
        4
176
     1
 62
     7
176
     1
 62
   257
176
     1
 90
        1
176
     1
 90
        1
176
     1
 40
1.0
176
     1
 90
        0
176
     1
 62
   257
176
     1
 40
1.0
176
     1
 90
        1
176
     1
 90
        6
176
     1
 90
        2
176
     1
 62
     7
176
     1
 90
        3
176
     1
 90
        0
176
     1
 90
        0
176
     1
290
     0
176
     1
 90
        1
176
     1
 40
0.0
176
     1
 90
        0
176
     1
290
     0
176
     1
290
     1
176
     1
290
     1
176
     1
290
     0
176
     1
290
     0
176
     1
290
     0
176
     1
290
     0
176
     1
290
     0
176
     1
290
     0
176
     1
 90
       50
176
     1
 40
0.0
176
     1
 40
1.0
176
     1
 90
        0
176
     1
 62
    18
420
        0
176
     1
 90
       50
176
     1
 90
        3
176
     1
 62
     5
420
      255
176
     1
290
     0
176
     1
 90
       50
176
     1
 90
       50
176
     1
 90
       50
176
     1
290
     0
176
     1
 90
       50
176
     1
 62
   256
176
     0
 40
1.0
176
     0
 90
        2
176
     1
  1
strokes_ogs.tif
176
     1
290
     0
176
     1
 40
1.0
176
     1
 40
1.0
176
     1
  0
VISUALSTYLE
  5
725F
102
{ACAD_REACTORS
330
7249
102
}
330
7249
100
AcDbVisualStyle
  2
X-Ray
 70
    25
177
     3
291
     0
 70
    58
 90
        2
176
     1
 90
        2
176
     1
 90
        1
176
     1
 90
        1
176
     1
 40
0.5
176
     1
 40
30.0
176
     1
 62
     7
420
 16777215
176
     1
 90
        1
176
     1
 90
        0
176
     1
 62
     7
176
     1
 62
   257
176
     1
 90
        1
176
     1
 90
        1
176
     1
 40
1.0
176
     1
 90
        8
176
     1
 62
     7
176
     1
 40
1.0
176
     1
 90
        1
176
     1
 90
        6
176
     1
 90
        2
176
     1
 62
     7
176
     1
 90
        3
176
     1
 90
        0
176
     1
 90
        0
176
     1
290
     0
176
     1
 90
       13
176
     1
 40
0.0
176
     1
 90
        0
176
     1
290
     0
176
     1
290
     1
176
     1
290
     1
176
     1
290
     0
176
     1
290
     0
176
     1
290
     0
176
     1
290
     0
176
     1
290
     0
176
     1
290
     0
176
     1
 90
       50
176
     1
 40
0.0
176
     1
 40
1.0
176
     1
 90
        0
176
     1
 62
    18
420
        0
176
     1
 90
       50
176
     1
 90
        3
176
     1
 62
     5
420
      255
176
     1
290
     0
176
     1
 90
       50
176
     1
 90
       50
176
     1
 90
       50
176
     1
290
     0
176
     1
 90
       50
176
     1
 62
   256
176
     0
 40
1.0
176
     0
 90
        2
176
     1
  1
strokes_ogs.tif
176
     1
290
     0
176
     1
 40
1.0
176
     1
 40
1.0
176
     1
  0
DICTIONARYVAR
  5
72F5
102
{ACAD_REACTORS
330
72F4
102
}
330
72F4
100
DictionaryVariables
280
     0
  1
1:1
  0
DICTIONARYVAR
  5
72FA
102
{ACAD_REACTORS
330
72F4
102
}
330
72F4
100
DictionaryVariables
280
     0
  1
Standard
  0
DICTIONARYVAR
  5
72F9
102
{ACAD_REACTORS
330
72F4
102
}
330
72F4
100
DictionaryVariables
280
     0
  1
Standard
  0
XRECORD
  5
7280
102
{ACAD_REACTORS
330
727E
102
}
330
727E
100
AcDbXrecord
280
     1
1000
#ffffff
  0
XRECORD
  5
7281
102
{ACAD_REACTORS
330
727E
102
}
330
727E
100
AcDbXrecord
280
     1
1000
FullColor
  0
XRECORD
  5
7282
102
{ACAD_REACTORS
330
727E
102
}
330
727E
100
AcDbXrecord
280
     1
290
     1
  0
XRECORD
  5
7283
102
{ACAD_REACTORS
330
727E
102
}
330
727E
100
AcDbXrecord
280
     1
290
     1
  0
XRECORD
  5
7284
102
{ACAD_REACTORS
330
727E
102
}
330
727E
100
AcDbXrecord
280
     1
290
     1
  0
XRECORD
  5
7285
102
{ACAD_REACTORS
330
727E
102
}
330
727E
100
AcDbXrecord
280
     1
290
     1
  0
XRECORD
  5
7286
102
{ACAD_REACTORS
330
727E
102
}
330
727E
100
AcDbXrecord
280
     1
1000
auto
  0
XRECORD
  5
7287
102
{ACAD_REACTORS
330
727E
102
}
330
727E
100
AcDbXrecord
280
     1
1000
auto
  0
XRECORD
  5
7288
102
{ACAD_REACTORS
330
727E
102
}
330
727E
100
AcDbXrecord
280
     1
1000
auto
  0
XRECORD
  5
7289
102
{ACAD_REACTORS
330
727E
102
}
330
727E
100
AcDbXrecord
280
     1
1000
auto
  0
XRECORD
  5
728A
102
{ACAD_REACTORS
330
727E
102
}
330
727E
100
AcDbXrecord
280
     1
1000
auto
  0
XRECORD
  5
728B
102
{ACAD_REACTORS
330
727E
102
}
330
727E
100
AcDbXrecord
280
     1
1000
auto
  0
XRECORD
  5
728C
102
{ACAD_REACTORS
330
727E
102
}
330
727E
100
AcDbXrecord
280
     1
1000
auto
  0
XRECORD
  5
728D
102
{ACAD_REACTORS
330
727E
102
}
330
727E
100
AcDbXrecord
280
     1
1000
auto
  0
XRECORD
  5
728E
102
{ACAD_REACTORS
330
727E
102
}
330
727E
100
AcDbXrecord
280
     1
290
     0
  0
XRECORD
  5
728F
102
{ACAD_REACTORS
330
727E
102
}
330
727E
100
AcDbXrecord
280
     1
290
     0
  0
XRECORD
  5
7290
102
{ACAD_REACTORS
330
727E
102
}
330
727E
100
AcDbXrecord
280
     1
290
     0
  0
XRECORD
  5
7291
102
{ACAD_REACTORS
330
727E
102
}
330
727E
100
AcDbXrecord
280
     1
290
     0
  0
XRECORD
  5
7292
102
{ACAD_REACTORS
330
727E
102
}
330
727E
100
AcDbXrecord
280
     1
 90
    65537
  0
XRECORD
  5
7293
102
{ACAD_REACTORS
330
727E
102
}
330
727E
100
AcDbXrecord
280
     1
 90
    65537
  0
XRECORD
  5
7294
102
{ACAD_REACTORS
330
727E
102
}
330
727E
100
AcDbXrecord
280
     1
 90
    65537
  0
XRECORD
  5
7295
102
{ACAD_REACTORS
330
727E
102
}
330
727E
100
AcDbXrecord
280
     1
 90
    65537
  0
XRECORD
  5
7296
102
{ACAD_REACTORS
330
727E
102
}
330
727E
100
AcDbXrecord
280
     1
1000
auto
  0
XRECORD
  5
7297
102
{ACAD_REACTORS
330
727E
102
}
330
727E
100
AcDbXrecord
280
     1
1000
auto
  0
XRECORD
  5
7298
102
{ACAD_REACTORS
330
727E
102
}
330
727E
100
AcDbXrecord
280
     1
1000
auto
  0
XRECORD
  5
7299
102
{ACAD_REACTORS
330
727E
102
}
330
727E
100
AcDbXrecord
280
     1
1000
auto
  0
XRECORD
  5
729A
102
{ACAD_REACTORS
330
727E
102
}
330
727E
100
AcDbXrecord
280
     1
1000
auto
  0
XRECORD
  5
729B
102
{ACAD_REACTORS
330
727E
102
}
330
727E
100
AcDbXrecord
280
     1
1000
auto
  0
XRECORD
  5
729C
102
{ACAD_REACTORS
330
727E
102
}
330
727E
100
AcDbXrecord
280
     1
1000
auto
  0
XRECORD
  5
729D
102
{ACAD_REACTORS
330
727E
102
}
330
727E
100
AcDbXrecord
280
     1
1000
auto
  0
XRECORD
  5
729E
102
{ACAD_REACTORS
330
727E
102
}
330
727E
100
AcDbXrecord
280
     1
 90
        1
  0
XRECORD
  5
729F
102
{ACAD_REACTORS
330
727E
102
}
330
727E
100
AcDbXrecord
280
     1
 40
10.0
  0
XRECORD
  5
72A0
102
{ACAD_REACTORS
330
727E
102
}
330
727E
100
AcDbXrecord
280
     1
 40
10.0
  0
XRECORD
  5
72A1
102
{ACAD_REACTORS
330
727E
102
}
330
727E
100
AcDbXrecord
280
     1
 40
10.0
  0
XRECORD
  5
72A2
102
{ACAD_REACTORS
330
727E
102
}
330
727E
100
AcDbXrecord
280
     1
 40
10.0
  0
XRECORD
  5
72A3
102
{ACAD_REACTORS
330
727E
102
}
330
727E
100
AcDbXrecord
280
     1
290
     0
  0
XRECORD
  5
72A4
102
{ACAD_REACTORS
330
727E
102
}
330
727E
100
AcDbXrecord
280
     1
 90
        1
  0
XRECORD
  5
72A5
102
{ACAD_REACTORS
330
727E
102
}
330
727E
100
AcDbXrecord
280
     1
 40
0.0
  0
XRECORD
  5
72A6
102
{ACAD_REACTORS
330
727E
102
}
330
727E
100
AcDbXrecord
280
     1
 40
0.0
  0
XRECORD
  5
72A7
102
{ACAD_REACTORS
330
727E
102
}
330
727E
100
AcDbXrecord
280
     1
1000
Portrait
  0
XRECORD
  5
72A8
102
{ACAD_REACTORS
330
727E
102
}
330
727E
100
AcDbXrecord
280
     1
 40
297.0
  0
XRECORD
  5
72A9
102
{ACAD_REACTORS
330
727E
102
}
330
727E
100
AcDbXrecord
280
     1
 40
210.0
  0
XRECORD
  5
72AA
102
{ACAD_REACTORS
330
727E
102
}
330
727E
100
AcDbXrecord
280
     1
1000
1:1
  0
XRECORD
  5
72AB
102
{ACAD_REACTORS
330
727E
102
}
330
727E
100
AcDbXrecord
280
     1
290
     1
  0
XRECORD
  5
72AC
102
{ACAD_REACTORS
330
727E
102
}
330
727E
100
AcDbXrecord
280
     1
290
     0
  0
XRECORD
  5
72AD
102
{ACAD_REACTORS
330
727E
102
}
330
727E
100
AcDbXrecord
280
     1
1000
Inside
  0
XRECORD
  5
72AE
102
{ACAD_REACTORS
330
727E
102
}
330
727E
100
AcDbXrecord
280
     1
1000
Arial,10,-1,5,50,0,0,0,0,0
  0
XRECORD
  5
72AF
102
{ACAD_REACTORS
330
727E
102
}
330
727E
100
AcDbXrecord
280
     1
1000
TopLeft
  0
XRECORD
  5
72B0
102
{ACAD_REACTORS
330
727E
102
}
330
727E
100
AcDbXrecord
280
     1
1000
3.26.4
  0
XRECORD
  5
72B1
102
{ACAD_REACTORS
330
727E
102
}
330
727E
100
AcDbXrecord
280
     1
 90
        4
  0
XRECORD
  5
72B2
102
{ACAD_REACTORS
330
727E
102
}
330
727E
100
AcDbXrecord
280
     1
  0
XRECORD
  5
72B3
102
{ACAD_REACTORS
330
727E
102
}
330
727E
100
AcDbXrecord
280
     1
 40
125.388451811331
  0
XRECORD
  5
72B4
102
{ACAD_REACTORS
330
727E
102
}
330
727E
100
AcDbXrecord
280
     1
 40
204.15303309155
  0
DICTIONARY
  5
72F6
330
7279
100
AcDbDictionary
280
     1
281
     1
  3
ACAD_ROUNDTRIP_2008_TABLESTYLE_CELLSTYLEMAP
360
72F7
  0
CELLSTYLEMAP
  5
72F7
102
{ACAD_REACTORS
330
72F6
102
}
330
72F6
100
AcDbCellStyleMap
 90
        3
300
CELLSTYLE
  1
TABLEFORMAT_BEGIN
 90
        5
170
     1
 91
        0
 92
    32768
 62
   257
 93
        1
300
CONTENTFORMAT
  1
CONTENTFORMAT_BEGIN
 90
        0
 91
        0
 92
        4
 93
        0
300

 40
0.0
140
1.0
 94
        5
 62
     0
340
7231
144
0.25
309
CONTENTFORMAT_END
171
     1
301
MARGIN
  1
CELLMARGIN_BEGIN
 40
0.06
 40
0.06
 40
0.06
 40
0.06
 40
0.06
 40
0.06
309
CELLMARGIN_END
 94
        6
 95
        1
302
GRIDFORMAT
  1
GRIDFORMAT_BEGIN
 90
        0
 91
        1
 62
     0
 92
       -2
340
7233
 93
        0
 40
0.045
309
GRIDFORMAT_END
 95
        2
302
GRIDFORMAT
  1
GRIDFORMAT_BEGIN
 90
        0
 91
        1
 62
     0
 92
       -2
340
7233
 93
        0
 40
0.045
309
GRIDFORMAT_END
 95
        4
302
GRIDFORMAT
  1
GRIDFORMAT_BEGIN
 90
        0
 91
        1
 62
     0
 92
       -2
340
7233
 93
        0
 40
0.045
309
GRIDFORMAT_END
 95
        8
302
GRIDFORMAT
  1
GRIDFORMAT_BEGIN
 90
        0
 91
        1
 62
     0
 92
       -2
340
7233
 93
        0
 40
0.045
309
GRIDFORMAT_END
 95
       16
302
GRIDFORMAT
  1
GRIDFORMAT_BEGIN
 90
        0
 91
        1
 62
     0
 92
       -2
340
7233
 93
        0
 40
0.045
309
GRIDFORMAT_END
 95
       32
302
GRIDFORMAT
  1
GRIDFORMAT_BEGIN
 90
        0
 91
        1
 62
     0
 92
       -2
340
7233
 93
        0
 40
0.045
309
GRIDFORMAT_END
309
TABLEFORMAT_END
  1
CELLSTYLE_BEGIN
 90
        1
 91
        1
300
_TITLE
309
CELLSTYLE_END
300
CELLSTYLE
  1
TABLEFORMAT_BEGIN
 90
        5
170
     1
 91
        0
 92
        0
 62
   257
 93
        1
300
CONTENTFORMAT
  1
CONTENTFORMAT_BEGIN
 90
        0
 91
        0
 92
        4
 93
        0
300

 40
0.0
140
1.0
 94
        5
 62
     0
340
7231
144
0.18
309
CONTENTFORMAT_END
171
     1
301
MARGIN
  1
CELLMARGIN_BEGIN
 40
0.06
 40
0.06
 40
0.06
 40
0.06
 40
0.06
 40
0.06
309
CELLMARGIN_END
 94
        6
 95
        1
302
GRIDFORMAT
  1
GRIDFORMAT_BEGIN
 90
        0
 91
        1
 62
     0
 92
       -2
340
7233
 93
        0
 40
0.045
309
GRIDFORMAT_END
 95
        2
302
GRIDFORMAT
  1
GRIDFORMAT_BEGIN
 90
        0
 91
        1
 62
     0
 92
       -2
340
7233
 93
        0
 40
0.045
309
GRIDFORMAT_END
 95
        4
302
GRIDFORMAT
  1
GRIDFORMAT_BEGIN
 90
        0
 91
        1
 62
     0
 92
       -2
340
7233
 93
        0
 40
0.045
309
GRIDFORMAT_END
 95
        8
302
GRIDFORMAT
  1
GRIDFORMAT_BEGIN
 90
        0
 91
        1
 62
     0
 92
       -2
340
7233
 93
        0
 40
0.045
309
GRIDFORMAT_END
 95
       16
302
GRIDFORMAT
  1
GRIDFORMAT_BEGIN
 90
        0
 91
        1
 62
     0
 92
       -2
340
7233
 93
        0
 40
0.045
309
GRIDFORMAT_END
 95
       32
302
GRIDFORMAT
  1
GRIDFORMAT_BEGIN
 90
        0
 91
        1
 62
     0
 92
       -2
340
7233
 93
        0
 40
0.045
309
GRIDFORMAT_END
309
TABLEFORMAT_END
  1
CELLSTYLE_BEGIN
 90
        2
 91
        1
300
_HEADER
309
CELLSTYLE_END
300
CELLSTYLE
  1
TABLEFORMAT_BEGIN
 90
        5
170
     1
 91
        0
 92
        0
 62
   257
 93
        1
300
CONTENTFORMAT
  1
CONTENTFORMAT_BEGIN
 90
        0
 91
        0
 92
        4
 93
        0
300

 40
0.0
140
1.0
 94
        2
 62
     0
340
7231
144
0.18
309
CONTENTFORMAT_END
171
     1
301
MARGIN
  1
CELLMARGIN_BEGIN
 40
0.06
 40
0.06
 40
0.06
 40
0.06
 40
0.06
 40
0.06
309
CELLMARGIN_END
 94
        6
 95
        1
302
GRIDFORMAT
  1
GRIDFORMAT_BEGIN
 90
        0
 91
        1
 62
     0
 92
       -2
340
7233
 93
        0
 40
0.045
309
GRIDFORMAT_END
 95
        2
302
GRIDFORMAT
  1
GRIDFORMAT_BEGIN
 90
        0
 91
        1
 62
     0
 92
       -2
340
7233
 93
        0
 40
0.045
309
GRIDFORMAT_END
 95
        4
302
GRIDFORMAT
  1
GRIDFORMAT_BEGIN
 90
        0
 91
        1
 62
     0
 92
       -2
340
7233
 93
        0
 40
0.045
309
GRIDFORMAT_END
 95
        8
302
GRIDFORMAT
  1
GRIDFORMAT_BEGIN
 90
        0
 91
        1
 62
     0
 92
       -2
340
7233
 93
        0
 40
0.045
309
GRIDFORMAT_END
 95
       16
302
GRIDFORMAT
  1
GRIDFORMAT_BEGIN
 90
        0
 91
        1
 62
     0
 92
       -2
340
7233
 93
        0
 40
0.045
309
GRIDFORMAT_END
 95
       32
302
GRIDFORMAT
  1
GRIDFORMAT_BEGIN
 90
        0
 91
        1
 62
     0
 92
       -2
340
7233
 93
        0
 40
0.045
309
GRIDFORMAT_END
309
TABLEFORMAT_END
  1
CELLSTYLE_BEGIN
 90
        3
 91
        2
300
_DATA
309
CELLSTYLE_END
  0
ENDSEC
  0
EOF
