  0
SECTION
  2
HEADER
  9
$ACADVER
  1
AC1027
  9
$ACADMAINTVER
 70
   105
  9
$DWGCODEPAGE
  3
ANSI_1252
  9
$REQUIREDVERSIONS
160
                 0
  9
$INSBASE
 10
0.0
 20
0.0
 30
0.0
  9
$EXTMIN
 10
0.0950846
 20
0.398254
 30
0.0
  9
$EXTMAX
 10
344.901
 20
208.7566724215538
 30
0.0
  9
$LIMMIN
 10
0.0
 20
0.0
  9
$LIMMAX
 10
12.0
 20
9.0
  9
$ORTHOMODE
 70
     0
  9
$REGENMODE
 70
     1
  9
$FILLMODE
 70
     0
  9
$QTEXTMODE
 70
     0
  9
$MIRRTEXT
 70
     1
  9
$LTSCALE
 40
1.0
  9
$ATTMODE
 70
     1
  9
$TEXTSIZE
 40
0.2
  9
$TRACEWID
 40
0.05
  9
$TEXTSTYLE
  7
Standard
  9
$CLAYER
  8
0
  9
$CELTYPE
  6
ByLayer
  9
$CECOLOR
 62
   256
  9
$CELTSCALE
 40
1.0
  9
$DISPSILH
 70
     0
  9
$DIMSCALE
 40
1.0
  9
$DIMASZ
 40
0.18
  9
$DIMEXO
 40
0.0625
  9
$DIMDLI
 40
0.38
  9
$DIMRND
 40
0.0
  9
$DIMDLE
 40
0.0
  9
$DIMEXE
 40
0.18
  9
$DIMTP
 40
0.0
  9
$DIMTM
 40
0.0
  9
$DIMTXT
 40
0.18
  9
$DIMCEN
 40
0.09
  9
$DIMTSZ
 40
0.0
  9
$DIMTOL
 70
     0
  9
$DIMLIM
 70
     0
  9
$DIMTIH
 70
     1
  9
$DIMTOH
 70
     1
  9
$DIMSE1
 70
     0
  9
$DIMSE2
 70
     0
  9
$DIMTAD
 70
     0
  9
$DIMZIN
 70
     0
  9
$DIMBLK
  1

  9
$DIMASO
 70
     1
  9
$DIMSHO
 70
     1
  9
$DIMPOST
  1

  9
$DIMAPOST
  1

  9
$DIMALT
 70
     0
  9
$DIMALTD
 70
     2
  9
$DIMALTF
 40
25.4
  9
$DIMLFAC
 40
1.0
  9
$DIMTOFL
 70
     0
  9
$DIMTVP
 40
0.0
  9
$DIMTIX
 70
     0
  9
$DIMSOXD
 70
     0
  9
$DIMSAH
 70
     0
  9
$DIMBLK1
  1

  9
$DIMBLK2
  1

  9
$DIMSTYLE
  2
Standard
  9
$DIMCLRD
 70
     0
  9
$DIMCLRE
 70
     0
  9
$DIMCLRT
 70
     0
  9
$DIMTFAC
 40
1.0
  9
$DIMGAP
 40
0.09
  9
$DIMJUST
 70
     0
  9
$DIMSD1
 70
     0
  9
$DIMSD2
 70
     0
  9
$DIMTOLJ
 70
     1
  9
$DIMTZIN
 70
     0
  9
$DIMALTZ
 70
     0
  9
$DIMALTTZ
 70
     0
  9
$DIMUPT
 70
     0
  9
$DIMDEC
 70
     4
  9
$DIMTDEC
 70
     4
  9
$DIMALTU
 70
     2
  9
$DIMALTTD
 70
     2
  9
$DIMTXSTY
  7
Standard
  9
$DIMAUNIT
 70
     0
  9
$DIMADEC
 70
     0
  9
$DIMALTRND
 40
0.0
  9
$DIMAZIN
 70
     0
  9
$DIMDSEP
 70
    46
  9
$DIMATFIT
 70
     3
  9
$DIMFRAC
 70
     0
  9
$DIMLDRBLK
  1

  9
$DIMLUNIT
 70
     2
  9
$DIMLWD
 70
    -2
  9
$DIMLWE
 70
    -2
  9
$DIMTMOVE
 70
     0
  9
$DIMFXL
 40
1.0
  9
$DIMFXLON
 70
     0
  9
$DIMJOGANG
 40
0.7853981633974483
  9
$DIMTFILL
 70
     0
  9
$DIMTFILLCLR
 70
     0
  9
$DIMARCSYM
 70
     0
  9
$DIMLTYPE
  6

  9
$DIMLTEX1
  6

  9
$DIMLTEX2
  6

  9
$DIMTXTDIRECTION
 70
     0
  9
$LUNITS
 70
     2
  9
$LUPREC
 70
     4
  9
$SKETCHINC
 40
0.1
  9
$FILLETRAD
 40
0.5
  9
$AUNITS
 70
     0
  9
$AUPREC
 70
     0
  9
$MENU
  1
.
  9
$ELEVATION
 40
0.0
  9
$PELEVATION
 40
0.0
  9
$THICKNESS
 40
0.0
  9
$LIMCHECK
 70
     0
  9
$CHAMFERA
 40
0.0
  9
$CHAMFERB
 40
0.0
  9
$CHAMFERC
 40
0.0
  9
$CHAMFERD
 40
0.0
  9
$SKPOLY
 70
     0
  9
$TDCREATE
 40
2460665.016611806
  9
$TDUCREATE
 40
2460664.974945139
  9
$TDUPDATE
 40
2460665.016611933
  9
$TDUUPDATE
 40
2460664.974945266
  9
$TDINDWG
 40
0.0000000116
  9
$TDUSRTIMER
 40
0.0000000116
  9
$USRTIMER
 70
     1
  9
$ANGBASE
 50
0.0
  9
$ANGDIR
 70
     0
  9
$PDMODE
 70
     0
  9
$PDSIZE
 40
0.0
  9
$PLINEWID
 40
0.0
  9
$SPLFRAME
 70
     1
  9
$SPLINETYPE
 70
     6
  9
$SPLINESEGS
 70
     8
  9
$HANDSEED
  5
B28
  9
$SURFTAB1
 70
     6
  9
$SURFTAB2
 70
     6
  9
$SURFTYPE
 70
     6
  9
$SURFU
 70
     6
  9
$SURFV
 70
     6
  9
$UCSBASE
  2

  9
$UCSNAME
  2

  9
$UCSORG
 10
0.0
 20
0.0
 30
0.0
  9
$UCSXDIR
 10
1.0
 20
0.0
 30
0.0
  9
$UCSYDIR
 10
0.0
 20
1.0
 30
0.0
  9
$UCSORTHOREF
  2

  9
$UCSORTHOVIEW
 70
     0
  9
$UCSORGTOP
 10
0.0
 20
0.0
 30
0.0
  9
$UCSORGBOTTOM
 10
0.0
 20
0.0
 30
0.0
  9
$UCSORGLEFT
 10
0.0
 20
0.0
 30
0.0
  9
$UCSORGRIGHT
 10
0.0
 20
0.0
 30
0.0
  9
$UCSORGFRONT
 10
0.0
 20
0.0
 30
0.0
  9
$UCSORGBACK
 10
0.0
 20
0.0
 30
0.0
  9
$PUCSBASE
  2

  9
$PUCSNAME
  2

  9
$PUCSORG
 10
0.0
 20
0.0
 30
0.0
  9
$PUCSXDIR
 10
1.0
 20
0.0
 30
0.0
  9
$PUCSYDIR
 10
0.0
 20
1.0
 30
0.0
  9
$PUCSORTHOREF
  2

  9
$PUCSORTHOVIEW
 70
     0
  9
$PUCSORGTOP
 10
0.0
 20
0.0
 30
0.0
  9
$PUCSORGBOTTOM
 10
0.0
 20
0.0
 30
0.0
  9
$PUCSORGLEFT
 10
0.0
 20
0.0
 30
0.0
  9
$PUCSORGRIGHT
 10
0.0
 20
0.0
 30
0.0
  9
$PUCSORGFRONT
 10
0.0
 20
0.0
 30
0.0
  9
$PUCSORGBACK
 10
0.0
 20
0.0
 30
0.0
  9
$USERI1
 70
     0
  9
$USERI2
 70
     0
  9
$USERI3
 70
     0
  9
$USERI4
 70
     0
  9
$USERI5
 70
     0
  9
$USERR1
 40
0.0
  9
$USERR2
 40
0.0
  9
$USERR3
 40
0.0
  9
$USERR4
 40
0.0
  9
$USERR5
 40
0.0
  9
$WORLDVIEW
 70
     1
  9
$SHADEDGE
 70
     3
  9
$SHADEDIF
 70
    70
  9
$TILEMODE
 70
     1
  9
$MAXACTVP
 70
    64
  9
$PINSBASE
 10
0.0
 20
0.0
 30
0.0
  9
$PLIMCHECK
 70
     0
  9
$PEXTMIN
 10
1.000000000000000E+20
 20
1.000000000000000E+20
 30
1.000000000000000E+20
  9
$PEXTMAX
 10
-1.000000000000000E+20
 20
-1.000000000000000E+20
 30
-1.000000000000000E+20
  9
$PLIMMIN
 10
-0.25
 20
-0.25
  9
$PLIMMAX
 10
10.75
 20
8.25
  9
$UNITMODE
 70
     0
  9
$VISRETAIN
 70
     1
  9
$PLINEGEN
 70
     0
  9
$PSLTSCALE
 70
     1
  9
$TREEDEPTH
 70
  3020
  9
$CMLSTYLE
  2
Standard
  9
$CMLJUST
 70
     0
  9
$CMLSCALE
 40
1.0
  9
$PROXYGRAPHICS
 70
     1
  9
$MEASUREMENT
 70
     0
  9
$CELWEIGHT
370
    -1
  9
$ENDCAPS
280
     0
  9
$JOINSTYLE
280
     0
  9
$LWDISPLAY
290
     0
  9
$INSUNITS
 70
     0
  9
$HYPERLINKBASE
  1

  9
$STYLESHEET
  1

  9
$XEDIT
290
     1
  9
$CEPSNTYPE
380
     0
  9
$PSTYLEMODE
290
     1
  9
$FINGERPRINTGUID
  2
{c98a61dc-ec73-4726-8dc3-7fb631d8de6c}
  9
$VERSIONGUID
  2
{FAEB1C32-E019-11D5-929B-00C0DF256EC4}
  9
$EXTNAMES
290
     1
  9
$PSVPSCALE
 40
0.0
  9
$OLESTARTUP
290
     0
  9
$SORTENTS
280
   127
  9
$INDEXCTL
280
     0
  9
$HIDETEXT
280
     1
  9
$XCLIPFRAME
280
     2
  9
$HALOGAP
280
     0
  9
$OBSCOLOR
 70
   257
  9
$OBSLTYPE
280
     0
  9
$INTERSECTIONDISPLAY
280
     0
  9
$INTERSECTIONCOLOR
 70
   257
  9
$DIMASSOC
280
     2
  9
$PROJECTNAME
  1

  9
$CAMERADISPLAY
290
     0
  9
$LENSLENGTH
 40
50.0
  9
$CAMERAHEIGHT
 40
0.0
  9
$STEPSPERSEC
 40
2.0
  9
$STEPSIZE
 40
6.0
  9
$3DDWFPREC
 40
2.0
  9
$PSOLWIDTH
 40
0.25
  9
$PSOLHEIGHT
 40
4.0
  9
$LOFTANG1
 40
1.570796326794897
  9
$LOFTANG2
 40
1.570796326794897
  9
$LOFTMAG1
 40
0.0
  9
$LOFTMAG2
 40
0.0
  9
$LOFTPARAM
 70
     7
  9
$LOFTNORMALS
280
     1
  9
$LATITUDE
 40
37.795
  9
$LONGITUDE
 40
-122.394
  9
$NORTHDIRECTION
 40
0.0
  9
$TIMEZONE
 70
 -8000
  9
$LIGHTGLYPHDISPLAY
280
     1
  9
$TILEMODELIGHTSYNCH
280
     1
  9
$CMATERIAL
347
A7E
  9
$SOLIDHIST
280
     0
  9
$SHOWHIST
280
     1
  9
$DWFFRAME
280
     2
  9
$DGNFRAME
280
     2
  9
$REALWORLDSCALE
290
     1
  9
$INTERFERECOLOR
 62
   256
  9
$CSHADOW
280
     0
  9
$SHADOWPLANELOCATION
 40
0.0
  0
ENDSEC
  0
SECTION
  2
CLASSES
  0
CLASS
  1
ACDBDICTIONARYWDFLT
  2
AcDbDictionaryWithDefault
  3
ObjectDBX Classes
 90
        0
 91
        3
280
     0
281
     0
  0
CLASS
  1
VISUALSTYLE
  2
AcDbVisualStyle
  3
ObjectDBX Classes
 90
     4095
 91
        3
280
     0
281
     0
  0
CLASS
  1
MATERIAL
  2
AcDbMaterial
  3
ObjectDBX Classes
 90
     1153
 91
        3
280
     0
281
     0
  0
CLASS
  1
SCALE
  2
AcDbScale
  3
ObjectDBX Classes
 90
     1153
 91
        3
280
     0
281
     0
  0
CLASS
  1
TABLESTYLE
  2
AcDbTableStyle
  3
ObjectDBX Classes
 90
     4095
 91
        3
280
     0
281
     0
  0
CLASS
  1
MLEADERSTYLE
  2
AcDbMLeaderStyle
  3
ACDB_MLEADERSTYLE_CLASS
 90
     4095
 91
        3
280
     0
281
     0
  0
CLASS
  1
SUN
  2
AcDbSun
  3
SCENEOE
 90
     1153
 91
        3
280
     0
281
     0
  0
CLASS
  1
DICTIONARYVAR
  2
AcDbDictionaryVar
  3
ObjectDBX Classes
 90
        0
 91
        3
280
     0
281
     0
  0
CLASS
  1
CELLSTYLEMAP
  2
AcDbCellStyleMap
  3
ObjectDBX Classes
 90
     1152
 91
        3
280
     0
281
     0
  0
ENDSEC
  0
SECTION
  2
TABLES
  0
TABLE
  2
VPORT
  5
A43
330
0
100
AcDbSymbolTable
 70
     1
  0
VPORT
  5
A63
330
A43
100
AcDbSymbolTableRecord
100
AcDbViewportTableRecord
  2
*Active
 70
     0
 10
0.0
 20
0.0
 11
1.0
 21
1.0
 12
200.7347804151109
 22
64.9037183543504
 13
0.0
 23
0.0
 14
0.5
 24
0.5
 15
0.5
 25
0.5
 16
0.0
 26
0.0
 36
1.0
 17
0.0
 27
0.0
 37
0.0
 40
146.0829092975234
 41
2.076416337285902
 42
50.0
 43
0.0
 44
0.0
 50
0.0
 51
0.0
 71
     0
 72
   100
 73
     1
 74
     3
 75
     0
 76
     0
 77
     0
 78
     0
281
     0
 65
     1
110
0.0
120
0.0
130
0.0
111
1.0
121
0.0
131
0.0
112
0.0
122
1.0
132
0.0
 79
     0
146
0.0
348
A69
 60
     3
 61
     5
292
     1
282
     1
141
0.0
142
0.0
 63
   250
361
AA7
  0
ENDTAB
  0
TABLE
  2
LTYPE
  5
A40
330
0
100
AcDbSymbolTable
 70
    48
  0
LTYPE
  5
A4E
330
A40
100
AcDbSymbolTableRecord
100
AcDbLinetypeTableRecord
  2
ByBlock
 70
     0
  3

 72
    65
 73
     0
 40
0.0
  0
LTYPE
  5
A4F
330
A40
100
AcDbSymbolTableRecord
100
AcDbLinetypeTableRecord
  2
ByLayer
 70
     0
  3

 72
    65
 73
     0
 40
0.0
  0
LTYPE
  5
A50
330
A40
100
AcDbSymbolTableRecord
100
AcDbLinetypeTableRecord
  2
Continuous
 70
     0
  3
Solid line
 72
    65
 73
     0
 40
0.0
  0
LTYPE
  5
AE2
330
A40
100
AcDbSymbolTableRecord
100
AcDbLinetypeTableRecord
  2
DIVIDE2
 70
     0
  3
Divide (.5x) __..__..__..__..__..__..__..__.._
 72
    65
 73
     6
 40
15.875
 49
6.35
 74
     0
 49
-3.175
 74
     0
 49
0.0
 74
     0
 49
-3.175
 74
     0
 49
0.0
 74
     0
 49
-3.175
 74
     0
  0
LTYPE
  5
AE3
330
A40
100
AcDbSymbolTableRecord
100
AcDbLinetypeTableRecord
  2
DOT2
 70
     0
  3
Dot (.5x) ........................................
 72
    65
 73
     2
 40
3.175
 49
0.0
 74
     0
 49
-3.175
 74
     0
  0
LTYPE
  5
AE4
330
A40
100
AcDbSymbolTableRecord
100
AcDbLinetypeTableRecord
  2
DOT
 70
     0
  3
Dot . . . . . . . . . . . . . . . . . . . . . . . .
 72
    65
 73
     2
 40
6.35
 49
0.0
 74
     0
 49
-6.35
 74
     0
  0
LTYPE
  5
AE5
330
A40
100
AcDbSymbolTableRecord
100
AcDbLinetypeTableRecord
  2
DASHED2
 70
     0
  3
Dashed (.5x) _ _ _ _ _ _ _ _ _ _ _ _ _ _ _ _ _ 
 72
    65
 73
     2
 40
9.524999999999999
 49
6.35
 74
     0
 49
-3.175
 74
     0
  0
LTYPE
  5
AE6
330
A40
100
AcDbSymbolTableRecord
100
AcDbLinetypeTableRecord
  2
DASHED
 70
     0
  3
Dashed __ __ __ __ __ __ __ __ __ __ __ __ __ _
 72
    65
 73
     2
 40
19.05
 49
12.7
 74
     0
 49
-6.35
 74
     0
  0
LTYPE
  5
AE7
330
A40
100
AcDbSymbolTableRecord
100
AcDbLinetypeTableRecord
  2
DIVIDE
 70
     0
  3
Divide ____ . . ____ . . ____ . . ____ . . ____
 72
    65
 73
     6
 40
31.75
 49
12.7
 74
     0
 49
-6.35
 74
     0
 49
0.0
 74
     0
 49
-6.35
 74
     0
 49
0.0
 74
     0
 49
-6.35
 74
     0
  0
LTYPE
  5
AE8
330
A40
100
AcDbSymbolTableRecord
100
AcDbLinetypeTableRecord
  2
DASHEDX2
 70
     0
  3
Dashed (2x) ____  ____  ____  ____  ____  ___
 72
    65
 73
     2
 40
38.09999999999999
 49
25.4
 74
     0
 49
-12.7
 74
     0
  0
LTYPE
  5
AEA
330
A40
100
AcDbSymbolTableRecord
100
AcDbLinetypeTableRecord
  2
GAS_LINE
 70
     0
  3
Gas line ----GAS----GAS----GAS----GAS----GAS----GAS--
 72
    65
 73
     3
 40
24.13
 49
12.7
 74
     0
 49
-5.08
 74
     2
 75
     0
340
AE9
 46
2.54
 50
0.0
 44
-2.54
 45
-1.27
  9
GAS
 49
-6.35
 74
     0
  0
LTYPE
  5
AEC
330
A40
100
AcDbSymbolTableRecord
100
AcDbLinetypeTableRecord
  2
FENCELINE2
 70
     0
  3
Fenceline square ----[]-----[]----[]-----[]----[]---
 72
    65
 73
     4
 40
36.83
 49
6.35
 74
     0
 49
-2.54
 74
     2
 75
     0
340
AEB
 46
2.54
 50
0.0
 44
-2.54
 45
0.0
  9
BOX
 49
-2.54
 74
     0
 49
25.4
 74
     0
  0
LTYPE
  5
AED
330
A40
100
AcDbSymbolTableRecord
100
AcDbLinetypeTableRecord
  2
HIDDEN2
 70
     0
  3
Hidden (.5x) _ _ _ _ _ _ _ _ _ _ _ _ _ _ _ _ _ 
 72
    65
 73
     2
 40
4.762499999999999
 49
3.175
 74
     0
 49
-1.5875
 74
     0
  0
LTYPE
  5
AEE
330
A40
100
AcDbSymbolTableRecord
100
AcDbLinetypeTableRecord
  2
HIDDEN
 70
     0
  3
Hidden __ __ __ __ __ __ __ __ __ __ __ __ __ __
 72
    65
 73
     2
 40
9.524999999999999
 49
6.35
 74
     0
 49
-3.175
 74
     0
  0
LTYPE
  5
AF0
330
A40
100
AcDbSymbolTableRecord
100
AcDbLinetypeTableRecord
  2
DRAINAGE
 70
     0
  3
Drainage ---->---->---->----
 72
    65
 73
     2
 40
10.16
 49
5.08
 74
     2
 75
     0
340
AEF
 46
2.54
 50
180.0
 44
0.0
 45
0.0
  9
RIGHT_ARROW
 49
5.08
 74
     0
  0
LTYPE
  5
AF1
330
A40
100
AcDbSymbolTableRecord
100
AcDbLinetypeTableRecord
  2
DOTX2
 70
     0
  3
Dot (2x) .  .  .  .  .  .  .  .  .  .  .  .  .  .
 72
    65
 73
     2
 40
12.7
 49
0.0
 74
     0
 49
-12.7
 74
     0
  0
LTYPE
  5
AF3
330
A40
100
AcDbSymbolTableRecord
100
AcDbLinetypeTableRecord
  2
FENCELINE1
 70
     0
  3
Fenceline circle ----0-----0----0-----0----0-----0--
 72
    65
 73
     4
 40
36.83
 49
6.35
 74
     0
 49
-2.54
 74
     2
 75
     0
340
AF2
 46
2.54
 50
0.0
 44
-2.54
 45
0.0
  9
CIRC1
 49
-2.54
 74
     0
 49
25.4
 74
     0
  0
LTYPE
  5
AF5
330
A40
100
AcDbSymbolTableRecord
100
AcDbLinetypeTableRecord
  2
DRAINAGE2
 70
     0
  3
Drainage reversed----<----<----<----
 72
    65
 73
     2
 40
10.16
 49
5.08
 74
     2
 75
     0
340
AF4
 46
2.54
 50
0.0
 44
0.0
 45
0.0
  9
RIGHT_ARROW
 49
5.08
 74
     0
  0
LTYPE
  5
AF6
330
A40
100
AcDbSymbolTableRecord
100
AcDbLinetypeTableRecord
  2
ACAD_ISO15W100
 70
     0
  3
ISO double-dash triple-dot __ __ . . . __ __ . .
 72
    65
 73
    10
 40
39.0
 49
12.0
 74
     0
 49
-3.0
 74
     0
 49
12.0
 74
     0
 49
-3.0
 74
     0
 49
0.0
 74
     0
 49
-3.0
 74
     0
 49
0.0
 74
     0
 49
-3.0
 74
     0
 49
0.0
 74
     0
 49
-3.0
 74
     0
  0
LTYPE
  5
AF7
330
A40
100
AcDbSymbolTableRecord
100
AcDbLinetypeTableRecord
  2
ACAD_ISO14W100
 70
     0
  3
ISO dash triple-dot __ . . . __ . . . __ . . . _
 72
    65
 73
     8
 40
24.0
 49
12.0
 74
     0
 49
-3.0
 74
     0
 49
0.0
 74
     0
 49
-3.0
 74
     0
 49
0.0
 74
     0
 49
-3.0
 74
     0
 49
0.0
 74
     0
 49
-3.0
 74
     0
  0
LTYPE
  5
AF8
330
A40
100
AcDbSymbolTableRecord
100
AcDbLinetypeTableRecord
  2
BORDER
 70
     0
  3
Border __ __ . __ __ . __ __ . __ __ . __ __ .
 72
    65
 73
     6
 40
44.45
 49
12.7
 74
     0
 49
-6.35
 74
     0
 49
12.7
 74
     0
 49
-6.35
 74
     0
 49
0.0
 74
     0
 49
-6.35
 74
     0
  0
LTYPE
  5
AFB
330
A40
100
AcDbSymbolTableRecord
100
AcDbLinetypeTableRecord
  2
BATTING
 70
     0
  3
Batting SSSSSSSSSSSSSSSSSSSSSSSSSSSSSSSSSSSSSSSSSSSSSSS
 72
    65
 73
     4
 40
10.16254
 49
0.00254
 74
     0
 49
-2.54
 74
     2
 75
     0
340
AF9
 46
2.54
 50
0.0
 44
-2.54
 45
0.0
  9
BAT
 49
-5.08
 74
     2
 75
     0
340
AFA
 46
2.54
 50
180.0
 44
2.54
 45
0.0
  9
BAT
 49
-2.54
 74
     0
  0
LTYPE
  5
AFC
330
A40
100
AcDbSymbolTableRecord
100
AcDbLinetypeTableRecord
  2
ACAD_ISO11W100
 70
     0
  3
ISO double-dash dot __ __ . __ __ . __ __ . __ _
 72
    65
 73
     6
 40
33.0
 49
12.0
 74
     0
 49
-3.0
 74
     0
 49
12.0
 74
     0
 49
-3.0
 74
     0
 49
0.0
 74
     0
 49
-3.0
 74
     0
  0
LTYPE
  5
AFD
330
A40
100
AcDbSymbolTableRecord
100
AcDbLinetypeTableRecord
  2
ACAD_ISO10W100
 70
     0
  3
ISO dash dot __ . __ . __ . __ . __ . __ . __ . 
 72
    65
 73
     4
 40
18.0
 49
12.0
 74
     0
 49
-3.0
 74
     0
 49
0.0
 74
     0
 49
-3.0
 74
     0
  0
LTYPE
  5
AFE
330
A40
100
AcDbSymbolTableRecord
100
AcDbLinetypeTableRecord
  2
ACAD_ISO13W100
 70
     0
  3
ISO double-dash double-dot __ __ . . __ __ . . _
 72
    65
 73
     8
 40
36.0
 49
12.0
 74
     0
 49
-3.0
 74
     0
 49
12.0
 74
     0
 49
-3.0
 74
     0
 49
0.0
 74
     0
 49
-3.0
 74
     0
 49
0.0
 74
     0
 49
-3.0
 74
     0
  0
LTYPE
  5
AFF
330
A40
100
AcDbSymbolTableRecord
100
AcDbLinetypeTableRecord
  2
ACAD_ISO12W100
 70
     0
  3
ISO dash double-dot __ . . __ . . __ . . __ . . 
 72
    65
 73
     6
 40
21.0
 49
12.0
 74
     0
 49
-3.0
 74
     0
 49
0.0
 74
     0
 49
-3.0
 74
     0
 49
0.0
 74
     0
 49
-3.0
 74
     0
  0
LTYPE
  5
B00
330
A40
100
AcDbSymbolTableRecord
100
AcDbLinetypeTableRecord
  2
DASHDOT
 70
     0
  3
Dash dot __ . __ . __ . __ . __ . __ . __ . __
 72
    65
 73
     4
 40
25.4
 49
12.7
 74
     0
 49
-6.35
 74
     0
 49
0.0
 74
     0
 49
-6.35
 74
     0
  0
LTYPE
  5
B01
330
A40
100
AcDbSymbolTableRecord
100
AcDbLinetypeTableRecord
  2
CENTERX2
 70
     0
  3
Center (2x) ________  __  ________  __  _____
 72
    65
 73
     4
 40
101.6
 49
63.5
 74
     0
 49
-12.7
 74
     0
 49
12.7
 74
     0
 49
-12.7
 74
     0
  0
LTYPE
  5
B02
330
A40
100
AcDbSymbolTableRecord
100
AcDbLinetypeTableRecord
  2
DASHDOTX2
 70
     0
  3
Dash dot (2x) ____  .  ____  .  ____  .  ___
 72
    65
 73
     4
 40
50.8
 49
25.4
 74
     0
 49
-12.7
 74
     0
 49
0.0
 74
     0
 49
-12.7
 74
     0
  0
LTYPE
  5
B03
330
A40
100
AcDbSymbolTableRecord
100
AcDbLinetypeTableRecord
  2
DASHDOT2
 70
     0
  3
Dash dot (.5x) _._._._._._._._._._._._._._._.
 72
    65
 73
     4
 40
12.7
 49
6.35
 74
     0
 49
-3.175
 74
     0
 49
0.0
 74
     0
 49
-3.175
 74
     0
  0
LTYPE
  5
B04
330
A40
100
AcDbSymbolTableRecord
100
AcDbLinetypeTableRecord
  2
BORDERX2
 70
     0
  3
Border (2x) ____  ____  .  ____  ____  .  ___
 72
    65
 73
     6
 40
88.89999999999999
 49
25.4
 74
     0
 49
-12.7
 74
     0
 49
25.4
 74
     0
 49
-12.7
 74
     0
 49
0.0
 74
     0
 49
-12.7
 74
     0
  0
LTYPE
  5
B05
330
A40
100
AcDbSymbolTableRecord
100
AcDbLinetypeTableRecord
  2
BORDER2
 70
     0
  3
Border (.5x) __.__.__.__.__.__.__.__.__.__.__.
 72
    65
 73
     6
 40
22.225
 49
6.35
 74
     0
 49
-3.175
 74
     0
 49
6.35
 74
     0
 49
-3.175
 74
     0
 49
0.0
 74
     0
 49
-3.175
 74
     0
  0
LTYPE
  5
B06
330
A40
100
AcDbSymbolTableRecord
100
AcDbLinetypeTableRecord
  2
CENTER2
 70
     0
  3
Center (.5x) ___ _ ___ _ ___ _ ___ _ ___ _ ___
 72
    65
 73
     4
 40
28.575
 49
19.05
 74
     0
 49
-3.175
 74
     0
 49
3.175
 74
     0
 49
-3.175
 74
     0
  0
LTYPE
  5
B07
330
A40
100
AcDbSymbolTableRecord
100
AcDbLinetypeTableRecord
  2
CENTER
 70
     0
  3
Center ____ _ ____ _ ____ _ ____ _ ____ _ ____
 72
    65
 73
     4
 40
50.8
 49
31.75
 74
     0
 49
-6.35
 74
     0
 49
6.35
 74
     0
 49
-6.35
 74
     0
  0
LTYPE
  5
B08
330
A40
100
AcDbSymbolTableRecord
100
AcDbLinetypeTableRecord
  2
ACAD_ISO07W100
 70
     0
  3
ISO dot . . . . . . . . . . . . . . . . . . . . 
 72
    65
 73
     2
 40
3.0
 49
0.0
 74
     0
 49
-3.0
 74
     0
  0
LTYPE
  5
B09
330
A40
100
AcDbSymbolTableRecord
100
AcDbLinetypeTableRecord
  2
ACAD_ISO06W100
 70
     0
  3
ISO long-dash triple-dot ____ ... ____ ... ____
 72
    65
 73
     8
 40
36.0
 49
24.0
 74
     0
 49
-3.0
 74
     0
 49
0.0
 74
     0
 49
-3.0
 74
     0
 49
0.0
 74
     0
 49
-3.0
 74
     0
 49
0.0
 74
     0
 49
-3.0
 74
     0
  0
LTYPE
  5
B0A
330
A40
100
AcDbSymbolTableRecord
100
AcDbLinetypeTableRecord
  2
ACAD_ISO09W100
 70
     0
  3
ISO long-dash double-short-dash ____ __ __ ____
 72
    65
 73
     6
 40
45.0
 49
24.0
 74
     0
 49
-3.0
 74
     0
 49
6.0
 74
     0
 49
-3.0
 74
     0
 49
6.0
 74
     0
 49
-3.0
 74
     0
  0
LTYPE
  5
B0B
330
A40
100
AcDbSymbolTableRecord
100
AcDbLinetypeTableRecord
  2
ACAD_ISO08W100
 70
     0
  3
ISO long-dash short-dash ____ __ ____ __ ____ _
 72
    65
 73
     4
 40
36.0
 49
24.0
 74
     0
 49
-3.0
 74
     0
 49
6.0
 74
     0
 49
-3.0
 74
     0
  0
LTYPE
  5
B0C
330
A40
100
AcDbSymbolTableRecord
100
AcDbLinetypeTableRecord
  2
ACAD_ISO03W100
 70
     0
  3
ISO dash space __    __    __    __    __    __
 72
    65
 73
     2
 40
30.0
 49
12.0
 74
     0
 49
-18.0
 74
     0
  0
LTYPE
  5
B0D
330
A40
100
AcDbSymbolTableRecord
100
AcDbLinetypeTableRecord
  2
ACAD_ISO02W100
 70
     0
  3
ISO dash __ __ __ __ __ __ __ __ __ __ __ __ __
 72
    65
 73
     2
 40
15.0
 49
12.0
 74
     0
 49
-3.0
 74
     0
  0
LTYPE
  5
B0E
330
A40
100
AcDbSymbolTableRecord
100
AcDbLinetypeTableRecord
  2
ACAD_ISO05W100
 70
     0
  3
ISO long-dash double-dot ____ .. ____ .. ____ . 
 72
    65
 73
     6
 40
33.0
 49
24.0
 74
     0
 49
-3.0
 74
     0
 49
0.0
 74
     0
 49
-3.0
 74
     0
 49
0.0
 74
     0
 49
-3.0
 74
     0
  0
LTYPE
  5
B0F
330
A40
100
AcDbSymbolTableRecord
100
AcDbLinetypeTableRecord
  2
ACAD_ISO04W100
 70
     0
  3
ISO long-dash dot ____ . ____ . ____ . ____ . _
 72
    65
 73
     4
 40
30.0
 49
24.0
 74
     0
 49
-3.0
 74
     0
 49
0.0
 74
     0
 49
-3.0
 74
     0
  0
LTYPE
  5
B11
330
A40
100
AcDbSymbolTableRecord
100
AcDbLinetypeTableRecord
  2
TRACKS
 70
     0
  3
Tracks -|-|-|-|-|-|-|-|-|-|-|-|-|-|-|-|-|-|-|-|-|-|-|-|-
 72
    65
 73
     2
 40
7.62
 49
3.81
 74
     2
 75
     0
340
B10
 46
6.35
 50
0.0
 44
0.0
 45
0.0
  9
TRACK1
 49
3.81
 74
     0
  0
LTYPE
  5
B12
330
A40
100
AcDbSymbolTableRecord
100
AcDbLinetypeTableRecord
  2
PHANTOMX2
 70
     0
  3
Phantom (2x) ____________    ____    ____   _
 72
    65
 73
     6
 40
127.0
 49
63.5
 74
     0
 49
-12.7
 74
     0
 49
12.7
 74
     0
 49
-12.7
 74
     0
 49
12.7
 74
     0
 49
-12.7
 74
     0
  0
LTYPE
  5
B15
330
A40
100
AcDbSymbolTableRecord
100
AcDbLinetypeTableRecord
  2
ZIGZAG
 70
     0
  3
Zig zag /\/\/\/\/\/\/\/\/\/\/\/\/\/\/\/\/\/\/\/\/\/\/\/
 72
    65
 73
     4
 40
20.32254
 49
0.00254
 74
     0
 49
-5.08
 74
     2
 75
     0
340
B13
 46
5.08
 50
0.0
 44
-5.08
 45
0.0
  9
ZIG
 49
-10.16
 74
     2
 75
     0
340
B14
 46
5.08
 50
180.0
 44
5.08
 45
0.0
  9
ZIG
 49
-5.08
 74
     0
  0
LTYPE
  5
B17
330
A40
100
AcDbSymbolTableRecord
100
AcDbLinetypeTableRecord
  2
HOT_WATER_SUPPLY
 70
     0
  3
Hot water supply ---- HW ---- HW ---- HW ----
 72
    65
 73
     3
 40
22.86
 49
12.7
 74
     0
 49
-5.08
 74
     2
 75
     0
340
B16
 46
2.54
 50
0.0
 44
-2.54
 45
-1.27
  9
HW
 49
-5.08
 74
     0
  0
LTYPE
  5
B18
330
A40
100
AcDbSymbolTableRecord
100
AcDbLinetypeTableRecord
  2
HIDDENX2
 70
     0
  3
Hidden (2x) ____ ____ ____ ____ ____ ____ ____ 
 72
    65
 73
     2
 40
19.05
 49
12.7
 74
     0
 49
-6.35
 74
     0
  0
LTYPE
  5
B19
330
A40
100
AcDbSymbolTableRecord
100
AcDbLinetypeTableRecord
  2
PHANTOM2
 70
     0
  3
Phantom (.5x) ___ _ _ ___ _ _ ___ _ _ ___ _ _
 72
    65
 73
     6
 40
31.75
 49
15.875
 74
     0
 49
-3.175
 74
     0
 49
3.175
 74
     0
 49
-3.175
 74
     0
 49
3.175
 74
     0
 49
-3.175
 74
     0
  0
LTYPE
  5
B1A
330
A40
100
AcDbSymbolTableRecord
100
AcDbLinetypeTableRecord
  2
PHANTOM
 70
     0
  3
Phantom ______  __  __  ______  __  __  ______ 
 72
    65
 73
     6
 40
63.50000000000001
 49
31.75
 74
     0
 49
-6.35
 74
     0
 49
6.35
 74
     0
 49
-6.35
 74
     0
 49
6.35
 74
     0
 49
-6.35
 74
     0
  0
LTYPE
  5
B1B
330
A40
100
AcDbSymbolTableRecord
100
AcDbLinetypeTableRecord
  2
DIVIDEX2
 70
     0
  3
Divide (2x) ________  .  .  ________  .  .  _
 72
    65
 73
     6
 40
63.5
 49
25.4
 74
     0
 49
-12.7
 74
     0
 49
0.0
 74
     0
 49
-12.7
 74
     0
 49
0.0
 74
     0
 49
-12.7
 74
     0
  0
ENDTAB
  0
TABLE
  2
LAYER
  5
A3E
330
0
100
AcDbSymbolTable
 70
     2
  0
LAYER
  5
A4B
330
A3E
100
AcDbSymbolTableRecord
100
AcDbLayerTableRecord
  2
0
 70
     0
 62
     7
  6
Continuous
370
    -3
390
A4A
347
A80
348
0
  0
LAYER
  5
B1C
330
A3E
100
AcDbSymbolTableRecord
100
AcDbLayerTableRecord
  2
livello 1
 70
     0
 62
     1
420
 16711680
  6
Continuous
370
    25
390
A4A
347
A80
348
0
  0
ENDTAB
  0
TABLE
  2
STYLE
  5
A3F
330
0
100
AcDbSymbolTable
 70
    13
  0
STYLE
  5
A4C
330
A3F
100
AcDbSymbolTableRecord
100
AcDbTextStyleTableRecord
  2
Standard
 70
     0
 40
0.0
 41
1.0
 50
0.0
 71
     0
 42
0.2
  3
txt
  4

  0
STYLE
  5
AE0
330
A3F
100
AcDbSymbolTableRecord
100
AcDbTextStyleTableRecord
  2
QCADDimTextStyle
 70
     0
 40
0.0
 41
1.0
 50
0.0
 71
     0
 42
0.2
  3

  4

  0
STYLE
  5
AE9
330
A3F
100
AcDbSymbolTableRecord
100
AcDbTextStyleTableRecord
  2
textstyle0
 70
     0
 40
0.0
 41
1.0
 50
0.0
 71
     0
 42
0.2
  3
STANDARD
  4

  0
STYLE
  5
AEB
330
A3F
100
AcDbSymbolTableRecord
100
AcDbTextStyleTableRecord
  2
textstyle1
 70
     0
 40
0.0
 41
1.0
 50
0.0
 71
     0
 42
0.2
  3
ltypeshp.shx
  4

  0
STYLE
  5
AEF
330
A3F
100
AcDbSymbolTableRecord
100
AcDbTextStyleTableRecord
  2
textstyle2
 70
     0
 40
0.0
 41
1.0
 50
0.0
 71
     0
 42
0.2
  3
qcadshp.shx
  4

  0
STYLE
  5
AF2
330
A3F
100
AcDbSymbolTableRecord
100
AcDbTextStyleTableRecord
  2
textstyle3
 70
     0
 40
0.0
 41
1.0
 50
0.0
 71
     0
 42
0.2
  3
ltypeshp.shx
  4

  0
STYLE
  5
AF4
330
A3F
100
AcDbSymbolTableRecord
100
AcDbTextStyleTableRecord
  2
textstyle4
 70
     0
 40
0.0
 41
1.0
 50
0.0
 71
     0
 42
0.2
  3
qcadshp.shx
  4

  0
STYLE
  5
AF9
330
A3F
100
AcDbSymbolTableRecord
100
AcDbTextStyleTableRecord
  2
textstyle5
 70
     0
 40
0.0
 41
1.0
 50
0.0
 71
     0
 42
0.2
  3
ltypeshp.shx
  4

  0
STYLE
  5
AFA
330
A3F
100
AcDbSymbolTableRecord
100
AcDbTextStyleTableRecord
  2
textstyle6
 70
     0
 40
0.0
 41
1.0
 50
0.0
 71
     0
 42
0.2
  3
ltypeshp.shx
  4

  0
STYLE
  5
B10
330
A3F
100
AcDbSymbolTableRecord
100
AcDbTextStyleTableRecord
  2
textstyle7
 70
     0
 40
0.0
 41
1.0
 50
0.0
 71
     0
 42
0.2
  3
ltypeshp.shx
  4

  0
STYLE
  5
B13
330
A3F
100
AcDbSymbolTableRecord
100
AcDbTextStyleTableRecord
  2
textstyle8
 70
     0
 40
0.0
 41
1.0
 50
0.0
 71
     0
 42
0.2
  3
ltypeshp.shx
  4

  0
STYLE
  5
B14
330
A3F
100
AcDbSymbolTableRecord
100
AcDbTextStyleTableRecord
  2
textstyle9
 70
     0
 40
0.0
 41
1.0
 50
0.0
 71
     0
 42
0.2
  3
ltypeshp.shx
  4

  0
STYLE
  5
B16
330
A3F
100
AcDbSymbolTableRecord
100
AcDbTextStyleTableRecord
  2
textstyle10
 70
     0
 40
0.0
 41
1.0
 50
0.0
 71
     0
 42
0.2
  3
STANDARD
  4

  0
ENDTAB
  0
TABLE
  2
VIEW
  5
A41
330
0
100
AcDbSymbolTable
 70
     0
  0
ENDTAB
  0
TABLE
  2
UCS
  5
A42
330
0
100
AcDbSymbolTable
 70
     0
  0
ENDTAB
  0
TABLE
  2
APPID
  5
A44
330
0
100
AcDbSymbolTable
 70
     2
  0
APPID
  5
A4D
330
A44
100
AcDbSymbolTableRecord
100
AcDbRegAppTableRecord
  2
ACAD
 70
     0
  0
APPID
  5
AA8
330
A44
100
AcDbSymbolTableRecord
100
AcDbRegAppTableRecord
  2
QCAD
 70
     0
  0
ENDTAB
  0
TABLE
  2
DIMSTYLE
  5
A45
330
0
100
AcDbSymbolTable
 70
     2
100
AcDbDimStyleTable
  0
DIMSTYLE
105
A61
330
A45
100
AcDbSymbolTableRecord
100
AcDbDimStyleTableRecord
  2
Standard
 70
     0
178
     0
340
A4C
  0
DIMSTYLE
105
AE1
330
A45
100
AcDbSymbolTableRecord
100
AcDbDimStyleTableRecord
  2
QCADDimStyle
 70
     0
 73
     0
 77
     1
178
     0
340
AE0
  0
ENDTAB
  0
TABLE
  2
BLOCK_RECORD
  5
A3D
330
0
100
AcDbSymbolTable
 70
     0
  0
BLOCK_RECORD
  5
A59
330
A3D
100
AcDbSymbolTableRecord
100
AcDbBlockTableRecord
  2
*Model_Space
340
A5C
 70
     0
280
     1
281
     0
  0
BLOCK_RECORD
  5
A55
330
A3D
100
AcDbSymbolTableRecord
100
AcDbBlockTableRecord
  2
*Paper_Space
340
A58
 70
     0
280
     1
281
     0
  0
ENDTAB
  0
ENDSEC
  0
SECTION
  2
BLOCKS
  0
BLOCK
  5
A5A
330
A59
100
AcDbEntity
  8
0
100
AcDbBlockBegin
  2
*Model_Space
 70
     0
 10
0.0
 20
0.0
 30
0.0
  3
*Model_Space
  1

  0
ENDBLK
  5
A5B
330
A59
100
AcDbEntity
  8
0
100
AcDbBlockEnd
  0
BLOCK
  5
A56
330
A55
100
AcDbEntity
 67
     1
  8
0
100
AcDbBlockBegin
  2
*Paper_Space
 70
     0
 10
0.0
 20
0.0
 30
0.0
  3
*Paper_Space
  1

  0
ENDBLK
  5
A57
330
A55
100
AcDbEntity
 67
     1
  8
0
100
AcDbBlockEnd
  0
ENDSEC
  0
SECTION
  2
ENTITIES
  0
LINE
  5
40
330
A59
100
AcDbEntity
  8
0
 62
     0
100
AcDbLine
 10
0.0950846
 20
103.269
 30
0.0
 11
344.901
 21
103.269
 31
0.0
  0
LWPOLYLINE
  5
9DE
330
A59
100
AcDbEntity
  8
livello 1
100
AcDbPolyline
 90
        2
 70
   128
 43
0.0
 10
29.2898
 20
71.83779999999997
 10
43.28879999999999
 20
71.83779999999997
  0
LINE
  5
41
330
A59
100
AcDbEntity
  8
0
 62
     0
100
AcDbLine
 10
344.901
 20
103.269
 30
0.0
 11
344.901
 21
0.398254
 31
0.0
  0
LINE
  5
42
330
A59
100
AcDbEntity
  8
0
 62
     0
100
AcDbLine
 10
344.901
 20
0.398254
 30
0.0
 11
0.0950846
 21
0.398254
 31
0.0
  0
LINE
  5
43
330
A59
100
AcDbEntity
  8
0
 62
     0
100
AcDbLine
 10
0.0950846
 20
0.398254
 30
0.0
 11
0.0950846
 21
103.269
 31
0.0
  0
LINE
  5
44
330
A59
100
AcDbEntity
  8
0
 62
     0
100
AcDbLine
 10
275.987
 20
16.9251
 30
0.0
 11
275.987
 21
15.9246
 31
0.0
  0
LINE
  5
45
330
A59
100
AcDbEntity
  8
0
 62
     0
100
AcDbLine
 10
275.987
 20
15.9246
 30
0.0
 11
275.186
 21
15.9246
 31
0.0
  0
LINE
  5
46
330
A59
100
AcDbEntity
  8
0
 62
     0
100
AcDbLine
 10
275.186
 20
15.9246
 30
0.0
 11
275.186
 21
12.824
 31
0.0
  0
LINE
  5
47
330
A59
100
AcDbEntity
  8
0
 62
     0
100
AcDbLine
 10
275.186
 20
12.824
 30
0.0
 11
275.987
 21
12.824
 31
0.0
  0
LINE
  5
48
330
A59
100
AcDbEntity
  8
0
 62
     0
100
AcDbLine
 10
275.987
 20
12.824
 30
0.0
 11
275.987
 21
7.02388
 31
0.0
  0
LINE
  5
49
330
A59
100
AcDbEntity
  8
0
 62
     0
100
AcDbLine
 10
275.987
 20
7.02388
 30
0.0
 11
275.186
 21
7.02388
 31
0.0
  0
LINE
  5
4A
330
A59
100
AcDbEntity
  8
0
 62
     0
100
AcDbLine
 10
275.186
 20
7.02388
 30
0.0
 11
275.186
 21
3.92465
 31
0.0
  0
LINE
  5
4B
330
A59
100
AcDbEntity
  8
0
 62
     0
100
AcDbLine
 10
275.186
 20
3.92465
 30
0.0
 11
275.987
 21
3.92465
 31
0.0
  0
LINE
  5
4C
330
A59
100
AcDbEntity
  8
0
 62
     0
100
AcDbLine
 10
275.987
 20
3.92465
 30
0.0
 11
275.987
 21
2.9242
 31
0.0
  0
LINE
  5
4D
330
A59
100
AcDbEntity
  8
0
 62
     0
100
AcDbLine
 10
275.987
 20
2.9242
 30
0.0
 11
289.986
 21
2.9242
 31
0.0
  0
LINE
  5
4E
330
A59
100
AcDbEntity
  8
0
 62
     0
100
AcDbLine
 10
289.986
 20
2.9242
 30
0.0
 11
289.986
 21
3.92465
 31
0.0
  0
LINE
  5
4F
330
A59
100
AcDbEntity
  8
0
 62
     0
100
AcDbLine
 10
289.986
 20
3.92465
 30
0.0
 11
290.787
 21
3.92465
 31
0.0
  0
LINE
  5
50
330
A59
100
AcDbEntity
  8
0
 62
     0
100
AcDbLine
 10
290.787
 20
3.92465
 30
0.0
 11
290.787
 21
7.02388
 31
0.0
  0
LINE
  5
51
330
A59
100
AcDbEntity
  8
0
 62
     0
100
AcDbLine
 10
290.787
 20
7.02388
 30
0.0
 11
289.986
 21
7.02388
 31
0.0
  0
LINE
  5
52
330
A59
100
AcDbEntity
  8
0
 62
     0
100
AcDbLine
 10
289.986
 20
7.02388
 30
0.0
 11
289.986
 21
12.824
 31
0.0
  0
LINE
  5
53
330
A59
100
AcDbEntity
  8
0
 62
     0
100
AcDbLine
 10
289.986
 20
12.824
 30
0.0
 11
290.787
 21
12.824
 31
0.0
  0
LINE
  5
54
330
A59
100
AcDbEntity
  8
0
 62
     0
100
AcDbLine
 10
290.787
 20
12.824
 30
0.0
 11
290.787
 21
15.9246
 31
0.0
  0
LINE
  5
55
330
A59
100
AcDbEntity
  8
0
 62
     0
100
AcDbLine
 10
290.787
 20
15.9246
 30
0.0
 11
289.986
 21
15.9246
 31
0.0
  0
LINE
  5
56
330
A59
100
AcDbEntity
  8
0
 62
     0
100
AcDbLine
 10
289.986
 20
15.9246
 30
0.0
 11
289.986
 21
16.9251
 31
0.0
  0
LINE
  5
57
330
A59
100
AcDbEntity
  8
0
 62
     0
100
AcDbLine
 10
289.986
 20
16.9251
 30
0.0
 11
275.987
 21
16.9251
 31
0.0
  0
LINE
  5
58
330
A59
100
AcDbEntity
  8
0
 62
     0
100
AcDbLine
 10
295.037
 20
16.9251
 30
0.0
 11
295.037
 21
15.9246
 31
0.0
  0
LINE
  5
59
330
A59
100
AcDbEntity
  8
0
 62
     0
100
AcDbLine
 10
295.037
 20
15.9246
 30
0.0
 11
294.236
 21
15.9246
 31
0.0
  0
LINE
  5
5A
330
A59
100
AcDbEntity
  8
0
 62
     0
100
AcDbLine
 10
294.236
 20
15.9246
 30
0.0
 11
294.236
 21
12.824
 31
0.0
  0
LINE
  5
5B
330
A59
100
AcDbEntity
  8
0
 62
     0
100
AcDbLine
 10
294.236
 20
12.824
 30
0.0
 11
295.037
 21
12.824
 31
0.0
  0
LINE
  5
5C
330
A59
100
AcDbEntity
  8
0
 62
     0
100
AcDbLine
 10
295.037
 20
12.824
 30
0.0
 11
295.037
 21
7.02388
 31
0.0
  0
LINE
  5
5D
330
A59
100
AcDbEntity
  8
0
 62
     0
100
AcDbLine
 10
295.037
 20
7.02388
 30
0.0
 11
294.236
 21
7.02388
 31
0.0
  0
LINE
  5
5E
330
A59
100
AcDbEntity
  8
0
 62
     0
100
AcDbLine
 10
294.236
 20
7.02388
 30
0.0
 11
294.236
 21
3.92465
 31
0.0
  0
LINE
  5
5F
330
A59
100
AcDbEntity
  8
0
 62
     0
100
AcDbLine
 10
294.236
 20
3.92465
 30
0.0
 11
295.037
 21
3.92465
 31
0.0
  0
LINE
  5
60
330
A59
100
AcDbEntity
  8
0
 62
     0
100
AcDbLine
 10
295.037
 20
3.92465
 30
0.0
 11
295.037
 21
2.9242
 31
0.0
  0
LINE
  5
61
330
A59
100
AcDbEntity
  8
0
 62
     0
100
AcDbLine
 10
295.037
 20
2.9242
 30
0.0
 11
309.036
 21
2.9242
 31
0.0
  0
LINE
  5
62
330
A59
100
AcDbEntity
  8
0
 62
     0
100
AcDbLine
 10
309.036
 20
2.9242
 30
0.0
 11
309.036
 21
3.92465
 31
0.0
  0
LINE
  5
63
330
A59
100
AcDbEntity
  8
0
 62
     0
100
AcDbLine
 10
309.036
 20
3.92465
 30
0.0
 11
309.837
 21
3.92465
 31
0.0
  0
LINE
  5
64
330
A59
100
AcDbEntity
  8
0
 62
     0
100
AcDbLine
 10
309.837
 20
3.92465
 30
0.0
 11
309.837
 21
7.02388
 31
0.0
  0
LWPOLYLINE
  5
9E5
330
A59
100
AcDbEntity
  8
livello 1
100
AcDbPolyline
 90
        4
 70
   129
 43
0.0
 10
43.2899
 20
78.8377
 10
43.2899
 20
64.83799999999998
 10
29.2888
 20
64.83799999999998
 10
29.2888
 20
78.8377
  0
LINE
  5
65
330
A59
100
AcDbEntity
  8
0
 62
     0
100
AcDbLine
 10
309.837
 20
7.02388
 30
0.0
 11
309.036
 21
7.02388
 31
0.0
  0
LINE
  5
66
330
A59
100
AcDbEntity
  8
0
 62
     0
100
AcDbLine
 10
309.036
 20
7.02388
 30
0.0
 11
309.036
 21
12.824
 31
0.0
  0
LINE
  5
67
330
A59
100
AcDbEntity
  8
0
 62
     0
100
AcDbLine
 10
309.036
 20
12.824
 30
0.0
 11
309.837
 21
12.824
 31
0.0
  0
LINE
  5
68
330
A59
100
AcDbEntity
  8
0
 62
     0
100
AcDbLine
 10
309.837
 20
12.824
 30
0.0
 11
309.837
 21
15.9246
 31
0.0
  0
LINE
  5
69
330
A59
100
AcDbEntity
  8
0
 62
     0
100
AcDbLine
 10
309.837
 20
15.9246
 30
0.0
 11
309.036
 21
15.9246
 31
0.0
  0
LINE
  5
6A
330
A59
100
AcDbEntity
  8
0
 62
     0
100
AcDbLine
 10
309.036
 20
15.9246
 30
0.0
 11
309.036
 21
16.9251
 31
0.0
  0
LINE
  5
6B
330
A59
100
AcDbEntity
  8
0
 62
     0
100
AcDbLine
 10
309.036
 20
16.9251
 30
0.0
 11
295.037
 21
16.9251
 31
0.0
  0
LINE
  5
6C
330
A59
100
AcDbEntity
  8
0
 62
     0
100
AcDbLine
 10
314.087
 20
16.9251
 30
0.0
 11
314.087
 21
15.9246
 31
0.0
  0
LINE
  5
6D
330
A59
100
AcDbEntity
  8
0
 62
     0
100
AcDbLine
 10
314.087
 20
15.9246
 30
0.0
 11
313.286
 21
15.9246
 31
0.0
  0
LINE
  5
6E
330
A59
100
AcDbEntity
  8
0
 62
     0
100
AcDbLine
 10
313.286
 20
15.9246
 30
0.0
 11
313.286
 21
12.824
 31
0.0
  0
LINE
  5
6F
330
A59
100
AcDbEntity
  8
0
 62
     0
100
AcDbLine
 10
313.286
 20
12.824
 30
0.0
 11
314.087
 21
12.824
 31
0.0
  0
LINE
  5
70
330
A59
100
AcDbEntity
  8
0
 62
     0
100
AcDbLine
 10
314.087
 20
12.824
 30
0.0
 11
314.087
 21
7.02388
 31
0.0
  0
LINE
  5
71
330
A59
100
AcDbEntity
  8
0
 62
     0
100
AcDbLine
 10
314.087
 20
7.02388
 30
0.0
 11
313.286
 21
7.02388
 31
0.0
  0
LINE
  5
72
330
A59
100
AcDbEntity
  8
0
 62
     0
100
AcDbLine
 10
313.286
 20
7.02388
 30
0.0
 11
313.286
 21
3.92465
 31
0.0
  0
LWPOLYLINE
  5
9E6
330
A59
100
AcDbEntity
  8
livello 1
100
AcDbPolyline
 90
        2
 70
   128
 43
0.0
 10
26.36114999999997
 20
52.78784999900004
 10
40.36014999999996
 20
52.78784999900004
  0
LINE
  5
73
330
A59
100
AcDbEntity
  8
0
 62
     0
100
AcDbLine
 10
313.286
 20
3.92465
 30
0.0
 11
314.087
 21
3.92465
 31
0.0
  0
LINE
  5
74
330
A59
100
AcDbEntity
  8
0
 62
     0
100
AcDbLine
 10
314.087
 20
3.92465
 30
0.0
 11
314.087
 21
2.9242
 31
0.0
  0
LINE
  5
75
330
A59
100
AcDbEntity
  8
0
 62
     0
100
AcDbLine
 10
314.087
 20
2.9242
 30
0.0
 11
328.086
 21
2.9242
 31
0.0
  0
LINE
  5
76
330
A59
100
AcDbEntity
  8
0
 62
     0
100
AcDbLine
 10
328.086
 20
2.9242
 30
0.0
 11
328.086
 21
3.92465
 31
0.0
  0
LINE
  5
77
330
A59
100
AcDbEntity
  8
0
 62
     0
100
AcDbLine
 10
328.086
 20
3.92465
 30
0.0
 11
328.887
 21
3.92465
 31
0.0
  0
LINE
  5
78
330
A59
100
AcDbEntity
  8
0
 62
     0
100
AcDbLine
 10
328.887
 20
3.92465
 30
0.0
 11
328.887
 21
7.02388
 31
0.0
  0
LINE
  5
79
330
A59
100
AcDbEntity
  8
0
 62
     0
100
AcDbLine
 10
328.887
 20
7.02388
 30
0.0
 11
328.086
 21
7.02388
 31
0.0
  0
LINE
  5
7A
330
A59
100
AcDbEntity
  8
0
 62
     0
100
AcDbLine
 10
328.086
 20
7.02388
 30
0.0
 11
328.086
 21
12.824
 31
0.0
  0
LINE
  5
7B
330
A59
100
AcDbEntity
  8
0
 62
     0
100
AcDbLine
 10
328.086
 20
12.824
 30
0.0
 11
328.887
 21
12.824
 31
0.0
  0
LINE
  5
7C
330
A59
100
AcDbEntity
  8
0
 62
     0
100
AcDbLine
 10
328.887
 20
12.824
 30
0.0
 11
328.887
 21
15.9246
 31
0.0
  0
LINE
  5
7D
330
A59
100
AcDbEntity
  8
0
 62
     0
100
AcDbLine
 10
328.887
 20
15.9246
 30
0.0
 11
328.086
 21
15.9246
 31
0.0
  0
LINE
  5
7E
330
A59
100
AcDbEntity
  8
0
 62
     0
100
AcDbLine
 10
328.086
 20
15.9246
 30
0.0
 11
328.086
 21
16.9251
 31
0.0
  0
LINE
  5
7F
330
A59
100
AcDbEntity
  8
0
 62
     0
100
AcDbLine
 10
328.086
 20
16.9251
 30
0.0
 11
314.087
 21
16.9251
 31
0.0
  0
LINE
  5
80
330
A59
100
AcDbEntity
  8
0
 62
     0
100
AcDbLine
 10
115.014
 20
19.7817
 30
0.0
 11
115.014
 21
18.7827
 31
0.0
  0
LINE
  5
81
330
A59
100
AcDbEntity
  8
0
 62
     0
100
AcDbLine
 10
115.014
 20
18.7827
 30
0.0
 11
114.215
 21
18.7827
 31
0.0
  0
LINE
  5
82
330
A59
100
AcDbEntity
  8
0
 62
     0
100
AcDbLine
 10
114.215
 20
18.7827
 30
0.0
 11
114.215
 21
15.6821
 31
0.0
  0
LINE
  5
83
330
A59
100
AcDbEntity
  8
0
 62
     0
100
AcDbLine
 10
114.215
 20
15.6821
 30
0.0
 11
115.014
 21
15.6821
 31
0.0
  0
LINE
  5
84
330
A59
100
AcDbEntity
  8
0
 62
     0
100
AcDbLine
 10
115.014
 20
15.6821
 30
0.0
 11
115.014
 21
15.0826
 31
0.0
  0
LINE
  5
85
330
A59
100
AcDbEntity
  8
0
 62
     0
100
AcDbLine
 10
115.014
 20
15.0826
 30
0.0
 11
113.49
 21
15.0826
 31
0.0
  0
LINE
  5
86
330
A59
100
AcDbEntity
  8
0
 62
     0
100
AcDbLine
 10
113.49
 20
15.0826
 30
0.0
 11
113.49
 21
18.3128
 31
0.0
  0
LINE
  5
87
330
A59
100
AcDbEntity
  8
0
 62
     0
100
AcDbLine
 10
113.49
 20
18.3128
 30
0.0
 11
111.765
 21
18.3128
 31
0.0
  0
LINE
  5
88
330
A59
100
AcDbEntity
  8
0
 62
     0
100
AcDbLine
 10
111.765
 20
18.3128
 30
0.0
 11
111.765
 21
19.2319
 31
0.0
  0
LINE
  5
89
330
A59
100
AcDbEntity
  8
0
 62
     0
100
AcDbLine
 10
111.765
 20
19.2319
 30
0.0
 11
108.464
 21
19.2319
 31
0.0
  0
LINE
  5
8A
330
A59
100
AcDbEntity
  8
0
 62
     0
100
AcDbLine
 10
108.464
 20
19.2319
 30
0.0
 11
108.464
 21
18.3128
 31
0.0
  0
LINE
  5
8B
330
A59
100
AcDbEntity
  8
0
 62
     0
100
AcDbLine
 10
108.464
 20
18.3128
 30
0.0
 11
106.74
 21
18.3128
 31
0.0
  0
LINE
  5
8C
330
A59
100
AcDbEntity
  8
0
 62
     0
100
AcDbLine
 10
106.74
 20
18.3128
 30
0.0
 11
106.74
 21
15.0826
 31
0.0
  0
LINE
  5
8D
330
A59
100
AcDbEntity
  8
0
 62
     0
100
AcDbLine
 10
106.74
 20
15.0826
 30
0.0
 11
105.914
 21
15.0826
 31
0.0
  0
LINE
  5
8E
330
A59
100
AcDbEntity
  8
0
 62
     0
100
AcDbLine
 10
105.914
 20
15.0826
 30
0.0
 11
105.914
 21
12.2825
 31
0.0
  0
LINE
  5
8F
330
A59
100
AcDbEntity
  8
0
 62
     0
100
AcDbLine
 10
105.914
 20
12.2825
 30
0.0
 11
106.74
 21
12.2825
 31
0.0
  0
LINE
  5
90
330
A59
100
AcDbEntity
  8
0
 62
     0
100
AcDbLine
 10
106.74
 20
12.2825
 30
0.0
 11
106.74
 21
6.01239
 31
0.0
  0
LWPOLYLINE
  5
9EC
330
A59
100
AcDbEntity
  8
livello 1
100
AcDbPolyline
 90
        2
 70
   128
 43
0.0
 10
36.28930000000001
 20
78.83779999999997
 10
36.28930000000001
 20
64.83779999999997
  0
LINE
  5
91
330
A59
100
AcDbEntity
  8
0
 62
     0
100
AcDbLine
 10
106.74
 20
6.01239
 30
0.0
 11
108.464
 21
6.01239
 31
0.0
  0
LINE
  5
92
330
A59
100
AcDbEntity
  8
0
 62
     0
100
AcDbLine
 10
108.464
 20
6.01239
 30
0.0
 11
108.464
 21
5.03259
 31
0.0
  0
LINE
  5
93
330
A59
100
AcDbEntity
  8
0
 62
     0
100
AcDbLine
 10
108.464
 20
5.03259
 30
0.0
 11
111.765
 21
5.03259
 31
0.0
  0
LINE
  5
94
330
A59
100
AcDbEntity
  8
0
 62
     0
100
AcDbLine
 10
111.765
 20
5.03259
 30
0.0
 11
111.765
 21
6.01239
 31
0.0
  0
LINE
  5
95
330
A59
100
AcDbEntity
  8
0
 62
     0
100
AcDbLine
 10
111.765
 20
6.01239
 30
0.0
 11
113.49
 21
6.01239
 31
0.0
  0
LINE
  5
96
330
A59
100
AcDbEntity
  8
0
 62
     0
100
AcDbLine
 10
113.49
 20
6.01239
 30
0.0
 11
113.49
 21
10.4827
 31
0.0
  0
LINE
  5
97
330
A59
100
AcDbEntity
  8
0
 62
     0
100
AcDbLine
 10
113.49
 20
10.4827
 30
0.0
 11
115.014
 21
10.4827
 31
0.0
  0
LINE
  5
98
330
A59
100
AcDbEntity
  8
0
 62
     0
100
AcDbLine
 10
115.014
 20
10.4827
 30
0.0
 11
115.014
 21
9.88191
 31
0.0
  0
LINE
  5
99
330
A59
100
AcDbEntity
  8
0
 62
     0
100
AcDbLine
 10
115.014
 20
9.88191
 30
0.0
 11
114.215
 21
9.88191
 31
0.0
  0
LINE
  5
9A
330
A59
100
AcDbEntity
  8
0
 62
     0
100
AcDbLine
 10
114.215
 20
9.88191
 30
0.0
 11
114.215
 21
6.78272
 31
0.0
  0
LINE
  5
9B
330
A59
100
AcDbEntity
  8
0
 62
     0
100
AcDbLine
 10
114.215
 20
6.78272
 30
0.0
 11
115.014
 21
6.78272
 31
0.0
  0
LINE
  5
9C
330
A59
100
AcDbEntity
  8
0
 62
     0
100
AcDbLine
 10
115.014
 20
6.78272
 30
0.0
 11
115.014
 21
5.78224
 31
0.0
  0
LINE
  5
9D
330
A59
100
AcDbEntity
  8
0
 62
     0
100
AcDbLine
 10
115.014
 20
5.78224
 30
0.0
 11
129.015
 21
5.78224
 31
0.0
  0
LINE
  5
9E
330
A59
100
AcDbEntity
  8
0
 62
     0
100
AcDbLine
 10
129.015
 20
5.78224
 30
0.0
 11
129.015
 21
6.78272
 31
0.0
  0
LINE
  5
9F
330
A59
100
AcDbEntity
  8
0
 62
     0
100
AcDbLine
 10
129.015
 20
6.78272
 30
0.0
 11
129.814
 21
6.78272
 31
0.0
  0
LINE
  5
A0
330
A59
100
AcDbEntity
  8
0
 62
     0
100
AcDbLine
 10
129.814
 20
6.78272
 30
0.0
 11
129.814
 21
9.88191
 31
0.0
  0
LINE
  5
A1
330
A59
100
AcDbEntity
  8
0
 62
     0
100
AcDbLine
 10
129.814
 20
9.88191
 30
0.0
 11
129.015
 21
9.88191
 31
0.0
  0
LINE
  5
A2
330
A59
100
AcDbEntity
  8
0
 62
     0
100
AcDbLine
 10
129.015
 20
9.88191
 30
0.0
 11
129.015
 21
10.4827
 31
0.0
  0
LINE
  5
A3
330
A59
100
AcDbEntity
  8
0
 62
     0
100
AcDbLine
 10
129.015
 20
10.4827
 30
0.0
 11
130.539
 21
10.4827
 31
0.0
  0
LINE
  5
A4
330
A59
100
AcDbEntity
  8
0
 62
     0
100
AcDbLine
 10
130.539
 20
10.4827
 30
0.0
 11
130.539
 21
6.01239
 31
0.0
  0
LINE
  5
A5
330
A59
100
AcDbEntity
  8
0
 62
     0
100
AcDbLine
 10
130.539
 20
6.01239
 30
0.0
 11
132.264
 21
6.01239
 31
0.0
  0
LINE
  5
A6
330
A59
100
AcDbEntity
  8
0
 62
     0
100
AcDbLine
 10
132.264
 20
6.01239
 30
0.0
 11
132.264
 21
5.03259
 31
0.0
  0
LWPOLYLINE
  5
9F1
330
A59
100
AcDbEntity
  8
livello 1
100
AcDbPolyline
 90
        2
 70
   128
 43
0.0
 10
33.36064999999995
 20
59.78784999900004
 10
33.36064999999995
 20
45.78784999900004
  0
LINE
  5
A7
330
A59
100
AcDbEntity
  8
0
 62
     0
100
AcDbLine
 10
132.264
 20
5.03259
 30
0.0
 11
135.564
 21
5.03259
 31
0.0
  0
LINE
  5
A8
330
A59
100
AcDbEntity
  8
0
 62
     0
100
AcDbLine
 10
135.564
 20
5.03259
 30
0.0
 11
135.564
 21
6.01239
 31
0.0
  0
LINE
  5
A9
330
A59
100
AcDbEntity
  8
0
 62
     0
100
AcDbLine
 10
135.564
 20
6.01239
 30
0.0
 11
137.29
 21
6.01239
 31
0.0
  0
LINE
  5
AA
330
A59
100
AcDbEntity
  8
0
 62
     0
100
AcDbLine
 10
137.29
 20
6.01239
 30
0.0
 11
137.29
 21
12.2825
 31
0.0
  0
LINE
  5
AB
330
A59
100
AcDbEntity
  8
0
 62
     0
100
AcDbLine
 10
137.29
 20
12.2825
 30
0.0
 11
138.114
 21
12.2825
 31
0.0
  0
LINE
  5
AC
330
A59
100
AcDbEntity
  8
0
 62
     0
100
AcDbLine
 10
138.114
 20
12.2825
 30
0.0
 11
138.114
 21
15.0826
 31
0.0
  0
LINE
  5
AD
330
A59
100
AcDbEntity
  8
0
 62
     0
100
AcDbLine
 10
138.114
 20
15.0826
 30
0.0
 11
137.29
 21
15.0826
 31
0.0
  0
LINE
  5
AE
330
A59
100
AcDbEntity
  8
0
 62
     0
100
AcDbLine
 10
137.29
 20
15.0826
 30
0.0
 11
137.29
 21
18.3128
 31
0.0
  0
LINE
  5
AF
330
A59
100
AcDbEntity
  8
0
 62
     0
100
AcDbLine
 10
137.29
 20
18.3128
 30
0.0
 11
135.564
 21
18.3128
 31
0.0
  0
LINE
  5
B0
330
A59
100
AcDbEntity
  8
0
 62
     0
100
AcDbLine
 10
135.564
 20
18.3128
 30
0.0
 11
135.564
 21
19.2319
 31
0.0
  0
LINE
  5
B1
330
A59
100
AcDbEntity
  8
0
 62
     0
100
AcDbLine
 10
135.564
 20
19.2319
 30
0.0
 11
132.264
 21
19.2319
 31
0.0
  0
LINE
  5
B2
330
A59
100
AcDbEntity
  8
0
 62
     0
100
AcDbLine
 10
132.264
 20
19.2319
 30
0.0
 11
132.264
 21
18.3128
 31
0.0
  0
LINE
  5
B3
330
A59
100
AcDbEntity
  8
0
 62
     0
100
AcDbLine
 10
132.264
 20
18.3128
 30
0.0
 11
130.539
 21
18.3128
 31
0.0
  0
LINE
  5
B4
330
A59
100
AcDbEntity
  8
0
 62
     0
100
AcDbLine
 10
130.539
 20
18.3128
 30
0.0
 11
130.539
 21
15.0826
 31
0.0
  0
LINE
  5
B5
330
A59
100
AcDbEntity
  8
0
 62
     0
100
AcDbLine
 10
130.539
 20
15.0826
 30
0.0
 11
129.015
 21
15.0826
 31
0.0
  0
LINE
  5
B6
330
A59
100
AcDbEntity
  8
0
 62
     0
100
AcDbLine
 10
129.015
 20
15.0826
 30
0.0
 11
129.015
 21
15.6821
 31
0.0
  0
LINE
  5
B7
330
A59
100
AcDbEntity
  8
0
 62
     0
100
AcDbLine
 10
129.015
 20
15.6821
 30
0.0
 11
129.814
 21
15.6821
 31
0.0
  0
LINE
  5
B8
330
A59
100
AcDbEntity
  8
0
 62
     0
100
AcDbLine
 10
129.814
 20
15.6821
 30
0.0
 11
129.814
 21
18.7827
 31
0.0
  0
LINE
  5
B9
330
A59
100
AcDbEntity
  8
0
 62
     0
100
AcDbLine
 10
129.814
 20
18.7827
 30
0.0
 11
129.015
 21
18.7827
 31
0.0
  0
LINE
  5
BA
330
A59
100
AcDbEntity
  8
0
 62
     0
100
AcDbLine
 10
129.015
 20
18.7827
 30
0.0
 11
129.015
 21
19.7817
 31
0.0
  0
LINE
  5
BB
330
A59
100
AcDbEntity
  8
0
 62
     0
100
AcDbLine
 10
129.015
 20
19.7817
 30
0.0
 11
115.014
 21
19.7817
 31
0.0
  0
LINE
  5
BC
330
A59
100
AcDbEntity
  8
0
 62
     0
100
AcDbLine
 10
171.212
 20
19.7817
 30
0.0
 11
171.212
 21
18.7827
 31
0.0
  0
LINE
  5
BD
330
A59
100
AcDbEntity
  8
0
 62
     0
100
AcDbLine
 10
171.212
 20
18.7827
 30
0.0
 11
170.411
 21
18.7827
 31
0.0
  0
LINE
  5
BE
330
A59
100
AcDbEntity
  8
0
 62
     0
100
AcDbLine
 10
170.411
 20
18.7827
 30
0.0
 11
170.411
 21
15.6821
 31
0.0
  0
LINE
  5
BF
330
A59
100
AcDbEntity
  8
0
 62
     0
100
AcDbLine
 10
170.411
 20
15.6821
 30
0.0
 11
171.212
 21
15.6821
 31
0.0
  0
LINE
  5
C0
330
A59
100
AcDbEntity
  8
0
 62
     0
100
AcDbLine
 10
171.212
 20
15.6821
 30
0.0
 11
171.212
 21
15.0826
 31
0.0
  0
LINE
  5
C1
330
A59
100
AcDbEntity
  8
0
 62
     0
100
AcDbLine
 10
171.212
 20
15.0826
 30
0.0
 11
169.686
 21
15.0826
 31
0.0
  0
LINE
  5
C2
330
A59
100
AcDbEntity
  8
0
 62
     0
100
AcDbLine
 10
169.686
 20
15.0826
 30
0.0
 11
169.686
 21
18.3128
 31
0.0
  0
LWPOLYLINE
  5
9F7
330
A59
100
AcDbEntity
  8
livello 1
100
AcDbPolyline
 90
        4
 70
   129
 43
0.0
 10
26.36084999999996
 20
59.78764999900003
 10
40.36054999999995
 20
59.78764999900003
 10
40.36054999999995
 20
45.78804999900004
 10
26.36084999999996
 20
45.78804999900004
  0
LINE
  5
C3
330
A59
100
AcDbEntity
  8
0
 62
     0
100
AcDbLine
 10
169.686
 20
18.3128
 30
0.0
 11
167.961
 21
18.3128
 31
0.0
  0
LINE
  5
C4
330
A59
100
AcDbEntity
  8
0
 62
     0
100
AcDbLine
 10
167.961
 20
18.3128
 30
0.0
 11
167.961
 21
19.2319
 31
0.0
  0
LINE
  5
C5
330
A59
100
AcDbEntity
  8
0
 62
     0
100
AcDbLine
 10
167.961
 20
19.2319
 30
0.0
 11
164.662
 21
19.2319
 31
0.0
  0
LINE
  5
C6
330
A59
100
AcDbEntity
  8
0
 62
     0
100
AcDbLine
 10
164.662
 20
19.2319
 30
0.0
 11
164.662
 21
18.3128
 31
0.0
  0
LINE
  5
C7
330
A59
100
AcDbEntity
  8
0
 62
     0
100
AcDbLine
 10
164.662
 20
18.3128
 30
0.0
 11
162.936
 21
18.3128
 31
0.0
  0
LINE
  5
C8
330
A59
100
AcDbEntity
  8
0
 62
     0
100
AcDbLine
 10
162.936
 20
18.3128
 30
0.0
 11
162.936
 21
15.0826
 31
0.0
  0
LINE
  5
C9
330
A59
100
AcDbEntity
  8
0
 62
     0
100
AcDbLine
 10
162.936
 20
15.0826
 30
0.0
 11
162.111
 21
15.0826
 31
0.0
  0
LINE
  5
CA
330
A59
100
AcDbEntity
  8
0
 62
     0
100
AcDbLine
 10
162.111
 20
15.0826
 30
0.0
 11
162.111
 21
12.2825
 31
0.0
  0
LINE
  5
CB
330
A59
100
AcDbEntity
  8
0
 62
     0
100
AcDbLine
 10
162.111
 20
12.2825
 30
0.0
 11
162.936
 21
12.2825
 31
0.0
  0
LINE
  5
CC
330
A59
100
AcDbEntity
  8
0
 62
     0
100
AcDbLine
 10
162.936
 20
12.2825
 30
0.0
 11
162.936
 21
6.01239
 31
0.0
  0
LINE
  5
CD
330
A59
100
AcDbEntity
  8
0
 62
     0
100
AcDbLine
 10
162.936
 20
6.01239
 30
0.0
 11
164.662
 21
6.01239
 31
0.0
  0
LINE
  5
CE
330
A59
100
AcDbEntity
  8
0
 62
     0
100
AcDbLine
 10
164.662
 20
6.01239
 30
0.0
 11
164.662
 21
5.03259
 31
0.0
  0
LINE
  5
CF
330
A59
100
AcDbEntity
  8
0
 62
     0
100
AcDbLine
 10
164.662
 20
5.03259
 30
0.0
 11
167.961
 21
5.03259
 31
0.0
  0
LINE
  5
D0
330
A59
100
AcDbEntity
  8
0
 62
     0
100
AcDbLine
 10
167.961
 20
5.03259
 30
0.0
 11
167.961
 21
6.01239
 31
0.0
  0
LWPOLYLINE
  5
9F9
330
A59
100
AcDbEntity
  8
livello 1
100
AcDbPolyline
 90
        2
 70
   128
 43
0.0
 10
35.1242
 20
43.23780000000004
 10
49.1232
 20
43.23780000000004
  0
LINE
  5
D1
330
A59
100
AcDbEntity
  8
0
 62
     0
100
AcDbLine
 10
167.961
 20
6.01239
 30
0.0
 11
169.686
 21
6.01239
 31
0.0
  0
LINE
  5
D2
330
A59
100
AcDbEntity
  8
0
 62
     0
100
AcDbLine
 10
169.686
 20
6.01239
 30
0.0
 11
169.686
 21
10.4827
 31
0.0
  0
LINE
  5
D3
330
A59
100
AcDbEntity
  8
0
 62
     0
100
AcDbLine
 10
169.686
 20
10.4827
 30
0.0
 11
171.212
 21
10.4827
 31
0.0
  0
LINE
  5
D4
330
A59
100
AcDbEntity
  8
0
 62
     0
100
AcDbLine
 10
171.212
 20
10.4827
 30
0.0
 11
171.212
 21
9.88191
 31
0.0
  0
LINE
  5
D5
330
A59
100
AcDbEntity
  8
0
 62
     0
100
AcDbLine
 10
171.212
 20
9.88191
 30
0.0
 11
170.411
 21
9.88191
 31
0.0
  0
LINE
  5
D6
330
A59
100
AcDbEntity
  8
0
 62
     0
100
AcDbLine
 10
170.411
 20
9.88191
 30
0.0
 11
170.411
 21
6.78272
 31
0.0
  0
LWPOLYLINE
  5
9FA
330
A59
100
AcDbEntity
  8
livello 1
100
AcDbPolyline
 90
        2
 70
   128
 43
0.0
 10
30.2422
 20
43.23780000000004
 10
44.24119999999999
 20
43.23780000000004
  0
LINE
  5
D7
330
A59
100
AcDbEntity
  8
0
 62
     0
100
AcDbLine
 10
170.411
 20
6.78272
 30
0.0
 11
171.212
 21
6.78272
 31
0.0
  0
LINE
  5
D8
330
A59
100
AcDbEntity
  8
0
 62
     0
100
AcDbLine
 10
171.212
 20
6.78272
 30
0.0
 11
171.212
 21
5.78224
 31
0.0
  0
LINE
  5
D9
330
A59
100
AcDbEntity
  8
0
 62
     0
100
AcDbLine
 10
171.212
 20
5.78224
 30
0.0
 11
185.211
 21
5.78224
 31
0.0
  0
LINE
  5
DA
330
A59
100
AcDbEntity
  8
0
 62
     0
100
AcDbLine
 10
185.211
 20
5.78224
 30
0.0
 11
185.211
 21
6.78272
 31
0.0
  0
LINE
  5
DB
330
A59
100
AcDbEntity
  8
0
 62
     0
100
AcDbLine
 10
185.211
 20
6.78272
 30
0.0
 11
186.012
 21
6.78272
 31
0.0
  0
LINE
  5
DC
330
A59
100
AcDbEntity
  8
0
 62
     0
100
AcDbLine
 10
186.012
 20
6.78272
 30
0.0
 11
186.012
 21
9.88191
 31
0.0
  0
LINE
  5
DD
330
A59
100
AcDbEntity
  8
0
 62
     0
100
AcDbLine
 10
186.012
 20
9.88191
 30
0.0
 11
185.211
 21
9.88191
 31
0.0
  0
LINE
  5
DE
330
A59
100
AcDbEntity
  8
0
 62
     0
100
AcDbLine
 10
185.211
 20
9.88191
 30
0.0
 11
185.211
 21
10.4827
 31
0.0
  0
LINE
  5
DF
330
A59
100
AcDbEntity
  8
0
 62
     0
100
AcDbLine
 10
185.211
 20
10.4827
 30
0.0
 11
186.737
 21
10.4827
 31
0.0
  0
LINE
  5
E0
330
A59
100
AcDbEntity
  8
0
 62
     0
100
AcDbLine
 10
186.737
 20
10.4827
 30
0.0
 11
186.737
 21
6.01239
 31
0.0
  0
LINE
  5
E1
330
A59
100
AcDbEntity
  8
0
 62
     0
100
AcDbLine
 10
186.737
 20
6.01239
 30
0.0
 11
188.462
 21
6.01239
 31
0.0
  0
LINE
  5
E2
330
A59
100
AcDbEntity
  8
0
 62
     0
100
AcDbLine
 10
188.462
 20
6.01239
 30
0.0
 11
188.462
 21
5.03259
 31
0.0
  0
LINE
  5
E3
330
A59
100
AcDbEntity
  8
0
 62
     0
100
AcDbLine
 10
188.462
 20
5.03259
 30
0.0
 11
191.761
 21
5.03259
 31
0.0
  0
LINE
  5
E4
330
A59
100
AcDbEntity
  8
0
 62
     0
100
AcDbLine
 10
191.761
 20
5.03259
 30
0.0
 11
191.761
 21
6.01239
 31
0.0
  0
LWPOLYLINE
  5
9FE
330
A59
100
AcDbEntity
  8
livello 1
100
AcDbPolyline
 90
        9
 70
   129
 43
0.0
 10
38.40689999999999
 20
62.32000000000001
 10
48.1708
 20
62.32009999999998
 42
0.41422527861903
 10
50.6708
 20
64.81999999799991
 10
50.6709
 20
78.81970000199998
 42
0.4142252781503815
 10
48.1708
 20
81.31969999999997
 10
24.4079
 20
81.31969999999997
 42
0.414213562373095
 10
21.9079
 20
78.81969999999997
 10
21.9079
 20
64.82000000000001
 42
0.414213562373095
 10
24.4079
 20
62.32000000000001
  0
LINE
  5
E5
330
A59
100
AcDbEntity
  8
0
 62
     0
100
AcDbLine
 10
191.761
 20
6.01239
 30
0.0
 11
193.486
 21
6.01239
 31
0.0
  0
LINE
  5
E6
330
A59
100
AcDbEntity
  8
0
 62
     0
100
AcDbLine
 10
193.486
 20
6.01239
 30
0.0
 11
193.486
 21
12.2825
 31
0.0
  0
LINE
  5
E7
330
A59
100
AcDbEntity
  8
0
 62
     0
100
AcDbLine
 10
193.486
 20
12.2825
 30
0.0
 11
194.312
 21
12.2825
 31
0.0
  0
LINE
  5
E8
330
A59
100
AcDbEntity
  8
0
 62
     0
100
AcDbLine
 10
194.312
 20
12.2825
 30
0.0
 11
194.312
 21
15.0826
 31
0.0
  0
LINE
  5
E9
330
A59
100
AcDbEntity
  8
0
 62
     0
100
AcDbLine
 10
194.312
 20
15.0826
 30
0.0
 11
193.486
 21
15.0826
 31
0.0
  0
LINE
  5
EA
330
A59
100
AcDbEntity
  8
0
 62
     0
100
AcDbLine
 10
193.486
 20
15.0826
 30
0.0
 11
193.486
 21
18.3128
 31
0.0
  0
LINE
  5
EB
330
A59
100
AcDbEntity
  8
0
 62
     0
100
AcDbLine
 10
193.486
 20
18.3128
 30
0.0
 11
191.761
 21
18.3128
 31
0.0
  0
LINE
  5
EC
330
A59
100
AcDbEntity
  8
0
 62
     0
100
AcDbLine
 10
191.761
 20
18.3128
 30
0.0
 11
191.761
 21
19.2319
 31
0.0
  0
LINE
  5
ED
330
A59
100
AcDbEntity
  8
0
 62
     0
100
AcDbLine
 10
191.761
 20
19.2319
 30
0.0
 11
188.462
 21
19.2319
 31
0.0
  0
LINE
  5
EE
330
A59
100
AcDbEntity
  8
0
 62
     0
100
AcDbLine
 10
188.462
 20
19.2319
 30
0.0
 11
188.462
 21
18.3128
 31
0.0
  0
LINE
  5
EF
330
A59
100
AcDbEntity
  8
0
 62
     0
100
AcDbLine
 10
188.462
 20
18.3128
 30
0.0
 11
186.737
 21
18.3128
 31
0.0
  0
LINE
  5
F0
330
A59
100
AcDbEntity
  8
0
 62
     0
100
AcDbLine
 10
186.737
 20
18.3128
 30
0.0
 11
186.737
 21
15.0826
 31
0.0
  0
LINE
  5
F1
330
A59
100
AcDbEntity
  8
0
 62
     0
100
AcDbLine
 10
186.737
 20
15.0826
 30
0.0
 11
185.211
 21
15.0826
 31
0.0
  0
LINE
  5
F2
330
A59
100
AcDbEntity
  8
0
 62
     0
100
AcDbLine
 10
185.211
 20
15.0826
 30
0.0
 11
185.211
 21
15.6821
 31
0.0
  0
LINE
  5
F3
330
A59
100
AcDbEntity
  8
0
 62
     0
100
AcDbLine
 10
185.211
 20
15.6821
 30
0.0
 11
186.012
 21
15.6821
 31
0.0
  0
LINE
  5
F4
330
A59
100
AcDbEntity
  8
0
 62
     0
100
AcDbLine
 10
186.012
 20
15.6821
 30
0.0
 11
186.012
 21
18.7827
 31
0.0
  0
LINE
  5
F5
330
A59
100
AcDbEntity
  8
0
 62
     0
100
AcDbLine
 10
186.012
 20
18.7827
 30
0.0
 11
185.211
 21
18.7827
 31
0.0
  0
LINE
  5
F6
330
A59
100
AcDbEntity
  8
0
 62
     0
100
AcDbLine
 10
185.211
 20
18.7827
 30
0.0
 11
185.211
 21
19.7817
 31
0.0
  0
LINE
  5
F7
330
A59
100
AcDbEntity
  8
0
 62
     0
100
AcDbLine
 10
185.211
 20
19.7817
 30
0.0
 11
171.212
 21
19.7817
 31
0.0
  0
LINE
  5
F8
330
A59
100
AcDbEntity
  8
0
 62
     0
100
AcDbLine
 10
31.6701
 20
19.7817
 30
0.0
 11
31.6701
 21
18.7827
 31
0.0
  0
LINE
  5
F9
330
A59
100
AcDbEntity
  8
0
 62
     0
100
AcDbLine
 10
31.6701
 20
18.7827
 30
0.0
 11
30.8708
 21
18.7827
 31
0.0
  0
LINE
  5
FA
330
A59
100
AcDbEntity
  8
0
 62
     0
100
AcDbLine
 10
30.8708
 20
18.7827
 30
0.0
 11
30.8708
 21
15.6821
 31
0.0
  0
LINE
  5
FB
330
A59
100
AcDbEntity
  8
0
 62
     0
100
AcDbLine
 10
30.8708
 20
15.6821
 30
0.0
 11
31.6701
 21
15.6821
 31
0.0
  0
LINE
  5
FC
330
A59
100
AcDbEntity
  8
0
 62
     0
100
AcDbLine
 10
31.6701
 20
15.6821
 30
0.0
 11
31.6701
 21
9.88191
 31
0.0
  0
LINE
  5
FD
330
A59
100
AcDbEntity
  8
0
 62
     0
100
AcDbLine
 10
31.6701
 20
9.88191
 30
0.0
 11
30.8708
 21
9.88191
 31
0.0
  0
LINE
  5
FE
330
A59
100
AcDbEntity
  8
0
 62
     0
100
AcDbLine
 10
30.8708
 20
9.88191
 30
0.0
 11
30.8708
 21
6.78272
 31
0.0
  0
LINE
  5
FF
330
A59
100
AcDbEntity
  8
0
 62
     0
100
AcDbLine
 10
30.8708
 20
6.78272
 30
0.0
 11
31.6701
 21
6.78272
 31
0.0
  0
LINE
  5
100
330
A59
100
AcDbEntity
  8
0
 62
     0
100
AcDbLine
 10
31.6701
 20
6.78272
 30
0.0
 11
31.6701
 21
5.78224
 31
0.0
  0
LINE
  5
101
330
A59
100
AcDbEntity
  8
0
 62
     0
100
AcDbLine
 10
31.6701
 20
5.78224
 30
0.0
 11
45.671
 21
5.78224
 31
0.0
  0
LINE
  5
102
330
A59
100
AcDbEntity
  8
0
 62
     0
100
AcDbLine
 10
45.671
 20
5.78224
 30
0.0
 11
45.671
 21
6.78272
 31
0.0
  0
LINE
  5
103
330
A59
100
AcDbEntity
  8
0
 62
     0
100
AcDbLine
 10
45.671
 20
6.78272
 30
0.0
 11
46.4704
 21
6.78272
 31
0.0
  0
LINE
  5
104
330
A59
100
AcDbEntity
  8
0
 62
     0
100
AcDbLine
 10
46.4704
 20
6.78272
 30
0.0
 11
46.4704
 21
9.88191
 31
0.0
  0
LINE
  5
105
330
A59
100
AcDbEntity
  8
0
 62
     0
100
AcDbLine
 10
46.4704
 20
9.88191
 30
0.0
 11
45.671
 21
9.88191
 31
0.0
  0
LINE
  5
106
330
A59
100
AcDbEntity
  8
0
 62
     0
100
AcDbLine
 10
45.671
 20
9.88191
 30
0.0
 11
45.671
 21
15.6821
 31
0.0
  0
LINE
  5
107
330
A59
100
AcDbEntity
  8
0
 62
     0
100
AcDbLine
 10
45.671
 20
15.6821
 30
0.0
 11
46.4704
 21
15.6821
 31
0.0
  0
LINE
  5
108
330
A59
100
AcDbEntity
  8
0
 62
     0
100
AcDbLine
 10
46.4704
 20
15.6821
 30
0.0
 11
46.4704
 21
18.7827
 31
0.0
  0
LINE
  5
109
330
A59
100
AcDbEntity
  8
0
 62
     0
100
AcDbLine
 10
46.4704
 20
18.7827
 30
0.0
 11
45.671
 21
18.7827
 31
0.0
  0
LINE
  5
10A
330
A59
100
AcDbEntity
  8
0
 62
     0
100
AcDbLine
 10
45.671
 20
18.7827
 30
0.0
 11
45.671
 21
19.7817
 31
0.0
  0
LINE
  5
10B
330
A59
100
AcDbEntity
  8
0
 62
     0
100
AcDbLine
 10
45.671
 20
19.7817
 30
0.0
 11
31.6701
 21
19.7817
 31
0.0
  0
LINE
  5
10C
330
A59
100
AcDbEntity
  8
0
 62
     0
100
AcDbLine
 10
60.2449
 20
19.7817
 30
0.0
 11
60.2449
 21
18.7827
 31
0.0
  0
LINE
  5
10D
330
A59
100
AcDbEntity
  8
0
 62
     0
100
AcDbLine
 10
60.2449
 20
18.7827
 30
0.0
 11
59.4459
 21
18.7827
 31
0.0
  0
LINE
  5
10E
330
A59
100
AcDbEntity
  8
0
 62
     0
100
AcDbLine
 10
59.4459
 20
18.7827
 30
0.0
 11
59.4459
 21
15.6821
 31
0.0
  0
LINE
  5
10F
330
A59
100
AcDbEntity
  8
0
 62
     0
100
AcDbLine
 10
59.4459
 20
15.6821
 30
0.0
 11
60.2449
 21
15.6821
 31
0.0
  0
LINE
  5
110
330
A59
100
AcDbEntity
  8
0
 62
     0
100
AcDbLine
 10
60.2449
 20
15.6821
 30
0.0
 11
60.2449
 21
9.88191
 31
0.0
  0
LINE
  5
111
330
A59
100
AcDbEntity
  8
0
 62
     0
100
AcDbLine
 10
60.2449
 20
9.88191
 30
0.0
 11
59.4459
 21
9.88191
 31
0.0
  0
LINE
  5
112
330
A59
100
AcDbEntity
  8
0
 62
     0
100
AcDbLine
 10
59.4459
 20
9.88191
 30
0.0
 11
59.4459
 21
6.78272
 31
0.0
  0
LINE
  5
113
330
A59
100
AcDbEntity
  8
0
 62
     0
100
AcDbLine
 10
59.4459
 20
6.78272
 30
0.0
 11
60.2449
 21
6.78272
 31
0.0
  0
LINE
  5
114
330
A59
100
AcDbEntity
  8
0
 62
     0
100
AcDbLine
 10
60.2449
 20
6.78272
 30
0.0
 11
60.2449
 21
5.78224
 31
0.0
  0
LINE
  5
115
330
A59
100
AcDbEntity
  8
0
 62
     0
100
AcDbLine
 10
60.2449
 20
5.78224
 30
0.0
 11
74.246
 21
5.78224
 31
0.0
  0
LINE
  5
116
330
A59
100
AcDbEntity
  8
0
 62
     0
100
AcDbLine
 10
74.246
 20
5.78224
 30
0.0
 11
74.246
 21
6.78272
 31
0.0
  0
LINE
  5
117
330
A59
100
AcDbEntity
  8
0
 62
     0
100
AcDbLine
 10
74.246
 20
6.78272
 30
0.0
 11
75.0454
 21
6.78272
 31
0.0
  0
LINE
  5
118
330
A59
100
AcDbEntity
  8
0
 62
     0
100
AcDbLine
 10
75.0454
 20
6.78272
 30
0.0
 11
75.0454
 21
9.88191
 31
0.0
  0
LINE
  5
119
330
A59
100
AcDbEntity
  8
0
 62
     0
100
AcDbLine
 10
75.0454
 20
9.88191
 30
0.0
 11
74.246
 21
9.88191
 31
0.0
  0
LINE
  5
11A
330
A59
100
AcDbEntity
  8
0
 62
     0
100
AcDbLine
 10
74.246
 20
9.88191
 30
0.0
 11
74.246
 21
15.6821
 31
0.0
  0
LINE
  5
11B
330
A59
100
AcDbEntity
  8
0
 62
     0
100
AcDbLine
 10
74.246
 20
15.6821
 30
0.0
 11
75.0454
 21
15.6821
 31
0.0
  0
LINE
  5
11C
330
A59
100
AcDbEntity
  8
0
 62
     0
100
AcDbLine
 10
75.0454
 20
15.6821
 30
0.0
 11
75.0454
 21
18.7827
 31
0.0
  0
LINE
  5
11D
330
A59
100
AcDbEntity
  8
0
 62
     0
100
AcDbLine
 10
75.0454
 20
18.7827
 30
0.0
 11
74.246
 21
18.7827
 31
0.0
  0
LINE
  5
11E
330
A59
100
AcDbEntity
  8
0
 62
     0
100
AcDbLine
 10
74.246
 20
18.7827
 30
0.0
 11
74.246
 21
19.7817
 31
0.0
  0
LINE
  5
11F
330
A59
100
AcDbEntity
  8
0
 62
     0
100
AcDbLine
 10
74.246
 20
19.7817
 30
0.0
 11
60.2449
 21
19.7817
 31
0.0
  0
LINE
  5
120
330
A59
100
AcDbEntity
  8
0
 62
     0
100
AcDbLine
 10
84.0574
 20
19.7817
 30
0.0
 11
84.0574
 21
18.7827
 31
0.0
  0
LINE
  5
121
330
A59
100
AcDbEntity
  8
0
 62
     0
100
AcDbLine
 10
84.0574
 20
18.7827
 30
0.0
 11
83.257
 21
18.7827
 31
0.0
  0
LINE
  5
122
330
A59
100
AcDbEntity
  8
0
 62
     0
100
AcDbLine
 10
83.257
 20
18.7827
 30
0.0
 11
83.257
 21
15.6821
 31
0.0
  0
LWPOLYLINE
  5
A03
330
A59
100
AcDbEntity
  8
livello 1
100
AcDbPolyline
 90
        9
 70
   129
 43
0.0
 10
48.09964999999995
 20
62.32004999900008
 10
34.10064999999996
 20
62.28764999900003
 10
18.62174999999995
 20
62.28764999900003
 42
0.414213562373095
 10
16.12174999999995
 20
59.78764999900003
 10
16.12174999999995
 20
45.78804999900004
 42
0.4142135623730958
 10
18.62174999999995
 20
43.28804999900006
 10
48.09964999999995
 20
43.28804999900004
 42
0.414213562373095
 10
50.59964999999995
 20
45.78804999900004
 10
50.59964999999995
 20
59.78775000100016
 42
0.4142252786190332
  0
LINE
  5
123
330
A59
100
AcDbEntity
  8
0
 62
     0
100
AcDbLine
 10
83.257
 20
15.6821
 30
0.0
 11
84.0574
 21
15.6821
 31
0.0
  0
LINE
  5
124
330
A59
100
AcDbEntity
  8
0
 62
     0
100
AcDbLine
 10
84.0574
 20
15.6821
 30
0.0
 11
84.0574
 21
9.88191
 31
0.0
  0
LINE
  5
125
330
A59
100
AcDbEntity
  8
0
 62
     0
100
AcDbLine
 10
84.0574
 20
9.88191
 30
0.0
 11
83.257
 21
9.88191
 31
0.0
  0
LINE
  5
126
330
A59
100
AcDbEntity
  8
0
 62
     0
100
AcDbLine
 10
83.257
 20
9.88191
 30
0.0
 11
83.257
 21
6.78272
 31
0.0
  0
LINE
  5
127
330
A59
100
AcDbEntity
  8
0
 62
     0
100
AcDbLine
 10
83.257
 20
6.78272
 30
0.0
 11
84.0574
 21
6.78272
 31
0.0
  0
LINE
  5
128
330
A59
100
AcDbEntity
  8
0
 62
     0
100
AcDbLine
 10
84.0574
 20
6.78272
 30
0.0
 11
84.0574
 21
5.78224
 31
0.0
  0
LINE
  5
129
330
A59
100
AcDbEntity
  8
0
 62
     0
100
AcDbLine
 10
84.0574
 20
5.78224
 30
0.0
 11
98.0571
 21
5.78224
 31
0.0
  0
LINE
  5
12A
330
A59
100
AcDbEntity
  8
0
 62
     0
100
AcDbLine
 10
98.0571
 20
5.78224
 30
0.0
 11
98.0571
 21
6.78272
 31
0.0
  0
LINE
  5
12B
330
A59
100
AcDbEntity
  8
0
 62
     0
100
AcDbLine
 10
98.0571
 20
6.78272
 30
0.0
 11
98.8579
 21
6.78272
 31
0.0
  0
LINE
  5
12C
330
A59
100
AcDbEntity
  8
0
 62
     0
100
AcDbLine
 10
98.8579
 20
6.78272
 30
0.0
 11
98.8579
 21
9.88191
 31
0.0
  0
LINE
  5
12D
330
A59
100
AcDbEntity
  8
0
 62
     0
100
AcDbLine
 10
98.8579
 20
9.88191
 30
0.0
 11
98.0571
 21
9.88191
 31
0.0
  0
LINE
  5
12E
330
A59
100
AcDbEntity
  8
0
 62
     0
100
AcDbLine
 10
98.0571
 20
9.88191
 30
0.0
 11
98.0571
 21
15.6821
 31
0.0
  0
LINE
  5
12F
330
A59
100
AcDbEntity
  8
0
 62
     0
100
AcDbLine
 10
98.0571
 20
15.6821
 30
0.0
 11
98.8579
 21
15.6821
 31
0.0
  0
LINE
  5
130
330
A59
100
AcDbEntity
  8
0
 62
     0
100
AcDbLine
 10
98.8579
 20
15.6821
 30
0.0
 11
98.8579
 21
18.7827
 31
0.0
  0
LINE
  5
131
330
A59
100
AcDbEntity
  8
0
 62
     0
100
AcDbLine
 10
98.8579
 20
18.7827
 30
0.0
 11
98.0571
 21
18.7827
 31
0.0
  0
LINE
  5
132
330
A59
100
AcDbEntity
  8
0
 62
     0
100
AcDbLine
 10
98.0571
 20
18.7827
 30
0.0
 11
98.0571
 21
19.7817
 31
0.0
  0
LINE
  5
133
330
A59
100
AcDbEntity
  8
0
 62
     0
100
AcDbLine
 10
98.0571
 20
19.7817
 30
0.0
 11
84.0574
 21
19.7817
 31
0.0
  0
LINE
  5
134
330
A59
100
AcDbEntity
  8
0
 62
     0
100
AcDbLine
 10
202.168
 20
19.7817
 30
0.0
 11
202.168
 21
18.7827
 31
0.0
  0
LINE
  5
135
330
A59
100
AcDbEntity
  8
0
 62
     0
100
AcDbLine
 10
202.168
 20
18.7827
 30
0.0
 11
201.367
 21
18.7827
 31
0.0
  0
LINE
  5
136
330
A59
100
AcDbEntity
  8
0
 62
     0
100
AcDbLine
 10
201.367
 20
18.7827
 30
0.0
 11
201.367
 21
15.6821
 31
0.0
  0
LINE
  5
137
330
A59
100
AcDbEntity
  8
0
 62
     0
100
AcDbLine
 10
201.367
 20
15.6821
 30
0.0
 11
202.168
 21
15.6821
 31
0.0
  0
LINE
  5
138
330
A59
100
AcDbEntity
  8
0
 62
     0
100
AcDbLine
 10
202.168
 20
15.6821
 30
0.0
 11
202.168
 21
9.88191
 31
0.0
  0
LINE
  5
139
330
A59
100
AcDbEntity
  8
0
 62
     0
100
AcDbLine
 10
202.168
 20
9.88191
 30
0.0
 11
201.367
 21
9.88191
 31
0.0
  0
LINE
  5
13A
330
A59
100
AcDbEntity
  8
0
 62
     0
100
AcDbLine
 10
201.367
 20
9.88191
 30
0.0
 11
201.367
 21
6.78272
 31
0.0
  0
LINE
  5
13B
330
A59
100
AcDbEntity
  8
0
 62
     0
100
AcDbLine
 10
201.367
 20
6.78272
 30
0.0
 11
202.168
 21
6.78272
 31
0.0
  0
LINE
  5
13C
330
A59
100
AcDbEntity
  8
0
 62
     0
100
AcDbLine
 10
202.168
 20
6.78272
 30
0.0
 11
202.168
 21
5.78224
 31
0.0
  0
LINE
  5
13D
330
A59
100
AcDbEntity
  8
0
 62
     0
100
AcDbLine
 10
202.168
 20
5.78224
 30
0.0
 11
216.167
 21
5.78224
 31
0.0
  0
LINE
  5
13E
330
A59
100
AcDbEntity
  8
0
 62
     0
100
AcDbLine
 10
216.167
 20
5.78224
 30
0.0
 11
216.167
 21
6.78272
 31
0.0
  0
LINE
  5
13F
330
A59
100
AcDbEntity
  8
0
 62
     0
100
AcDbLine
 10
216.167
 20
6.78272
 30
0.0
 11
216.968
 21
6.78272
 31
0.0
  0
LINE
  5
140
330
A59
100
AcDbEntity
  8
0
 62
     0
100
AcDbLine
 10
216.968
 20
6.78272
 30
0.0
 11
216.968
 21
9.88191
 31
0.0
  0
LINE
  5
141
330
A59
100
AcDbEntity
  8
0
 62
     0
100
AcDbLine
 10
216.968
 20
9.88191
 30
0.0
 11
216.167
 21
9.88191
 31
0.0
  0
LINE
  5
142
330
A59
100
AcDbEntity
  8
0
 62
     0
100
AcDbLine
 10
216.167
 20
9.88191
 30
0.0
 11
216.167
 21
15.6821
 31
0.0
  0
LINE
  5
143
330
A59
100
AcDbEntity
  8
0
 62
     0
100
AcDbLine
 10
216.167
 20
15.6821
 30
0.0
 11
216.968
 21
15.6821
 31
0.0
  0
LINE
  5
144
330
A59
100
AcDbEntity
  8
0
 62
     0
100
AcDbLine
 10
216.968
 20
15.6821
 30
0.0
 11
216.968
 21
18.7827
 31
0.0
  0
LINE
  5
145
330
A59
100
AcDbEntity
  8
0
 62
     0
100
AcDbLine
 10
216.968
 20
18.7827
 30
0.0
 11
216.167
 21
18.7827
 31
0.0
  0
LINE
  5
146
330
A59
100
AcDbEntity
  8
0
 62
     0
100
AcDbLine
 10
216.167
 20
18.7827
 30
0.0
 11
216.167
 21
19.7817
 31
0.0
  0
LINE
  5
147
330
A59
100
AcDbEntity
  8
0
 62
     0
100
AcDbLine
 10
216.167
 20
19.7817
 30
0.0
 11
202.168
 21
19.7817
 31
0.0
  0
LWPOLYLINE
  5
A26
330
A59
100
AcDbEntity
  8
livello 1
100
AcDbPolyline
 90
        2
 70
   128
 43
0.0
 10
118.3464148719185
 20
199.2567724210538
 10
132.3454148719186
 20
199.2567724210538
  0
LINE
  5
148
330
A59
100
AcDbEntity
  8
0
 62
     0
100
AcDbLine
 10
225.98
 20
19.7817
 30
0.0
 11
225.98
 21
18.7827
 31
0.0
  0
LINE
  5
149
330
A59
100
AcDbEntity
  8
0
 62
     0
100
AcDbLine
 10
225.98
 20
18.7827
 30
0.0
 11
225.181
 21
18.7827
 31
0.0
  0
LINE
  5
14A
330
A59
100
AcDbEntity
  8
0
 62
     0
100
AcDbLine
 10
225.181
 20
18.7827
 30
0.0
 11
225.181
 21
15.6821
 31
0.0
  0
LINE
  5
14B
330
A59
100
AcDbEntity
  8
0
 62
     0
100
AcDbLine
 10
225.181
 20
15.6821
 30
0.0
 11
225.98
 21
15.6821
 31
0.0
  0
LINE
  5
14C
330
A59
100
AcDbEntity
  8
0
 62
     0
100
AcDbLine
 10
225.98
 20
15.6821
 30
0.0
 11
225.98
 21
9.88191
 31
0.0
  0
LINE
  5
14D
330
A59
100
AcDbEntity
  8
0
 62
     0
100
AcDbLine
 10
225.98
 20
9.88191
 30
0.0
 11
225.181
 21
9.88191
 31
0.0
  0
LINE
  5
14E
330
A59
100
AcDbEntity
  8
0
 62
     0
100
AcDbLine
 10
225.181
 20
9.88191
 30
0.0
 11
225.181
 21
6.78272
 31
0.0
  0
LINE
  5
14F
330
A59
100
AcDbEntity
  8
0
 62
     0
100
AcDbLine
 10
225.181
 20
6.78272
 30
0.0
 11
225.98
 21
6.78272
 31
0.0
  0
LINE
  5
150
330
A59
100
AcDbEntity
  8
0
 62
     0
100
AcDbLine
 10
225.98
 20
6.78272
 30
0.0
 11
225.98
 21
5.78224
 31
0.0
  0
LINE
  5
151
330
A59
100
AcDbEntity
  8
0
 62
     0
100
AcDbLine
 10
225.98
 20
5.78224
 30
0.0
 11
239.98
 21
5.78224
 31
0.0
  0
LINE
  5
152
330
A59
100
AcDbEntity
  8
0
 62
     0
100
AcDbLine
 10
239.98
 20
5.78224
 30
0.0
 11
239.98
 21
6.78272
 31
0.0
  0
LINE
  5
153
330
A59
100
AcDbEntity
  8
0
 62
     0
100
AcDbLine
 10
239.98
 20
6.78272
 30
0.0
 11
240.78
 21
6.78272
 31
0.0
  0
LINE
  5
154
330
A59
100
AcDbEntity
  8
0
 62
     0
100
AcDbLine
 10
240.78
 20
6.78272
 30
0.0
 11
240.78
 21
9.88191
 31
0.0
  0
LINE
  5
155
330
A59
100
AcDbEntity
  8
0
 62
     0
100
AcDbLine
 10
240.78
 20
9.88191
 30
0.0
 11
239.98
 21
9.88191
 31
0.0
  0
LINE
  5
156
330
A59
100
AcDbEntity
  8
0
 62
     0
100
AcDbLine
 10
239.98
 20
9.88191
 30
0.0
 11
239.98
 21
15.6821
 31
0.0
  0
LINE
  5
157
330
A59
100
AcDbEntity
  8
0
 62
     0
100
AcDbLine
 10
239.98
 20
15.6821
 30
0.0
 11
240.78
 21
15.6821
 31
0.0
  0
LINE
  5
158
330
A59
100
AcDbEntity
  8
0
 62
     0
100
AcDbLine
 10
240.78
 20
15.6821
 30
0.0
 11
240.78
 21
18.7827
 31
0.0
  0
LINE
  5
159
330
A59
100
AcDbEntity
  8
0
 62
     0
100
AcDbLine
 10
240.78
 20
18.7827
 30
0.0
 11
239.98
 21
18.7827
 31
0.0
  0
LINE
  5
15A
330
A59
100
AcDbEntity
  8
0
 62
     0
100
AcDbLine
 10
239.98
 20
18.7827
 30
0.0
 11
239.98
 21
19.7817
 31
0.0
  0
LINE
  5
15B
330
A59
100
AcDbEntity
  8
0
 62
     0
100
AcDbLine
 10
239.98
 20
19.7817
 30
0.0
 11
225.98
 21
19.7817
 31
0.0
  0
LINE
  5
15C
330
A59
100
AcDbEntity
  8
0
 62
     0
100
AcDbLine
 10
6.42994
 20
29.3067
 30
0.0
 11
6.42994
 21
28.3077
 31
0.0
  0
LINE
  5
15D
330
A59
100
AcDbEntity
  8
0
 62
     0
100
AcDbLine
 10
6.42994
 20
28.3077
 30
0.0
 11
5.62927
 21
28.3077
 31
0.0
  0
LINE
  5
15E
330
A59
100
AcDbEntity
  8
0
 62
     0
100
AcDbLine
 10
5.62927
 20
28.3077
 30
0.0
 11
5.62927
 21
25.2071
 31
0.0
  0
LINE
  5
15F
330
A59
100
AcDbEntity
  8
0
 62
     0
100
AcDbLine
 10
5.62927
 20
25.2071
 30
0.0
 11
6.42994
 21
25.2071
 31
0.0
  0
LINE
  5
160
330
A59
100
AcDbEntity
  8
0
 62
     0
100
AcDbLine
 10
6.42994
 20
25.2071
 30
0.0
 11
6.42994
 21
19.4069
 31
0.0
  0
LINE
  5
161
330
A59
100
AcDbEntity
  8
0
 62
     0
100
AcDbLine
 10
6.42994
 20
19.4069
 30
0.0
 11
5.62927
 21
19.4069
 31
0.0
  0
LINE
  5
162
330
A59
100
AcDbEntity
  8
0
 62
     0
100
AcDbLine
 10
5.62927
 20
19.4069
 30
0.0
 11
5.62927
 21
16.3077
 31
0.0
  0
LINE
  5
163
330
A59
100
AcDbEntity
  8
0
 62
     0
100
AcDbLine
 10
5.62927
 20
16.3077
 30
0.0
 11
6.42994
 21
16.3077
 31
0.0
  0
LWPOLYLINE
  5
A27
330
A59
100
AcDbEntity
  8
livello 1
100
AcDbPolyline
 90
        2
 70
   128
 43
0.0
 10
125.3459148719186
 20
206.2567724210538
 10
125.3459148719186
 20
192.2567724210538
  0
LINE
  5
164
330
A59
100
AcDbEntity
  8
0
 62
     0
100
AcDbLine
 10
6.42994
 20
16.3077
 30
0.0
 11
6.42994
 21
15.3072
 31
0.0
  0
LINE
  5
165
330
A59
100
AcDbEntity
  8
0
 62
     0
100
AcDbLine
 10
6.42994
 20
15.3072
 30
0.0
 11
20.4294
 21
15.3072
 31
0.0
  0
LINE
  5
166
330
A59
100
AcDbEntity
  8
0
 62
     0
100
AcDbLine
 10
20.4294
 20
15.3072
 30
0.0
 11
20.4294
 21
16.3077
 31
0.0
  0
LINE
  5
167
330
A59
100
AcDbEntity
  8
0
 62
     0
100
AcDbLine
 10
20.4294
 20
16.3077
 30
0.0
 11
21.2301
 21
16.3077
 31
0.0
  0
LINE
  5
168
330
A59
100
AcDbEntity
  8
0
 62
     0
100
AcDbLine
 10
21.2301
 20
16.3077
 30
0.0
 11
21.2301
 21
19.4069
 31
0.0
  0
LINE
  5
169
330
A59
100
AcDbEntity
  8
0
 62
     0
100
AcDbLine
 10
21.2301
 20
19.4069
 30
0.0
 11
20.4294
 21
19.4069
 31
0.0
  0
LINE
  5
16A
330
A59
100
AcDbEntity
  8
0
 62
     0
100
AcDbLine
 10
20.4294
 20
19.4069
 30
0.0
 11
20.4294
 21
25.2071
 31
0.0
  0
LINE
  5
16B
330
A59
100
AcDbEntity
  8
0
 62
     0
100
AcDbLine
 10
20.4294
 20
25.2071
 30
0.0
 11
21.2301
 21
25.2071
 31
0.0
  0
LINE
  5
16C
330
A59
100
AcDbEntity
  8
0
 62
     0
100
AcDbLine
 10
21.2301
 20
25.2071
 30
0.0
 11
21.2301
 21
28.3077
 31
0.0
  0
LINE
  5
16D
330
A59
100
AcDbEntity
  8
0
 62
     0
100
AcDbLine
 10
21.2301
 20
28.3077
 30
0.0
 11
20.4294
 21
28.3077
 31
0.0
  0
LINE
  5
16E
330
A59
100
AcDbEntity
  8
0
 62
     0
100
AcDbLine
 10
20.4294
 20
28.3077
 30
0.0
 11
20.4294
 21
29.3067
 31
0.0
  0
LINE
  5
16F
330
A59
100
AcDbEntity
  8
0
 62
     0
100
AcDbLine
 10
20.4294
 20
29.3067
 30
0.0
 11
6.42994
 21
29.3067
 31
0.0
  0
LINE
  5
170
330
A59
100
AcDbEntity
  8
0
 62
     0
100
AcDbLine
 10
295.037
 20
35.9752
 30
0.0
 11
295.037
 21
34.9746
 31
0.0
  0
LINE
  5
171
330
A59
100
AcDbEntity
  8
0
 62
     0
100
AcDbLine
 10
295.037
 20
34.9746
 30
0.0
 11
294.236
 21
34.9746
 31
0.0
  0
LINE
  5
172
330
A59
100
AcDbEntity
  8
0
 62
     0
100
AcDbLine
 10
294.236
 20
34.9746
 30
0.0
 11
294.236
 21
31.874
 31
0.0
  0
LINE
  5
173
330
A59
100
AcDbEntity
  8
0
 62
     0
100
AcDbLine
 10
294.236
 20
31.874
 30
0.0
 11
295.037
 21
31.874
 31
0.0
  0
LINE
  5
174
330
A59
100
AcDbEntity
  8
0
 62
     0
100
AcDbLine
 10
295.037
 20
31.874
 30
0.0
 11
295.037
 21
26.0739
 31
0.0
  0
LINE
  5
175
330
A59
100
AcDbEntity
  8
0
 62
     0
100
AcDbLine
 10
295.037
 20
26.0739
 30
0.0
 11
294.236
 21
26.0739
 31
0.0
  0
LINE
  5
176
330
A59
100
AcDbEntity
  8
0
 62
     0
100
AcDbLine
 10
294.236
 20
26.0739
 30
0.0
 11
294.236
 21
22.9747
 31
0.0
  0
LINE
  5
177
330
A59
100
AcDbEntity
  8
0
 62
     0
100
AcDbLine
 10
294.236
 20
22.9747
 30
0.0
 11
295.037
 21
22.9747
 31
0.0
  0
LINE
  5
178
330
A59
100
AcDbEntity
  8
0
 62
     0
100
AcDbLine
 10
295.037
 20
22.9747
 30
0.0
 11
295.037
 21
21.9742
 31
0.0
  0
LINE
  5
179
330
A59
100
AcDbEntity
  8
0
 62
     0
100
AcDbLine
 10
295.037
 20
21.9742
 30
0.0
 11
309.036
 21
21.9742
 31
0.0
  0
LINE
  5
17A
330
A59
100
AcDbEntity
  8
0
 62
     0
100
AcDbLine
 10
309.036
 20
21.9742
 30
0.0
 11
309.036
 21
22.9747
 31
0.0
  0
LINE
  5
17B
330
A59
100
AcDbEntity
  8
0
 62
     0
100
AcDbLine
 10
309.036
 20
22.9747
 30
0.0
 11
309.837
 21
22.9747
 31
0.0
  0
LINE
  5
17C
330
A59
100
AcDbEntity
  8
0
 62
     0
100
AcDbLine
 10
309.837
 20
22.9747
 30
0.0
 11
309.837
 21
26.0739
 31
0.0
  0
LINE
  5
17D
330
A59
100
AcDbEntity
  8
0
 62
     0
100
AcDbLine
 10
309.837
 20
26.0739
 30
0.0
 11
309.036
 21
26.0739
 31
0.0
  0
LINE
  5
17E
330
A59
100
AcDbEntity
  8
0
 62
     0
100
AcDbLine
 10
309.036
 20
26.0739
 30
0.0
 11
309.036
 21
31.874
 31
0.0
  0
LINE
  5
17F
330
A59
100
AcDbEntity
  8
0
 62
     0
100
AcDbLine
 10
309.036
 20
31.874
 30
0.0
 11
309.837
 21
31.874
 31
0.0
  0
LINE
  5
180
330
A59
100
AcDbEntity
  8
0
 62
     0
100
AcDbLine
 10
309.837
 20
31.874
 30
0.0
 11
309.837
 21
34.9746
 31
0.0
  0
LINE
  5
181
330
A59
100
AcDbEntity
  8
0
 62
     0
100
AcDbLine
 10
309.837
 20
34.9746
 30
0.0
 11
309.036
 21
34.9746
 31
0.0
  0
LINE
  5
182
330
A59
100
AcDbEntity
  8
0
 62
     0
100
AcDbLine
 10
309.036
 20
34.9746
 30
0.0
 11
309.036
 21
35.9752
 31
0.0
  0
LINE
  5
183
330
A59
100
AcDbEntity
  8
0
 62
     0
100
AcDbLine
 10
309.036
 20
35.9752
 30
0.0
 11
295.037
 21
35.9752
 31
0.0
  0
LINE
  5
184
330
A59
100
AcDbEntity
  8
0
 62
     0
100
AcDbLine
 10
31.6701
 20
40.7377
 30
0.0
 11
31.6701
 21
39.7372
 31
0.0
  0
LINE
  5
185
330
A59
100
AcDbEntity
  8
0
 62
     0
100
AcDbLine
 10
31.6701
 20
39.7372
 30
0.0
 11
30.8708
 21
39.7372
 31
0.0
  0
LINE
  5
186
330
A59
100
AcDbEntity
  8
0
 62
     0
100
AcDbLine
 10
30.8708
 20
39.7372
 30
0.0
 11
30.8708
 21
36.6377
 31
0.0
  0
LINE
  5
187
330
A59
100
AcDbEntity
  8
0
 62
     0
100
AcDbLine
 10
30.8708
 20
36.6377
 30
0.0
 11
31.6701
 21
36.6377
 31
0.0
  0
LINE
  5
188
330
A59
100
AcDbEntity
  8
0
 62
     0
100
AcDbLine
 10
31.6701
 20
36.6377
 30
0.0
 11
31.6701
 21
30.8378
 31
0.0
  0
LINE
  5
189
330
A59
100
AcDbEntity
  8
0
 62
     0
100
AcDbLine
 10
31.6701
 20
30.8378
 30
0.0
 11
30.8708
 21
30.8378
 31
0.0
  0
LINE
  5
18A
330
A59
100
AcDbEntity
  8
0
 62
     0
100
AcDbLine
 10
30.8708
 20
30.8378
 30
0.0
 11
30.8708
 21
27.7372
 31
0.0
  0
LINE
  5
18B
330
A59
100
AcDbEntity
  8
0
 62
     0
100
AcDbLine
 10
30.8708
 20
27.7372
 30
0.0
 11
31.6701
 21
27.7372
 31
0.0
  0
LINE
  5
18C
330
A59
100
AcDbEntity
  8
0
 62
     0
100
AcDbLine
 10
31.6701
 20
27.7372
 30
0.0
 11
31.6701
 21
26.7381
 31
0.0
  0
LINE
  5
18D
330
A59
100
AcDbEntity
  8
0
 62
     0
100
AcDbLine
 10
31.6701
 20
26.7381
 30
0.0
 11
45.671
 21
26.7381
 31
0.0
  0
LINE
  5
18E
330
A59
100
AcDbEntity
  8
0
 62
     0
100
AcDbLine
 10
45.671
 20
26.7381
 30
0.0
 11
45.671
 21
27.7372
 31
0.0
  0
LINE
  5
18F
330
A59
100
AcDbEntity
  8
0
 62
     0
100
AcDbLine
 10
45.671
 20
27.7372
 30
0.0
 11
46.4704
 21
27.7372
 31
0.0
  0
LINE
  5
190
330
A59
100
AcDbEntity
  8
0
 62
     0
100
AcDbLine
 10
46.4704
 20
27.7372
 30
0.0
 11
46.4704
 21
30.8378
 31
0.0
  0
LINE
  5
191
330
A59
100
AcDbEntity
  8
0
 62
     0
100
AcDbLine
 10
46.4704
 20
30.8378
 30
0.0
 11
45.671
 21
30.8378
 31
0.0
  0
LINE
  5
192
330
A59
100
AcDbEntity
  8
0
 62
     0
100
AcDbLine
 10
45.671
 20
30.8378
 30
0.0
 11
45.671
 21
36.6377
 31
0.0
  0
LINE
  5
193
330
A59
100
AcDbEntity
  8
0
 62
     0
100
AcDbLine
 10
45.671
 20
36.6377
 30
0.0
 11
46.4704
 21
36.6377
 31
0.0
  0
LINE
  5
194
330
A59
100
AcDbEntity
  8
0
 62
     0
100
AcDbLine
 10
46.4704
 20
36.6377
 30
0.0
 11
46.4704
 21
39.7372
 31
0.0
  0
LINE
  5
195
330
A59
100
AcDbEntity
  8
0
 62
     0
100
AcDbLine
 10
46.4704
 20
39.7372
 30
0.0
 11
45.671
 21
39.7372
 31
0.0
  0
LINE
  5
196
330
A59
100
AcDbEntity
  8
0
 62
     0
100
AcDbLine
 10
45.671
 20
39.7372
 30
0.0
 11
45.671
 21
40.7377
 31
0.0
  0
LINE
  5
197
330
A59
100
AcDbEntity
  8
0
 62
     0
100
AcDbLine
 10
45.671
 20
40.7377
 30
0.0
 11
31.6701
 21
40.7377
 31
0.0
  0
LINE
  5
198
330
A59
100
AcDbEntity
  8
0
 62
     0
100
AcDbLine
 10
53.1012
 20
40.7377
 30
0.0
 11
53.1012
 21
39.7372
 31
0.0
  0
LINE
  5
199
330
A59
100
AcDbEntity
  8
0
 62
     0
100
AcDbLine
 10
53.1012
 20
39.7372
 30
0.0
 11
52.3021
 21
39.7372
 31
0.0
  0
LINE
  5
19A
330
A59
100
AcDbEntity
  8
0
 62
     0
100
AcDbLine
 10
52.3021
 20
39.7372
 30
0.0
 11
52.3021
 21
36.6377
 31
0.0
  0
LINE
  5
19B
330
A59
100
AcDbEntity
  8
0
 62
     0
100
AcDbLine
 10
52.3021
 20
36.6377
 30
0.0
 11
53.1012
 21
36.6377
 31
0.0
  0
LINE
  5
19C
330
A59
100
AcDbEntity
  8
0
 62
     0
100
AcDbLine
 10
53.1012
 20
36.6377
 30
0.0
 11
53.1012
 21
30.8378
 31
0.0
  0
LINE
  5
19D
330
A59
100
AcDbEntity
  8
0
 62
     0
100
AcDbLine
 10
53.1012
 20
30.8378
 30
0.0
 11
52.3021
 21
30.8378
 31
0.0
  0
LWPOLYLINE
  5
A3A
330
A59
100
AcDbEntity
  8
livello 1
100
AcDbPolyline
 90
        2
 70
   128
 43
0.0
 10
304.41725
 20
69.3129
 10
304.41725
 20
55.3129
  0
LINE
  5
19E
330
A59
100
AcDbEntity
  8
0
 62
     0
100
AcDbLine
 10
52.3021
 20
30.8378
 30
0.0
 11
52.3021
 21
27.7372
 31
0.0
  0
LINE
  5
19F
330
A59
100
AcDbEntity
  8
0
 62
     0
100
AcDbLine
 10
52.3021
 20
27.7372
 30
0.0
 11
53.1012
 21
27.7372
 31
0.0
  0
LINE
  5
1A0
330
A59
100
AcDbEntity
  8
0
 62
     0
100
AcDbLine
 10
53.1012
 20
27.7372
 30
0.0
 11
53.1012
 21
26.7381
 31
0.0
  0
LINE
  5
1A1
330
A59
100
AcDbEntity
  8
0
 62
     0
100
AcDbLine
 10
53.1012
 20
26.7381
 30
0.0
 11
67.1008
 21
26.7381
 31
0.0
  0
LINE
  5
1A2
330
A59
100
AcDbEntity
  8
0
 62
     0
100
AcDbLine
 10
67.1008
 20
26.7381
 30
0.0
 11
67.1008
 21
27.7372
 31
0.0
  0
LINE
  5
1A3
330
A59
100
AcDbEntity
  8
0
 62
     0
100
AcDbLine
 10
67.1008
 20
27.7372
 30
0.0
 11
67.9016
 21
27.7372
 31
0.0
  0
LINE
  5
1A4
330
A59
100
AcDbEntity
  8
0
 62
     0
100
AcDbLine
 10
67.9016
 20
27.7372
 30
0.0
 11
67.9016
 21
30.8378
 31
0.0
  0
LINE
  5
1A5
330
A59
100
AcDbEntity
  8
0
 62
     0
100
AcDbLine
 10
67.9016
 20
30.8378
 30
0.0
 11
67.1008
 21
30.8378
 31
0.0
  0
LINE
  5
1A6
330
A59
100
AcDbEntity
  8
0
 62
     0
100
AcDbLine
 10
67.1008
 20
30.8378
 30
0.0
 11
67.1008
 21
36.6377
 31
0.0
  0
LINE
  5
1A7
330
A59
100
AcDbEntity
  8
0
 62
     0
100
AcDbLine
 10
67.1008
 20
36.6377
 30
0.0
 11
67.9016
 21
36.6377
 31
0.0
  0
LINE
  5
1A8
330
A59
100
AcDbEntity
  8
0
 62
     0
100
AcDbLine
 10
67.9016
 20
36.6377
 30
0.0
 11
67.9016
 21
39.7372
 31
0.0
  0
LINE
  5
1A9
330
A59
100
AcDbEntity
  8
0
 62
     0
100
AcDbLine
 10
67.9016
 20
39.7372
 30
0.0
 11
67.1008
 21
39.7372
 31
0.0
  0
LINE
  5
1AA
330
A59
100
AcDbEntity
  8
0
 62
     0
100
AcDbLine
 10
67.1008
 20
39.7372
 30
0.0
 11
67.1008
 21
40.7377
 31
0.0
  0
LINE
  5
1AB
330
A59
100
AcDbEntity
  8
0
 62
     0
100
AcDbLine
 10
67.1008
 20
40.7377
 30
0.0
 11
53.1012
 21
40.7377
 31
0.0
  0
LINE
  5
1AC
330
A59
100
AcDbEntity
  8
0
 62
     0
100
AcDbLine
 10
72.1512
 20
40.7377
 30
0.0
 11
72.1512
 21
39.7372
 31
0.0
  0
LINE
  5
1AD
330
A59
100
AcDbEntity
  8
0
 62
     0
100
AcDbLine
 10
72.1512
 20
39.7372
 30
0.0
 11
71.3521
 21
39.7372
 31
0.0
  0
LINE
  5
1AE
330
A59
100
AcDbEntity
  8
0
 62
     0
100
AcDbLine
 10
71.3521
 20
39.7372
 30
0.0
 11
71.3521
 21
36.6377
 31
0.0
  0
LINE
  5
1AF
330
A59
100
AcDbEntity
  8
0
 62
     0
100
AcDbLine
 10
71.3521
 20
36.6377
 30
0.0
 11
72.1512
 21
36.6377
 31
0.0
  0
LINE
  5
1B0
330
A59
100
AcDbEntity
  8
0
 62
     0
100
AcDbLine
 10
72.1512
 20
36.6377
 30
0.0
 11
72.1512
 21
30.8378
 31
0.0
  0
LINE
  5
1B1
330
A59
100
AcDbEntity
  8
0
 62
     0
100
AcDbLine
 10
72.1512
 20
30.8378
 30
0.0
 11
71.3521
 21
30.8378
 31
0.0
  0
LINE
  5
1B2
330
A59
100
AcDbEntity
  8
0
 62
     0
100
AcDbLine
 10
71.3521
 20
30.8378
 30
0.0
 11
71.3521
 21
27.7372
 31
0.0
  0
LINE
  5
1B3
330
A59
100
AcDbEntity
  8
0
 62
     0
100
AcDbLine
 10
71.3521
 20
27.7372
 30
0.0
 11
72.1512
 21
27.7372
 31
0.0
  0
LINE
  5
1B4
330
A59
100
AcDbEntity
  8
0
 62
     0
100
AcDbLine
 10
72.1512
 20
27.7372
 30
0.0
 11
72.1512
 21
26.7381
 31
0.0
  0
LINE
  5
1B5
330
A59
100
AcDbEntity
  8
0
 62
     0
100
AcDbLine
 10
72.1512
 20
26.7381
 30
0.0
 11
86.1508
 21
26.7381
 31
0.0
  0
LINE
  5
1B6
330
A59
100
AcDbEntity
  8
0
 62
     0
100
AcDbLine
 10
86.1508
 20
26.7381
 30
0.0
 11
86.1508
 21
27.7372
 31
0.0
  0
LINE
  5
1B7
330
A59
100
AcDbEntity
  8
0
 62
     0
100
AcDbLine
 10
86.1508
 20
27.7372
 30
0.0
 11
86.9516
 21
27.7372
 31
0.0
  0
LINE
  5
1B8
330
A59
100
AcDbEntity
  8
0
 62
     0
100
AcDbLine
 10
86.9516
 20
27.7372
 30
0.0
 11
86.9516
 21
30.8378
 31
0.0
  0
LINE
  5
1B9
330
A59
100
AcDbEntity
  8
0
 62
     0
100
AcDbLine
 10
86.9516
 20
30.8378
 30
0.0
 11
86.1508
 21
30.8378
 31
0.0
  0
LINE
  5
1BA
330
A59
100
AcDbEntity
  8
0
 62
     0
100
AcDbLine
 10
86.1508
 20
30.8378
 30
0.0
 11
86.1508
 21
36.6377
 31
0.0
  0
LINE
  5
1BB
330
A59
100
AcDbEntity
  8
0
 62
     0
100
AcDbLine
 10
86.1508
 20
36.6377
 30
0.0
 11
86.9516
 21
36.6377
 31
0.0
  0
LINE
  5
1BC
330
A59
100
AcDbEntity
  8
0
 62
     0
100
AcDbLine
 10
86.9516
 20
36.6377
 30
0.0
 11
86.9516
 21
39.7372
 31
0.0
  0
LINE
  5
1BD
330
A59
100
AcDbEntity
  8
0
 62
     0
100
AcDbLine
 10
86.9516
 20
39.7372
 30
0.0
 11
86.1508
 21
39.7372
 31
0.0
  0
LINE
  5
1BE
330
A59
100
AcDbEntity
  8
0
 62
     0
100
AcDbLine
 10
86.1508
 20
39.7372
 30
0.0
 11
86.1508
 21
40.7377
 31
0.0
  0
LINE
  5
1BF
330
A59
100
AcDbEntity
  8
0
 62
     0
100
AcDbLine
 10
86.1508
 20
40.7377
 30
0.0
 11
72.1512
 21
40.7377
 31
0.0
  0
LINE
  5
1C0
330
A59
100
AcDbEntity
  8
0
 62
     0
100
AcDbLine
 10
91.2012
 20
40.7377
 30
0.0
 11
91.2012
 21
39.7372
 31
0.0
  0
LINE
  5
1C1
330
A59
100
AcDbEntity
  8
0
 62
     0
100
AcDbLine
 10
91.2012
 20
39.7372
 30
0.0
 11
90.4021
 21
39.7372
 31
0.0
  0
LINE
  5
1C2
330
A59
100
AcDbEntity
  8
0
 62
     0
100
AcDbLine
 10
90.4021
 20
39.7372
 30
0.0
 11
90.4021
 21
36.6377
 31
0.0
  0
LINE
  5
1C3
330
A59
100
AcDbEntity
  8
0
 62
     0
100
AcDbLine
 10
90.4021
 20
36.6377
 30
0.0
 11
91.2012
 21
36.6377
 31
0.0
  0
LINE
  5
1C4
330
A59
100
AcDbEntity
  8
0
 62
     0
100
AcDbLine
 10
91.2012
 20
36.6377
 30
0.0
 11
91.2012
 21
30.8378
 31
0.0
  0
LINE
  5
1C5
330
A59
100
AcDbEntity
  8
0
 62
     0
100
AcDbLine
 10
91.2012
 20
30.8378
 30
0.0
 11
90.4021
 21
30.8378
 31
0.0
  0
LINE
  5
1C6
330
A59
100
AcDbEntity
  8
0
 62
     0
100
AcDbLine
 10
90.4021
 20
30.8378
 30
0.0
 11
90.4021
 21
27.7372
 31
0.0
  0
LINE
  5
1C7
330
A59
100
AcDbEntity
  8
0
 62
     0
100
AcDbLine
 10
90.4021
 20
27.7372
 30
0.0
 11
91.2012
 21
27.7372
 31
0.0
  0
LINE
  5
1C8
330
A59
100
AcDbEntity
  8
0
 62
     0
100
AcDbLine
 10
91.2012
 20
27.7372
 30
0.0
 11
91.2012
 21
26.7381
 31
0.0
  0
LINE
  5
1C9
330
A59
100
AcDbEntity
  8
0
 62
     0
100
AcDbLine
 10
91.2012
 20
26.7381
 30
0.0
 11
105.201
 21
26.7381
 31
0.0
  0
LINE
  5
1CA
330
A59
100
AcDbEntity
  8
0
 62
     0
100
AcDbLine
 10
105.201
 20
26.7381
 30
0.0
 11
105.201
 21
27.7372
 31
0.0
  0
LINE
  5
1CB
330
A59
100
AcDbEntity
  8
0
 62
     0
100
AcDbLine
 10
105.201
 20
27.7372
 30
0.0
 11
106.002
 21
27.7372
 31
0.0
  0
LINE
  5
1CC
330
A59
100
AcDbEntity
  8
0
 62
     0
100
AcDbLine
 10
106.002
 20
27.7372
 30
0.0
 11
106.002
 21
30.8378
 31
0.0
  0
LINE
  5
1CD
330
A59
100
AcDbEntity
  8
0
 62
     0
100
AcDbLine
 10
106.002
 20
30.8378
 30
0.0
 11
105.201
 21
30.8378
 31
0.0
  0
LINE
  5
1CE
330
A59
100
AcDbEntity
  8
0
 62
     0
100
AcDbLine
 10
105.201
 20
30.8378
 30
0.0
 11
105.201
 21
36.6377
 31
0.0
  0
LINE
  5
1CF
330
A59
100
AcDbEntity
  8
0
 62
     0
100
AcDbLine
 10
105.201
 20
36.6377
 30
0.0
 11
106.002
 21
36.6377
 31
0.0
  0
LINE
  5
1D0
330
A59
100
AcDbEntity
  8
0
 62
     0
100
AcDbLine
 10
106.002
 20
36.6377
 30
0.0
 11
106.002
 21
39.7372
 31
0.0
  0
LINE
  5
1D1
330
A59
100
AcDbEntity
  8
0
 62
     0
100
AcDbLine
 10
106.002
 20
39.7372
 30
0.0
 11
105.201
 21
39.7372
 31
0.0
  0
LINE
  5
1D2
330
A59
100
AcDbEntity
  8
0
 62
     0
100
AcDbLine
 10
105.201
 20
39.7372
 30
0.0
 11
105.201
 21
40.7377
 31
0.0
  0
LINE
  5
1D3
330
A59
100
AcDbEntity
  8
0
 62
     0
100
AcDbLine
 10
105.201
 20
40.7377
 30
0.0
 11
91.2012
 21
40.7377
 31
0.0
  0
LINE
  5
1D4
330
A59
100
AcDbEntity
  8
0
 62
     0
100
AcDbLine
 10
110.251
 20
40.7377
 30
0.0
 11
110.251
 21
39.7372
 31
0.0
  0
LINE
  5
1D5
330
A59
100
AcDbEntity
  8
0
 62
     0
100
AcDbLine
 10
110.251
 20
39.7372
 30
0.0
 11
109.452
 21
39.7372
 31
0.0
  0
LINE
  5
1D6
330
A59
100
AcDbEntity
  8
0
 62
     0
100
AcDbLine
 10
109.452
 20
39.7372
 30
0.0
 11
109.452
 21
36.6377
 31
0.0
  0
LINE
  5
1D7
330
A59
100
AcDbEntity
  8
0
 62
     0
100
AcDbLine
 10
109.452
 20
36.6377
 30
0.0
 11
110.251
 21
36.6377
 31
0.0
  0
LWPOLYLINE
  5
A3B
330
A59
100
AcDbEntity
  8
livello 1
100
AcDbPolyline
 90
       14
 70
   128
 43
0.0
 10
311.77085
 20
81.3377
 10
290.29925
 20
81.3377
 42
0.414213562373095
 10
287.79925
 20
78.8377
 10
287.79925
 20
64.83800000000001
 42
0.414213562373095
 10
290.29925
 20
62.33800000000001
 10
294.9173499999999
 20
62.33800000000001
 10
294.91745
 20
45.81379999999996
 42
0.4142135623730901
 10
297.4173499999999
 20
43.3139
 10
311.41715
 20
43.3139
 42
0.4142135623748666
 10
313.91705
 20
45.81390000001512
 10
313.91705
 20
78.86290000000001
 42
0.414213562373095
 10
311.41715
 20
81.36279999999998
 10
297.4173499999999
 20
81.36289999999998
 42
0.0354994215020155
 10
297.0636499999999
 20
81.3377
  0
LINE
  5
1D8
330
A59
100
AcDbEntity
  8
0
 62
     0
100
AcDbLine
 10
110.251
 20
36.6377
 30
0.0
 11
110.251
 21
30.8378
 31
0.0
  0
LINE
  5
1D9
330
A59
100
AcDbEntity
  8
0
 62
     0
100
AcDbLine
 10
110.251
 20
30.8378
 30
0.0
 11
109.452
 21
30.8378
 31
0.0
  0
LINE
  5
1DA
330
A59
100
AcDbEntity
  8
0
 62
     0
100
AcDbLine
 10
109.452
 20
30.8378
 30
0.0
 11
109.452
 21
27.7372
 31
0.0
  0
LINE
  5
1DB
330
A59
100
AcDbEntity
  8
0
 62
     0
100
AcDbLine
 10
109.452
 20
27.7372
 30
0.0
 11
110.251
 21
27.7372
 31
0.0
  0
LINE
  5
1DC
330
A59
100
AcDbEntity
  8
0
 62
     0
100
AcDbLine
 10
110.251
 20
27.7372
 30
0.0
 11
110.251
 21
26.7381
 31
0.0
  0
LINE
  5
1DD
330
A59
100
AcDbEntity
  8
0
 62
     0
100
AcDbLine
 10
110.251
 20
26.7381
 30
0.0
 11
124.251
 21
26.7381
 31
0.0
  0
LINE
  5
1DE
330
A59
100
AcDbEntity
  8
0
 62
     0
100
AcDbLine
 10
124.251
 20
26.7381
 30
0.0
 11
124.251
 21
27.7372
 31
0.0
  0
LINE
  5
1DF
330
A59
100
AcDbEntity
  8
0
 62
     0
100
AcDbLine
 10
124.251
 20
27.7372
 30
0.0
 11
125.052
 21
27.7372
 31
0.0
  0
LINE
  5
1E0
330
A59
100
AcDbEntity
  8
0
 62
     0
100
AcDbLine
 10
125.052
 20
27.7372
 30
0.0
 11
125.052
 21
30.8378
 31
0.0
  0
LINE
  5
1E1
330
A59
100
AcDbEntity
  8
0
 62
     0
100
AcDbLine
 10
125.052
 20
30.8378
 30
0.0
 11
124.251
 21
30.8378
 31
0.0
  0
LINE
  5
1E2
330
A59
100
AcDbEntity
  8
0
 62
     0
100
AcDbLine
 10
124.251
 20
30.8378
 30
0.0
 11
124.251
 21
36.6377
 31
0.0
  0
LINE
  5
1E3
330
A59
100
AcDbEntity
  8
0
 62
     0
100
AcDbLine
 10
124.251
 20
36.6377
 30
0.0
 11
125.052
 21
36.6377
 31
0.0
  0
LINE
  5
1E4
330
A59
100
AcDbEntity
  8
0
 62
     0
100
AcDbLine
 10
125.052
 20
36.6377
 30
0.0
 11
125.052
 21
39.7372
 31
0.0
  0
LINE
  5
1E5
330
A59
100
AcDbEntity
  8
0
 62
     0
100
AcDbLine
 10
125.052
 20
39.7372
 30
0.0
 11
124.251
 21
39.7372
 31
0.0
  0
LINE
  5
1E6
330
A59
100
AcDbEntity
  8
0
 62
     0
100
AcDbLine
 10
124.251
 20
39.7372
 30
0.0
 11
124.251
 21
40.7377
 31
0.0
  0
LINE
  5
1E7
330
A59
100
AcDbEntity
  8
0
 62
     0
100
AcDbLine
 10
124.251
 20
40.7377
 30
0.0
 11
110.251
 21
40.7377
 31
0.0
  0
LINE
  5
1E8
330
A59
100
AcDbEntity
  8
0
 62
     0
100
AcDbLine
 10
129.301
 20
40.7377
 30
0.0
 11
129.301
 21
39.7372
 31
0.0
  0
LINE
  5
1E9
330
A59
100
AcDbEntity
  8
0
 62
     0
100
AcDbLine
 10
129.301
 20
39.7372
 30
0.0
 11
128.502
 21
39.7372
 31
0.0
  0
LINE
  5
1EA
330
A59
100
AcDbEntity
  8
0
 62
     0
100
AcDbLine
 10
128.502
 20
39.7372
 30
0.0
 11
128.502
 21
36.6377
 31
0.0
  0
LINE
  5
1EB
330
A59
100
AcDbEntity
  8
0
 62
     0
100
AcDbLine
 10
128.502
 20
36.6377
 30
0.0
 11
129.301
 21
36.6377
 31
0.0
  0
LINE
  5
1EC
330
A59
100
AcDbEntity
  8
0
 62
     0
100
AcDbLine
 10
129.301
 20
36.6377
 30
0.0
 11
129.301
 21
30.8378
 31
0.0
  0
LINE
  5
1ED
330
A59
100
AcDbEntity
  8
0
 62
     0
100
AcDbLine
 10
129.301
 20
30.8378
 30
0.0
 11
128.502
 21
30.8378
 31
0.0
  0
LINE
  5
1EE
330
A59
100
AcDbEntity
  8
0
 62
     0
100
AcDbLine
 10
128.502
 20
30.8378
 30
0.0
 11
128.502
 21
27.7372
 31
0.0
  0
LINE
  5
1EF
330
A59
100
AcDbEntity
  8
0
 62
     0
100
AcDbLine
 10
128.502
 20
27.7372
 30
0.0
 11
129.301
 21
27.7372
 31
0.0
  0
LINE
  5
1F0
330
A59
100
AcDbEntity
  8
0
 62
     0
100
AcDbLine
 10
129.301
 20
27.7372
 30
0.0
 11
129.301
 21
26.7381
 31
0.0
  0
LINE
  5
1F1
330
A59
100
AcDbEntity
  8
0
 62
     0
100
AcDbLine
 10
129.301
 20
26.7381
 30
0.0
 11
143.301
 21
26.7381
 31
0.0
  0
LINE
  5
1F2
330
A59
100
AcDbEntity
  8
0
 62
     0
100
AcDbLine
 10
143.301
 20
26.7381
 30
0.0
 11
143.301
 21
27.7372
 31
0.0
  0
LINE
  5
1F3
330
A59
100
AcDbEntity
  8
0
 62
     0
100
AcDbLine
 10
143.301
 20
27.7372
 30
0.0
 11
144.102
 21
27.7372
 31
0.0
  0
LINE
  5
1F4
330
A59
100
AcDbEntity
  8
0
 62
     0
100
AcDbLine
 10
144.102
 20
27.7372
 30
0.0
 11
144.102
 21
30.8378
 31
0.0
  0
LINE
  5
1F5
330
A59
100
AcDbEntity
  8
0
 62
     0
100
AcDbLine
 10
144.102
 20
30.8378
 30
0.0
 11
143.301
 21
30.8378
 31
0.0
  0
LINE
  5
1F6
330
A59
100
AcDbEntity
  8
0
 62
     0
100
AcDbLine
 10
143.301
 20
30.8378
 30
0.0
 11
143.301
 21
36.6377
 31
0.0
  0
LINE
  5
1F7
330
A59
100
AcDbEntity
  8
0
 62
     0
100
AcDbLine
 10
143.301
 20
36.6377
 30
0.0
 11
144.102
 21
36.6377
 31
0.0
  0
LINE
  5
1F8
330
A59
100
AcDbEntity
  8
0
 62
     0
100
AcDbLine
 10
144.102
 20
36.6377
 30
0.0
 11
144.102
 21
39.7372
 31
0.0
  0
LINE
  5
1F9
330
A59
100
AcDbEntity
  8
0
 62
     0
100
AcDbLine
 10
144.102
 20
39.7372
 30
0.0
 11
143.301
 21
39.7372
 31
0.0
  0
LINE
  5
1FA
330
A59
100
AcDbEntity
  8
0
 62
     0
100
AcDbLine
 10
143.301
 20
39.7372
 30
0.0
 11
143.301
 21
40.7377
 31
0.0
  0
LINE
  5
1FB
330
A59
100
AcDbEntity
  8
0
 62
     0
100
AcDbLine
 10
143.301
 20
40.7377
 30
0.0
 11
129.301
 21
40.7377
 31
0.0
  0
LINE
  5
1FC
330
A59
100
AcDbEntity
  8
0
 62
     0
100
AcDbLine
 10
156.924
 20
40.7377
 30
0.0
 11
156.924
 21
39.7372
 31
0.0
  0
LINE
  5
1FD
330
A59
100
AcDbEntity
  8
0
 62
     0
100
AcDbLine
 10
156.924
 20
39.7372
 30
0.0
 11
156.124
 21
39.7372
 31
0.0
  0
LINE
  5
1FE
330
A59
100
AcDbEntity
  8
0
 62
     0
100
AcDbLine
 10
156.124
 20
39.7372
 30
0.0
 11
156.124
 21
36.6377
 31
0.0
  0
LINE
  5
1FF
330
A59
100
AcDbEntity
  8
0
 62
     0
100
AcDbLine
 10
156.124
 20
36.6377
 30
0.0
 11
156.924
 21
36.6377
 31
0.0
  0
LINE
  5
200
330
A59
100
AcDbEntity
  8
0
 62
     0
100
AcDbLine
 10
156.924
 20
36.6377
 30
0.0
 11
156.924
 21
30.8378
 31
0.0
  0
LINE
  5
201
330
A59
100
AcDbEntity
  8
0
 62
     0
100
AcDbLine
 10
156.924
 20
30.8378
 30
0.0
 11
156.124
 21
30.8378
 31
0.0
  0
LINE
  5
202
330
A59
100
AcDbEntity
  8
0
 62
     0
100
AcDbLine
 10
156.124
 20
30.8378
 30
0.0
 11
156.124
 21
27.7372
 31
0.0
  0
LINE
  5
203
330
A59
100
AcDbEntity
  8
0
 62
     0
100
AcDbLine
 10
156.124
 20
27.7372
 30
0.0
 11
156.924
 21
27.7372
 31
0.0
  0
LINE
  5
204
330
A59
100
AcDbEntity
  8
0
 62
     0
100
AcDbLine
 10
156.924
 20
27.7372
 30
0.0
 11
156.924
 21
26.7381
 31
0.0
  0
LINE
  5
205
330
A59
100
AcDbEntity
  8
0
 62
     0
100
AcDbLine
 10
156.924
 20
26.7381
 30
0.0
 11
170.924
 21
26.7381
 31
0.0
  0
LINE
  5
206
330
A59
100
AcDbEntity
  8
0
 62
     0
100
AcDbLine
 10
170.924
 20
26.7381
 30
0.0
 11
170.924
 21
27.7372
 31
0.0
  0
LINE
  5
207
330
A59
100
AcDbEntity
  8
0
 62
     0
100
AcDbLine
 10
170.924
 20
27.7372
 30
0.0
 11
171.724
 21
27.7372
 31
0.0
  0
LINE
  5
208
330
A59
100
AcDbEntity
  8
0
 62
     0
100
AcDbLine
 10
171.724
 20
27.7372
 30
0.0
 11
171.724
 21
30.8378
 31
0.0
  0
LINE
  5
209
330
A59
100
AcDbEntity
  8
0
 62
     0
100
AcDbLine
 10
171.724
 20
30.8378
 30
0.0
 11
170.924
 21
30.8378
 31
0.0
  0
LINE
  5
20A
330
A59
100
AcDbEntity
  8
0
 62
     0
100
AcDbLine
 10
170.924
 20
30.8378
 30
0.0
 11
170.924
 21
36.6377
 31
0.0
  0
LINE
  5
20B
330
A59
100
AcDbEntity
  8
0
 62
     0
100
AcDbLine
 10
170.924
 20
36.6377
 30
0.0
 11
171.724
 21
36.6377
 31
0.0
  0
LINE
  5
20C
330
A59
100
AcDbEntity
  8
0
 62
     0
100
AcDbLine
 10
171.724
 20
36.6377
 30
0.0
 11
171.724
 21
39.7372
 31
0.0
  0
LINE
  5
20D
330
A59
100
AcDbEntity
  8
0
 62
     0
100
AcDbLine
 10
171.724
 20
39.7372
 30
0.0
 11
170.924
 21
39.7372
 31
0.0
  0
LINE
  5
20E
330
A59
100
AcDbEntity
  8
0
 62
     0
100
AcDbLine
 10
170.924
 20
39.7372
 30
0.0
 11
170.924
 21
40.7377
 31
0.0
  0
LINE
  5
20F
330
A59
100
AcDbEntity
  8
0
 62
     0
100
AcDbLine
 10
170.924
 20
40.7377
 30
0.0
 11
156.924
 21
40.7377
 31
0.0
  0
LINE
  5
210
330
A59
100
AcDbEntity
  8
0
 62
     0
100
AcDbLine
 10
175.974
 20
40.7377
 30
0.0
 11
175.974
 21
39.7372
 31
0.0
  0
LINE
  5
211
330
A59
100
AcDbEntity
  8
0
 62
     0
100
AcDbLine
 10
175.974
 20
39.7372
 30
0.0
 11
175.174
 21
39.7372
 31
0.0
  0
LINE
  5
212
330
A59
100
AcDbEntity
  8
0
 62
     0
100
AcDbLine
 10
175.174
 20
39.7372
 30
0.0
 11
175.174
 21
36.6377
 31
0.0
  0
LINE
  5
213
330
A59
100
AcDbEntity
  8
0
 62
     0
100
AcDbLine
 10
175.174
 20
36.6377
 30
0.0
 11
175.974
 21
36.6377
 31
0.0
  0
LINE
  5
214
330
A59
100
AcDbEntity
  8
0
 62
     0
100
AcDbLine
 10
175.974
 20
36.6377
 30
0.0
 11
175.974
 21
30.8378
 31
0.0
  0
LINE
  5
215
330
A59
100
AcDbEntity
  8
0
 62
     0
100
AcDbLine
 10
175.974
 20
30.8378
 30
0.0
 11
175.174
 21
30.8378
 31
0.0
  0
LINE
  5
216
330
A59
100
AcDbEntity
  8
0
 62
     0
100
AcDbLine
 10
175.174
 20
30.8378
 30
0.0
 11
175.174
 21
27.7372
 31
0.0
  0
LINE
  5
217
330
A59
100
AcDbEntity
  8
0
 62
     0
100
AcDbLine
 10
175.174
 20
27.7372
 30
0.0
 11
175.974
 21
27.7372
 31
0.0
  0
LINE
  5
218
330
A59
100
AcDbEntity
  8
0
 62
     0
100
AcDbLine
 10
175.974
 20
27.7372
 30
0.0
 11
175.974
 21
26.7381
 31
0.0
  0
LINE
  5
219
330
A59
100
AcDbEntity
  8
0
 62
     0
100
AcDbLine
 10
175.974
 20
26.7381
 30
0.0
 11
189.975
 21
26.7381
 31
0.0
  0
LINE
  5
21A
330
A59
100
AcDbEntity
  8
0
 62
     0
100
AcDbLine
 10
189.975
 20
26.7381
 30
0.0
 11
189.975
 21
27.7372
 31
0.0
  0
LINE
  5
21B
330
A59
100
AcDbEntity
  8
0
 62
     0
100
AcDbLine
 10
189.975
 20
27.7372
 30
0.0
 11
190.774
 21
27.7372
 31
0.0
  0
LINE
  5
21C
330
A59
100
AcDbEntity
  8
0
 62
     0
100
AcDbLine
 10
190.774
 20
27.7372
 30
0.0
 11
190.774
 21
30.8378
 31
0.0
  0
LINE
  5
21D
330
A59
100
AcDbEntity
  8
0
 62
     0
100
AcDbLine
 10
190.774
 20
30.8378
 30
0.0
 11
189.975
 21
30.8378
 31
0.0
  0
LINE
  5
21E
330
A59
100
AcDbEntity
  8
0
 62
     0
100
AcDbLine
 10
189.975
 20
30.8378
 30
0.0
 11
189.975
 21
36.6377
 31
0.0
  0
LINE
  5
21F
330
A59
100
AcDbEntity
  8
0
 62
     0
100
AcDbLine
 10
189.975
 20
36.6377
 30
0.0
 11
190.774
 21
36.6377
 31
0.0
  0
LINE
  5
220
330
A59
100
AcDbEntity
  8
0
 62
     0
100
AcDbLine
 10
190.774
 20
36.6377
 30
0.0
 11
190.774
 21
39.7372
 31
0.0
  0
LINE
  5
221
330
A59
100
AcDbEntity
  8
0
 62
     0
100
AcDbLine
 10
190.774
 20
39.7372
 30
0.0
 11
189.975
 21
39.7372
 31
0.0
  0
LINE
  5
222
330
A59
100
AcDbEntity
  8
0
 62
     0
100
AcDbLine
 10
189.975
 20
39.7372
 30
0.0
 11
189.975
 21
40.7377
 31
0.0
  0
LINE
  5
223
330
A59
100
AcDbEntity
  8
0
 62
     0
100
AcDbLine
 10
189.975
 20
40.7377
 30
0.0
 11
175.974
 21
40.7377
 31
0.0
  0
LINE
  5
224
330
A59
100
AcDbEntity
  8
0
 62
     0
100
AcDbLine
 10
195.024
 20
40.7377
 30
0.0
 11
195.024
 21
39.7372
 31
0.0
  0
LINE
  5
225
330
A59
100
AcDbEntity
  8
0
 62
     0
100
AcDbLine
 10
195.024
 20
39.7372
 30
0.0
 11
194.225
 21
39.7372
 31
0.0
  0
LINE
  5
226
330
A59
100
AcDbEntity
  8
0
 62
     0
100
AcDbLine
 10
194.225
 20
39.7372
 30
0.0
 11
194.225
 21
36.6377
 31
0.0
  0
LINE
  5
227
330
A59
100
AcDbEntity
  8
0
 62
     0
100
AcDbLine
 10
194.225
 20
36.6377
 30
0.0
 11
195.024
 21
36.6377
 31
0.0
  0
LINE
  5
228
330
A59
100
AcDbEntity
  8
0
 62
     0
100
AcDbLine
 10
195.024
 20
36.6377
 30
0.0
 11
195.024
 21
30.8378
 31
0.0
  0
LINE
  5
229
330
A59
100
AcDbEntity
  8
0
 62
     0
100
AcDbLine
 10
195.024
 20
30.8378
 30
0.0
 11
194.225
 21
30.8378
 31
0.0
  0
LINE
  5
22A
330
A59
100
AcDbEntity
  8
0
 62
     0
100
AcDbLine
 10
194.225
 20
30.8378
 30
0.0
 11
194.225
 21
27.7372
 31
0.0
  0
LINE
  5
22B
330
A59
100
AcDbEntity
  8
0
 62
     0
100
AcDbLine
 10
194.225
 20
27.7372
 30
0.0
 11
195.024
 21
27.7372
 31
0.0
  0
LINE
  5
22C
330
A59
100
AcDbEntity
  8
0
 62
     0
100
AcDbLine
 10
195.024
 20
27.7372
 30
0.0
 11
195.024
 21
26.7381
 31
0.0
  0
LINE
  5
22D
330
A59
100
AcDbEntity
  8
0
 62
     0
100
AcDbLine
 10
195.024
 20
26.7381
 30
0.0
 11
209.025
 21
26.7381
 31
0.0
  0
LINE
  5
22E
330
A59
100
AcDbEntity
  8
0
 62
     0
100
AcDbLine
 10
209.025
 20
26.7381
 30
0.0
 11
209.025
 21
27.7372
 31
0.0
  0
LINE
  5
22F
330
A59
100
AcDbEntity
  8
0
 62
     0
100
AcDbLine
 10
209.025
 20
27.7372
 30
0.0
 11
209.824
 21
27.7372
 31
0.0
  0
LINE
  5
230
330
A59
100
AcDbEntity
  8
0
 62
     0
100
AcDbLine
 10
209.824
 20
27.7372
 30
0.0
 11
209.824
 21
30.8378
 31
0.0
  0
LINE
  5
231
330
A59
100
AcDbEntity
  8
0
 62
     0
100
AcDbLine
 10
209.824
 20
30.8378
 30
0.0
 11
209.025
 21
30.8378
 31
0.0
  0
LINE
  5
232
330
A59
100
AcDbEntity
  8
0
 62
     0
100
AcDbLine
 10
209.025
 20
30.8378
 30
0.0
 11
209.025
 21
36.6377
 31
0.0
  0
LINE
  5
233
330
A59
100
AcDbEntity
  8
0
 62
     0
100
AcDbLine
 10
209.025
 20
36.6377
 30
0.0
 11
209.824
 21
36.6377
 31
0.0
  0
LINE
  5
234
330
A59
100
AcDbEntity
  8
0
 62
     0
100
AcDbLine
 10
209.824
 20
36.6377
 30
0.0
 11
209.824
 21
39.7372
 31
0.0
  0
LINE
  5
235
330
A59
100
AcDbEntity
  8
0
 62
     0
100
AcDbLine
 10
209.824
 20
39.7372
 30
0.0
 11
209.025
 21
39.7372
 31
0.0
  0
LINE
  5
236
330
A59
100
AcDbEntity
  8
0
 62
     0
100
AcDbLine
 10
209.025
 20
39.7372
 30
0.0
 11
209.025
 21
40.7377
 31
0.0
  0
LINE
  5
237
330
A59
100
AcDbEntity
  8
0
 62
     0
100
AcDbLine
 10
209.025
 20
40.7377
 30
0.0
 11
195.024
 21
40.7377
 31
0.0
  0
LINE
  5
238
330
A59
100
AcDbEntity
  8
0
 62
     0
100
AcDbLine
 10
214.074
 20
40.7377
 30
0.0
 11
214.074
 21
39.7372
 31
0.0
  0
LINE
  5
239
330
A59
100
AcDbEntity
  8
0
 62
     0
100
AcDbLine
 10
214.074
 20
39.7372
 30
0.0
 11
213.275
 21
39.7372
 31
0.0
  0
LINE
  5
23A
330
A59
100
AcDbEntity
  8
0
 62
     0
100
AcDbLine
 10
213.275
 20
39.7372
 30
0.0
 11
213.275
 21
36.6377
 31
0.0
  0
LINE
  5
23B
330
A59
100
AcDbEntity
  8
0
 62
     0
100
AcDbLine
 10
213.275
 20
36.6377
 30
0.0
 11
214.074
 21
36.6377
 31
0.0
  0
LINE
  5
23C
330
A59
100
AcDbEntity
  8
0
 62
     0
100
AcDbLine
 10
214.074
 20
36.6377
 30
0.0
 11
214.074
 21
30.8378
 31
0.0
  0
LINE
  5
23D
330
A59
100
AcDbEntity
  8
0
 62
     0
100
AcDbLine
 10
214.074
 20
30.8378
 30
0.0
 11
213.275
 21
30.8378
 31
0.0
  0
LINE
  5
23E
330
A59
100
AcDbEntity
  8
0
 62
     0
100
AcDbLine
 10
213.275
 20
30.8378
 30
0.0
 11
213.275
 21
27.7372
 31
0.0
  0
LINE
  5
23F
330
A59
100
AcDbEntity
  8
0
 62
     0
100
AcDbLine
 10
213.275
 20
27.7372
 30
0.0
 11
214.074
 21
27.7372
 31
0.0
  0
LINE
  5
240
330
A59
100
AcDbEntity
  8
0
 62
     0
100
AcDbLine
 10
214.074
 20
27.7372
 30
0.0
 11
214.074
 21
26.7381
 31
0.0
  0
LINE
  5
241
330
A59
100
AcDbEntity
  8
0
 62
     0
100
AcDbLine
 10
214.074
 20
26.7381
 30
0.0
 11
228.075
 21
26.7381
 31
0.0
  0
LINE
  5
242
330
A59
100
AcDbEntity
  8
0
 62
     0
100
AcDbLine
 10
228.075
 20
26.7381
 30
0.0
 11
228.075
 21
27.7372
 31
0.0
  0
LINE
  5
243
330
A59
100
AcDbEntity
  8
0
 62
     0
100
AcDbLine
 10
228.075
 20
27.7372
 30
0.0
 11
228.874
 21
27.7372
 31
0.0
  0
LINE
  5
244
330
A59
100
AcDbEntity
  8
0
 62
     0
100
AcDbLine
 10
228.874
 20
27.7372
 30
0.0
 11
228.874
 21
30.8378
 31
0.0
  0
LINE
  5
245
330
A59
100
AcDbEntity
  8
0
 62
     0
100
AcDbLine
 10
228.874
 20
30.8378
 30
0.0
 11
228.075
 21
30.8378
 31
0.0
  0
LINE
  5
246
330
A59
100
AcDbEntity
  8
0
 62
     0
100
AcDbLine
 10
228.075
 20
30.8378
 30
0.0
 11
228.075
 21
36.6377
 31
0.0
  0
LINE
  5
247
330
A59
100
AcDbEntity
  8
0
 62
     0
100
AcDbLine
 10
228.075
 20
36.6377
 30
0.0
 11
228.874
 21
36.6377
 31
0.0
  0
LINE
  5
248
330
A59
100
AcDbEntity
  8
0
 62
     0
100
AcDbLine
 10
228.874
 20
36.6377
 30
0.0
 11
228.874
 21
39.7372
 31
0.0
  0
LINE
  5
249
330
A59
100
AcDbEntity
  8
0
 62
     0
100
AcDbLine
 10
228.874
 20
39.7372
 30
0.0
 11
228.075
 21
39.7372
 31
0.0
  0
LINE
  5
24A
330
A59
100
AcDbEntity
  8
0
 62
     0
100
AcDbLine
 10
228.075
 20
39.7372
 30
0.0
 11
228.075
 21
40.7377
 31
0.0
  0
LINE
  5
24B
330
A59
100
AcDbEntity
  8
0
 62
     0
100
AcDbLine
 10
228.075
 20
40.7377
 30
0.0
 11
214.074
 21
40.7377
 31
0.0
  0
LINE
  5
24C
330
A59
100
AcDbEntity
  8
0
 62
     0
100
AcDbLine
 10
233.124
 20
40.7377
 30
0.0
 11
233.124
 21
39.7372
 31
0.0
  0
LINE
  5
24D
330
A59
100
AcDbEntity
  8
0
 62
     0
100
AcDbLine
 10
233.124
 20
39.7372
 30
0.0
 11
232.325
 21
39.7372
 31
0.0
  0
LINE
  5
24E
330
A59
100
AcDbEntity
  8
0
 62
     0
100
AcDbLine
 10
232.325
 20
39.7372
 30
0.0
 11
232.325
 21
36.6377
 31
0.0
  0
LINE
  5
24F
330
A59
100
AcDbEntity
  8
0
 62
     0
100
AcDbLine
 10
232.325
 20
36.6377
 30
0.0
 11
233.124
 21
36.6377
 31
0.0
  0
LINE
  5
250
330
A59
100
AcDbEntity
  8
0
 62
     0
100
AcDbLine
 10
233.124
 20
36.6377
 30
0.0
 11
233.124
 21
30.8378
 31
0.0
  0
LINE
  5
251
330
A59
100
AcDbEntity
  8
0
 62
     0
100
AcDbLine
 10
233.124
 20
30.8378
 30
0.0
 11
232.325
 21
30.8378
 31
0.0
  0
LWPOLYLINE
  5
A32
330
A59
100
AcDbEntity
  8
livello 1
100
AcDbPolyline
 90
        8
 70
   129
 43
0.0
 10
141.8959148739187
 20
208.7566724210538
 42
-0.4142252786206343
 10
144.3959148719186
 20
206.2566724210409
 10
144.3959148719186
 20
192.2568724190538
 42
-0.4142252786190316
 10
141.8959148719186
 20
189.7569724210538
 10
108.8469148719186
 20
189.7569724210538
 42
-0.4142135623730901
 10
106.3469148719186
 20
192.2569724210538
 10
106.3469148719186
 20
206.2566724230539
 42
-0.4142252786207981
 10
108.8469148719186
 20
208.7566724210538
  0
LWPOLYLINE
  5
A37
330
A59
100
AcDbEntity
  8
livello 1
100
AcDbPolyline
 90
        8
 70
   129
 43
0.0
 10
138.5645000020002
 20
22.28179999999998
 42
-0.4142252786206343
 10
141.0645000000001
 20
19.78179999998704
 10
141.0645000000001
 20
5.781999997999947
 42
-0.4142252786190316
 10
138.5645000000001
 20
3.282100000000014
 10
105.5155000000001
 20
3.282100000000014
 42
-0.4142135623730901
 10
103.0155000000001
 20
5.782100000000014
 10
103.0155000000001
 20
19.78180000200007
 42
-0.4142252786207981
 10
105.5155000000001
 20
22.28179999999998
  0
LWPOLYLINE
  5
A38
330
A59
100
AcDbEntity
  8
livello 1
100
AcDbPolyline
 90
        8
 70
   129
 43
0.0
 10
194.7615000020002
 20
22.28179999999998
 42
-0.4142252786206343
 10
197.2615000000001
 20
19.78179999998704
 10
197.2615000000001
 20
5.781999997999947
 42
-0.4142252786190316
 10
194.7615000000001
 20
3.282100000000014
 10
161.7125000000001
 20
3.282100000000014
 42
-0.4142135623730901
 10
159.2125000000001
 20
5.782100000000014
 10
159.2125000000001
 20
19.78180000200007
 42
-0.4142252786207981
 10
161.7125000000001
 20
22.28179999999998
  0
LWPOLYLINE
  5
A39
330
A59
100
AcDbEntity
  8
livello 1
100
AcDbPolyline
 90
        8
 70
   129
 43
0.0
 10
323.3495000020001
 20
100.3878
 42
-0.4142252786206343
 10
325.8495
 20
97.88779999998707
 10
325.8495
 20
83.88799999799997
 42
-0.4142252786190316
 10
323.3495
 20
81.38810000000004
 10
290.3005000000001
 20
81.38810000000004
 42
-0.4142135623730901
 10
287.8005000000001
 20
83.88810000000004
 10
287.8005000000001
 20
97.88780000200009
 42
-0.4142252786207981
 10
290.3005000000001
 20
100.3878
  0
LINE
  5
252
330
A59
100
AcDbEntity
  8
0
 62
     0
100
AcDbLine
 10
232.325
 20
30.8378
 30
0.0
 11
232.325
 21
27.7372
 31
0.0
  0
LINE
  5
253
330
A59
100
AcDbEntity
  8
0
 62
     0
100
AcDbLine
 10
232.325
 20
27.7372
 30
0.0
 11
233.124
 21
27.7372
 31
0.0
  0
LINE
  5
254
330
A59
100
AcDbEntity
  8
0
 62
     0
100
AcDbLine
 10
233.124
 20
27.7372
 30
0.0
 11
233.124
 21
26.7381
 31
0.0
  0
LINE
  5
255
330
A59
100
AcDbEntity
  8
0
 62
     0
100
AcDbLine
 10
233.124
 20
26.7381
 30
0.0
 11
247.125
 21
26.7381
 31
0.0
  0
LINE
  5
256
330
A59
100
AcDbEntity
  8
0
 62
     0
100
AcDbLine
 10
247.125
 20
26.7381
 30
0.0
 11
247.125
 21
27.7372
 31
0.0
  0
LINE
  5
257
330
A59
100
AcDbEntity
  8
0
 62
     0
100
AcDbLine
 10
247.125
 20
27.7372
 30
0.0
 11
247.924
 21
27.7372
 31
0.0
  0
LINE
  5
258
330
A59
100
AcDbEntity
  8
0
 62
     0
100
AcDbLine
 10
247.924
 20
27.7372
 30
0.0
 11
247.924
 21
30.8378
 31
0.0
  0
LINE
  5
259
330
A59
100
AcDbEntity
  8
0
 62
     0
100
AcDbLine
 10
247.924
 20
30.8378
 30
0.0
 11
247.125
 21
30.8378
 31
0.0
  0
LINE
  5
25A
330
A59
100
AcDbEntity
  8
0
 62
     0
100
AcDbLine
 10
247.125
 20
30.8378
 30
0.0
 11
247.125
 21
36.6377
 31
0.0
  0
LINE
  5
25B
330
A59
100
AcDbEntity
  8
0
 62
     0
100
AcDbLine
 10
247.125
 20
36.6377
 30
0.0
 11
247.924
 21
36.6377
 31
0.0
  0
LINE
  5
25C
330
A59
100
AcDbEntity
  8
0
 62
     0
100
AcDbLine
 10
247.924
 20
36.6377
 30
0.0
 11
247.924
 21
39.7372
 31
0.0
  0
LINE
  5
25D
330
A59
100
AcDbEntity
  8
0
 62
     0
100
AcDbLine
 10
247.924
 20
39.7372
 30
0.0
 11
247.125
 21
39.7372
 31
0.0
  0
LINE
  5
25E
330
A59
100
AcDbEntity
  8
0
 62
     0
100
AcDbLine
 10
247.125
 20
39.7372
 30
0.0
 11
247.125
 21
40.7377
 31
0.0
  0
LINE
  5
25F
330
A59
100
AcDbEntity
  8
0
 62
     0
100
AcDbLine
 10
247.125
 20
40.7377
 30
0.0
 11
233.124
 21
40.7377
 31
0.0
  0
LINE
  5
260
330
A59
100
AcDbEntity
  8
0
 62
     0
100
AcDbLine
 10
254.555
 20
40.7377
 30
0.0
 11
254.555
 21
39.7372
 31
0.0
  0
LINE
  5
261
330
A59
100
AcDbEntity
  8
0
 62
     0
100
AcDbLine
 10
254.555
 20
39.7372
 30
0.0
 11
253.756
 21
39.7372
 31
0.0
  0
LINE
  5
262
330
A59
100
AcDbEntity
  8
0
 62
     0
100
AcDbLine
 10
253.756
 20
39.7372
 30
0.0
 11
253.756
 21
36.6377
 31
0.0
  0
LINE
  5
263
330
A59
100
AcDbEntity
  8
0
 62
     0
100
AcDbLine
 10
253.756
 20
36.6377
 30
0.0
 11
254.555
 21
36.6377
 31
0.0
  0
LINE
  5
264
330
A59
100
AcDbEntity
  8
0
 62
     0
100
AcDbLine
 10
254.555
 20
36.6377
 30
0.0
 11
254.555
 21
30.8378
 31
0.0
  0
LINE
  5
265
330
A59
100
AcDbEntity
  8
0
 62
     0
100
AcDbLine
 10
254.555
 20
30.8378
 30
0.0
 11
253.756
 21
30.8378
 31
0.0
  0
LINE
  5
266
330
A59
100
AcDbEntity
  8
0
 62
     0
100
AcDbLine
 10
253.756
 20
30.8378
 30
0.0
 11
253.756
 21
27.7372
 31
0.0
  0
LINE
  5
267
330
A59
100
AcDbEntity
  8
0
 62
     0
100
AcDbLine
 10
253.756
 20
27.7372
 30
0.0
 11
254.555
 21
27.7372
 31
0.0
  0
LINE
  5
268
330
A59
100
AcDbEntity
  8
0
 62
     0
100
AcDbLine
 10
254.555
 20
27.7372
 30
0.0
 11
254.555
 21
26.7381
 31
0.0
  0
LINE
  5
269
330
A59
100
AcDbEntity
  8
0
 62
     0
100
AcDbLine
 10
254.555
 20
26.7381
 30
0.0
 11
268.555
 21
26.7381
 31
0.0
  0
LINE
  5
26A
330
A59
100
AcDbEntity
  8
0
 62
     0
100
AcDbLine
 10
268.555
 20
26.7381
 30
0.0
 11
268.555
 21
27.7372
 31
0.0
  0
LINE
  5
26B
330
A59
100
AcDbEntity
  8
0
 62
     0
100
AcDbLine
 10
268.555
 20
27.7372
 30
0.0
 11
269.355
 21
27.7372
 31
0.0
  0
LINE
  5
26C
330
A59
100
AcDbEntity
  8
0
 62
     0
100
AcDbLine
 10
269.355
 20
27.7372
 30
0.0
 11
269.355
 21
30.8378
 31
0.0
  0
LINE
  5
26D
330
A59
100
AcDbEntity
  8
0
 62
     0
100
AcDbLine
 10
269.355
 20
30.8378
 30
0.0
 11
268.555
 21
30.8378
 31
0.0
  0
LINE
  5
26E
330
A59
100
AcDbEntity
  8
0
 62
     0
100
AcDbLine
 10
268.555
 20
30.8378
 30
0.0
 11
268.555
 21
36.6377
 31
0.0
  0
LINE
  5
26F
330
A59
100
AcDbEntity
  8
0
 62
     0
100
AcDbLine
 10
268.555
 20
36.6377
 30
0.0
 11
269.355
 21
36.6377
 31
0.0
  0
LINE
  5
270
330
A59
100
AcDbEntity
  8
0
 62
     0
100
AcDbLine
 10
269.355
 20
36.6377
 30
0.0
 11
269.355
 21
39.7372
 31
0.0
  0
LINE
  5
271
330
A59
100
AcDbEntity
  8
0
 62
     0
100
AcDbLine
 10
269.355
 20
39.7372
 30
0.0
 11
268.555
 21
39.7372
 31
0.0
  0
LINE
  5
272
330
A59
100
AcDbEntity
  8
0
 62
     0
100
AcDbLine
 10
268.555
 20
39.7372
 30
0.0
 11
268.555
 21
40.7377
 31
0.0
  0
LINE
  5
273
330
A59
100
AcDbEntity
  8
0
 62
     0
100
AcDbLine
 10
268.555
 20
40.7377
 30
0.0
 11
254.555
 21
40.7377
 31
0.0
  0
LINE
  5
274
330
A59
100
AcDbEntity
  8
0
 62
     0
100
AcDbLine
 10
328.374
 20
50.2627
 30
0.0
 11
328.374
 21
49.2622
 31
0.0
  0
LINE
  5
275
330
A59
100
AcDbEntity
  8
0
 62
     0
100
AcDbLine
 10
328.374
 20
49.2622
 30
0.0
 11
327.575
 21
49.2622
 31
0.0
  0
LINE
  5
276
330
A59
100
AcDbEntity
  8
0
 62
     0
100
AcDbLine
 10
327.575
 20
49.2622
 30
0.0
 11
327.575
 21
46.1627
 31
0.0
  0
LINE
  5
277
330
A59
100
AcDbEntity
  8
0
 62
     0
100
AcDbLine
 10
327.575
 20
46.1627
 30
0.0
 11
328.374
 21
46.1627
 31
0.0
  0
LINE
  5
278
330
A59
100
AcDbEntity
  8
0
 62
     0
100
AcDbLine
 10
328.374
 20
46.1627
 30
0.0
 11
328.374
 21
40.3627
 31
0.0
  0
LINE
  5
279
330
A59
100
AcDbEntity
  8
0
 62
     0
100
AcDbLine
 10
328.374
 20
40.3627
 30
0.0
 11
327.575
 21
40.3627
 31
0.0
  0
LINE
  5
27A
330
A59
100
AcDbEntity
  8
0
 62
     0
100
AcDbLine
 10
327.575
 20
40.3627
 30
0.0
 11
327.575
 21
37.2622
 31
0.0
  0
LINE
  5
27B
330
A59
100
AcDbEntity
  8
0
 62
     0
100
AcDbLine
 10
327.575
 20
37.2622
 30
0.0
 11
328.374
 21
37.2622
 31
0.0
  0
LINE
  5
27C
330
A59
100
AcDbEntity
  8
0
 62
     0
100
AcDbLine
 10
328.374
 20
37.2622
 30
0.0
 11
328.374
 21
36.2631
 31
0.0
  0
LINE
  5
27D
330
A59
100
AcDbEntity
  8
0
 62
     0
100
AcDbLine
 10
328.374
 20
36.2631
 30
0.0
 11
342.375
 21
36.2631
 31
0.0
  0
LINE
  5
27E
330
A59
100
AcDbEntity
  8
0
 62
     0
100
AcDbLine
 10
342.375
 20
36.2631
 30
0.0
 11
342.375
 21
37.2622
 31
0.0
  0
LINE
  5
27F
330
A59
100
AcDbEntity
  8
0
 62
     0
100
AcDbLine
 10
342.375
 20
37.2622
 30
0.0
 11
343.174
 21
37.2622
 31
0.0
  0
LINE
  5
280
330
A59
100
AcDbEntity
  8
0
 62
     0
100
AcDbLine
 10
343.174
 20
37.2622
 30
0.0
 11
343.174
 21
40.3627
 31
0.0
  0
LINE
  5
281
330
A59
100
AcDbEntity
  8
0
 62
     0
100
AcDbLine
 10
343.174
 20
40.3627
 30
0.0
 11
342.375
 21
40.3627
 31
0.0
  0
LINE
  5
282
330
A59
100
AcDbEntity
  8
0
 62
     0
100
AcDbLine
 10
342.375
 20
40.3627
 30
0.0
 11
342.375
 21
46.1627
 31
0.0
  0
LINE
  5
283
330
A59
100
AcDbEntity
  8
0
 62
     0
100
AcDbLine
 10
342.375
 20
46.1627
 30
0.0
 11
343.174
 21
46.1627
 31
0.0
  0
LINE
  5
284
330
A59
100
AcDbEntity
  8
0
 62
     0
100
AcDbLine
 10
343.174
 20
46.1627
 30
0.0
 11
343.174
 21
49.2622
 31
0.0
  0
LINE
  5
285
330
A59
100
AcDbEntity
  8
0
 62
     0
100
AcDbLine
 10
343.174
 20
49.2622
 30
0.0
 11
342.375
 21
49.2622
 31
0.0
  0
LINE
  5
286
330
A59
100
AcDbEntity
  8
0
 62
     0
100
AcDbLine
 10
342.375
 20
49.2622
 30
0.0
 11
342.375
 21
50.2627
 31
0.0
  0
LINE
  5
287
330
A59
100
AcDbEntity
  8
0
 62
     0
100
AcDbLine
 10
342.375
 20
50.2627
 30
0.0
 11
328.374
 21
50.2627
 31
0.0
  0
LINE
  5
288
330
A59
100
AcDbEntity
  8
0
100
AcDbLine
 10
26.36084999999996
 20
59.78764999900004
 30
0.0
 11
26.36084999999996
 21
58.78714999900004
 31
0.0
  0
LINE
  5
289
330
A59
100
AcDbEntity
  8
0
100
AcDbLine
 10
26.36084999999996
 20
58.78714999900004
 30
0.0
 11
25.56154999999996
 21
58.78714999900004
 31
0.0
  0
LINE
  5
28A
330
A59
100
AcDbEntity
  8
0
100
AcDbLine
 10
25.56154999999996
 20
58.78714999900004
 30
0.0
 11
25.56154999999996
 21
55.68764999900004
 31
0.0
  0
LINE
  5
28B
330
A59
100
AcDbEntity
  8
0
100
AcDbLine
 10
25.56154999999996
 20
55.68764999900004
 30
0.0
 11
26.36084999999996
 21
55.68764999900004
 31
0.0
  0
LINE
  5
28C
330
A59
100
AcDbEntity
  8
0
100
AcDbLine
 10
26.36084999999996
 20
55.68764999900004
 30
0.0
 11
26.36084999999996
 21
49.88764999900004
 31
0.0
  0
LINE
  5
28D
330
A59
100
AcDbEntity
  8
0
100
AcDbLine
 10
26.36084999999996
 20
49.88764999900004
 30
0.0
 11
25.56154999999996
 21
49.88764999900004
 31
0.0
  0
LINE
  5
28E
330
A59
100
AcDbEntity
  8
0
100
AcDbLine
 10
25.56154999999996
 20
49.88764999900004
 30
0.0
 11
25.56154999999996
 21
46.78714999900004
 31
0.0
  0
LINE
  5
28F
330
A59
100
AcDbEntity
  8
0
100
AcDbLine
 10
25.56154999999996
 20
46.78714999900004
 30
0.0
 11
26.36084999999996
 21
46.78714999900004
 31
0.0
  0
LINE
  5
290
330
A59
100
AcDbEntity
  8
0
100
AcDbLine
 10
26.36084999999996
 20
46.78714999900004
 30
0.0
 11
26.36084999999996
 21
45.78804999900004
 31
0.0
  0
LINE
  5
291
330
A59
100
AcDbEntity
  8
0
100
AcDbLine
 10
26.36084999999996
 20
45.78804999900004
 30
0.0
 11
40.36044999999996
 21
45.78804999900004
 31
0.0
  0
LINE
  5
292
330
A59
100
AcDbEntity
  8
0
100
AcDbLine
 10
40.36044999999996
 20
45.78804999900004
 30
0.0
 11
40.36044999999996
 21
46.78714999900004
 31
0.0
  0
LINE
  5
293
330
A59
100
AcDbEntity
  8
0
100
AcDbLine
 10
40.36044999999996
 20
46.78714999900004
 30
0.0
 11
41.15944999999996
 21
46.78714999900004
 31
0.0
  0
LINE
  5
294
330
A59
100
AcDbEntity
  8
0
100
AcDbLine
 10
41.15944999999996
 20
46.78714999900004
 30
0.0
 11
41.15944999999996
 21
49.88764999900004
 31
0.0
  0
LINE
  5
295
330
A59
100
AcDbEntity
  8
0
100
AcDbLine
 10
41.15944999999996
 20
49.88764999900004
 30
0.0
 11
40.36044999999996
 21
49.88764999900004
 31
0.0
  0
LINE
  5
296
330
A59
100
AcDbEntity
  8
0
100
AcDbLine
 10
40.36044999999996
 20
49.88764999900004
 30
0.0
 11
40.36044999999996
 21
55.68764999900004
 31
0.0
  0
LINE
  5
297
330
A59
100
AcDbEntity
  8
0
100
AcDbLine
 10
40.36044999999996
 20
55.68764999900004
 30
0.0
 11
41.15944999999996
 21
55.68764999900004
 31
0.0
  0
LINE
  5
298
330
A59
100
AcDbEntity
  8
0
100
AcDbLine
 10
41.15944999999996
 20
55.68764999900004
 30
0.0
 11
41.15944999999996
 21
58.78714999900004
 31
0.0
  0
LINE
  5
299
330
A59
100
AcDbEntity
  8
0
100
AcDbLine
 10
41.15944999999996
 20
58.78714999900004
 30
0.0
 11
40.36044999999996
 21
58.78714999900004
 31
0.0
  0
LINE
  5
29A
330
A59
100
AcDbEntity
  8
0
100
AcDbLine
 10
40.36044999999996
 20
58.78714999900004
 30
0.0
 11
40.36044999999996
 21
59.78764999900004
 31
0.0
  0
LINE
  5
29B
330
A59
100
AcDbEntity
  8
0
100
AcDbLine
 10
40.36044999999996
 20
59.78764999900004
 30
0.0
 11
26.36084999999996
 21
59.78764999900004
 31
0.0
  0
LINE
  5
29C
330
A59
100
AcDbEntity
  8
0
 62
     0
100
AcDbLine
 10
53.1012
 20
59.7877
 30
0.0
 11
53.1012
 21
58.7872
 31
0.0
  0
LINE
  5
29D
330
A59
100
AcDbEntity
  8
0
 62
     0
100
AcDbLine
 10
53.1012
 20
58.7872
 30
0.0
 11
52.3021
 21
58.7872
 31
0.0
  0
LINE
  5
29E
330
A59
100
AcDbEntity
  8
0
 62
     0
100
AcDbLine
 10
52.3021
 20
58.7872
 30
0.0
 11
52.3021
 21
55.6877
 31
0.0
  0
LINE
  5
29F
330
A59
100
AcDbEntity
  8
0
 62
     0
100
AcDbLine
 10
52.3021
 20
55.6877
 30
0.0
 11
53.1012
 21
55.6877
 31
0.0
  0
LINE
  5
2A0
330
A59
100
AcDbEntity
  8
0
 62
     0
100
AcDbLine
 10
53.1012
 20
55.6877
 30
0.0
 11
53.1012
 21
49.8877
 31
0.0
  0
LINE
  5
2A1
330
A59
100
AcDbEntity
  8
0
 62
     0
100
AcDbLine
 10
53.1012
 20
49.8877
 30
0.0
 11
52.3021
 21
49.8877
 31
0.0
  0
LINE
  5
2A2
330
A59
100
AcDbEntity
  8
0
 62
     0
100
AcDbLine
 10
52.3021
 20
49.8877
 30
0.0
 11
52.3021
 21
46.7872
 31
0.0
  0
LINE
  5
2A3
330
A59
100
AcDbEntity
  8
0
 62
     0
100
AcDbLine
 10
52.3021
 20
46.7872
 30
0.0
 11
53.1012
 21
46.7872
 31
0.0
  0
LINE
  5
2A4
330
A59
100
AcDbEntity
  8
0
 62
     0
100
AcDbLine
 10
53.1012
 20
46.7872
 30
0.0
 11
53.1012
 21
45.7881
 31
0.0
  0
LINE
  5
2A5
330
A59
100
AcDbEntity
  8
0
 62
     0
100
AcDbLine
 10
53.1012
 20
45.7881
 30
0.0
 11
67.1008
 21
45.7881
 31
0.0
  0
LINE
  5
2A6
330
A59
100
AcDbEntity
  8
0
 62
     0
100
AcDbLine
 10
67.1008
 20
45.7881
 30
0.0
 11
67.1008
 21
46.7872
 31
0.0
  0
LINE
  5
2A7
330
A59
100
AcDbEntity
  8
0
 62
     0
100
AcDbLine
 10
67.1008
 20
46.7872
 30
0.0
 11
67.9016
 21
46.7872
 31
0.0
  0
LINE
  5
2A8
330
A59
100
AcDbEntity
  8
0
 62
     0
100
AcDbLine
 10
67.9016
 20
46.7872
 30
0.0
 11
67.9016
 21
49.8877
 31
0.0
  0
LINE
  5
2A9
330
A59
100
AcDbEntity
  8
0
 62
     0
100
AcDbLine
 10
67.9016
 20
49.8877
 30
0.0
 11
67.1008
 21
49.8877
 31
0.0
  0
LINE
  5
2AA
330
A59
100
AcDbEntity
  8
0
 62
     0
100
AcDbLine
 10
67.1008
 20
49.8877
 30
0.0
 11
67.1008
 21
55.6877
 31
0.0
  0
LINE
  5
2AB
330
A59
100
AcDbEntity
  8
0
 62
     0
100
AcDbLine
 10
67.1008
 20
55.6877
 30
0.0
 11
67.9016
 21
55.6877
 31
0.0
  0
LINE
  5
2AC
330
A59
100
AcDbEntity
  8
0
 62
     0
100
AcDbLine
 10
67.9016
 20
55.6877
 30
0.0
 11
67.9016
 21
58.7872
 31
0.0
  0
LINE
  5
2AD
330
A59
100
AcDbEntity
  8
0
 62
     0
100
AcDbLine
 10
67.9016
 20
58.7872
 30
0.0
 11
67.1008
 21
58.7872
 31
0.0
  0
LINE
  5
2AE
330
A59
100
AcDbEntity
  8
0
 62
     0
100
AcDbLine
 10
67.1008
 20
58.7872
 30
0.0
 11
67.1008
 21
59.7877
 31
0.0
  0
LINE
  5
2AF
330
A59
100
AcDbEntity
  8
0
 62
     0
100
AcDbLine
 10
67.1008
 20
59.7877
 30
0.0
 11
53.1012
 21
59.7877
 31
0.0
  0
LINE
  5
2B0
330
A59
100
AcDbEntity
  8
0
 62
     0
100
AcDbLine
 10
72.1512
 20
59.7877
 30
0.0
 11
72.1512
 21
58.7872
 31
0.0
  0
LINE
  5
2B1
330
A59
100
AcDbEntity
  8
0
 62
     0
100
AcDbLine
 10
72.1512
 20
58.7872
 30
0.0
 11
71.3521
 21
58.7872
 31
0.0
  0
LINE
  5
2B2
330
A59
100
AcDbEntity
  8
0
 62
     0
100
AcDbLine
 10
71.3521
 20
58.7872
 30
0.0
 11
71.3521
 21
55.6877
 31
0.0
  0
LINE
  5
2B3
330
A59
100
AcDbEntity
  8
0
 62
     0
100
AcDbLine
 10
71.3521
 20
55.6877
 30
0.0
 11
72.1512
 21
55.6877
 31
0.0
  0
LINE
  5
2B4
330
A59
100
AcDbEntity
  8
0
 62
     0
100
AcDbLine
 10
72.1512
 20
55.6877
 30
0.0
 11
72.1512
 21
49.8877
 31
0.0
  0
LINE
  5
2B5
330
A59
100
AcDbEntity
  8
0
 62
     0
100
AcDbLine
 10
72.1512
 20
49.8877
 30
0.0
 11
71.3521
 21
49.8877
 31
0.0
  0
LINE
  5
2B6
330
A59
100
AcDbEntity
  8
0
 62
     0
100
AcDbLine
 10
71.3521
 20
49.8877
 30
0.0
 11
71.3521
 21
46.7872
 31
0.0
  0
LINE
  5
2B7
330
A59
100
AcDbEntity
  8
0
 62
     0
100
AcDbLine
 10
71.3521
 20
46.7872
 30
0.0
 11
72.1512
 21
46.7872
 31
0.0
  0
LINE
  5
2B8
330
A59
100
AcDbEntity
  8
0
 62
     0
100
AcDbLine
 10
72.1512
 20
46.7872
 30
0.0
 11
72.1512
 21
45.7881
 31
0.0
  0
LINE
  5
2B9
330
A59
100
AcDbEntity
  8
0
 62
     0
100
AcDbLine
 10
72.1512
 20
45.7881
 30
0.0
 11
86.1508
 21
45.7881
 31
0.0
  0
LINE
  5
2BA
330
A59
100
AcDbEntity
  8
0
 62
     0
100
AcDbLine
 10
86.1508
 20
45.7881
 30
0.0
 11
86.1508
 21
46.7872
 31
0.0
  0
LINE
  5
2BB
330
A59
100
AcDbEntity
  8
0
 62
     0
100
AcDbLine
 10
86.1508
 20
46.7872
 30
0.0
 11
86.9516
 21
46.7872
 31
0.0
  0
LINE
  5
2BC
330
A59
100
AcDbEntity
  8
0
 62
     0
100
AcDbLine
 10
86.9516
 20
46.7872
 30
0.0
 11
86.9516
 21
49.8877
 31
0.0
  0
LINE
  5
2BD
330
A59
100
AcDbEntity
  8
0
 62
     0
100
AcDbLine
 10
86.9516
 20
49.8877
 30
0.0
 11
86.1508
 21
49.8877
 31
0.0
  0
LINE
  5
2BE
330
A59
100
AcDbEntity
  8
0
 62
     0
100
AcDbLine
 10
86.1508
 20
49.8877
 30
0.0
 11
86.1508
 21
55.6877
 31
0.0
  0
LINE
  5
2BF
330
A59
100
AcDbEntity
  8
0
 62
     0
100
AcDbLine
 10
86.1508
 20
55.6877
 30
0.0
 11
86.9516
 21
55.6877
 31
0.0
  0
LINE
  5
2C0
330
A59
100
AcDbEntity
  8
0
 62
     0
100
AcDbLine
 10
86.9516
 20
55.6877
 30
0.0
 11
86.9516
 21
58.7872
 31
0.0
  0
LINE
  5
2C1
330
A59
100
AcDbEntity
  8
0
 62
     0
100
AcDbLine
 10
86.9516
 20
58.7872
 30
0.0
 11
86.1508
 21
58.7872
 31
0.0
  0
LINE
  5
2C2
330
A59
100
AcDbEntity
  8
0
 62
     0
100
AcDbLine
 10
86.1508
 20
58.7872
 30
0.0
 11
86.1508
 21
59.7877
 31
0.0
  0
LINE
  5
2C3
330
A59
100
AcDbEntity
  8
0
 62
     0
100
AcDbLine
 10
86.1508
 20
59.7877
 30
0.0
 11
72.1512
 21
59.7877
 31
0.0
  0
LINE
  5
2C4
330
A59
100
AcDbEntity
  8
0
 62
     0
100
AcDbLine
 10
91.2012
 20
59.7877
 30
0.0
 11
91.2012
 21
58.7872
 31
0.0
  0
LINE
  5
2C5
330
A59
100
AcDbEntity
  8
0
 62
     0
100
AcDbLine
 10
91.2012
 20
58.7872
 30
0.0
 11
90.4021
 21
58.7872
 31
0.0
  0
LINE
  5
2C6
330
A59
100
AcDbEntity
  8
0
 62
     0
100
AcDbLine
 10
90.4021
 20
58.7872
 30
0.0
 11
90.4021
 21
55.6877
 31
0.0
  0
LINE
  5
2C7
330
A59
100
AcDbEntity
  8
0
 62
     0
100
AcDbLine
 10
90.4021
 20
55.6877
 30
0.0
 11
91.2012
 21
55.6877
 31
0.0
  0
LINE
  5
2C8
330
A59
100
AcDbEntity
  8
0
 62
     0
100
AcDbLine
 10
91.2012
 20
55.6877
 30
0.0
 11
91.2012
 21
49.8877
 31
0.0
  0
LINE
  5
2C9
330
A59
100
AcDbEntity
  8
0
 62
     0
100
AcDbLine
 10
91.2012
 20
49.8877
 30
0.0
 11
90.4021
 21
49.8877
 31
0.0
  0
LINE
  5
2CA
330
A59
100
AcDbEntity
  8
0
 62
     0
100
AcDbLine
 10
90.4021
 20
49.8877
 30
0.0
 11
90.4021
 21
46.7872
 31
0.0
  0
LINE
  5
2CB
330
A59
100
AcDbEntity
  8
0
 62
     0
100
AcDbLine
 10
90.4021
 20
46.7872
 30
0.0
 11
91.2012
 21
46.7872
 31
0.0
  0
LINE
  5
2CC
330
A59
100
AcDbEntity
  8
0
 62
     0
100
AcDbLine
 10
91.2012
 20
46.7872
 30
0.0
 11
91.2012
 21
45.7881
 31
0.0
  0
LINE
  5
2CD
330
A59
100
AcDbEntity
  8
0
 62
     0
100
AcDbLine
 10
91.2012
 20
45.7881
 30
0.0
 11
105.201
 21
45.7881
 31
0.0
  0
LINE
  5
2CE
330
A59
100
AcDbEntity
  8
0
 62
     0
100
AcDbLine
 10
105.201
 20
45.7881
 30
0.0
 11
105.201
 21
46.7872
 31
0.0
  0
LINE
  5
2CF
330
A59
100
AcDbEntity
  8
0
 62
     0
100
AcDbLine
 10
105.201
 20
46.7872
 30
0.0
 11
106.002
 21
46.7872
 31
0.0
  0
LINE
  5
2D0
330
A59
100
AcDbEntity
  8
0
 62
     0
100
AcDbLine
 10
106.002
 20
46.7872
 30
0.0
 11
106.002
 21
49.8877
 31
0.0
  0
LINE
  5
2D1
330
A59
100
AcDbEntity
  8
0
 62
     0
100
AcDbLine
 10
106.002
 20
49.8877
 30
0.0
 11
105.201
 21
49.8877
 31
0.0
  0
LINE
  5
2D2
330
A59
100
AcDbEntity
  8
0
 62
     0
100
AcDbLine
 10
105.201
 20
49.8877
 30
0.0
 11
105.201
 21
55.6877
 31
0.0
  0
LINE
  5
2D3
330
A59
100
AcDbEntity
  8
0
 62
     0
100
AcDbLine
 10
105.201
 20
55.6877
 30
0.0
 11
106.002
 21
55.6877
 31
0.0
  0
LINE
  5
2D4
330
A59
100
AcDbEntity
  8
0
 62
     0
100
AcDbLine
 10
106.002
 20
55.6877
 30
0.0
 11
106.002
 21
58.7872
 31
0.0
  0
LINE
  5
2D5
330
A59
100
AcDbEntity
  8
0
 62
     0
100
AcDbLine
 10
106.002
 20
58.7872
 30
0.0
 11
105.201
 21
58.7872
 31
0.0
  0
LINE
  5
2D6
330
A59
100
AcDbEntity
  8
0
 62
     0
100
AcDbLine
 10
105.201
 20
58.7872
 30
0.0
 11
105.201
 21
59.7877
 31
0.0
  0
LINE
  5
2D7
330
A59
100
AcDbEntity
  8
0
 62
     0
100
AcDbLine
 10
105.201
 20
59.7877
 30
0.0
 11
91.2012
 21
59.7877
 31
0.0
  0
LINE
  5
2D8
330
A59
100
AcDbEntity
  8
0
 62
     0
100
AcDbLine
 10
110.251
 20
59.7877
 30
0.0
 11
110.251
 21
58.7872
 31
0.0
  0
LINE
  5
2D9
330
A59
100
AcDbEntity
  8
0
 62
     0
100
AcDbLine
 10
110.251
 20
58.7872
 30
0.0
 11
109.452
 21
58.7872
 31
0.0
  0
LINE
  5
2DA
330
A59
100
AcDbEntity
  8
0
 62
     0
100
AcDbLine
 10
109.452
 20
58.7872
 30
0.0
 11
109.452
 21
55.6877
 31
0.0
  0
LINE
  5
2DB
330
A59
100
AcDbEntity
  8
0
 62
     0
100
AcDbLine
 10
109.452
 20
55.6877
 30
0.0
 11
110.251
 21
55.6877
 31
0.0
  0
LINE
  5
2DC
330
A59
100
AcDbEntity
  8
0
 62
     0
100
AcDbLine
 10
110.251
 20
55.6877
 30
0.0
 11
110.251
 21
49.8877
 31
0.0
  0
LINE
  5
2DD
330
A59
100
AcDbEntity
  8
0
 62
     0
100
AcDbLine
 10
110.251
 20
49.8877
 30
0.0
 11
109.452
 21
49.8877
 31
0.0
  0
LINE
  5
2DE
330
A59
100
AcDbEntity
  8
0
 62
     0
100
AcDbLine
 10
109.452
 20
49.8877
 30
0.0
 11
109.452
 21
46.7872
 31
0.0
  0
LINE
  5
2DF
330
A59
100
AcDbEntity
  8
0
 62
     0
100
AcDbLine
 10
109.452
 20
46.7872
 30
0.0
 11
110.251
 21
46.7872
 31
0.0
  0
LINE
  5
2E0
330
A59
100
AcDbEntity
  8
0
 62
     0
100
AcDbLine
 10
110.251
 20
46.7872
 30
0.0
 11
110.251
 21
45.7881
 31
0.0
  0
LINE
  5
2E1
330
A59
100
AcDbEntity
  8
0
 62
     0
100
AcDbLine
 10
110.251
 20
45.7881
 30
0.0
 11
124.251
 21
45.7881
 31
0.0
  0
LINE
  5
2E2
330
A59
100
AcDbEntity
  8
0
 62
     0
100
AcDbLine
 10
124.251
 20
45.7881
 30
0.0
 11
124.251
 21
46.7872
 31
0.0
  0
LINE
  5
2E3
330
A59
100
AcDbEntity
  8
0
 62
     0
100
AcDbLine
 10
124.251
 20
46.7872
 30
0.0
 11
125.052
 21
46.7872
 31
0.0
  0
LINE
  5
2E4
330
A59
100
AcDbEntity
  8
0
 62
     0
100
AcDbLine
 10
125.052
 20
46.7872
 30
0.0
 11
125.052
 21
49.8877
 31
0.0
  0
LINE
  5
2E5
330
A59
100
AcDbEntity
  8
0
 62
     0
100
AcDbLine
 10
125.052
 20
49.8877
 30
0.0
 11
124.251
 21
49.8877
 31
0.0
  0
LINE
  5
2E6
330
A59
100
AcDbEntity
  8
0
 62
     0
100
AcDbLine
 10
124.251
 20
49.8877
 30
0.0
 11
124.251
 21
55.6877
 31
0.0
  0
LINE
  5
2E7
330
A59
100
AcDbEntity
  8
0
 62
     0
100
AcDbLine
 10
124.251
 20
55.6877
 30
0.0
 11
125.052
 21
55.6877
 31
0.0
  0
LINE
  5
2E8
330
A59
100
AcDbEntity
  8
0
 62
     0
100
AcDbLine
 10
125.052
 20
55.6877
 30
0.0
 11
125.052
 21
58.7872
 31
0.0
  0
LINE
  5
2E9
330
A59
100
AcDbEntity
  8
0
 62
     0
100
AcDbLine
 10
125.052
 20
58.7872
 30
0.0
 11
124.251
 21
58.7872
 31
0.0
  0
LINE
  5
2EA
330
A59
100
AcDbEntity
  8
0
 62
     0
100
AcDbLine
 10
124.251
 20
58.7872
 30
0.0
 11
124.251
 21
59.7877
 31
0.0
  0
LINE
  5
2EB
330
A59
100
AcDbEntity
  8
0
 62
     0
100
AcDbLine
 10
124.251
 20
59.7877
 30
0.0
 11
110.251
 21
59.7877
 31
0.0
  0
LINE
  5
2EC
330
A59
100
AcDbEntity
  8
0
 62
     0
100
AcDbLine
 10
129.301
 20
59.7877
 30
0.0
 11
129.301
 21
58.7872
 31
0.0
  0
LINE
  5
2ED
330
A59
100
AcDbEntity
  8
0
 62
     0
100
AcDbLine
 10
129.301
 20
58.7872
 30
0.0
 11
128.502
 21
58.7872
 31
0.0
  0
LINE
  5
2EE
330
A59
100
AcDbEntity
  8
0
 62
     0
100
AcDbLine
 10
128.502
 20
58.7872
 30
0.0
 11
128.502
 21
55.6877
 31
0.0
  0
LINE
  5
2EF
330
A59
100
AcDbEntity
  8
0
 62
     0
100
AcDbLine
 10
128.502
 20
55.6877
 30
0.0
 11
129.301
 21
55.6877
 31
0.0
  0
LINE
  5
2F0
330
A59
100
AcDbEntity
  8
0
 62
     0
100
AcDbLine
 10
129.301
 20
55.6877
 30
0.0
 11
129.301
 21
49.8877
 31
0.0
  0
LINE
  5
2F1
330
A59
100
AcDbEntity
  8
0
 62
     0
100
AcDbLine
 10
129.301
 20
49.8877
 30
0.0
 11
128.502
 21
49.8877
 31
0.0
  0
LINE
  5
2F2
330
A59
100
AcDbEntity
  8
0
 62
     0
100
AcDbLine
 10
128.502
 20
49.8877
 30
0.0
 11
128.502
 21
46.7872
 31
0.0
  0
LINE
  5
2F3
330
A59
100
AcDbEntity
  8
0
 62
     0
100
AcDbLine
 10
128.502
 20
46.7872
 30
0.0
 11
129.301
 21
46.7872
 31
0.0
  0
LINE
  5
2F4
330
A59
100
AcDbEntity
  8
0
 62
     0
100
AcDbLine
 10
129.301
 20
46.7872
 30
0.0
 11
129.301
 21
45.7881
 31
0.0
  0
LINE
  5
2F5
330
A59
100
AcDbEntity
  8
0
 62
     0
100
AcDbLine
 10
129.301
 20
45.7881
 30
0.0
 11
143.301
 21
45.7881
 31
0.0
  0
LINE
  5
2F6
330
A59
100
AcDbEntity
  8
0
 62
     0
100
AcDbLine
 10
143.301
 20
45.7881
 30
0.0
 11
143.301
 21
46.7872
 31
0.0
  0
LINE
  5
2F7
330
A59
100
AcDbEntity
  8
0
 62
     0
100
AcDbLine
 10
143.301
 20
46.7872
 30
0.0
 11
144.102
 21
46.7872
 31
0.0
  0
LINE
  5
2F8
330
A59
100
AcDbEntity
  8
0
 62
     0
100
AcDbLine
 10
144.102
 20
46.7872
 30
0.0
 11
144.102
 21
49.8877
 31
0.0
  0
LINE
  5
2F9
330
A59
100
AcDbEntity
  8
0
 62
     0
100
AcDbLine
 10
144.102
 20
49.8877
 30
0.0
 11
143.301
 21
49.8877
 31
0.0
  0
LINE
  5
2FA
330
A59
100
AcDbEntity
  8
0
 62
     0
100
AcDbLine
 10
143.301
 20
49.8877
 30
0.0
 11
143.301
 21
55.6877
 31
0.0
  0
LINE
  5
2FB
330
A59
100
AcDbEntity
  8
0
 62
     0
100
AcDbLine
 10
143.301
 20
55.6877
 30
0.0
 11
144.102
 21
55.6877
 31
0.0
  0
LINE
  5
2FC
330
A59
100
AcDbEntity
  8
0
 62
     0
100
AcDbLine
 10
144.102
 20
55.6877
 30
0.0
 11
144.102
 21
58.7872
 31
0.0
  0
LINE
  5
2FD
330
A59
100
AcDbEntity
  8
0
 62
     0
100
AcDbLine
 10
144.102
 20
58.7872
 30
0.0
 11
143.301
 21
58.7872
 31
0.0
  0
LINE
  5
2FE
330
A59
100
AcDbEntity
  8
0
 62
     0
100
AcDbLine
 10
143.301
 20
58.7872
 30
0.0
 11
143.301
 21
59.7877
 31
0.0
  0
LINE
  5
2FF
330
A59
100
AcDbEntity
  8
0
 62
     0
100
AcDbLine
 10
143.301
 20
59.7877
 30
0.0
 11
129.301
 21
59.7877
 31
0.0
  0
LINE
  5
300
330
A59
100
AcDbEntity
  8
0
 62
     0
100
AcDbLine
 10
156.924
 20
59.7877
 30
0.0
 11
156.924
 21
58.7872
 31
0.0
  0
LINE
  5
301
330
A59
100
AcDbEntity
  8
0
 62
     0
100
AcDbLine
 10
156.924
 20
58.7872
 30
0.0
 11
156.124
 21
58.7872
 31
0.0
  0
LINE
  5
302
330
A59
100
AcDbEntity
  8
0
 62
     0
100
AcDbLine
 10
156.124
 20
58.7872
 30
0.0
 11
156.124
 21
55.6877
 31
0.0
  0
LINE
  5
303
330
A59
100
AcDbEntity
  8
0
 62
     0
100
AcDbLine
 10
156.124
 20
55.6877
 30
0.0
 11
156.924
 21
55.6877
 31
0.0
  0
LINE
  5
304
330
A59
100
AcDbEntity
  8
0
 62
     0
100
AcDbLine
 10
156.924
 20
55.6877
 30
0.0
 11
156.924
 21
49.8877
 31
0.0
  0
LINE
  5
305
330
A59
100
AcDbEntity
  8
0
 62
     0
100
AcDbLine
 10
156.924
 20
49.8877
 30
0.0
 11
156.124
 21
49.8877
 31
0.0
  0
LINE
  5
306
330
A59
100
AcDbEntity
  8
0
 62
     0
100
AcDbLine
 10
156.124
 20
49.8877
 30
0.0
 11
156.124
 21
46.7872
 31
0.0
  0
LINE
  5
307
330
A59
100
AcDbEntity
  8
0
 62
     0
100
AcDbLine
 10
156.124
 20
46.7872
 30
0.0
 11
156.924
 21
46.7872
 31
0.0
  0
LINE
  5
308
330
A59
100
AcDbEntity
  8
0
 62
     0
100
AcDbLine
 10
156.924
 20
46.7872
 30
0.0
 11
156.924
 21
45.7881
 31
0.0
  0
LINE
  5
309
330
A59
100
AcDbEntity
  8
0
 62
     0
100
AcDbLine
 10
156.924
 20
45.7881
 30
0.0
 11
170.924
 21
45.7881
 31
0.0
  0
LINE
  5
30A
330
A59
100
AcDbEntity
  8
0
 62
     0
100
AcDbLine
 10
170.924
 20
45.7881
 30
0.0
 11
170.924
 21
46.7872
 31
0.0
  0
LINE
  5
30B
330
A59
100
AcDbEntity
  8
0
 62
     0
100
AcDbLine
 10
170.924
 20
46.7872
 30
0.0
 11
171.724
 21
46.7872
 31
0.0
  0
LINE
  5
30C
330
A59
100
AcDbEntity
  8
0
 62
     0
100
AcDbLine
 10
171.724
 20
46.7872
 30
0.0
 11
171.724
 21
49.8877
 31
0.0
  0
LINE
  5
30D
330
A59
100
AcDbEntity
  8
0
 62
     0
100
AcDbLine
 10
171.724
 20
49.8877
 30
0.0
 11
170.924
 21
49.8877
 31
0.0
  0
LINE
  5
30E
330
A59
100
AcDbEntity
  8
0
 62
     0
100
AcDbLine
 10
170.924
 20
49.8877
 30
0.0
 11
170.924
 21
55.6877
 31
0.0
  0
LINE
  5
30F
330
A59
100
AcDbEntity
  8
0
 62
     0
100
AcDbLine
 10
170.924
 20
55.6877
 30
0.0
 11
171.724
 21
55.6877
 31
0.0
  0
LINE
  5
310
330
A59
100
AcDbEntity
  8
0
 62
     0
100
AcDbLine
 10
171.724
 20
55.6877
 30
0.0
 11
171.724
 21
58.7872
 31
0.0
  0
LINE
  5
311
330
A59
100
AcDbEntity
  8
0
 62
     0
100
AcDbLine
 10
171.724
 20
58.7872
 30
0.0
 11
170.924
 21
58.7872
 31
0.0
  0
LINE
  5
312
330
A59
100
AcDbEntity
  8
0
 62
     0
100
AcDbLine
 10
170.924
 20
58.7872
 30
0.0
 11
170.924
 21
59.7877
 31
0.0
  0
LINE
  5
313
330
A59
100
AcDbEntity
  8
0
 62
     0
100
AcDbLine
 10
170.924
 20
59.7877
 30
0.0
 11
156.924
 21
59.7877
 31
0.0
  0
LINE
  5
314
330
A59
100
AcDbEntity
  8
0
 62
     0
100
AcDbLine
 10
175.974
 20
59.7877
 30
0.0
 11
175.974
 21
58.7872
 31
0.0
  0
LINE
  5
315
330
A59
100
AcDbEntity
  8
0
 62
     0
100
AcDbLine
 10
175.974
 20
58.7872
 30
0.0
 11
175.174
 21
58.7872
 31
0.0
  0
LINE
  5
316
330
A59
100
AcDbEntity
  8
0
 62
     0
100
AcDbLine
 10
175.174
 20
58.7872
 30
0.0
 11
175.174
 21
55.6877
 31
0.0
  0
LINE
  5
317
330
A59
100
AcDbEntity
  8
0
 62
     0
100
AcDbLine
 10
175.174
 20
55.6877
 30
0.0
 11
175.974
 21
55.6877
 31
0.0
  0
LINE
  5
318
330
A59
100
AcDbEntity
  8
0
 62
     0
100
AcDbLine
 10
175.974
 20
55.6877
 30
0.0
 11
175.974
 21
49.8877
 31
0.0
  0
LINE
  5
319
330
A59
100
AcDbEntity
  8
0
 62
     0
100
AcDbLine
 10
175.974
 20
49.8877
 30
0.0
 11
175.174
 21
49.8877
 31
0.0
  0
LINE
  5
31A
330
A59
100
AcDbEntity
  8
0
 62
     0
100
AcDbLine
 10
175.174
 20
49.8877
 30
0.0
 11
175.174
 21
46.7872
 31
0.0
  0
LINE
  5
31B
330
A59
100
AcDbEntity
  8
0
 62
     0
100
AcDbLine
 10
175.174
 20
46.7872
 30
0.0
 11
175.974
 21
46.7872
 31
0.0
  0
LINE
  5
31C
330
A59
100
AcDbEntity
  8
0
 62
     0
100
AcDbLine
 10
175.974
 20
46.7872
 30
0.0
 11
175.974
 21
45.7881
 31
0.0
  0
LINE
  5
31D
330
A59
100
AcDbEntity
  8
0
 62
     0
100
AcDbLine
 10
175.974
 20
45.7881
 30
0.0
 11
189.975
 21
45.7881
 31
0.0
  0
LINE
  5
31E
330
A59
100
AcDbEntity
  8
0
 62
     0
100
AcDbLine
 10
189.975
 20
45.7881
 30
0.0
 11
189.975
 21
46.7872
 31
0.0
  0
LINE
  5
31F
330
A59
100
AcDbEntity
  8
0
 62
     0
100
AcDbLine
 10
189.975
 20
46.7872
 30
0.0
 11
190.774
 21
46.7872
 31
0.0
  0
LINE
  5
320
330
A59
100
AcDbEntity
  8
0
 62
     0
100
AcDbLine
 10
190.774
 20
46.7872
 30
0.0
 11
190.774
 21
49.8877
 31
0.0
  0
LINE
  5
321
330
A59
100
AcDbEntity
  8
0
 62
     0
100
AcDbLine
 10
190.774
 20
49.8877
 30
0.0
 11
189.975
 21
49.8877
 31
0.0
  0
LINE
  5
322
330
A59
100
AcDbEntity
  8
0
 62
     0
100
AcDbLine
 10
189.975
 20
49.8877
 30
0.0
 11
189.975
 21
55.6877
 31
0.0
  0
LINE
  5
323
330
A59
100
AcDbEntity
  8
0
 62
     0
100
AcDbLine
 10
189.975
 20
55.6877
 30
0.0
 11
190.774
 21
55.6877
 31
0.0
  0
LINE
  5
324
330
A59
100
AcDbEntity
  8
0
 62
     0
100
AcDbLine
 10
190.774
 20
55.6877
 30
0.0
 11
190.774
 21
58.7872
 31
0.0
  0
LINE
  5
325
330
A59
100
AcDbEntity
  8
0
 62
     0
100
AcDbLine
 10
190.774
 20
58.7872
 30
0.0
 11
189.975
 21
58.7872
 31
0.0
  0
LINE
  5
326
330
A59
100
AcDbEntity
  8
0
 62
     0
100
AcDbLine
 10
189.975
 20
58.7872
 30
0.0
 11
189.975
 21
59.7877
 31
0.0
  0
LINE
  5
327
330
A59
100
AcDbEntity
  8
0
 62
     0
100
AcDbLine
 10
189.975
 20
59.7877
 30
0.0
 11
175.974
 21
59.7877
 31
0.0
  0
LINE
  5
328
330
A59
100
AcDbEntity
  8
0
 62
     0
100
AcDbLine
 10
195.024
 20
59.7877
 30
0.0
 11
195.024
 21
58.7872
 31
0.0
  0
LINE
  5
329
330
A59
100
AcDbEntity
  8
0
 62
     0
100
AcDbLine
 10
195.024
 20
58.7872
 30
0.0
 11
194.225
 21
58.7872
 31
0.0
  0
LINE
  5
32A
330
A59
100
AcDbEntity
  8
0
 62
     0
100
AcDbLine
 10
194.225
 20
58.7872
 30
0.0
 11
194.225
 21
55.6877
 31
0.0
  0
LINE
  5
32B
330
A59
100
AcDbEntity
  8
0
 62
     0
100
AcDbLine
 10
194.225
 20
55.6877
 30
0.0
 11
195.024
 21
55.6877
 31
0.0
  0
LINE
  5
32C
330
A59
100
AcDbEntity
  8
0
 62
     0
100
AcDbLine
 10
195.024
 20
55.6877
 30
0.0
 11
195.024
 21
49.8877
 31
0.0
  0
LINE
  5
32D
330
A59
100
AcDbEntity
  8
0
 62
     0
100
AcDbLine
 10
195.024
 20
49.8877
 30
0.0
 11
194.225
 21
49.8877
 31
0.0
  0
LINE
  5
32E
330
A59
100
AcDbEntity
  8
0
 62
     0
100
AcDbLine
 10
194.225
 20
49.8877
 30
0.0
 11
194.225
 21
46.7872
 31
0.0
  0
LINE
  5
32F
330
A59
100
AcDbEntity
  8
0
 62
     0
100
AcDbLine
 10
194.225
 20
46.7872
 30
0.0
 11
195.024
 21
46.7872
 31
0.0
  0
LINE
  5
330
330
A59
100
AcDbEntity
  8
0
 62
     0
100
AcDbLine
 10
195.024
 20
46.7872
 30
0.0
 11
195.024
 21
45.7881
 31
0.0
  0
LINE
  5
331
330
A59
100
AcDbEntity
  8
0
 62
     0
100
AcDbLine
 10
195.024
 20
45.7881
 30
0.0
 11
209.025
 21
45.7881
 31
0.0
  0
LINE
  5
332
330
A59
100
AcDbEntity
  8
0
 62
     0
100
AcDbLine
 10
209.025
 20
45.7881
 30
0.0
 11
209.025
 21
46.7872
 31
0.0
  0
LINE
  5
333
330
A59
100
AcDbEntity
  8
0
 62
     0
100
AcDbLine
 10
209.025
 20
46.7872
 30
0.0
 11
209.824
 21
46.7872
 31
0.0
  0
LINE
  5
334
330
A59
100
AcDbEntity
  8
0
 62
     0
100
AcDbLine
 10
209.824
 20
46.7872
 30
0.0
 11
209.824
 21
49.8877
 31
0.0
  0
LINE
  5
335
330
A59
100
AcDbEntity
  8
0
 62
     0
100
AcDbLine
 10
209.824
 20
49.8877
 30
0.0
 11
209.025
 21
49.8877
 31
0.0
  0
LINE
  5
336
330
A59
100
AcDbEntity
  8
0
 62
     0
100
AcDbLine
 10
209.025
 20
49.8877
 30
0.0
 11
209.025
 21
55.6877
 31
0.0
  0
LINE
  5
337
330
A59
100
AcDbEntity
  8
0
 62
     0
100
AcDbLine
 10
209.025
 20
55.6877
 30
0.0
 11
209.824
 21
55.6877
 31
0.0
  0
LINE
  5
338
330
A59
100
AcDbEntity
  8
0
 62
     0
100
AcDbLine
 10
209.824
 20
55.6877
 30
0.0
 11
209.824
 21
58.7872
 31
0.0
  0
LINE
  5
339
330
A59
100
AcDbEntity
  8
0
 62
     0
100
AcDbLine
 10
209.824
 20
58.7872
 30
0.0
 11
209.025
 21
58.7872
 31
0.0
  0
LINE
  5
33A
330
A59
100
AcDbEntity
  8
0
 62
     0
100
AcDbLine
 10
209.025
 20
58.7872
 30
0.0
 11
209.025
 21
59.7877
 31
0.0
  0
LINE
  5
33B
330
A59
100
AcDbEntity
  8
0
 62
     0
100
AcDbLine
 10
209.025
 20
59.7877
 30
0.0
 11
195.024
 21
59.7877
 31
0.0
  0
LINE
  5
33C
330
A59
100
AcDbEntity
  8
0
 62
     0
100
AcDbLine
 10
214.074
 20
59.7877
 30
0.0
 11
214.074
 21
58.7872
 31
0.0
  0
LINE
  5
33D
330
A59
100
AcDbEntity
  8
0
 62
     0
100
AcDbLine
 10
214.074
 20
58.7872
 30
0.0
 11
213.275
 21
58.7872
 31
0.0
  0
LINE
  5
33E
330
A59
100
AcDbEntity
  8
0
 62
     0
100
AcDbLine
 10
213.275
 20
58.7872
 30
0.0
 11
213.275
 21
55.6877
 31
0.0
  0
LINE
  5
33F
330
A59
100
AcDbEntity
  8
0
 62
     0
100
AcDbLine
 10
213.275
 20
55.6877
 30
0.0
 11
214.074
 21
55.6877
 31
0.0
  0
LINE
  5
340
330
A59
100
AcDbEntity
  8
0
 62
     0
100
AcDbLine
 10
214.074
 20
55.6877
 30
0.0
 11
214.074
 21
49.8877
 31
0.0
  0
LINE
  5
341
330
A59
100
AcDbEntity
  8
0
 62
     0
100
AcDbLine
 10
214.074
 20
49.8877
 30
0.0
 11
213.275
 21
49.8877
 31
0.0
  0
LINE
  5
342
330
A59
100
AcDbEntity
  8
0
 62
     0
100
AcDbLine
 10
213.275
 20
49.8877
 30
0.0
 11
213.275
 21
46.7872
 31
0.0
  0
LINE
  5
343
330
A59
100
AcDbEntity
  8
0
 62
     0
100
AcDbLine
 10
213.275
 20
46.7872
 30
0.0
 11
214.074
 21
46.7872
 31
0.0
  0
LINE
  5
344
330
A59
100
AcDbEntity
  8
0
 62
     0
100
AcDbLine
 10
214.074
 20
46.7872
 30
0.0
 11
214.074
 21
45.7881
 31
0.0
  0
LINE
  5
345
330
A59
100
AcDbEntity
  8
0
 62
     0
100
AcDbLine
 10
214.074
 20
45.7881
 30
0.0
 11
228.075
 21
45.7881
 31
0.0
  0
LINE
  5
346
330
A59
100
AcDbEntity
  8
0
 62
     0
100
AcDbLine
 10
228.075
 20
45.7881
 30
0.0
 11
228.075
 21
46.7872
 31
0.0
  0
LINE
  5
347
330
A59
100
AcDbEntity
  8
0
 62
     0
100
AcDbLine
 10
228.075
 20
46.7872
 30
0.0
 11
228.874
 21
46.7872
 31
0.0
  0
LINE
  5
348
330
A59
100
AcDbEntity
  8
0
 62
     0
100
AcDbLine
 10
228.874
 20
46.7872
 30
0.0
 11
228.874
 21
49.8877
 31
0.0
  0
LINE
  5
349
330
A59
100
AcDbEntity
  8
0
 62
     0
100
AcDbLine
 10
228.874
 20
49.8877
 30
0.0
 11
228.075
 21
49.8877
 31
0.0
  0
LINE
  5
34A
330
A59
100
AcDbEntity
  8
0
 62
     0
100
AcDbLine
 10
228.075
 20
49.8877
 30
0.0
 11
228.075
 21
55.6877
 31
0.0
  0
LINE
  5
34B
330
A59
100
AcDbEntity
  8
0
 62
     0
100
AcDbLine
 10
228.075
 20
55.6877
 30
0.0
 11
228.874
 21
55.6877
 31
0.0
  0
LINE
  5
34C
330
A59
100
AcDbEntity
  8
0
 62
     0
100
AcDbLine
 10
228.874
 20
55.6877
 30
0.0
 11
228.874
 21
58.7872
 31
0.0
  0
LINE
  5
34D
330
A59
100
AcDbEntity
  8
0
 62
     0
100
AcDbLine
 10
228.874
 20
58.7872
 30
0.0
 11
228.075
 21
58.7872
 31
0.0
  0
LINE
  5
34E
330
A59
100
AcDbEntity
  8
0
 62
     0
100
AcDbLine
 10
228.075
 20
58.7872
 30
0.0
 11
228.075
 21
59.7877
 31
0.0
  0
LINE
  5
34F
330
A59
100
AcDbEntity
  8
0
 62
     0
100
AcDbLine
 10
228.075
 20
59.7877
 30
0.0
 11
214.074
 21
59.7877
 31
0.0
  0
LINE
  5
350
330
A59
100
AcDbEntity
  8
0
 62
     0
100
AcDbLine
 10
233.124
 20
59.7877
 30
0.0
 11
233.124
 21
58.7872
 31
0.0
  0
LINE
  5
351
330
A59
100
AcDbEntity
  8
0
 62
     0
100
AcDbLine
 10
233.124
 20
58.7872
 30
0.0
 11
232.325
 21
58.7872
 31
0.0
  0
LINE
  5
352
330
A59
100
AcDbEntity
  8
0
 62
     0
100
AcDbLine
 10
232.325
 20
58.7872
 30
0.0
 11
232.325
 21
55.6877
 31
0.0
  0
LINE
  5
353
330
A59
100
AcDbEntity
  8
0
 62
     0
100
AcDbLine
 10
232.325
 20
55.6877
 30
0.0
 11
233.124
 21
55.6877
 31
0.0
  0
LINE
  5
354
330
A59
100
AcDbEntity
  8
0
 62
     0
100
AcDbLine
 10
233.124
 20
55.6877
 30
0.0
 11
233.124
 21
49.8877
 31
0.0
  0
LINE
  5
355
330
A59
100
AcDbEntity
  8
0
 62
     0
100
AcDbLine
 10
233.124
 20
49.8877
 30
0.0
 11
232.325
 21
49.8877
 31
0.0
  0
LINE
  5
356
330
A59
100
AcDbEntity
  8
0
 62
     0
100
AcDbLine
 10
232.325
 20
49.8877
 30
0.0
 11
232.325
 21
46.7872
 31
0.0
  0
LINE
  5
357
330
A59
100
AcDbEntity
  8
0
 62
     0
100
AcDbLine
 10
232.325
 20
46.7872
 30
0.0
 11
233.124
 21
46.7872
 31
0.0
  0
LINE
  5
358
330
A59
100
AcDbEntity
  8
0
 62
     0
100
AcDbLine
 10
233.124
 20
46.7872
 30
0.0
 11
233.124
 21
45.7881
 31
0.0
  0
LINE
  5
359
330
A59
100
AcDbEntity
  8
0
 62
     0
100
AcDbLine
 10
233.124
 20
45.7881
 30
0.0
 11
247.125
 21
45.7881
 31
0.0
  0
LINE
  5
35A
330
A59
100
AcDbEntity
  8
0
 62
     0
100
AcDbLine
 10
247.125
 20
45.7881
 30
0.0
 11
247.125
 21
46.7872
 31
0.0
  0
LINE
  5
35B
330
A59
100
AcDbEntity
  8
0
 62
     0
100
AcDbLine
 10
247.125
 20
46.7872
 30
0.0
 11
247.924
 21
46.7872
 31
0.0
  0
LINE
  5
35C
330
A59
100
AcDbEntity
  8
0
 62
     0
100
AcDbLine
 10
247.924
 20
46.7872
 30
0.0
 11
247.924
 21
49.8877
 31
0.0
  0
LINE
  5
35D
330
A59
100
AcDbEntity
  8
0
 62
     0
100
AcDbLine
 10
247.924
 20
49.8877
 30
0.0
 11
247.125
 21
49.8877
 31
0.0
  0
LINE
  5
35E
330
A59
100
AcDbEntity
  8
0
 62
     0
100
AcDbLine
 10
247.125
 20
49.8877
 30
0.0
 11
247.125
 21
55.6877
 31
0.0
  0
LINE
  5
35F
330
A59
100
AcDbEntity
  8
0
 62
     0
100
AcDbLine
 10
247.125
 20
55.6877
 30
0.0
 11
247.924
 21
55.6877
 31
0.0
  0
LINE
  5
360
330
A59
100
AcDbEntity
  8
0
 62
     0
100
AcDbLine
 10
247.924
 20
55.6877
 30
0.0
 11
247.924
 21
58.7872
 31
0.0
  0
LINE
  5
361
330
A59
100
AcDbEntity
  8
0
 62
     0
100
AcDbLine
 10
247.924
 20
58.7872
 30
0.0
 11
247.125
 21
58.7872
 31
0.0
  0
LINE
  5
362
330
A59
100
AcDbEntity
  8
0
 62
     0
100
AcDbLine
 10
247.125
 20
58.7872
 30
0.0
 11
247.125
 21
59.7877
 31
0.0
  0
LINE
  5
363
330
A59
100
AcDbEntity
  8
0
 62
     0
100
AcDbLine
 10
247.125
 20
59.7877
 30
0.0
 11
233.124
 21
59.7877
 31
0.0
  0
LINE
  5
364
330
A59
100
AcDbEntity
  8
0
 62
     0
100
AcDbLine
 10
252.174
 20
59.7877
 30
0.0
 11
252.174
 21
58.7872
 31
0.0
  0
LINE
  5
365
330
A59
100
AcDbEntity
  8
0
 62
     0
100
AcDbLine
 10
252.174
 20
58.7872
 30
0.0
 11
251.374
 21
58.7872
 31
0.0
  0
LINE
  5
366
330
A59
100
AcDbEntity
  8
0
 62
     0
100
AcDbLine
 10
251.374
 20
58.7872
 30
0.0
 11
251.374
 21
55.6877
 31
0.0
  0
LINE
  5
367
330
A59
100
AcDbEntity
  8
0
 62
     0
100
AcDbLine
 10
251.374
 20
55.6877
 30
0.0
 11
252.174
 21
55.6877
 31
0.0
  0
LINE
  5
368
330
A59
100
AcDbEntity
  8
0
 62
     0
100
AcDbLine
 10
252.174
 20
55.6877
 30
0.0
 11
252.174
 21
49.8877
 31
0.0
  0
LINE
  5
369
330
A59
100
AcDbEntity
  8
0
 62
     0
100
AcDbLine
 10
252.174
 20
49.8877
 30
0.0
 11
251.374
 21
49.8877
 31
0.0
  0
LINE
  5
36A
330
A59
100
AcDbEntity
  8
0
 62
     0
100
AcDbLine
 10
251.374
 20
49.8877
 30
0.0
 11
251.374
 21
46.7872
 31
0.0
  0
LINE
  5
36B
330
A59
100
AcDbEntity
  8
0
 62
     0
100
AcDbLine
 10
251.374
 20
46.7872
 30
0.0
 11
252.174
 21
46.7872
 31
0.0
  0
LINE
  5
36C
330
A59
100
AcDbEntity
  8
0
 62
     0
100
AcDbLine
 10
252.174
 20
46.7872
 30
0.0
 11
252.174
 21
45.7881
 31
0.0
  0
LINE
  5
36D
330
A59
100
AcDbEntity
  8
0
 62
     0
100
AcDbLine
 10
252.174
 20
45.7881
 30
0.0
 11
266.175
 21
45.7881
 31
0.0
  0
LINE
  5
36E
330
A59
100
AcDbEntity
  8
0
 62
     0
100
AcDbLine
 10
266.175
 20
45.7881
 30
0.0
 11
266.175
 21
46.7872
 31
0.0
  0
LINE
  5
36F
330
A59
100
AcDbEntity
  8
0
 62
     0
100
AcDbLine
 10
266.175
 20
46.7872
 30
0.0
 11
266.974
 21
46.7872
 31
0.0
  0
LINE
  5
370
330
A59
100
AcDbEntity
  8
0
 62
     0
100
AcDbLine
 10
266.974
 20
46.7872
 30
0.0
 11
266.974
 21
49.8877
 31
0.0
  0
LINE
  5
371
330
A59
100
AcDbEntity
  8
0
 62
     0
100
AcDbLine
 10
266.974
 20
49.8877
 30
0.0
 11
266.175
 21
49.8877
 31
0.0
  0
LINE
  5
372
330
A59
100
AcDbEntity
  8
0
 62
     0
100
AcDbLine
 10
266.175
 20
49.8877
 30
0.0
 11
266.175
 21
55.6877
 31
0.0
  0
LINE
  5
373
330
A59
100
AcDbEntity
  8
0
 62
     0
100
AcDbLine
 10
266.175
 20
55.6877
 30
0.0
 11
266.974
 21
55.6877
 31
0.0
  0
LINE
  5
374
330
A59
100
AcDbEntity
  8
0
 62
     0
100
AcDbLine
 10
266.974
 20
55.6877
 30
0.0
 11
266.974
 21
58.7872
 31
0.0
  0
LINE
  5
375
330
A59
100
AcDbEntity
  8
0
 62
     0
100
AcDbLine
 10
266.974
 20
58.7872
 30
0.0
 11
266.175
 21
58.7872
 31
0.0
  0
LINE
  5
376
330
A59
100
AcDbEntity
  8
0
 62
     0
100
AcDbLine
 10
266.175
 20
58.7872
 30
0.0
 11
266.175
 21
59.7877
 31
0.0
  0
LINE
  5
377
330
A59
100
AcDbEntity
  8
0
 62
     0
100
AcDbLine
 10
266.175
 20
59.7877
 30
0.0
 11
252.174
 21
59.7877
 31
0.0
  0
LINE
  5
378
330
A59
100
AcDbEntity
  8
0
 62
     0
100
AcDbLine
 10
271.224
 20
59.7877
 30
0.0
 11
271.224
 21
58.7872
 31
0.0
  0
LINE
  5
379
330
A59
100
AcDbEntity
  8
0
 62
     0
100
AcDbLine
 10
271.224
 20
58.7872
 30
0.0
 11
270.425
 21
58.7872
 31
0.0
  0
LINE
  5
37A
330
A59
100
AcDbEntity
  8
0
 62
     0
100
AcDbLine
 10
270.425
 20
58.7872
 30
0.0
 11
270.425
 21
55.6877
 31
0.0
  0
LINE
  5
37B
330
A59
100
AcDbEntity
  8
0
 62
     0
100
AcDbLine
 10
270.425
 20
55.6877
 30
0.0
 11
271.224
 21
55.6877
 31
0.0
  0
LINE
  5
37C
330
A59
100
AcDbEntity
  8
0
 62
     0
100
AcDbLine
 10
271.224
 20
55.6877
 30
0.0
 11
271.224
 21
49.8877
 31
0.0
  0
LINE
  5
37D
330
A59
100
AcDbEntity
  8
0
 62
     0
100
AcDbLine
 10
271.224
 20
49.8877
 30
0.0
 11
270.425
 21
49.8877
 31
0.0
  0
LINE
  5
37E
330
A59
100
AcDbEntity
  8
0
 62
     0
100
AcDbLine
 10
270.425
 20
49.8877
 30
0.0
 11
270.425
 21
46.7872
 31
0.0
  0
LINE
  5
37F
330
A59
100
AcDbEntity
  8
0
 62
     0
100
AcDbLine
 10
270.425
 20
46.7872
 30
0.0
 11
271.224
 21
46.7872
 31
0.0
  0
LINE
  5
380
330
A59
100
AcDbEntity
  8
0
 62
     0
100
AcDbLine
 10
271.224
 20
46.7872
 30
0.0
 11
271.224
 21
45.7881
 31
0.0
  0
LINE
  5
381
330
A59
100
AcDbEntity
  8
0
 62
     0
100
AcDbLine
 10
271.224
 20
45.7881
 30
0.0
 11
285.225
 21
45.7881
 31
0.0
  0
LINE
  5
382
330
A59
100
AcDbEntity
  8
0
 62
     0
100
AcDbLine
 10
285.225
 20
45.7881
 30
0.0
 11
285.225
 21
46.7872
 31
0.0
  0
LINE
  5
383
330
A59
100
AcDbEntity
  8
0
 62
     0
100
AcDbLine
 10
285.225
 20
46.7872
 30
0.0
 11
286.024
 21
46.7872
 31
0.0
  0
LINE
  5
384
330
A59
100
AcDbEntity
  8
0
 62
     0
100
AcDbLine
 10
286.024
 20
46.7872
 30
0.0
 11
286.024
 21
49.8877
 31
0.0
  0
LINE
  5
385
330
A59
100
AcDbEntity
  8
0
 62
     0
100
AcDbLine
 10
286.024
 20
49.8877
 30
0.0
 11
285.225
 21
49.8877
 31
0.0
  0
LINE
  5
386
330
A59
100
AcDbEntity
  8
0
 62
     0
100
AcDbLine
 10
285.225
 20
49.8877
 30
0.0
 11
285.225
 21
55.6877
 31
0.0
  0
LINE
  5
387
330
A59
100
AcDbEntity
  8
0
 62
     0
100
AcDbLine
 10
285.225
 20
55.6877
 30
0.0
 11
286.024
 21
55.6877
 31
0.0
  0
LINE
  5
388
330
A59
100
AcDbEntity
  8
0
 62
     0
100
AcDbLine
 10
286.024
 20
55.6877
 30
0.0
 11
286.024
 21
58.7872
 31
0.0
  0
LINE
  5
389
330
A59
100
AcDbEntity
  8
0
 62
     0
100
AcDbLine
 10
286.024
 20
58.7872
 30
0.0
 11
285.225
 21
58.7872
 31
0.0
  0
LINE
  5
38A
330
A59
100
AcDbEntity
  8
0
 62
     0
100
AcDbLine
 10
285.225
 20
58.7872
 30
0.0
 11
285.225
 21
59.7877
 31
0.0
  0
LINE
  5
38B
330
A59
100
AcDbEntity
  8
0
 62
     0
100
AcDbLine
 10
285.225
 20
59.7877
 30
0.0
 11
271.224
 21
59.7877
 31
0.0
  0
LINE
  5
38C
330
A59
100
AcDbEntity
  8
0
 62
     0
100
AcDbLine
 10
303.918
 20
78.4119
 30
0.0
 11
303.918
 21
77.5878
 31
0.0
  0
LINE
  5
38D
330
A59
100
AcDbEntity
  8
0
 62
     0
100
AcDbLine
 10
303.918
 20
77.5878
 30
0.0
 11
297.648
 21
77.5878
 31
0.0
  0
LINE
  5
38E
330
A59
100
AcDbEntity
  8
0
 62
     0
100
AcDbLine
 10
297.648
 20
77.5878
 30
0.0
 11
297.648
 21
75.8638
 31
0.0
  0
LINE
  5
38F
330
A59
100
AcDbEntity
  8
0
 62
     0
100
AcDbLine
 10
297.648
 20
75.8638
 30
0.0
 11
296.667
 21
75.8638
 31
0.0
  0
LINE
  5
390
330
A59
100
AcDbEntity
  8
0
 62
     0
100
AcDbLine
 10
296.667
 20
75.8638
 30
0.0
 11
296.667
 21
72.5622
 31
0.0
  0
LINE
  5
391
330
A59
100
AcDbEntity
  8
0
 62
     0
100
AcDbLine
 10
296.667
 20
72.5622
 30
0.0
 11
297.648
 21
72.5622
 31
0.0
  0
LINE
  5
392
330
A59
100
AcDbEntity
  8
0
 62
     0
100
AcDbLine
 10
297.648
 20
72.5622
 30
0.0
 11
297.648
 21
70.8381
 31
0.0
  0
LINE
  5
393
330
A59
100
AcDbEntity
  8
0
 62
     0
100
AcDbLine
 10
297.648
 20
70.8381
 30
0.0
 11
302.117
 21
70.8381
 31
0.0
  0
LINE
  5
394
330
A59
100
AcDbEntity
  8
0
 62
     0
100
AcDbLine
 10
302.117
 20
70.8381
 30
0.0
 11
302.117
 21
69.3127
 31
0.0
  0
LINE
  5
395
330
A59
100
AcDbEntity
  8
0
 62
     0
100
AcDbLine
 10
302.117
 20
69.3127
 30
0.0
 11
301.517
 21
69.3127
 31
0.0
  0
LINE
  5
396
330
A59
100
AcDbEntity
  8
0
 62
     0
100
AcDbLine
 10
301.517
 20
69.3127
 30
0.0
 11
301.517
 21
70.1118
 31
0.0
  0
LINE
  5
397
330
A59
100
AcDbEntity
  8
0
 62
     0
100
AcDbLine
 10
301.517
 20
70.1118
 30
0.0
 11
298.417
 21
70.1118
 31
0.0
  0
LINE
  5
398
330
A59
100
AcDbEntity
  8
0
 62
     0
100
AcDbLine
 10
298.417
 20
70.1118
 30
0.0
 11
298.417
 21
69.3127
 31
0.0
  0
LINE
  5
399
330
A59
100
AcDbEntity
  8
0
 62
     0
100
AcDbLine
 10
298.417
 20
69.3127
 30
0.0
 11
297.418
 21
69.3127
 31
0.0
  0
LINE
  5
39A
330
A59
100
AcDbEntity
  8
0
 62
     0
100
AcDbLine
 10
297.418
 20
69.3127
 30
0.0
 11
297.418
 21
55.3131
 31
0.0
  0
LINE
  5
39B
330
A59
100
AcDbEntity
  8
0
 62
     0
100
AcDbLine
 10
297.418
 20
55.3131
 30
0.0
 11
298.417
 21
55.3131
 31
0.0
  0
LINE
  5
39C
330
A59
100
AcDbEntity
  8
0
 62
     0
100
AcDbLine
 10
298.417
 20
55.3131
 30
0.0
 11
298.417
 21
54.5123
 31
0.0
  0
LINE
  5
39D
330
A59
100
AcDbEntity
  8
0
 62
     0
100
AcDbLine
 10
298.417
 20
54.5123
 30
0.0
 11
301.517
 21
54.5123
 31
0.0
  0
LINE
  5
39E
330
A59
100
AcDbEntity
  8
0
 62
     0
100
AcDbLine
 10
301.517
 20
54.5123
 30
0.0
 11
301.517
 21
55.3131
 31
0.0
  0
LINE
  5
39F
330
A59
100
AcDbEntity
  8
0
 62
     0
100
AcDbLine
 10
301.517
 20
55.3131
 30
0.0
 11
302.117
 21
55.3131
 31
0.0
  0
LINE
  5
3A0
330
A59
100
AcDbEntity
  8
0
 62
     0
100
AcDbLine
 10
302.117
 20
55.3131
 30
0.0
 11
302.117
 21
53.7877
 31
0.0
  0
LINE
  5
3A1
330
A59
100
AcDbEntity
  8
0
 62
     0
100
AcDbLine
 10
302.117
 20
53.7877
 30
0.0
 11
297.648
 21
53.7877
 31
0.0
  0
LINE
  5
3A2
330
A59
100
AcDbEntity
  8
0
 62
     0
100
AcDbLine
 10
297.648
 20
53.7877
 30
0.0
 11
297.648
 21
52.0622
 31
0.0
  0
LINE
  5
3A3
330
A59
100
AcDbEntity
  8
0
 62
     0
100
AcDbLine
 10
297.648
 20
52.0622
 30
0.0
 11
296.667
 21
52.0622
 31
0.0
  0
LINE
  5
3A4
330
A59
100
AcDbEntity
  8
0
 62
     0
100
AcDbLine
 10
296.667
 20
52.0622
 30
0.0
 11
296.667
 21
48.762
 31
0.0
  0
LINE
  5
3A5
330
A59
100
AcDbEntity
  8
0
 62
     0
100
AcDbLine
 10
296.667
 20
48.762
 30
0.0
 11
297.648
 21
48.762
 31
0.0
  0
LINE
  5
3A6
330
A59
100
AcDbEntity
  8
0
 62
     0
100
AcDbLine
 10
297.648
 20
48.762
 30
0.0
 11
297.648
 21
47.038
 31
0.0
  0
LINE
  5
3A7
330
A59
100
AcDbEntity
  8
0
 62
     0
100
AcDbLine
 10
297.648
 20
47.038
 30
0.0
 11
303.918
 21
47.038
 31
0.0
  0
LINE
  5
3A8
330
A59
100
AcDbEntity
  8
0
 62
     0
100
AcDbLine
 10
303.918
 20
47.038
 30
0.0
 11
303.918
 21
46.2125
 31
0.0
  0
LINE
  5
3A9
330
A59
100
AcDbEntity
  8
0
 62
     0
100
AcDbLine
 10
303.918
 20
46.2125
 30
0.0
 11
306.717
 21
46.2125
 31
0.0
  0
LINE
  5
3AA
330
A59
100
AcDbEntity
  8
0
 62
     0
100
AcDbLine
 10
306.717
 20
46.2125
 30
0.0
 11
306.717
 21
47.038
 31
0.0
  0
LINE
  5
3AB
330
A59
100
AcDbEntity
  8
0
 62
     0
100
AcDbLine
 10
306.717
 20
47.038
 30
0.0
 11
309.947
 21
47.038
 31
0.0
  0
LINE
  5
3AC
330
A59
100
AcDbEntity
  8
0
 62
     0
100
AcDbLine
 10
309.947
 20
47.038
 30
0.0
 11
309.947
 21
48.762
 31
0.0
  0
LINE
  5
3AD
330
A59
100
AcDbEntity
  8
0
 62
     0
100
AcDbLine
 10
309.947
 20
48.762
 30
0.0
 11
310.867
 21
48.762
 31
0.0
  0
LINE
  5
3AE
330
A59
100
AcDbEntity
  8
0
 62
     0
100
AcDbLine
 10
310.867
 20
48.762
 30
0.0
 11
310.867
 21
52.0622
 31
0.0
  0
LINE
  5
3AF
330
A59
100
AcDbEntity
  8
0
 62
     0
100
AcDbLine
 10
310.867
 20
52.0622
 30
0.0
 11
309.947
 21
52.0622
 31
0.0
  0
LINE
  5
3B0
330
A59
100
AcDbEntity
  8
0
 62
     0
100
AcDbLine
 10
309.947
 20
52.0622
 30
0.0
 11
309.947
 21
53.7877
 31
0.0
  0
LINE
  5
3B1
330
A59
100
AcDbEntity
  8
0
 62
     0
100
AcDbLine
 10
309.947
 20
53.7877
 30
0.0
 11
306.717
 21
53.7877
 31
0.0
  0
LINE
  5
3B2
330
A59
100
AcDbEntity
  8
0
 62
     0
100
AcDbLine
 10
306.717
 20
53.7877
 30
0.0
 11
306.717
 21
55.3131
 31
0.0
  0
LINE
  5
3B3
330
A59
100
AcDbEntity
  8
0
 62
     0
100
AcDbLine
 10
306.717
 20
55.3131
 30
0.0
 11
307.318
 21
55.3131
 31
0.0
  0
LINE
  5
3B4
330
A59
100
AcDbEntity
  8
0
 62
     0
100
AcDbLine
 10
307.318
 20
55.3131
 30
0.0
 11
307.318
 21
54.5123
 31
0.0
  0
LINE
  5
3B5
330
A59
100
AcDbEntity
  8
0
 62
     0
100
AcDbLine
 10
307.318
 20
54.5123
 30
0.0
 11
310.417
 21
54.5123
 31
0.0
  0
LINE
  5
3B6
330
A59
100
AcDbEntity
  8
0
 62
     0
100
AcDbLine
 10
310.417
 20
54.5123
 30
0.0
 11
310.417
 21
55.3131
 31
0.0
  0
LINE
  5
3B7
330
A59
100
AcDbEntity
  8
0
 62
     0
100
AcDbLine
 10
310.417
 20
55.3131
 30
0.0
 11
311.417
 21
55.3131
 31
0.0
  0
LINE
  5
3B8
330
A59
100
AcDbEntity
  8
0
 62
     0
100
AcDbLine
 10
311.417
 20
55.3131
 30
0.0
 11
311.417
 21
69.3127
 31
0.0
  0
LINE
  5
3B9
330
A59
100
AcDbEntity
  8
0
 62
     0
100
AcDbLine
 10
311.417
 20
69.3127
 30
0.0
 11
310.417
 21
69.3127
 31
0.0
  0
LINE
  5
3BA
330
A59
100
AcDbEntity
  8
0
 62
     0
100
AcDbLine
 10
310.417
 20
69.3127
 30
0.0
 11
310.417
 21
70.1118
 31
0.0
  0
LINE
  5
3BB
330
A59
100
AcDbEntity
  8
0
 62
     0
100
AcDbLine
 10
310.417
 20
70.1118
 30
0.0
 11
307.318
 21
70.1118
 31
0.0
  0
LINE
  5
3BC
330
A59
100
AcDbEntity
  8
0
 62
     0
100
AcDbLine
 10
307.318
 20
70.1118
 30
0.0
 11
307.318
 21
69.3127
 31
0.0
  0
LINE
  5
3BD
330
A59
100
AcDbEntity
  8
0
 62
     0
100
AcDbLine
 10
307.318
 20
69.3127
 30
0.0
 11
306.717
 21
69.3127
 31
0.0
  0
LINE
  5
3BE
330
A59
100
AcDbEntity
  8
0
 62
     0
100
AcDbLine
 10
306.717
 20
69.3127
 30
0.0
 11
306.717
 21
70.8381
 31
0.0
  0
LINE
  5
3BF
330
A59
100
AcDbEntity
  8
0
 62
     0
100
AcDbLine
 10
306.717
 20
70.8381
 30
0.0
 11
309.947
 21
70.8381
 31
0.0
  0
LINE
  5
3C0
330
A59
100
AcDbEntity
  8
0
 62
     0
100
AcDbLine
 10
309.947
 20
70.8381
 30
0.0
 11
309.947
 21
72.5622
 31
0.0
  0
LINE
  5
3C1
330
A59
100
AcDbEntity
  8
0
 62
     0
100
AcDbLine
 10
309.947
 20
72.5622
 30
0.0
 11
310.867
 21
72.5622
 31
0.0
  0
LINE
  5
3C2
330
A59
100
AcDbEntity
  8
0
 62
     0
100
AcDbLine
 10
310.867
 20
72.5622
 30
0.0
 11
310.867
 21
75.8638
 31
0.0
  0
LINE
  5
3C3
330
A59
100
AcDbEntity
  8
0
 62
     0
100
AcDbLine
 10
310.867
 20
75.8638
 30
0.0
 11
309.947
 21
75.8638
 31
0.0
  0
LINE
  5
3C4
330
A59
100
AcDbEntity
  8
0
 62
     0
100
AcDbLine
 10
309.947
 20
75.8638
 30
0.0
 11
309.947
 21
77.5878
 31
0.0
  0
LINE
  5
3C5
330
A59
100
AcDbEntity
  8
0
 62
     0
100
AcDbLine
 10
309.947
 20
77.5878
 30
0.0
 11
306.717
 21
77.5878
 31
0.0
  0
LINE
  5
3C6
330
A59
100
AcDbEntity
  8
0
 62
     0
100
AcDbLine
 10
306.717
 20
77.5878
 30
0.0
 11
306.717
 21
78.4119
 31
0.0
  0
LINE
  5
3C7
330
A59
100
AcDbEntity
  8
0
 62
     0
100
AcDbLine
 10
306.717
 20
78.4119
 30
0.0
 11
303.918
 21
78.4119
 31
0.0
  0
LINE
  5
3C8
330
A59
100
AcDbEntity
  8
0
 62
     0
100
AcDbLine
 10
328.374
 20
69.3127
 30
0.0
 11
328.374
 21
68.3122
 31
0.0
  0
LINE
  5
3C9
330
A59
100
AcDbEntity
  8
0
 62
     0
100
AcDbLine
 10
328.374
 20
68.3122
 30
0.0
 11
327.575
 21
68.3122
 31
0.0
  0
LINE
  5
3CA
330
A59
100
AcDbEntity
  8
0
 62
     0
100
AcDbLine
 10
327.575
 20
68.3122
 30
0.0
 11
327.575
 21
65.2127
 31
0.0
  0
LINE
  5
3CB
330
A59
100
AcDbEntity
  8
0
 62
     0
100
AcDbLine
 10
327.575
 20
65.2127
 30
0.0
 11
328.374
 21
65.2127
 31
0.0
  0
LINE
  5
3CC
330
A59
100
AcDbEntity
  8
0
 62
     0
100
AcDbLine
 10
328.374
 20
65.2127
 30
0.0
 11
328.374
 21
59.4127
 31
0.0
  0
LINE
  5
3CD
330
A59
100
AcDbEntity
  8
0
 62
     0
100
AcDbLine
 10
328.374
 20
59.4127
 30
0.0
 11
327.575
 21
59.4127
 31
0.0
  0
LINE
  5
3CE
330
A59
100
AcDbEntity
  8
0
 62
     0
100
AcDbLine
 10
327.575
 20
59.4127
 30
0.0
 11
327.575
 21
56.3122
 31
0.0
  0
LINE
  5
3CF
330
A59
100
AcDbEntity
  8
0
 62
     0
100
AcDbLine
 10
327.575
 20
56.3122
 30
0.0
 11
328.374
 21
56.3122
 31
0.0
  0
LINE
  5
3D0
330
A59
100
AcDbEntity
  8
0
 62
     0
100
AcDbLine
 10
328.374
 20
56.3122
 30
0.0
 11
328.374
 21
55.3131
 31
0.0
  0
LINE
  5
3D1
330
A59
100
AcDbEntity
  8
0
 62
     0
100
AcDbLine
 10
328.374
 20
55.3131
 30
0.0
 11
342.375
 21
55.3131
 31
0.0
  0
LINE
  5
3D2
330
A59
100
AcDbEntity
  8
0
 62
     0
100
AcDbLine
 10
342.375
 20
55.3131
 30
0.0
 11
342.375
 21
56.3122
 31
0.0
  0
LINE
  5
3D3
330
A59
100
AcDbEntity
  8
0
 62
     0
100
AcDbLine
 10
342.375
 20
56.3122
 30
0.0
 11
343.174
 21
56.3122
 31
0.0
  0
LINE
  5
3D4
330
A59
100
AcDbEntity
  8
0
 62
     0
100
AcDbLine
 10
343.174
 20
56.3122
 30
0.0
 11
343.174
 21
59.4127
 31
0.0
  0
LINE
  5
3D5
330
A59
100
AcDbEntity
  8
0
 62
     0
100
AcDbLine
 10
343.174
 20
59.4127
 30
0.0
 11
342.375
 21
59.4127
 31
0.0
  0
LINE
  5
3D6
330
A59
100
AcDbEntity
  8
0
 62
     0
100
AcDbLine
 10
342.375
 20
59.4127
 30
0.0
 11
342.375
 21
65.2127
 31
0.0
  0
LINE
  5
3D7
330
A59
100
AcDbEntity
  8
0
 62
     0
100
AcDbLine
 10
342.375
 20
65.2127
 30
0.0
 11
343.174
 21
65.2127
 31
0.0
  0
LINE
  5
3D8
330
A59
100
AcDbEntity
  8
0
 62
     0
100
AcDbLine
 10
343.174
 20
65.2127
 30
0.0
 11
343.174
 21
68.3122
 31
0.0
  0
LINE
  5
3D9
330
A59
100
AcDbEntity
  8
0
 62
     0
100
AcDbLine
 10
343.174
 20
68.3122
 30
0.0
 11
342.375
 21
68.3122
 31
0.0
  0
LINE
  5
3DA
330
A59
100
AcDbEntity
  8
0
 62
     0
100
AcDbLine
 10
342.375
 20
68.3122
 30
0.0
 11
342.375
 21
69.3127
 31
0.0
  0
LINE
  5
3DB
330
A59
100
AcDbEntity
  8
0
 62
     0
100
AcDbLine
 10
342.375
 20
69.3127
 30
0.0
 11
328.374
 21
69.3127
 31
0.0
  0
LINE
  5
3DC
330
A59
100
AcDbEntity
  8
0
 62
     0
100
AcDbLine
 10
29.2888
 20
78.8377
 30
0.0
 11
29.2888
 21
77.8372
 31
0.0
  0
LINE
  5
3DD
330
A59
100
AcDbEntity
  8
0
 62
     0
100
AcDbLine
 10
29.2888
 20
77.8372
 30
0.0
 11
28.4896
 21
77.8372
 31
0.0
  0
LINE
  5
3DE
330
A59
100
AcDbEntity
  8
0
 62
     0
100
AcDbLine
 10
28.4896
 20
77.8372
 30
0.0
 11
28.4896
 21
74.7377
 31
0.0
  0
LINE
  5
3DF
330
A59
100
AcDbEntity
  8
0
 62
     0
100
AcDbLine
 10
28.4896
 20
74.7377
 30
0.0
 11
29.2888
 21
74.7377
 31
0.0
  0
LINE
  5
3E0
330
A59
100
AcDbEntity
  8
0
 62
     0
100
AcDbLine
 10
29.2888
 20
74.7377
 30
0.0
 11
29.2888
 21
68.9377
 31
0.0
  0
LINE
  5
3E1
330
A59
100
AcDbEntity
  8
0
 62
     0
100
AcDbLine
 10
29.2888
 20
68.9377
 30
0.0
 11
28.4896
 21
68.9377
 31
0.0
  0
LINE
  5
3E2
330
A59
100
AcDbEntity
  8
0
 62
     0
100
AcDbLine
 10
28.4896
 20
68.9377
 30
0.0
 11
28.4896
 21
65.8372
 31
0.0
  0
LINE
  5
3E3
330
A59
100
AcDbEntity
  8
0
 62
     0
100
AcDbLine
 10
28.4896
 20
65.8372
 30
0.0
 11
29.2888
 21
65.8372
 31
0.0
  0
LINE
  5
3E4
330
A59
100
AcDbEntity
  8
0
 62
     0
100
AcDbLine
 10
29.2888
 20
65.8372
 30
0.0
 11
29.2888
 21
64.8381
 31
0.0
  0
LINE
  5
3E5
330
A59
100
AcDbEntity
  8
0
 62
     0
100
AcDbLine
 10
29.2888
 20
64.8381
 30
0.0
 11
43.2897
 21
64.8381
 31
0.0
  0
LINE
  5
3E6
330
A59
100
AcDbEntity
  8
0
 62
     0
100
AcDbLine
 10
43.2897
 20
64.8381
 30
0.0
 11
43.2897
 21
65.8372
 31
0.0
  0
LINE
  5
3E7
330
A59
100
AcDbEntity
  8
0
 62
     0
100
AcDbLine
 10
43.2897
 20
65.8372
 30
0.0
 11
44.0891
 21
65.8372
 31
0.0
  0
LINE
  5
3E8
330
A59
100
AcDbEntity
  8
0
 62
     0
100
AcDbLine
 10
44.0891
 20
65.8372
 30
0.0
 11
44.0891
 21
68.9377
 31
0.0
  0
LINE
  5
3E9
330
A59
100
AcDbEntity
  8
0
 62
     0
100
AcDbLine
 10
44.0891
 20
68.9377
 30
0.0
 11
43.2897
 21
68.9377
 31
0.0
  0
LINE
  5
3EA
330
A59
100
AcDbEntity
  8
0
 62
     0
100
AcDbLine
 10
43.2897
 20
68.9377
 30
0.0
 11
43.2897
 21
74.7377
 31
0.0
  0
LINE
  5
3EB
330
A59
100
AcDbEntity
  8
0
 62
     0
100
AcDbLine
 10
43.2897
 20
74.7377
 30
0.0
 11
44.0891
 21
74.7377
 31
0.0
  0
LINE
  5
3EC
330
A59
100
AcDbEntity
  8
0
 62
     0
100
AcDbLine
 10
44.0891
 20
74.7377
 30
0.0
 11
44.0891
 21
77.8372
 31
0.0
  0
LINE
  5
3ED
330
A59
100
AcDbEntity
  8
0
 62
     0
100
AcDbLine
 10
44.0891
 20
77.8372
 30
0.0
 11
43.2897
 21
77.8372
 31
0.0
  0
LINE
  5
3EE
330
A59
100
AcDbEntity
  8
0
 62
     0
100
AcDbLine
 10
43.2897
 20
77.8372
 30
0.0
 11
43.2897
 21
78.8377
 31
0.0
  0
LINE
  5
3EF
330
A59
100
AcDbEntity
  8
0
 62
     0
100
AcDbLine
 10
43.2897
 20
78.8377
 30
0.0
 11
29.2888
 21
78.8377
 31
0.0
  0
LINE
  5
3F0
330
A59
100
AcDbEntity
  8
0
 62
     0
100
AcDbLine
 10
53.1012
 20
78.8377
 30
0.0
 11
53.1012
 21
77.8372
 31
0.0
  0
LINE
  5
3F1
330
A59
100
AcDbEntity
  8
0
 62
     0
100
AcDbLine
 10
53.1012
 20
77.8372
 30
0.0
 11
52.3021
 21
77.8372
 31
0.0
  0
LINE
  5
3F2
330
A59
100
AcDbEntity
  8
0
 62
     0
100
AcDbLine
 10
52.3021
 20
77.8372
 30
0.0
 11
52.3021
 21
74.7377
 31
0.0
  0
LINE
  5
3F3
330
A59
100
AcDbEntity
  8
0
 62
     0
100
AcDbLine
 10
52.3021
 20
74.7377
 30
0.0
 11
53.1012
 21
74.7377
 31
0.0
  0
LINE
  5
3F4
330
A59
100
AcDbEntity
  8
0
 62
     0
100
AcDbLine
 10
53.1012
 20
74.7377
 30
0.0
 11
53.1012
 21
68.9377
 31
0.0
  0
LINE
  5
3F5
330
A59
100
AcDbEntity
  8
0
 62
     0
100
AcDbLine
 10
53.1012
 20
68.9377
 30
0.0
 11
52.3021
 21
68.9377
 31
0.0
  0
LINE
  5
3F6
330
A59
100
AcDbEntity
  8
0
 62
     0
100
AcDbLine
 10
52.3021
 20
68.9377
 30
0.0
 11
52.3021
 21
65.8372
 31
0.0
  0
LINE
  5
3F7
330
A59
100
AcDbEntity
  8
0
 62
     0
100
AcDbLine
 10
52.3021
 20
65.8372
 30
0.0
 11
53.1012
 21
65.8372
 31
0.0
  0
LINE
  5
3F8
330
A59
100
AcDbEntity
  8
0
 62
     0
100
AcDbLine
 10
53.1012
 20
65.8372
 30
0.0
 11
53.1012
 21
64.8381
 31
0.0
  0
LINE
  5
3F9
330
A59
100
AcDbEntity
  8
0
 62
     0
100
AcDbLine
 10
53.1012
 20
64.8381
 30
0.0
 11
67.1008
 21
64.8381
 31
0.0
  0
LINE
  5
3FA
330
A59
100
AcDbEntity
  8
0
 62
     0
100
AcDbLine
 10
67.1008
 20
64.8381
 30
0.0
 11
67.1008
 21
65.8372
 31
0.0
  0
LINE
  5
3FB
330
A59
100
AcDbEntity
  8
0
 62
     0
100
AcDbLine
 10
67.1008
 20
65.8372
 30
0.0
 11
67.9016
 21
65.8372
 31
0.0
  0
LINE
  5
3FC
330
A59
100
AcDbEntity
  8
0
 62
     0
100
AcDbLine
 10
67.9016
 20
65.8372
 30
0.0
 11
67.9016
 21
68.9377
 31
0.0
  0
LINE
  5
3FD
330
A59
100
AcDbEntity
  8
0
 62
     0
100
AcDbLine
 10
67.9016
 20
68.9377
 30
0.0
 11
67.1008
 21
68.9377
 31
0.0
  0
LINE
  5
3FE
330
A59
100
AcDbEntity
  8
0
 62
     0
100
AcDbLine
 10
67.1008
 20
68.9377
 30
0.0
 11
67.1008
 21
74.7377
 31
0.0
  0
LINE
  5
3FF
330
A59
100
AcDbEntity
  8
0
 62
     0
100
AcDbLine
 10
67.1008
 20
74.7377
 30
0.0
 11
67.9016
 21
74.7377
 31
0.0
  0
LINE
  5
400
330
A59
100
AcDbEntity
  8
0
 62
     0
100
AcDbLine
 10
67.9016
 20
74.7377
 30
0.0
 11
67.9016
 21
77.8372
 31
0.0
  0
LINE
  5
401
330
A59
100
AcDbEntity
  8
0
 62
     0
100
AcDbLine
 10
67.9016
 20
77.8372
 30
0.0
 11
67.1008
 21
77.8372
 31
0.0
  0
LINE
  5
402
330
A59
100
AcDbEntity
  8
0
 62
     0
100
AcDbLine
 10
67.1008
 20
77.8372
 30
0.0
 11
67.1008
 21
78.8377
 31
0.0
  0
LINE
  5
403
330
A59
100
AcDbEntity
  8
0
 62
     0
100
AcDbLine
 10
67.1008
 20
78.8377
 30
0.0
 11
53.1012
 21
78.8377
 31
0.0
  0
LINE
  5
404
330
A59
100
AcDbEntity
  8
0
 62
     0
100
AcDbLine
 10
72.1512
 20
78.8377
 30
0.0
 11
72.1512
 21
77.8372
 31
0.0
  0
LINE
  5
405
330
A59
100
AcDbEntity
  8
0
 62
     0
100
AcDbLine
 10
72.1512
 20
77.8372
 30
0.0
 11
71.3521
 21
77.8372
 31
0.0
  0
LINE
  5
406
330
A59
100
AcDbEntity
  8
0
 62
     0
100
AcDbLine
 10
71.3521
 20
77.8372
 30
0.0
 11
71.3521
 21
74.7377
 31
0.0
  0
LINE
  5
407
330
A59
100
AcDbEntity
  8
0
 62
     0
100
AcDbLine
 10
71.3521
 20
74.7377
 30
0.0
 11
72.1512
 21
74.7377
 31
0.0
  0
LINE
  5
408
330
A59
100
AcDbEntity
  8
0
 62
     0
100
AcDbLine
 10
72.1512
 20
74.7377
 30
0.0
 11
72.1512
 21
68.9377
 31
0.0
  0
LINE
  5
409
330
A59
100
AcDbEntity
  8
0
 62
     0
100
AcDbLine
 10
72.1512
 20
68.9377
 30
0.0
 11
71.3521
 21
68.9377
 31
0.0
  0
LINE
  5
40A
330
A59
100
AcDbEntity
  8
0
 62
     0
100
AcDbLine
 10
71.3521
 20
68.9377
 30
0.0
 11
71.3521
 21
65.8372
 31
0.0
  0
LINE
  5
40B
330
A59
100
AcDbEntity
  8
0
 62
     0
100
AcDbLine
 10
71.3521
 20
65.8372
 30
0.0
 11
72.1512
 21
65.8372
 31
0.0
  0
LINE
  5
40C
330
A59
100
AcDbEntity
  8
0
 62
     0
100
AcDbLine
 10
72.1512
 20
65.8372
 30
0.0
 11
72.1512
 21
64.8381
 31
0.0
  0
LINE
  5
40D
330
A59
100
AcDbEntity
  8
0
 62
     0
100
AcDbLine
 10
72.1512
 20
64.8381
 30
0.0
 11
86.1508
 21
64.8381
 31
0.0
  0
LINE
  5
40E
330
A59
100
AcDbEntity
  8
0
 62
     0
100
AcDbLine
 10
86.1508
 20
64.8381
 30
0.0
 11
86.1508
 21
65.8372
 31
0.0
  0
LINE
  5
40F
330
A59
100
AcDbEntity
  8
0
 62
     0
100
AcDbLine
 10
86.1508
 20
65.8372
 30
0.0
 11
86.9516
 21
65.8372
 31
0.0
  0
LINE
  5
410
330
A59
100
AcDbEntity
  8
0
 62
     0
100
AcDbLine
 10
86.9516
 20
65.8372
 30
0.0
 11
86.9516
 21
68.9377
 31
0.0
  0
LINE
  5
411
330
A59
100
AcDbEntity
  8
0
 62
     0
100
AcDbLine
 10
86.9516
 20
68.9377
 30
0.0
 11
86.1508
 21
68.9377
 31
0.0
  0
LINE
  5
412
330
A59
100
AcDbEntity
  8
0
 62
     0
100
AcDbLine
 10
86.1508
 20
68.9377
 30
0.0
 11
86.1508
 21
74.7377
 31
0.0
  0
LINE
  5
413
330
A59
100
AcDbEntity
  8
0
 62
     0
100
AcDbLine
 10
86.1508
 20
74.7377
 30
0.0
 11
86.9516
 21
74.7377
 31
0.0
  0
LINE
  5
414
330
A59
100
AcDbEntity
  8
0
 62
     0
100
AcDbLine
 10
86.9516
 20
74.7377
 30
0.0
 11
86.9516
 21
77.8372
 31
0.0
  0
LINE
  5
415
330
A59
100
AcDbEntity
  8
0
 62
     0
100
AcDbLine
 10
86.9516
 20
77.8372
 30
0.0
 11
86.1508
 21
77.8372
 31
0.0
  0
LINE
  5
416
330
A59
100
AcDbEntity
  8
0
 62
     0
100
AcDbLine
 10
86.1508
 20
77.8372
 30
0.0
 11
86.1508
 21
78.8377
 31
0.0
  0
LINE
  5
417
330
A59
100
AcDbEntity
  8
0
 62
     0
100
AcDbLine
 10
86.1508
 20
78.8377
 30
0.0
 11
72.1512
 21
78.8377
 31
0.0
  0
LINE
  5
418
330
A59
100
AcDbEntity
  8
0
 62
     0
100
AcDbLine
 10
91.2012
 20
78.8377
 30
0.0
 11
91.2012
 21
77.8372
 31
0.0
  0
LINE
  5
419
330
A59
100
AcDbEntity
  8
0
 62
     0
100
AcDbLine
 10
91.2012
 20
77.8372
 30
0.0
 11
90.4021
 21
77.8372
 31
0.0
  0
LINE
  5
41A
330
A59
100
AcDbEntity
  8
0
 62
     0
100
AcDbLine
 10
90.4021
 20
77.8372
 30
0.0
 11
90.4021
 21
74.7377
 31
0.0
  0
LINE
  5
41B
330
A59
100
AcDbEntity
  8
0
 62
     0
100
AcDbLine
 10
90.4021
 20
74.7377
 30
0.0
 11
91.2012
 21
74.7377
 31
0.0
  0
LINE
  5
41C
330
A59
100
AcDbEntity
  8
0
 62
     0
100
AcDbLine
 10
91.2012
 20
74.7377
 30
0.0
 11
91.2012
 21
68.9377
 31
0.0
  0
LINE
  5
41D
330
A59
100
AcDbEntity
  8
0
 62
     0
100
AcDbLine
 10
91.2012
 20
68.9377
 30
0.0
 11
90.4021
 21
68.9377
 31
0.0
  0
LINE
  5
41E
330
A59
100
AcDbEntity
  8
0
 62
     0
100
AcDbLine
 10
90.4021
 20
68.9377
 30
0.0
 11
90.4021
 21
65.8372
 31
0.0
  0
LINE
  5
41F
330
A59
100
AcDbEntity
  8
0
 62
     0
100
AcDbLine
 10
90.4021
 20
65.8372
 30
0.0
 11
91.2012
 21
65.8372
 31
0.0
  0
LINE
  5
420
330
A59
100
AcDbEntity
  8
0
 62
     0
100
AcDbLine
 10
91.2012
 20
65.8372
 30
0.0
 11
91.2012
 21
64.8381
 31
0.0
  0
LINE
  5
421
330
A59
100
AcDbEntity
  8
0
 62
     0
100
AcDbLine
 10
91.2012
 20
64.8381
 30
0.0
 11
105.201
 21
64.8381
 31
0.0
  0
LINE
  5
422
330
A59
100
AcDbEntity
  8
0
 62
     0
100
AcDbLine
 10
105.201
 20
64.8381
 30
0.0
 11
105.201
 21
65.8372
 31
0.0
  0
LINE
  5
423
330
A59
100
AcDbEntity
  8
0
 62
     0
100
AcDbLine
 10
105.201
 20
65.8372
 30
0.0
 11
106.002
 21
65.8372
 31
0.0
  0
LINE
  5
424
330
A59
100
AcDbEntity
  8
0
 62
     0
100
AcDbLine
 10
106.002
 20
65.8372
 30
0.0
 11
106.002
 21
68.9377
 31
0.0
  0
LINE
  5
425
330
A59
100
AcDbEntity
  8
0
 62
     0
100
AcDbLine
 10
106.002
 20
68.9377
 30
0.0
 11
105.201
 21
68.9377
 31
0.0
  0
LINE
  5
426
330
A59
100
AcDbEntity
  8
0
 62
     0
100
AcDbLine
 10
105.201
 20
68.9377
 30
0.0
 11
105.201
 21
74.7377
 31
0.0
  0
LINE
  5
427
330
A59
100
AcDbEntity
  8
0
 62
     0
100
AcDbLine
 10
105.201
 20
74.7377
 30
0.0
 11
106.002
 21
74.7377
 31
0.0
  0
LINE
  5
428
330
A59
100
AcDbEntity
  8
0
 62
     0
100
AcDbLine
 10
106.002
 20
74.7377
 30
0.0
 11
106.002
 21
77.8372
 31
0.0
  0
LINE
  5
429
330
A59
100
AcDbEntity
  8
0
 62
     0
100
AcDbLine
 10
106.002
 20
77.8372
 30
0.0
 11
105.201
 21
77.8372
 31
0.0
  0
LINE
  5
42A
330
A59
100
AcDbEntity
  8
0
 62
     0
100
AcDbLine
 10
105.201
 20
77.8372
 30
0.0
 11
105.201
 21
78.8377
 31
0.0
  0
LINE
  5
42B
330
A59
100
AcDbEntity
  8
0
 62
     0
100
AcDbLine
 10
105.201
 20
78.8377
 30
0.0
 11
91.2012
 21
78.8377
 31
0.0
  0
LINE
  5
42C
330
A59
100
AcDbEntity
  8
0
 62
     0
100
AcDbLine
 10
110.251
 20
78.8377
 30
0.0
 11
110.251
 21
77.8372
 31
0.0
  0
LINE
  5
42D
330
A59
100
AcDbEntity
  8
0
 62
     0
100
AcDbLine
 10
110.251
 20
77.8372
 30
0.0
 11
109.452
 21
77.8372
 31
0.0
  0
LINE
  5
42E
330
A59
100
AcDbEntity
  8
0
 62
     0
100
AcDbLine
 10
109.452
 20
77.8372
 30
0.0
 11
109.452
 21
74.7377
 31
0.0
  0
LINE
  5
42F
330
A59
100
AcDbEntity
  8
0
 62
     0
100
AcDbLine
 10
109.452
 20
74.7377
 30
0.0
 11
110.251
 21
74.7377
 31
0.0
  0
LINE
  5
430
330
A59
100
AcDbEntity
  8
0
 62
     0
100
AcDbLine
 10
110.251
 20
74.7377
 30
0.0
 11
110.251
 21
68.9377
 31
0.0
  0
LINE
  5
431
330
A59
100
AcDbEntity
  8
0
 62
     0
100
AcDbLine
 10
110.251
 20
68.9377
 30
0.0
 11
109.452
 21
68.9377
 31
0.0
  0
LINE
  5
432
330
A59
100
AcDbEntity
  8
0
 62
     0
100
AcDbLine
 10
109.452
 20
68.9377
 30
0.0
 11
109.452
 21
65.8372
 31
0.0
  0
LINE
  5
433
330
A59
100
AcDbEntity
  8
0
 62
     0
100
AcDbLine
 10
109.452
 20
65.8372
 30
0.0
 11
110.251
 21
65.8372
 31
0.0
  0
LINE
  5
434
330
A59
100
AcDbEntity
  8
0
 62
     0
100
AcDbLine
 10
110.251
 20
65.8372
 30
0.0
 11
110.251
 21
64.8381
 31
0.0
  0
LINE
  5
435
330
A59
100
AcDbEntity
  8
0
 62
     0
100
AcDbLine
 10
110.251
 20
64.8381
 30
0.0
 11
124.251
 21
64.8381
 31
0.0
  0
LINE
  5
436
330
A59
100
AcDbEntity
  8
0
 62
     0
100
AcDbLine
 10
124.251
 20
64.8381
 30
0.0
 11
124.251
 21
65.8372
 31
0.0
  0
LINE
  5
437
330
A59
100
AcDbEntity
  8
0
 62
     0
100
AcDbLine
 10
124.251
 20
65.8372
 30
0.0
 11
125.052
 21
65.8372
 31
0.0
  0
LINE
  5
438
330
A59
100
AcDbEntity
  8
0
 62
     0
100
AcDbLine
 10
125.052
 20
65.8372
 30
0.0
 11
125.052
 21
68.9377
 31
0.0
  0
LINE
  5
439
330
A59
100
AcDbEntity
  8
0
 62
     0
100
AcDbLine
 10
125.052
 20
68.9377
 30
0.0
 11
124.251
 21
68.9377
 31
0.0
  0
LINE
  5
43A
330
A59
100
AcDbEntity
  8
0
 62
     0
100
AcDbLine
 10
124.251
 20
68.9377
 30
0.0
 11
124.251
 21
74.7377
 31
0.0
  0
LINE
  5
43B
330
A59
100
AcDbEntity
  8
0
 62
     0
100
AcDbLine
 10
124.251
 20
74.7377
 30
0.0
 11
125.052
 21
74.7377
 31
0.0
  0
LINE
  5
43C
330
A59
100
AcDbEntity
  8
0
 62
     0
100
AcDbLine
 10
125.052
 20
74.7377
 30
0.0
 11
125.052
 21
77.8372
 31
0.0
  0
LINE
  5
43D
330
A59
100
AcDbEntity
  8
0
 62
     0
100
AcDbLine
 10
125.052
 20
77.8372
 30
0.0
 11
124.251
 21
77.8372
 31
0.0
  0
LINE
  5
43E
330
A59
100
AcDbEntity
  8
0
 62
     0
100
AcDbLine
 10
124.251
 20
77.8372
 30
0.0
 11
124.251
 21
78.8377
 31
0.0
  0
LINE
  5
43F
330
A59
100
AcDbEntity
  8
0
 62
     0
100
AcDbLine
 10
124.251
 20
78.8377
 30
0.0
 11
110.251
 21
78.8377
 31
0.0
  0
LINE
  5
440
330
A59
100
AcDbEntity
  8
0
 62
     0
100
AcDbLine
 10
129.301
 20
78.8377
 30
0.0
 11
129.301
 21
77.8372
 31
0.0
  0
LINE
  5
441
330
A59
100
AcDbEntity
  8
0
 62
     0
100
AcDbLine
 10
129.301
 20
77.8372
 30
0.0
 11
128.502
 21
77.8372
 31
0.0
  0
LINE
  5
442
330
A59
100
AcDbEntity
  8
0
 62
     0
100
AcDbLine
 10
128.502
 20
77.8372
 30
0.0
 11
128.502
 21
74.7377
 31
0.0
  0
LINE
  5
443
330
A59
100
AcDbEntity
  8
0
 62
     0
100
AcDbLine
 10
128.502
 20
74.7377
 30
0.0
 11
129.301
 21
74.7377
 31
0.0
  0
LINE
  5
444
330
A59
100
AcDbEntity
  8
0
 62
     0
100
AcDbLine
 10
129.301
 20
74.7377
 30
0.0
 11
129.301
 21
68.9377
 31
0.0
  0
LINE
  5
445
330
A59
100
AcDbEntity
  8
0
 62
     0
100
AcDbLine
 10
129.301
 20
68.9377
 30
0.0
 11
128.502
 21
68.9377
 31
0.0
  0
LINE
  5
446
330
A59
100
AcDbEntity
  8
0
 62
     0
100
AcDbLine
 10
128.502
 20
68.9377
 30
0.0
 11
128.502
 21
65.8372
 31
0.0
  0
LINE
  5
447
330
A59
100
AcDbEntity
  8
0
 62
     0
100
AcDbLine
 10
128.502
 20
65.8372
 30
0.0
 11
129.301
 21
65.8372
 31
0.0
  0
LINE
  5
448
330
A59
100
AcDbEntity
  8
0
 62
     0
100
AcDbLine
 10
129.301
 20
65.8372
 30
0.0
 11
129.301
 21
64.8381
 31
0.0
  0
LINE
  5
449
330
A59
100
AcDbEntity
  8
0
 62
     0
100
AcDbLine
 10
129.301
 20
64.8381
 30
0.0
 11
143.301
 21
64.8381
 31
0.0
  0
LINE
  5
44A
330
A59
100
AcDbEntity
  8
0
 62
     0
100
AcDbLine
 10
143.301
 20
64.8381
 30
0.0
 11
143.301
 21
65.8372
 31
0.0
  0
LINE
  5
44B
330
A59
100
AcDbEntity
  8
0
 62
     0
100
AcDbLine
 10
143.301
 20
65.8372
 30
0.0
 11
144.102
 21
65.8372
 31
0.0
  0
LINE
  5
44C
330
A59
100
AcDbEntity
  8
0
 62
     0
100
AcDbLine
 10
144.102
 20
65.8372
 30
0.0
 11
144.102
 21
68.9377
 31
0.0
  0
LINE
  5
44D
330
A59
100
AcDbEntity
  8
0
 62
     0
100
AcDbLine
 10
144.102
 20
68.9377
 30
0.0
 11
143.301
 21
68.9377
 31
0.0
  0
LINE
  5
44E
330
A59
100
AcDbEntity
  8
0
 62
     0
100
AcDbLine
 10
143.301
 20
68.9377
 30
0.0
 11
143.301
 21
74.7377
 31
0.0
  0
LINE
  5
44F
330
A59
100
AcDbEntity
  8
0
 62
     0
100
AcDbLine
 10
143.301
 20
74.7377
 30
0.0
 11
144.102
 21
74.7377
 31
0.0
  0
LINE
  5
450
330
A59
100
AcDbEntity
  8
0
 62
     0
100
AcDbLine
 10
144.102
 20
74.7377
 30
0.0
 11
144.102
 21
77.8372
 31
0.0
  0
LINE
  5
451
330
A59
100
AcDbEntity
  8
0
 62
     0
100
AcDbLine
 10
144.102
 20
77.8372
 30
0.0
 11
143.301
 21
77.8372
 31
0.0
  0
LINE
  5
452
330
A59
100
AcDbEntity
  8
0
 62
     0
100
AcDbLine
 10
143.301
 20
77.8372
 30
0.0
 11
143.301
 21
78.8377
 31
0.0
  0
LINE
  5
453
330
A59
100
AcDbEntity
  8
0
 62
     0
100
AcDbLine
 10
143.301
 20
78.8377
 30
0.0
 11
129.301
 21
78.8377
 31
0.0
  0
LINE
  5
454
330
A59
100
AcDbEntity
  8
0
 62
     0
100
AcDbLine
 10
156.924
 20
78.8377
 30
0.0
 11
156.924
 21
77.8372
 31
0.0
  0
LINE
  5
455
330
A59
100
AcDbEntity
  8
0
 62
     0
100
AcDbLine
 10
156.924
 20
77.8372
 30
0.0
 11
156.124
 21
77.8372
 31
0.0
  0
LINE
  5
456
330
A59
100
AcDbEntity
  8
0
 62
     0
100
AcDbLine
 10
156.124
 20
77.8372
 30
0.0
 11
156.124
 21
74.7377
 31
0.0
  0
LINE
  5
457
330
A59
100
AcDbEntity
  8
0
 62
     0
100
AcDbLine
 10
156.124
 20
74.7377
 30
0.0
 11
156.924
 21
74.7377
 31
0.0
  0
LINE
  5
458
330
A59
100
AcDbEntity
  8
0
 62
     0
100
AcDbLine
 10
156.924
 20
74.7377
 30
0.0
 11
156.924
 21
68.9377
 31
0.0
  0
LINE
  5
459
330
A59
100
AcDbEntity
  8
0
 62
     0
100
AcDbLine
 10
156.924
 20
68.9377
 30
0.0
 11
156.124
 21
68.9377
 31
0.0
  0
LINE
  5
45A
330
A59
100
AcDbEntity
  8
0
 62
     0
100
AcDbLine
 10
156.124
 20
68.9377
 30
0.0
 11
156.124
 21
65.8372
 31
0.0
  0
LINE
  5
45B
330
A59
100
AcDbEntity
  8
0
 62
     0
100
AcDbLine
 10
156.124
 20
65.8372
 30
0.0
 11
156.924
 21
65.8372
 31
0.0
  0
LINE
  5
45C
330
A59
100
AcDbEntity
  8
0
 62
     0
100
AcDbLine
 10
156.924
 20
65.8372
 30
0.0
 11
156.924
 21
64.8381
 31
0.0
  0
LINE
  5
45D
330
A59
100
AcDbEntity
  8
0
 62
     0
100
AcDbLine
 10
156.924
 20
64.8381
 30
0.0
 11
170.924
 21
64.8381
 31
0.0
  0
LINE
  5
45E
330
A59
100
AcDbEntity
  8
0
 62
     0
100
AcDbLine
 10
170.924
 20
64.8381
 30
0.0
 11
170.924
 21
65.8372
 31
0.0
  0
LINE
  5
45F
330
A59
100
AcDbEntity
  8
0
 62
     0
100
AcDbLine
 10
170.924
 20
65.8372
 30
0.0
 11
171.724
 21
65.8372
 31
0.0
  0
LINE
  5
460
330
A59
100
AcDbEntity
  8
0
 62
     0
100
AcDbLine
 10
171.724
 20
65.8372
 30
0.0
 11
171.724
 21
68.9377
 31
0.0
  0
LINE
  5
461
330
A59
100
AcDbEntity
  8
0
 62
     0
100
AcDbLine
 10
171.724
 20
68.9377
 30
0.0
 11
170.924
 21
68.9377
 31
0.0
  0
LINE
  5
462
330
A59
100
AcDbEntity
  8
0
 62
     0
100
AcDbLine
 10
170.924
 20
68.9377
 30
0.0
 11
170.924
 21
74.7377
 31
0.0
  0
LINE
  5
463
330
A59
100
AcDbEntity
  8
0
 62
     0
100
AcDbLine
 10
170.924
 20
74.7377
 30
0.0
 11
171.724
 21
74.7377
 31
0.0
  0
LINE
  5
464
330
A59
100
AcDbEntity
  8
0
 62
     0
100
AcDbLine
 10
171.724
 20
74.7377
 30
0.0
 11
171.724
 21
77.8372
 31
0.0
  0
LINE
  5
465
330
A59
100
AcDbEntity
  8
0
 62
     0
100
AcDbLine
 10
171.724
 20
77.8372
 30
0.0
 11
170.924
 21
77.8372
 31
0.0
  0
LINE
  5
466
330
A59
100
AcDbEntity
  8
0
 62
     0
100
AcDbLine
 10
170.924
 20
77.8372
 30
0.0
 11
170.924
 21
78.8377
 31
0.0
  0
LINE
  5
467
330
A59
100
AcDbEntity
  8
0
 62
     0
100
AcDbLine
 10
170.924
 20
78.8377
 30
0.0
 11
156.924
 21
78.8377
 31
0.0
  0
LINE
  5
468
330
A59
100
AcDbEntity
  8
0
 62
     0
100
AcDbLine
 10
175.974
 20
78.8377
 30
0.0
 11
175.974
 21
77.8372
 31
0.0
  0
LINE
  5
469
330
A59
100
AcDbEntity
  8
0
 62
     0
100
AcDbLine
 10
175.974
 20
77.8372
 30
0.0
 11
175.174
 21
77.8372
 31
0.0
  0
LINE
  5
46A
330
A59
100
AcDbEntity
  8
0
 62
     0
100
AcDbLine
 10
175.174
 20
77.8372
 30
0.0
 11
175.174
 21
74.7377
 31
0.0
  0
LINE
  5
46B
330
A59
100
AcDbEntity
  8
0
 62
     0
100
AcDbLine
 10
175.174
 20
74.7377
 30
0.0
 11
175.974
 21
74.7377
 31
0.0
  0
LINE
  5
46C
330
A59
100
AcDbEntity
  8
0
 62
     0
100
AcDbLine
 10
175.974
 20
74.7377
 30
0.0
 11
175.974
 21
68.9377
 31
0.0
  0
LINE
  5
46D
330
A59
100
AcDbEntity
  8
0
 62
     0
100
AcDbLine
 10
175.974
 20
68.9377
 30
0.0
 11
175.174
 21
68.9377
 31
0.0
  0
LINE
  5
46E
330
A59
100
AcDbEntity
  8
0
 62
     0
100
AcDbLine
 10
175.174
 20
68.9377
 30
0.0
 11
175.174
 21
65.8372
 31
0.0
  0
LINE
  5
46F
330
A59
100
AcDbEntity
  8
0
 62
     0
100
AcDbLine
 10
175.174
 20
65.8372
 30
0.0
 11
175.974
 21
65.8372
 31
0.0
  0
LINE
  5
470
330
A59
100
AcDbEntity
  8
0
 62
     0
100
AcDbLine
 10
175.974
 20
65.8372
 30
0.0
 11
175.974
 21
64.8381
 31
0.0
  0
LINE
  5
471
330
A59
100
AcDbEntity
  8
0
 62
     0
100
AcDbLine
 10
175.974
 20
64.8381
 30
0.0
 11
189.975
 21
64.8381
 31
0.0
  0
LINE
  5
472
330
A59
100
AcDbEntity
  8
0
 62
     0
100
AcDbLine
 10
189.975
 20
64.8381
 30
0.0
 11
189.975
 21
65.8372
 31
0.0
  0
LINE
  5
473
330
A59
100
AcDbEntity
  8
0
 62
     0
100
AcDbLine
 10
189.975
 20
65.8372
 30
0.0
 11
190.774
 21
65.8372
 31
0.0
  0
LINE
  5
474
330
A59
100
AcDbEntity
  8
0
 62
     0
100
AcDbLine
 10
190.774
 20
65.8372
 30
0.0
 11
190.774
 21
68.9377
 31
0.0
  0
LINE
  5
475
330
A59
100
AcDbEntity
  8
0
 62
     0
100
AcDbLine
 10
190.774
 20
68.9377
 30
0.0
 11
189.975
 21
68.9377
 31
0.0
  0
LINE
  5
476
330
A59
100
AcDbEntity
  8
0
 62
     0
100
AcDbLine
 10
189.975
 20
68.9377
 30
0.0
 11
189.975
 21
74.7377
 31
0.0
  0
LINE
  5
477
330
A59
100
AcDbEntity
  8
0
 62
     0
100
AcDbLine
 10
189.975
 20
74.7377
 30
0.0
 11
190.774
 21
74.7377
 31
0.0
  0
LINE
  5
478
330
A59
100
AcDbEntity
  8
0
 62
     0
100
AcDbLine
 10
190.774
 20
74.7377
 30
0.0
 11
190.774
 21
77.8372
 31
0.0
  0
LINE
  5
479
330
A59
100
AcDbEntity
  8
0
 62
     0
100
AcDbLine
 10
190.774
 20
77.8372
 30
0.0
 11
189.975
 21
77.8372
 31
0.0
  0
LINE
  5
47A
330
A59
100
AcDbEntity
  8
0
 62
     0
100
AcDbLine
 10
189.975
 20
77.8372
 30
0.0
 11
189.975
 21
78.8377
 31
0.0
  0
LINE
  5
47B
330
A59
100
AcDbEntity
  8
0
 62
     0
100
AcDbLine
 10
189.975
 20
78.8377
 30
0.0
 11
175.974
 21
78.8377
 31
0.0
  0
LINE
  5
47C
330
A59
100
AcDbEntity
  8
0
 62
     0
100
AcDbLine
 10
195.024
 20
78.8377
 30
0.0
 11
195.024
 21
77.8372
 31
0.0
  0
LINE
  5
47D
330
A59
100
AcDbEntity
  8
0
 62
     0
100
AcDbLine
 10
195.024
 20
77.8372
 30
0.0
 11
194.225
 21
77.8372
 31
0.0
  0
LINE
  5
47E
330
A59
100
AcDbEntity
  8
0
 62
     0
100
AcDbLine
 10
194.225
 20
77.8372
 30
0.0
 11
194.225
 21
74.7377
 31
0.0
  0
LINE
  5
47F
330
A59
100
AcDbEntity
  8
0
 62
     0
100
AcDbLine
 10
194.225
 20
74.7377
 30
0.0
 11
195.024
 21
74.7377
 31
0.0
  0
LINE
  5
480
330
A59
100
AcDbEntity
  8
0
 62
     0
100
AcDbLine
 10
195.024
 20
74.7377
 30
0.0
 11
195.024
 21
68.9377
 31
0.0
  0
LINE
  5
481
330
A59
100
AcDbEntity
  8
0
 62
     0
100
AcDbLine
 10
195.024
 20
68.9377
 30
0.0
 11
194.225
 21
68.9377
 31
0.0
  0
LINE
  5
482
330
A59
100
AcDbEntity
  8
0
 62
     0
100
AcDbLine
 10
194.225
 20
68.9377
 30
0.0
 11
194.225
 21
65.8372
 31
0.0
  0
LINE
  5
483
330
A59
100
AcDbEntity
  8
0
 62
     0
100
AcDbLine
 10
194.225
 20
65.8372
 30
0.0
 11
195.024
 21
65.8372
 31
0.0
  0
LINE
  5
484
330
A59
100
AcDbEntity
  8
0
 62
     0
100
AcDbLine
 10
195.024
 20
65.8372
 30
0.0
 11
195.024
 21
64.8381
 31
0.0
  0
LINE
  5
485
330
A59
100
AcDbEntity
  8
0
 62
     0
100
AcDbLine
 10
195.024
 20
64.8381
 30
0.0
 11
209.025
 21
64.8381
 31
0.0
  0
LINE
  5
486
330
A59
100
AcDbEntity
  8
0
 62
     0
100
AcDbLine
 10
209.025
 20
64.8381
 30
0.0
 11
209.025
 21
65.8372
 31
0.0
  0
LINE
  5
487
330
A59
100
AcDbEntity
  8
0
 62
     0
100
AcDbLine
 10
209.025
 20
65.8372
 30
0.0
 11
209.824
 21
65.8372
 31
0.0
  0
LINE
  5
488
330
A59
100
AcDbEntity
  8
0
 62
     0
100
AcDbLine
 10
209.824
 20
65.8372
 30
0.0
 11
209.824
 21
68.9377
 31
0.0
  0
LINE
  5
489
330
A59
100
AcDbEntity
  8
0
 62
     0
100
AcDbLine
 10
209.824
 20
68.9377
 30
0.0
 11
209.025
 21
68.9377
 31
0.0
  0
LINE
  5
48A
330
A59
100
AcDbEntity
  8
0
 62
     0
100
AcDbLine
 10
209.025
 20
68.9377
 30
0.0
 11
209.025
 21
74.7377
 31
0.0
  0
LINE
  5
48B
330
A59
100
AcDbEntity
  8
0
 62
     0
100
AcDbLine
 10
209.025
 20
74.7377
 30
0.0
 11
209.824
 21
74.7377
 31
0.0
  0
LINE
  5
48C
330
A59
100
AcDbEntity
  8
0
 62
     0
100
AcDbLine
 10
209.824
 20
74.7377
 30
0.0
 11
209.824
 21
77.8372
 31
0.0
  0
LINE
  5
48D
330
A59
100
AcDbEntity
  8
0
 62
     0
100
AcDbLine
 10
209.824
 20
77.8372
 30
0.0
 11
209.025
 21
77.8372
 31
0.0
  0
LINE
  5
48E
330
A59
100
AcDbEntity
  8
0
 62
     0
100
AcDbLine
 10
209.025
 20
77.8372
 30
0.0
 11
209.025
 21
78.8377
 31
0.0
  0
LINE
  5
48F
330
A59
100
AcDbEntity
  8
0
 62
     0
100
AcDbLine
 10
209.025
 20
78.8377
 30
0.0
 11
195.024
 21
78.8377
 31
0.0
  0
LINE
  5
490
330
A59
100
AcDbEntity
  8
0
 62
     0
100
AcDbLine
 10
214.074
 20
78.8377
 30
0.0
 11
214.074
 21
77.8372
 31
0.0
  0
LINE
  5
491
330
A59
100
AcDbEntity
  8
0
 62
     0
100
AcDbLine
 10
214.074
 20
77.8372
 30
0.0
 11
213.275
 21
77.8372
 31
0.0
  0
LINE
  5
492
330
A59
100
AcDbEntity
  8
0
 62
     0
100
AcDbLine
 10
213.275
 20
77.8372
 30
0.0
 11
213.275
 21
74.7377
 31
0.0
  0
LINE
  5
493
330
A59
100
AcDbEntity
  8
0
 62
     0
100
AcDbLine
 10
213.275
 20
74.7377
 30
0.0
 11
214.074
 21
74.7377
 31
0.0
  0
LINE
  5
494
330
A59
100
AcDbEntity
  8
0
 62
     0
100
AcDbLine
 10
214.074
 20
74.7377
 30
0.0
 11
214.074
 21
68.9377
 31
0.0
  0
LINE
  5
495
330
A59
100
AcDbEntity
  8
0
 62
     0
100
AcDbLine
 10
214.074
 20
68.9377
 30
0.0
 11
213.275
 21
68.9377
 31
0.0
  0
LINE
  5
496
330
A59
100
AcDbEntity
  8
0
 62
     0
100
AcDbLine
 10
213.275
 20
68.9377
 30
0.0
 11
213.275
 21
65.8372
 31
0.0
  0
LINE
  5
497
330
A59
100
AcDbEntity
  8
0
 62
     0
100
AcDbLine
 10
213.275
 20
65.8372
 30
0.0
 11
214.074
 21
65.8372
 31
0.0
  0
LINE
  5
498
330
A59
100
AcDbEntity
  8
0
 62
     0
100
AcDbLine
 10
214.074
 20
65.8372
 30
0.0
 11
214.074
 21
64.8381
 31
0.0
  0
LINE
  5
499
330
A59
100
AcDbEntity
  8
0
 62
     0
100
AcDbLine
 10
214.074
 20
64.8381
 30
0.0
 11
228.075
 21
64.8381
 31
0.0
  0
LINE
  5
49A
330
A59
100
AcDbEntity
  8
0
 62
     0
100
AcDbLine
 10
228.075
 20
64.8381
 30
0.0
 11
228.075
 21
65.8372
 31
0.0
  0
LINE
  5
49B
330
A59
100
AcDbEntity
  8
0
 62
     0
100
AcDbLine
 10
228.075
 20
65.8372
 30
0.0
 11
228.874
 21
65.8372
 31
0.0
  0
LINE
  5
49C
330
A59
100
AcDbEntity
  8
0
 62
     0
100
AcDbLine
 10
228.874
 20
65.8372
 30
0.0
 11
228.874
 21
68.9377
 31
0.0
  0
LINE
  5
49D
330
A59
100
AcDbEntity
  8
0
 62
     0
100
AcDbLine
 10
228.874
 20
68.9377
 30
0.0
 11
228.075
 21
68.9377
 31
0.0
  0
LINE
  5
49E
330
A59
100
AcDbEntity
  8
0
 62
     0
100
AcDbLine
 10
228.075
 20
68.9377
 30
0.0
 11
228.075
 21
74.7377
 31
0.0
  0
LINE
  5
49F
330
A59
100
AcDbEntity
  8
0
 62
     0
100
AcDbLine
 10
228.075
 20
74.7377
 30
0.0
 11
228.874
 21
74.7377
 31
0.0
  0
LINE
  5
4A0
330
A59
100
AcDbEntity
  8
0
 62
     0
100
AcDbLine
 10
228.874
 20
74.7377
 30
0.0
 11
228.874
 21
77.8372
 31
0.0
  0
LINE
  5
4A1
330
A59
100
AcDbEntity
  8
0
 62
     0
100
AcDbLine
 10
228.874
 20
77.8372
 30
0.0
 11
228.075
 21
77.8372
 31
0.0
  0
LINE
  5
4A2
330
A59
100
AcDbEntity
  8
0
 62
     0
100
AcDbLine
 10
228.075
 20
77.8372
 30
0.0
 11
228.075
 21
78.8377
 31
0.0
  0
LINE
  5
4A3
330
A59
100
AcDbEntity
  8
0
 62
     0
100
AcDbLine
 10
228.075
 20
78.8377
 30
0.0
 11
214.074
 21
78.8377
 31
0.0
  0
LINE
  5
4A4
330
A59
100
AcDbEntity
  8
0
 62
     0
100
AcDbLine
 10
233.124
 20
78.8377
 30
0.0
 11
233.124
 21
77.8372
 31
0.0
  0
LINE
  5
4A5
330
A59
100
AcDbEntity
  8
0
 62
     0
100
AcDbLine
 10
233.124
 20
77.8372
 30
0.0
 11
232.325
 21
77.8372
 31
0.0
  0
LINE
  5
4A6
330
A59
100
AcDbEntity
  8
0
 62
     0
100
AcDbLine
 10
232.325
 20
77.8372
 30
0.0
 11
232.325
 21
74.7377
 31
0.0
  0
LINE
  5
4A7
330
A59
100
AcDbEntity
  8
0
 62
     0
100
AcDbLine
 10
232.325
 20
74.7377
 30
0.0
 11
233.124
 21
74.7377
 31
0.0
  0
LINE
  5
4A8
330
A59
100
AcDbEntity
  8
0
 62
     0
100
AcDbLine
 10
233.124
 20
74.7377
 30
0.0
 11
233.124
 21
68.9377
 31
0.0
  0
LINE
  5
4A9
330
A59
100
AcDbEntity
  8
0
 62
     0
100
AcDbLine
 10
233.124
 20
68.9377
 30
0.0
 11
232.325
 21
68.9377
 31
0.0
  0
LINE
  5
4AA
330
A59
100
AcDbEntity
  8
0
 62
     0
100
AcDbLine
 10
232.325
 20
68.9377
 30
0.0
 11
232.325
 21
65.8372
 31
0.0
  0
LINE
  5
4AB
330
A59
100
AcDbEntity
  8
0
 62
     0
100
AcDbLine
 10
232.325
 20
65.8372
 30
0.0
 11
233.124
 21
65.8372
 31
0.0
  0
LINE
  5
4AC
330
A59
100
AcDbEntity
  8
0
 62
     0
100
AcDbLine
 10
233.124
 20
65.8372
 30
0.0
 11
233.124
 21
64.8381
 31
0.0
  0
LINE
  5
4AD
330
A59
100
AcDbEntity
  8
0
 62
     0
100
AcDbLine
 10
233.124
 20
64.8381
 30
0.0
 11
247.125
 21
64.8381
 31
0.0
  0
LINE
  5
4AE
330
A59
100
AcDbEntity
  8
0
 62
     0
100
AcDbLine
 10
247.125
 20
64.8381
 30
0.0
 11
247.125
 21
65.8372
 31
0.0
  0
LINE
  5
4AF
330
A59
100
AcDbEntity
  8
0
 62
     0
100
AcDbLine
 10
247.125
 20
65.8372
 30
0.0
 11
247.924
 21
65.8372
 31
0.0
  0
LINE
  5
4B0
330
A59
100
AcDbEntity
  8
0
 62
     0
100
AcDbLine
 10
247.924
 20
65.8372
 30
0.0
 11
247.924
 21
68.9377
 31
0.0
  0
LINE
  5
4B1
330
A59
100
AcDbEntity
  8
0
 62
     0
100
AcDbLine
 10
247.924
 20
68.9377
 30
0.0
 11
247.125
 21
68.9377
 31
0.0
  0
LINE
  5
4B2
330
A59
100
AcDbEntity
  8
0
 62
     0
100
AcDbLine
 10
247.125
 20
68.9377
 30
0.0
 11
247.125
 21
74.7377
 31
0.0
  0
LINE
  5
4B3
330
A59
100
AcDbEntity
  8
0
 62
     0
100
AcDbLine
 10
247.125
 20
74.7377
 30
0.0
 11
247.924
 21
74.7377
 31
0.0
  0
LINE
  5
4B4
330
A59
100
AcDbEntity
  8
0
 62
     0
100
AcDbLine
 10
247.924
 20
74.7377
 30
0.0
 11
247.924
 21
77.8372
 31
0.0
  0
LINE
  5
4B5
330
A59
100
AcDbEntity
  8
0
 62
     0
100
AcDbLine
 10
247.924
 20
77.8372
 30
0.0
 11
247.125
 21
77.8372
 31
0.0
  0
LINE
  5
4B6
330
A59
100
AcDbEntity
  8
0
 62
     0
100
AcDbLine
 10
247.125
 20
77.8372
 30
0.0
 11
247.125
 21
78.8377
 31
0.0
  0
LINE
  5
4B7
330
A59
100
AcDbEntity
  8
0
 62
     0
100
AcDbLine
 10
247.125
 20
78.8377
 30
0.0
 11
233.124
 21
78.8377
 31
0.0
  0
LINE
  5
4B8
330
A59
100
AcDbEntity
  8
0
 62
     0
100
AcDbLine
 10
252.174
 20
78.8377
 30
0.0
 11
252.174
 21
77.8372
 31
0.0
  0
LINE
  5
4B9
330
A59
100
AcDbEntity
  8
0
 62
     0
100
AcDbLine
 10
252.174
 20
77.8372
 30
0.0
 11
251.374
 21
77.8372
 31
0.0
  0
LINE
  5
4BA
330
A59
100
AcDbEntity
  8
0
 62
     0
100
AcDbLine
 10
251.374
 20
77.8372
 30
0.0
 11
251.374
 21
74.7377
 31
0.0
  0
LINE
  5
4BB
330
A59
100
AcDbEntity
  8
0
 62
     0
100
AcDbLine
 10
251.374
 20
74.7377
 30
0.0
 11
252.174
 21
74.7377
 31
0.0
  0
LINE
  5
4BC
330
A59
100
AcDbEntity
  8
0
 62
     0
100
AcDbLine
 10
252.174
 20
74.7377
 30
0.0
 11
252.174
 21
68.9377
 31
0.0
  0
LINE
  5
4BD
330
A59
100
AcDbEntity
  8
0
 62
     0
100
AcDbLine
 10
252.174
 20
68.9377
 30
0.0
 11
251.374
 21
68.9377
 31
0.0
  0
LINE
  5
4BE
330
A59
100
AcDbEntity
  8
0
 62
     0
100
AcDbLine
 10
251.374
 20
68.9377
 30
0.0
 11
251.374
 21
65.8372
 31
0.0
  0
LINE
  5
4BF
330
A59
100
AcDbEntity
  8
0
 62
     0
100
AcDbLine
 10
251.374
 20
65.8372
 30
0.0
 11
252.174
 21
65.8372
 31
0.0
  0
LINE
  5
4C0
330
A59
100
AcDbEntity
  8
0
 62
     0
100
AcDbLine
 10
252.174
 20
65.8372
 30
0.0
 11
252.174
 21
64.8381
 31
0.0
  0
LINE
  5
4C1
330
A59
100
AcDbEntity
  8
0
 62
     0
100
AcDbLine
 10
252.174
 20
64.8381
 30
0.0
 11
266.175
 21
64.8381
 31
0.0
  0
LINE
  5
4C2
330
A59
100
AcDbEntity
  8
0
 62
     0
100
AcDbLine
 10
266.175
 20
64.8381
 30
0.0
 11
266.175
 21
65.8372
 31
0.0
  0
LINE
  5
4C3
330
A59
100
AcDbEntity
  8
0
 62
     0
100
AcDbLine
 10
266.175
 20
65.8372
 30
0.0
 11
266.974
 21
65.8372
 31
0.0
  0
LINE
  5
4C4
330
A59
100
AcDbEntity
  8
0
 62
     0
100
AcDbLine
 10
266.974
 20
65.8372
 30
0.0
 11
266.974
 21
68.9377
 31
0.0
  0
LINE
  5
4C5
330
A59
100
AcDbEntity
  8
0
 62
     0
100
AcDbLine
 10
266.974
 20
68.9377
 30
0.0
 11
266.175
 21
68.9377
 31
0.0
  0
LINE
  5
4C6
330
A59
100
AcDbEntity
  8
0
 62
     0
100
AcDbLine
 10
266.175
 20
68.9377
 30
0.0
 11
266.175
 21
74.7377
 31
0.0
  0
LINE
  5
4C7
330
A59
100
AcDbEntity
  8
0
 62
     0
100
AcDbLine
 10
266.175
 20
74.7377
 30
0.0
 11
266.974
 21
74.7377
 31
0.0
  0
LINE
  5
4C8
330
A59
100
AcDbEntity
  8
0
 62
     0
100
AcDbLine
 10
266.974
 20
74.7377
 30
0.0
 11
266.974
 21
77.8372
 31
0.0
  0
LINE
  5
4C9
330
A59
100
AcDbEntity
  8
0
 62
     0
100
AcDbLine
 10
266.974
 20
77.8372
 30
0.0
 11
266.175
 21
77.8372
 31
0.0
  0
LINE
  5
4CA
330
A59
100
AcDbEntity
  8
0
 62
     0
100
AcDbLine
 10
266.175
 20
77.8372
 30
0.0
 11
266.175
 21
78.8377
 31
0.0
  0
LINE
  5
4CB
330
A59
100
AcDbEntity
  8
0
 62
     0
100
AcDbLine
 10
266.175
 20
78.8377
 30
0.0
 11
252.174
 21
78.8377
 31
0.0
  0
LINE
  5
4CC
330
A59
100
AcDbEntity
  8
0
 62
     0
100
AcDbLine
 10
271.224
 20
78.8377
 30
0.0
 11
271.224
 21
77.8372
 31
0.0
  0
LINE
  5
4CD
330
A59
100
AcDbEntity
  8
0
 62
     0
100
AcDbLine
 10
271.224
 20
77.8372
 30
0.0
 11
270.425
 21
77.8372
 31
0.0
  0
LINE
  5
4CE
330
A59
100
AcDbEntity
  8
0
 62
     0
100
AcDbLine
 10
270.425
 20
77.8372
 30
0.0
 11
270.425
 21
74.7377
 31
0.0
  0
LINE
  5
4CF
330
A59
100
AcDbEntity
  8
0
 62
     0
100
AcDbLine
 10
270.425
 20
74.7377
 30
0.0
 11
271.224
 21
74.7377
 31
0.0
  0
LINE
  5
4D0
330
A59
100
AcDbEntity
  8
0
 62
     0
100
AcDbLine
 10
271.224
 20
74.7377
 30
0.0
 11
271.224
 21
68.9377
 31
0.0
  0
LINE
  5
4D1
330
A59
100
AcDbEntity
  8
0
 62
     0
100
AcDbLine
 10
271.224
 20
68.9377
 30
0.0
 11
270.425
 21
68.9377
 31
0.0
  0
LINE
  5
4D2
330
A59
100
AcDbEntity
  8
0
 62
     0
100
AcDbLine
 10
270.425
 20
68.9377
 30
0.0
 11
270.425
 21
65.8372
 31
0.0
  0
LINE
  5
4D3
330
A59
100
AcDbEntity
  8
0
 62
     0
100
AcDbLine
 10
270.425
 20
65.8372
 30
0.0
 11
271.224
 21
65.8372
 31
0.0
  0
LINE
  5
4D4
330
A59
100
AcDbEntity
  8
0
 62
     0
100
AcDbLine
 10
271.224
 20
65.8372
 30
0.0
 11
271.224
 21
64.8381
 31
0.0
  0
LINE
  5
4D5
330
A59
100
AcDbEntity
  8
0
 62
     0
100
AcDbLine
 10
271.224
 20
64.8381
 30
0.0
 11
285.225
 21
64.8381
 31
0.0
  0
LINE
  5
4D6
330
A59
100
AcDbEntity
  8
0
 62
     0
100
AcDbLine
 10
285.225
 20
64.8381
 30
0.0
 11
285.225
 21
65.8372
 31
0.0
  0
LINE
  5
4D7
330
A59
100
AcDbEntity
  8
0
 62
     0
100
AcDbLine
 10
285.225
 20
65.8372
 30
0.0
 11
286.024
 21
65.8372
 31
0.0
  0
LINE
  5
4D8
330
A59
100
AcDbEntity
  8
0
 62
     0
100
AcDbLine
 10
286.024
 20
65.8372
 30
0.0
 11
286.024
 21
68.9377
 31
0.0
  0
LINE
  5
4D9
330
A59
100
AcDbEntity
  8
0
 62
     0
100
AcDbLine
 10
286.024
 20
68.9377
 30
0.0
 11
285.225
 21
68.9377
 31
0.0
  0
LINE
  5
4DA
330
A59
100
AcDbEntity
  8
0
 62
     0
100
AcDbLine
 10
285.225
 20
68.9377
 30
0.0
 11
285.225
 21
74.7377
 31
0.0
  0
LINE
  5
4DB
330
A59
100
AcDbEntity
  8
0
 62
     0
100
AcDbLine
 10
285.225
 20
74.7377
 30
0.0
 11
286.024
 21
74.7377
 31
0.0
  0
LINE
  5
4DC
330
A59
100
AcDbEntity
  8
0
 62
     0
100
AcDbLine
 10
286.024
 20
74.7377
 30
0.0
 11
286.024
 21
77.8372
 31
0.0
  0
LINE
  5
4DD
330
A59
100
AcDbEntity
  8
0
 62
     0
100
AcDbLine
 10
286.024
 20
77.8372
 30
0.0
 11
285.225
 21
77.8372
 31
0.0
  0
LINE
  5
4DE
330
A59
100
AcDbEntity
  8
0
 62
     0
100
AcDbLine
 10
285.225
 20
77.8372
 30
0.0
 11
285.225
 21
78.8377
 31
0.0
  0
LINE
  5
4DF
330
A59
100
AcDbEntity
  8
0
 62
     0
100
AcDbLine
 10
285.225
 20
78.8377
 30
0.0
 11
271.224
 21
78.8377
 31
0.0
  0
LINE
  5
4E0
330
A59
100
AcDbEntity
  8
0
 62
     0
100
AcDbLine
 10
299.799
 20
97.8877
 30
0.0
 11
299.799
 21
96.8872
 31
0.0
  0
LINE
  5
4E1
330
A59
100
AcDbEntity
  8
0
 62
     0
100
AcDbLine
 10
299.799
 20
96.8872
 30
0.0
 11
299.0
 21
96.8872
 31
0.0
  0
LINE
  5
4E2
330
A59
100
AcDbEntity
  8
0
 62
     0
100
AcDbLine
 10
299.0
 20
96.8872
 30
0.0
 11
299.0
 21
93.7877
 31
0.0
  0
LINE
  5
4E3
330
A59
100
AcDbEntity
  8
0
 62
     0
100
AcDbLine
 10
299.0
 20
93.7877
 30
0.0
 11
299.799
 21
93.7877
 31
0.0
  0
LINE
  5
4E4
330
A59
100
AcDbEntity
  8
0
 62
     0
100
AcDbLine
 10
299.799
 20
93.7877
 30
0.0
 11
299.799
 21
93.187
 31
0.0
  0
LINE
  5
4E5
330
A59
100
AcDbEntity
  8
0
 62
     0
100
AcDbLine
 10
299.799
 20
93.187
 30
0.0
 11
298.275
 21
93.187
 31
0.0
  0
LINE
  5
4E6
330
A59
100
AcDbEntity
  8
0
 62
     0
100
AcDbLine
 10
298.275
 20
93.187
 30
0.0
 11
298.275
 21
96.4173
 31
0.0
  0
LINE
  5
4E7
330
A59
100
AcDbEntity
  8
0
 62
     0
100
AcDbLine
 10
298.275
 20
96.4173
 30
0.0
 11
296.55
 21
96.4173
 31
0.0
  0
LINE
  5
4E8
330
A59
100
AcDbEntity
  8
0
 62
     0
100
AcDbLine
 10
296.55
 20
96.4173
 30
0.0
 11
296.55
 21
97.3377
 31
0.0
  0
LINE
  5
4E9
330
A59
100
AcDbEntity
  8
0
 62
     0
100
AcDbLine
 10
296.55
 20
97.3377
 30
0.0
 11
293.249
 21
97.3377
 31
0.0
  0
LINE
  5
4EA
330
A59
100
AcDbEntity
  8
0
 62
     0
100
AcDbLine
 10
293.249
 20
97.3377
 30
0.0
 11
293.249
 21
96.4173
 31
0.0
  0
LINE
  5
4EB
330
A59
100
AcDbEntity
  8
0
 62
     0
100
AcDbLine
 10
293.249
 20
96.4173
 30
0.0
 11
291.524
 21
96.4173
 31
0.0
  0
LINE
  5
4EC
330
A59
100
AcDbEntity
  8
0
 62
     0
100
AcDbLine
 10
291.524
 20
96.4173
 30
0.0
 11
291.524
 21
93.187
 31
0.0
  0
LINE
  5
4ED
330
A59
100
AcDbEntity
  8
0
 62
     0
100
AcDbLine
 10
291.524
 20
93.187
 30
0.0
 11
290.7
 21
93.187
 31
0.0
  0
LINE
  5
4EE
330
A59
100
AcDbEntity
  8
0
 62
     0
100
AcDbLine
 10
290.7
 20
93.187
 30
0.0
 11
290.7
 21
90.387
 31
0.0
  0
LINE
  5
4EF
330
A59
100
AcDbEntity
  8
0
 62
     0
100
AcDbLine
 10
290.7
 20
90.387
 30
0.0
 11
291.524
 21
90.387
 31
0.0
  0
LINE
  5
4F0
330
A59
100
AcDbEntity
  8
0
 62
     0
100
AcDbLine
 10
291.524
 20
90.387
 30
0.0
 11
291.524
 21
84.1167
 31
0.0
  0
LINE
  5
4F1
330
A59
100
AcDbEntity
  8
0
 62
     0
100
AcDbLine
 10
291.524
 20
84.1167
 30
0.0
 11
293.249
 21
84.1167
 31
0.0
  0
LINE
  5
4F2
330
A59
100
AcDbEntity
  8
0
 62
     0
100
AcDbLine
 10
293.249
 20
84.1167
 30
0.0
 11
293.249
 21
83.137
 31
0.0
  0
LINE
  5
4F3
330
A59
100
AcDbEntity
  8
0
 62
     0
100
AcDbLine
 10
293.249
 20
83.137
 30
0.0
 11
296.55
 21
83.137
 31
0.0
  0
LINE
  5
4F4
330
A59
100
AcDbEntity
  8
0
 62
     0
100
AcDbLine
 10
296.55
 20
83.137
 30
0.0
 11
296.55
 21
84.1167
 31
0.0
  0
LINE
  5
4F5
330
A59
100
AcDbEntity
  8
0
 62
     0
100
AcDbLine
 10
296.55
 20
84.1167
 30
0.0
 11
298.275
 21
84.1167
 31
0.0
  0
LINE
  5
4F6
330
A59
100
AcDbEntity
  8
0
 62
     0
100
AcDbLine
 10
298.275
 20
84.1167
 30
0.0
 11
298.275
 21
88.5871
 31
0.0
  0
LINE
  5
4F7
330
A59
100
AcDbEntity
  8
0
 62
     0
100
AcDbLine
 10
298.275
 20
88.5871
 30
0.0
 11
299.799
 21
88.5871
 31
0.0
  0
LINE
  5
4F8
330
A59
100
AcDbEntity
  8
0
 62
     0
100
AcDbLine
 10
299.799
 20
88.5871
 30
0.0
 11
299.799
 21
87.9877
 31
0.0
  0
LINE
  5
4F9
330
A59
100
AcDbEntity
  8
0
 62
     0
100
AcDbLine
 10
299.799
 20
87.9877
 30
0.0
 11
299.0
 21
87.9877
 31
0.0
  0
LINE
  5
4FA
330
A59
100
AcDbEntity
  8
0
 62
     0
100
AcDbLine
 10
299.0
 20
87.9877
 30
0.0
 11
299.0
 21
84.8872
 31
0.0
  0
LINE
  5
4FB
330
A59
100
AcDbEntity
  8
0
 62
     0
100
AcDbLine
 10
299.0
 20
84.8872
 30
0.0
 11
299.799
 21
84.8872
 31
0.0
  0
LINE
  5
4FC
330
A59
100
AcDbEntity
  8
0
 62
     0
100
AcDbLine
 10
299.799
 20
84.8872
 30
0.0
 11
299.799
 21
83.8881
 31
0.0
  0
LINE
  5
4FD
330
A59
100
AcDbEntity
  8
0
 62
     0
100
AcDbLine
 10
299.799
 20
83.8881
 30
0.0
 11
313.8
 21
83.8881
 31
0.0
  0
LINE
  5
4FE
330
A59
100
AcDbEntity
  8
0
 62
     0
100
AcDbLine
 10
313.8
 20
83.8881
 30
0.0
 11
313.8
 21
84.8872
 31
0.0
  0
LINE
  5
4FF
330
A59
100
AcDbEntity
  8
0
 62
     0
100
AcDbLine
 10
313.8
 20
84.8872
 30
0.0
 11
314.599
 21
84.8872
 31
0.0
  0
LINE
  5
500
330
A59
100
AcDbEntity
  8
0
 62
     0
100
AcDbLine
 10
314.599
 20
84.8872
 30
0.0
 11
314.599
 21
87.9877
 31
0.0
  0
LINE
  5
501
330
A59
100
AcDbEntity
  8
0
 62
     0
100
AcDbLine
 10
314.599
 20
87.9877
 30
0.0
 11
313.8
 21
87.9877
 31
0.0
  0
LINE
  5
502
330
A59
100
AcDbEntity
  8
0
 62
     0
100
AcDbLine
 10
313.8
 20
87.9877
 30
0.0
 11
313.8
 21
88.5871
 31
0.0
  0
LINE
  5
503
330
A59
100
AcDbEntity
  8
0
 62
     0
100
AcDbLine
 10
313.8
 20
88.5871
 30
0.0
 11
315.324
 21
88.5871
 31
0.0
  0
LINE
  5
504
330
A59
100
AcDbEntity
  8
0
 62
     0
100
AcDbLine
 10
315.324
 20
88.5871
 30
0.0
 11
315.324
 21
84.1167
 31
0.0
  0
LINE
  5
505
330
A59
100
AcDbEntity
  8
0
 62
     0
100
AcDbLine
 10
315.324
 20
84.1167
 30
0.0
 11
317.05
 21
84.1167
 31
0.0
  0
LINE
  5
506
330
A59
100
AcDbEntity
  8
0
 62
     0
100
AcDbLine
 10
317.05
 20
84.1167
 30
0.0
 11
317.05
 21
83.137
 31
0.0
  0
LINE
  5
507
330
A59
100
AcDbEntity
  8
0
 62
     0
100
AcDbLine
 10
317.05
 20
83.137
 30
0.0
 11
320.35
 21
83.137
 31
0.0
  0
LINE
  5
508
330
A59
100
AcDbEntity
  8
0
 62
     0
100
AcDbLine
 10
320.35
 20
83.137
 30
0.0
 11
320.35
 21
84.1167
 31
0.0
  0
LINE
  5
509
330
A59
100
AcDbEntity
  8
0
 62
     0
100
AcDbLine
 10
320.35
 20
84.1167
 30
0.0
 11
322.075
 21
84.1167
 31
0.0
  0
LINE
  5
50A
330
A59
100
AcDbEntity
  8
0
 62
     0
100
AcDbLine
 10
322.075
 20
84.1167
 30
0.0
 11
322.075
 21
90.387
 31
0.0
  0
LINE
  5
50B
330
A59
100
AcDbEntity
  8
0
 62
     0
100
AcDbLine
 10
322.075
 20
90.387
 30
0.0
 11
322.899
 21
90.387
 31
0.0
  0
LINE
  5
50C
330
A59
100
AcDbEntity
  8
0
 62
     0
100
AcDbLine
 10
322.899
 20
90.387
 30
0.0
 11
322.899
 21
93.187
 31
0.0
  0
LINE
  5
50D
330
A59
100
AcDbEntity
  8
0
 62
     0
100
AcDbLine
 10
322.899
 20
93.187
 30
0.0
 11
322.075
 21
93.187
 31
0.0
  0
LINE
  5
50E
330
A59
100
AcDbEntity
  8
0
 62
     0
100
AcDbLine
 10
322.075
 20
93.187
 30
0.0
 11
322.075
 21
96.4173
 31
0.0
  0
LINE
  5
50F
330
A59
100
AcDbEntity
  8
0
 62
     0
100
AcDbLine
 10
322.075
 20
96.4173
 30
0.0
 11
320.35
 21
96.4173
 31
0.0
  0
LINE
  5
510
330
A59
100
AcDbEntity
  8
0
 62
     0
100
AcDbLine
 10
320.35
 20
96.4173
 30
0.0
 11
320.35
 21
97.3377
 31
0.0
  0
LINE
  5
511
330
A59
100
AcDbEntity
  8
0
 62
     0
100
AcDbLine
 10
320.35
 20
97.3377
 30
0.0
 11
317.05
 21
97.3377
 31
0.0
  0
LINE
  5
512
330
A59
100
AcDbEntity
  8
0
 62
     0
100
AcDbLine
 10
317.05
 20
97.3377
 30
0.0
 11
317.05
 21
96.4173
 31
0.0
  0
LINE
  5
513
330
A59
100
AcDbEntity
  8
0
 62
     0
100
AcDbLine
 10
317.05
 20
96.4173
 30
0.0
 11
315.324
 21
96.4173
 31
0.0
  0
LINE
  5
514
330
A59
100
AcDbEntity
  8
0
 62
     0
100
AcDbLine
 10
315.324
 20
96.4173
 30
0.0
 11
315.324
 21
93.187
 31
0.0
  0
LINE
  5
515
330
A59
100
AcDbEntity
  8
0
 62
     0
100
AcDbLine
 10
315.324
 20
93.187
 30
0.0
 11
313.8
 21
93.187
 31
0.0
  0
LINE
  5
516
330
A59
100
AcDbEntity
  8
0
 62
     0
100
AcDbLine
 10
313.8
 20
93.187
 30
0.0
 11
313.8
 21
93.7877
 31
0.0
  0
LINE
  5
517
330
A59
100
AcDbEntity
  8
0
 62
     0
100
AcDbLine
 10
313.8
 20
93.7877
 30
0.0
 11
314.599
 21
93.7877
 31
0.0
  0
LINE
  5
518
330
A59
100
AcDbEntity
  8
0
 62
     0
100
AcDbLine
 10
314.599
 20
93.7877
 30
0.0
 11
314.599
 21
96.8872
 31
0.0
  0
LINE
  5
519
330
A59
100
AcDbEntity
  8
0
 62
     0
100
AcDbLine
 10
314.599
 20
96.8872
 30
0.0
 11
313.8
 21
96.8872
 31
0.0
  0
LINE
  5
51A
330
A59
100
AcDbEntity
  8
0
 62
     0
100
AcDbLine
 10
313.8
 20
96.8872
 30
0.0
 11
313.8
 21
97.8877
 31
0.0
  0
LINE
  5
51B
330
A59
100
AcDbEntity
  8
0
 62
     0
100
AcDbLine
 10
313.8
 20
97.8877
 30
0.0
 11
299.799
 21
97.8877
 31
0.0
  0
LINE
  5
51C
330
A59
100
AcDbEntity
  8
0
 62
     0
100
AcDbLine
 10
34.0513
 20
97.8877
 30
0.0
 11
34.0513
 21
96.8872
 31
0.0
  0
LINE
  5
51D
330
A59
100
AcDbEntity
  8
0
 62
     0
100
AcDbLine
 10
34.0513
 20
96.8872
 30
0.0
 11
33.2521
 21
96.8872
 31
0.0
  0
LINE
  5
51E
330
A59
100
AcDbEntity
  8
0
 62
     0
100
AcDbLine
 10
33.2521
 20
96.8872
 30
0.0
 11
33.2521
 21
93.7877
 31
0.0
  0
LINE
  5
51F
330
A59
100
AcDbEntity
  8
0
 62
     0
100
AcDbLine
 10
33.2521
 20
93.7877
 30
0.0
 11
34.0513
 21
93.7877
 31
0.0
  0
LINE
  5
520
330
A59
100
AcDbEntity
  8
0
 62
     0
100
AcDbLine
 10
34.0513
 20
93.7877
 30
0.0
 11
34.0513
 21
87.9877
 31
0.0
  0
LINE
  5
521
330
A59
100
AcDbEntity
  8
0
 62
     0
100
AcDbLine
 10
34.0513
 20
87.9877
 30
0.0
 11
33.2521
 21
87.9877
 31
0.0
  0
LINE
  5
522
330
A59
100
AcDbEntity
  8
0
 62
     0
100
AcDbLine
 10
33.2521
 20
87.9877
 30
0.0
 11
33.2521
 21
84.8872
 31
0.0
  0
LINE
  5
523
330
A59
100
AcDbEntity
  8
0
 62
     0
100
AcDbLine
 10
33.2521
 20
84.8872
 30
0.0
 11
34.0513
 21
84.8872
 31
0.0
  0
LINE
  5
524
330
A59
100
AcDbEntity
  8
0
 62
     0
100
AcDbLine
 10
34.0513
 20
84.8872
 30
0.0
 11
34.0513
 21
83.8881
 31
0.0
  0
LINE
  5
525
330
A59
100
AcDbEntity
  8
0
 62
     0
100
AcDbLine
 10
34.0513
 20
83.8881
 30
0.0
 11
48.0508
 21
83.8881
 31
0.0
  0
LINE
  5
526
330
A59
100
AcDbEntity
  8
0
 62
     0
100
AcDbLine
 10
48.0508
 20
83.8881
 30
0.0
 11
48.0508
 21
84.8872
 31
0.0
  0
LINE
  5
527
330
A59
100
AcDbEntity
  8
0
 62
     0
100
AcDbLine
 10
48.0508
 20
84.8872
 30
0.0
 11
48.8516
 21
84.8872
 31
0.0
  0
LINE
  5
528
330
A59
100
AcDbEntity
  8
0
 62
     0
100
AcDbLine
 10
48.8516
 20
84.8872
 30
0.0
 11
48.8516
 21
87.9877
 31
0.0
  0
LINE
  5
529
330
A59
100
AcDbEntity
  8
0
 62
     0
100
AcDbLine
 10
48.8516
 20
87.9877
 30
0.0
 11
48.0508
 21
87.9877
 31
0.0
  0
LINE
  5
52A
330
A59
100
AcDbEntity
  8
0
 62
     0
100
AcDbLine
 10
48.0508
 20
87.9877
 30
0.0
 11
48.0508
 21
93.7877
 31
0.0
  0
LINE
  5
52B
330
A59
100
AcDbEntity
  8
0
 62
     0
100
AcDbLine
 10
48.0508
 20
93.7877
 30
0.0
 11
48.8516
 21
93.7877
 31
0.0
  0
LINE
  5
52C
330
A59
100
AcDbEntity
  8
0
 62
     0
100
AcDbLine
 10
48.8516
 20
93.7877
 30
0.0
 11
48.8516
 21
96.8872
 31
0.0
  0
LINE
  5
52D
330
A59
100
AcDbEntity
  8
0
 62
     0
100
AcDbLine
 10
48.8516
 20
96.8872
 30
0.0
 11
48.0508
 21
96.8872
 31
0.0
  0
LINE
  5
52E
330
A59
100
AcDbEntity
  8
0
 62
     0
100
AcDbLine
 10
48.0508
 20
96.8872
 30
0.0
 11
48.0508
 21
97.8877
 31
0.0
  0
LINE
  5
52F
330
A59
100
AcDbEntity
  8
0
 62
     0
100
AcDbLine
 10
48.0508
 20
97.8877
 30
0.0
 11
34.0513
 21
97.8877
 31
0.0
  0
LINE
  5
530
330
A59
100
AcDbEntity
  8
0
 62
     0
100
AcDbLine
 10
53.1012
 20
97.8877
 30
0.0
 11
53.1012
 21
96.8872
 31
0.0
  0
LWPOLYLINE
  5
8A6
330
A59
100
AcDbEntity
  8
livello 1
100
AcDbPolyline
 90
        8
 70
   129
 43
0.0
 10
24.2398500000001
 20
84.24420000000005
 10
10.24085000000014
 20
84.24420000000008
 42
-0.4142135623730984
 10
7.740850000000137
 20
86.74420000000005
 10
7.740850000000137
 20
100.7442000000001
 42
-0.4142135623731015
 10
10.24085000000014
 20
103.2442
 10
24.2398500000001
 20
103.2442
 42
-0.4142135623731018
 10
26.7398500000001
 20
100.7442000000001
 10
26.7398500000001
 20
86.74420000000005
 42
-0.414213562373095
  0
LWPOLYLINE
  5
8C2
330
A59
100
AcDbEntity
  8
livello 1
100
AcDbPolyline
 90
        8
 70
   129
 43
0.0
 10
20.4309900000001
 20
12.80690000000003
 10
6.431990000000135
 20
12.80690000000006
 42
-0.4142135623730984
 10
3.931990000000135
 20
15.30690000000003
 10
3.931990000000135
 20
29.30690000000004
 42
-0.4142135623731015
 10
6.431990000000135
 20
31.80689999999998
 10
20.4309900000001
 20
31.80689999999998
 42
-0.4142135623731018
 10
22.9309900000001
 20
29.30690000000004
 10
22.9309900000001
 20
15.30690000000003
 42
-0.414213562373095
  0
LWPOLYLINE
  5
8C6
330
A59
100
AcDbEntity
  8
livello 1
100
AcDbPolyline
 90
        8
 70
   129
 43
0.0
 10
67.10225000000011
 20
81.38790000000003
 10
53.10325000000014
 20
81.38790000000006
 42
-0.4142135623730984
 10
50.60325000000014
 20
83.88790000000003
 10
50.60325000000014
 20
97.88790000000004
 42
-0.4142135623731015
 10
53.10325000000014
 20
100.3879
 10
67.10225000000011
 20
100.3879
 42
-0.4142135623731018
 10
69.60225000000011
 20
97.88790000000004
 10
69.60225000000011
 20
83.88790000000003
 42
-0.414213562373095
  0
LWPOLYLINE
  5
8CA
330
A59
100
AcDbEntity
  8
livello 1
100
AcDbPolyline
 90
        8
 70
   129
 43
0.0
 10
67.10045000000002
 20
62.33790000000006
 10
53.10145000000005
 20
62.33790000000009
 42
-0.4142135623730984
 10
50.60145000000005
 20
64.83790000000006
 10
50.60145000000005
 20
78.83790000000008
 42
-0.4142135623731015
 10
53.10145000000005
 20
81.33790000000002
 10
67.10045000000002
 20
81.33790000000002
 42
-0.4142135623731018
 10
69.60045000000002
 20
78.83790000000008
 10
69.60045000000002
 20
64.83790000000006
 42
-0.414213562373095
  0
LWPOLYLINE
  5
8CE
330
A59
100
AcDbEntity
  8
livello 1
100
AcDbPolyline
 90
        8
 70
   129
 43
0.0
 10
67.09864999999992
 20
43.28790000000009
 10
53.09964999999995
 20
43.28790000000012
 42
-0.4142135623730984
 10
50.59964999999995
 20
45.78790000000009
 10
50.59964999999995
 20
59.78790000000011
 42
-0.4142135623731015
 10
53.09964999999995
 20
62.28790000000005
 10
67.09864999999992
 20
62.28790000000005
 42
-0.4142135623731018
 10
69.59864999999992
 20
59.78790000000011
 10
69.59864999999992
 20
45.78790000000009
 42
-0.414213562373095
  0
LWPOLYLINE
  5
8D2
330
A59
100
AcDbEntity
  8
livello 1
100
AcDbPolyline
 90
        8
 70
   129
 43
0.0
 10
67.09864999999994
 20
24.23790000000009
 10
53.09964999999996
 20
24.23790000000012
 42
-0.4142135623730984
 10
50.59964999999996
 20
26.73790000000009
 10
50.59964999999996
 20
40.7379000000001
 42
-0.4142135623731015
 10
53.09964999999996
 20
43.23790000000005
 10
67.09864999999994
 20
43.23790000000005
 42
-0.4142135623731018
 10
69.59864999999994
 20
40.7379000000001
 10
69.59864999999994
 20
26.73790000000009
 42
-0.414213562373095
  0
LWPOLYLINE
  5
8D6
330
A59
100
AcDbEntity
  8
livello 1
100
AcDbPolyline
 90
        8
 70
   129
 43
0.0
 10
86.15045000000003
 20
81.38790000000004
 10
72.15145000000007
 20
81.38790000000007
 42
-0.4142135623730984
 10
69.65145000000007
 20
83.88790000000004
 10
69.65145000000007
 20
97.88790000000006
 42
-0.4142135623731015
 10
72.15145000000007
 20
100.3879
 10
86.15045000000003
 20
100.3879
 42
-0.4142135623731018
 10
88.65045000000003
 20
97.88790000000006
 10
88.65045000000003
 20
83.88790000000004
 42
-0.414213562373095
  0
LWPOLYLINE
  5
8D7
330
A59
100
AcDbEntity
  8
livello 1
100
AcDbPolyline
 90
        8
 70
   129
 43
0.0
 10
86.14864999999995
 20
62.33790000000008
 10
72.14964999999998
 20
62.3379000000001
 42
-0.4142135623730984
 10
69.64964999999998
 20
64.83790000000008
 10
69.64964999999998
 20
78.83790000000009
 42
-0.4142135623731015
 10
72.14964999999998
 20
81.33790000000003
 10
86.14864999999995
 20
81.33790000000003
 42
-0.4142135623731018
 10
88.64864999999995
 20
78.83790000000009
 10
88.64864999999995
 20
64.83790000000008
 42
-0.414213562373095
  0
LWPOLYLINE
  5
8D8
330
A59
100
AcDbEntity
  8
livello 1
100
AcDbPolyline
 90
        8
 70
   129
 43
0.0
 10
86.14684999999984
 20
43.28790000000011
 10
72.14784999999988
 20
43.28790000000014
 42
-0.4142135623730984
 10
69.64784999999988
 20
45.78790000000011
 10
69.64784999999988
 20
59.78790000000012
 42
-0.4142135623731015
 10
72.14784999999988
 20
62.28790000000006
 10
86.14684999999984
 20
62.28790000000006
 42
-0.4142135623731018
 10
88.64684999999984
 20
59.78790000000012
 10
88.64684999999984
 20
45.78790000000011
 42
-0.414213562373095
  0
LWPOLYLINE
  5
8D9
330
A59
100
AcDbEntity
  8
livello 1
100
AcDbPolyline
 90
        8
 70
   129
 43
0.0
 10
86.14684999999986
 20
24.2379000000001
 10
72.14784999999989
 20
24.23790000000013
 42
-0.4142135623730984
 10
69.64784999999989
 20
26.7379000000001
 10
69.64784999999989
 20
40.73790000000012
 42
-0.4142135623731015
 10
72.14784999999989
 20
43.23790000000006
 10
86.14684999999986
 20
43.23790000000006
 42
-0.4142135623731018
 10
88.64684999999986
 20
40.73790000000012
 10
88.64684999999986
 20
26.7379000000001
 42
-0.414213562373095
  0
LWPOLYLINE
  5
8E6
330
A59
100
AcDbEntity
  8
livello 1
100
AcDbPolyline
 90
        8
 70
   129
 43
0.0
 10
105.19865
 20
81.38790000000006
 10
91.19964999999999
 20
81.38790000000009
 42
-0.4142135623730984
 10
88.69964999999999
 20
83.88790000000006
 10
88.69964999999999
 20
97.88790000000007
 42
-0.4142135623731015
 10
91.19964999999999
 20
100.3879
 10
105.19865
 20
100.3879
 42
-0.4142135623731018
 10
107.69865
 20
97.88790000000007
 10
107.69865
 20
83.88790000000006
 42
-0.414213562373095
  0
LWPOLYLINE
  5
8E7
330
A59
100
AcDbEntity
  8
livello 1
100
AcDbPolyline
 90
        8
 70
   129
 43
0.0
 10
105.1968499999999
 20
62.33790000000009
 10
91.1978499999999
 20
62.33790000000012
 42
-0.4142135623730984
 10
88.6978499999999
 20
64.83790000000009
 10
88.6978499999999
 20
78.8379000000001
 42
-0.4142135623731015
 10
91.1978499999999
 20
81.33790000000005
 10
105.1968499999999
 20
81.33790000000005
 42
-0.4142135623731018
 10
107.6968499999999
 20
78.8379000000001
 10
107.6968499999999
 20
64.83790000000009
 42
-0.414213562373095
  0
LWPOLYLINE
  5
8E8
330
A59
100
AcDbEntity
  8
livello 1
100
AcDbPolyline
 90
        8
 70
   129
 43
0.0
 10
105.1950499999998
 20
43.28790000000012
 10
91.1960499999998
 20
43.28790000000015
 42
-0.4142135623730984
 10
88.6960499999998
 20
45.78790000000012
 10
88.6960499999998
 20
59.78790000000014
 42
-0.4142135623731015
 10
91.1960499999998
 20
62.28790000000008
 10
105.1950499999998
 20
62.28790000000008
 42
-0.4142135623731018
 10
107.6950499999998
 20
59.78790000000014
 10
107.6950499999998
 20
45.78790000000012
 42
-0.414213562373095
  0
LWPOLYLINE
  5
8E9
330
A59
100
AcDbEntity
  8
livello 1
100
AcDbPolyline
 90
        8
 70
   129
 43
0.0
 10
105.1950499999998
 20
24.23790000000012
 10
91.19604999999981
 20
24.23790000000015
 42
-0.4142135623730984
 10
88.69604999999981
 20
26.73790000000012
 10
88.69604999999981
 20
40.73790000000013
 42
-0.4142135623731015
 10
91.19604999999981
 20
43.23790000000007
 10
105.1950499999998
 20
43.23790000000007
 42
-0.4142135623731018
 10
107.6950499999998
 20
40.73790000000013
 10
107.6950499999998
 20
26.73790000000012
 42
-0.414213562373095
  0
LWPOLYLINE
  5
8F6
330
A59
100
AcDbEntity
  8
livello 1
100
AcDbPolyline
 90
        8
 70
   129
 43
0.0
 10
124.2468499999999
 20
81.38790000000007
 10
110.2478499999999
 20
81.3879000000001
 42
-0.4142135623730984
 10
107.7478499999999
 20
83.88790000000007
 10
107.7478499999999
 20
97.88790000000009
 42
-0.4142135623731015
 10
110.2478499999999
 20
100.3879
 10
124.2468499999999
 20
100.3879
 42
-0.4142135623731018
 10
126.7468499999999
 20
97.88790000000009
 10
126.7468499999999
 20
83.88790000000007
 42
-0.414213562373095
  0
LWPOLYLINE
  5
8F7
330
A59
100
AcDbEntity
  8
livello 1
100
AcDbPolyline
 90
        8
 70
   129
 43
0.0
 10
124.2450499999998
 20
62.3379000000001
 10
110.2460499999998
 20
62.33790000000013
 42
-0.4142135623730984
 10
107.7460499999998
 20
64.8379000000001
 10
107.7460499999998
 20
78.83790000000012
 42
-0.4142135623731015
 10
110.2460499999998
 20
81.33790000000006
 10
124.2450499999998
 20
81.33790000000006
 42
-0.4142135623731018
 10
126.7450499999998
 20
78.83790000000012
 10
126.7450499999998
 20
64.8379000000001
 42
-0.414213562373095
  0
LWPOLYLINE
  5
8F8
330
A59
100
AcDbEntity
  8
livello 1
100
AcDbPolyline
 90
        8
 70
   129
 43
0.0
 10
124.2432499999997
 20
43.28790000000014
 10
110.2442499999997
 20
43.28790000000016
 42
-0.4142135623730984
 10
107.7442499999997
 20
45.78790000000014
 10
107.7442499999997
 20
59.78790000000015
 42
-0.4142135623731015
 10
110.2442499999997
 20
62.28790000000009
 10
124.2432499999997
 20
62.28790000000009
 42
-0.4142135623731018
 10
126.7432499999997
 20
59.78790000000015
 10
126.7432499999997
 20
45.78790000000014
 42
-0.414213562373095
  0
LWPOLYLINE
  5
8F9
330
A59
100
AcDbEntity
  8
livello 1
100
AcDbPolyline
 90
        8
 70
   129
 43
0.0
 10
124.2432499999997
 20
24.23790000000013
 10
110.2442499999997
 20
24.23790000000016
 42
-0.4142135623730984
 10
107.7442499999997
 20
26.73790000000013
 10
107.7442499999997
 20
40.73790000000015
 42
-0.4142135623731015
 10
110.2442499999997
 20
43.23790000000009
 10
124.2432499999997
 20
43.23790000000009
 42
-0.4142135623731018
 10
126.7432499999997
 20
40.73790000000015
 10
126.7432499999997
 20
26.73790000000013
 42
-0.414213562373095
  0
LWPOLYLINE
  5
906
330
A59
100
AcDbEntity
  8
livello 1
100
AcDbPolyline
 90
        8
 70
   129
 43
0.0
 10
143.2950499999998
 20
81.38790000000009
 10
129.2960499999998
 20
81.38790000000012
 42
-0.4142135623730984
 10
126.7960499999998
 20
83.88790000000009
 10
126.7960499999998
 20
97.8879000000001
 42
-0.4142135623731015
 10
129.2960499999998
 20
100.3879
 10
143.2950499999998
 20
100.3879
 42
-0.4142135623731018
 10
145.7950499999998
 20
97.8879000000001
 10
145.7950499999998
 20
83.88790000000009
 42
-0.414213562373095
  0
LWPOLYLINE
  5
907
330
A59
100
AcDbEntity
  8
livello 1
100
AcDbPolyline
 90
        8
 70
   129
 43
0.0
 10
143.2932499999997
 20
62.33790000000012
 10
129.2942499999997
 20
62.33790000000015
 42
-0.4142135623730984
 10
126.7942499999997
 20
64.83790000000012
 10
126.7942499999997
 20
78.83790000000013
 42
-0.4142135623731015
 10
129.2942499999997
 20
81.33790000000008
 10
143.2932499999997
 20
81.33790000000008
 42
-0.4142135623731018
 10
145.7932499999997
 20
78.83790000000013
 10
145.7932499999997
 20
64.83790000000012
 42
-0.414213562373095
  0
LWPOLYLINE
  5
908
330
A59
100
AcDbEntity
  8
livello 1
100
AcDbPolyline
 90
        8
 70
   129
 43
0.0
 10
143.2914499999996
 20
43.28790000000015
 10
129.2924499999996
 20
43.28790000000018
 42
-0.4142135623730984
 10
126.7924499999996
 20
45.78790000000015
 10
126.7924499999996
 20
59.78790000000016
 42
-0.4142135623731015
 10
129.2924499999996
 20
62.28790000000011
 10
143.2914499999996
 20
62.28790000000011
 42
-0.4142135623731018
 10
145.7914499999996
 20
59.78790000000016
 10
145.7914499999996
 20
45.78790000000015
 42
-0.414213562373095
  0
LWPOLYLINE
  5
909
330
A59
100
AcDbEntity
  8
livello 1
100
AcDbPolyline
 90
        8
 70
   129
 43
0.0
 10
143.2914499999996
 20
24.23790000000015
 10
129.2924499999997
 20
24.23790000000017
 42
-0.4142135623730984
 10
126.7924499999997
 20
26.73790000000015
 10
126.7924499999997
 20
40.73790000000016
 42
-0.4142135623731015
 10
129.2924499999997
 20
43.2379000000001
 10
143.2914499999996
 20
43.2379000000001
 42
-0.4142135623731018
 10
145.7914499999996
 20
40.73790000000016
 10
145.7914499999996
 20
26.73790000000015
 42
-0.414213562373095
  0
LWPOLYLINE
  5
916
330
A59
100
AcDbEntity
  8
livello 1
100
AcDbPolyline
 90
        8
 70
   129
 43
0.0
 10
170.92325
 20
81.38790000000003
 10
156.9242500000001
 20
81.38790000000006
 42
-0.4142135623730984
 10
154.4242500000001
 20
83.88790000000003
 10
154.4242500000001
 20
97.88790000000004
 42
-0.4142135623731015
 10
156.9242500000001
 20
100.3879
 10
170.92325
 20
100.3879
 42
-0.4142135623731018
 10
173.42325
 20
97.88790000000004
 10
173.42325
 20
83.88790000000003
 42
-0.414213562373095
  0
LWPOLYLINE
  5
917
330
A59
100
AcDbEntity
  8
livello 1
100
AcDbPolyline
 90
        8
 70
   129
 43
0.0
 10
170.9214499999999
 20
62.33790000000006
 10
156.92245
 20
62.33790000000009
 42
-0.4142135623730984
 10
154.42245
 20
64.83790000000006
 10
154.42245
 20
78.83790000000008
 42
-0.4142135623731015
 10
156.92245
 20
81.33790000000002
 10
170.9214499999999
 20
81.33790000000002
 42
-0.4142135623731018
 10
173.4214499999999
 20
78.83790000000008
 10
173.4214499999999
 20
64.83790000000006
 42
-0.414213562373095
  0
LWPOLYLINE
  5
918
330
A59
100
AcDbEntity
  8
livello 1
100
AcDbPolyline
 90
        8
 70
   129
 43
0.0
 10
170.9196499999998
 20
43.28790000000009
 10
156.9206499999999
 20
43.28790000000012
 42
-0.4142135623730984
 10
154.4206499999999
 20
45.78790000000009
 10
154.4206499999999
 20
59.78790000000011
 42
-0.4142135623731015
 10
156.9206499999999
 20
62.28790000000005
 10
170.9196499999998
 20
62.28790000000005
 42
-0.4142135623731018
 10
173.4196499999998
 20
59.78790000000011
 10
173.4196499999998
 20
45.78790000000009
 42
-0.414213562373095
  0
LWPOLYLINE
  5
919
330
A59
100
AcDbEntity
  8
livello 1
100
AcDbPolyline
 90
        8
 70
   129
 43
0.0
 10
170.9196499999998
 20
24.23790000000009
 10
156.9206499999999
 20
24.23790000000012
 42
-0.4142135623730984
 10
154.4206499999999
 20
26.73790000000009
 10
154.4206499999999
 20
40.7379000000001
 42
-0.4142135623731015
 10
156.9206499999999
 20
43.23790000000005
 10
170.9196499999998
 20
43.23790000000005
 42
-0.4142135623731018
 10
173.4196499999998
 20
40.7379000000001
 10
173.4196499999998
 20
26.73790000000009
 42
-0.414213562373095
  0
LWPOLYLINE
  5
91A
330
A59
100
AcDbEntity
  8
livello 1
100
AcDbPolyline
 90
        8
 70
   129
 43
0.0
 10
189.9714499999999
 20
81.38790000000004
 10
175.97245
 20
81.38790000000007
 42
-0.4142135623730984
 10
173.47245
 20
83.88790000000004
 10
173.47245
 20
97.88790000000006
 42
-0.4142135623731015
 10
175.97245
 20
100.3879
 10
189.9714499999999
 20
100.3879
 42
-0.4142135623731018
 10
192.4714499999999
 20
97.88790000000006
 10
192.4714499999999
 20
83.88790000000004
 42
-0.414213562373095
  0
LWPOLYLINE
  5
91B
330
A59
100
AcDbEntity
  8
livello 1
100
AcDbPolyline
 90
        8
 70
   129
 43
0.0
 10
189.9696499999999
 20
62.33790000000008
 10
175.9706499999999
 20
62.3379000000001
 42
-0.4142135623730984
 10
173.4706499999999
 20
64.83790000000008
 10
173.4706499999999
 20
78.83790000000009
 42
-0.4142135623731015
 10
175.9706499999999
 20
81.33790000000003
 10
189.9696499999999
 20
81.33790000000003
 42
-0.4142135623731018
 10
192.4696499999999
 20
78.83790000000009
 10
192.4696499999999
 20
64.83790000000008
 42
-0.414213562373095
  0
LWPOLYLINE
  5
91C
330
A59
100
AcDbEntity
  8
livello 1
100
AcDbPolyline
 90
        8
 70
   129
 43
0.0
 10
189.9678499999998
 20
43.28790000000011
 10
175.9688499999998
 20
43.28790000000014
 42
-0.4142135623730984
 10
173.4688499999998
 20
45.78790000000011
 10
173.4688499999998
 20
59.78790000000012
 42
-0.4142135623731015
 10
175.9688499999998
 20
62.28790000000006
 10
189.9678499999998
 20
62.28790000000006
 42
-0.4142135623731018
 10
192.4678499999998
 20
59.78790000000012
 10
192.4678499999998
 20
45.78790000000011
 42
-0.414213562373095
  0
LWPOLYLINE
  5
91D
330
A59
100
AcDbEntity
  8
livello 1
100
AcDbPolyline
 90
        8
 70
   129
 43
0.0
 10
189.9678499999998
 20
24.2379000000001
 10
175.9688499999998
 20
24.23790000000013
 42
-0.4142135623730984
 10
173.4688499999998
 20
26.7379000000001
 10
173.4688499999998
 20
40.73790000000012
 42
-0.4142135623731015
 10
175.9688499999998
 20
43.23790000000006
 10
189.9678499999998
 20
43.23790000000006
 42
-0.4142135623731018
 10
192.4678499999998
 20
40.73790000000012
 10
192.4678499999998
 20
26.7379000000001
 42
-0.414213562373095
  0
LWPOLYLINE
  5
91E
330
A59
100
AcDbEntity
  8
livello 1
100
AcDbPolyline
 90
        8
 70
   129
 43
0.0
 10
209.0196499999999
 20
81.38790000000006
 10
195.0206499999999
 20
81.38790000000009
 42
-0.4142135623730984
 10
192.5206499999999
 20
83.88790000000006
 10
192.5206499999999
 20
97.88790000000007
 42
-0.4142135623731015
 10
195.0206499999999
 20
100.3879
 10
209.0196499999999
 20
100.3879
 42
-0.4142135623731018
 10
211.5196499999999
 20
97.88790000000007
 10
211.5196499999999
 20
83.88790000000006
 42
-0.414213562373095
  0
LWPOLYLINE
  5
91F
330
A59
100
AcDbEntity
  8
livello 1
100
AcDbPolyline
 90
        8
 70
   129
 43
0.0
 10
209.0178499999998
 20
62.33790000000009
 10
195.0188499999998
 20
62.33790000000012
 42
-0.4142135623730984
 10
192.5188499999998
 20
64.83790000000009
 10
192.5188499999998
 20
78.8379000000001
 42
-0.4142135623731015
 10
195.0188499999998
 20
81.33790000000005
 10
209.0178499999998
 20
81.33790000000005
 42
-0.4142135623731018
 10
211.5178499999998
 20
78.8379000000001
 10
211.5178499999998
 20
64.83790000000009
 42
-0.414213562373095
  0
LWPOLYLINE
  5
920
330
A59
100
AcDbEntity
  8
livello 1
100
AcDbPolyline
 90
        8
 70
   129
 43
0.0
 10
209.0160499999997
 20
43.28790000000012
 10
195.0170499999997
 20
43.28790000000015
 42
-0.4142135623730984
 10
192.5170499999997
 20
45.78790000000012
 10
192.5170499999997
 20
59.78790000000014
 42
-0.4142135623731015
 10
195.0170499999997
 20
62.28790000000008
 10
209.0160499999997
 20
62.28790000000008
 42
-0.4142135623731018
 10
211.5160499999997
 20
59.78790000000014
 10
211.5160499999997
 20
45.78790000000012
 42
-0.414213562373095
  0
LWPOLYLINE
  5
921
330
A59
100
AcDbEntity
  8
livello 1
100
AcDbPolyline
 90
        8
 70
   129
 43
0.0
 10
209.0160499999997
 20
24.23790000000012
 10
195.0170499999997
 20
24.23790000000015
 42
-0.4142135623730984
 10
192.5170499999997
 20
26.73790000000012
 10
192.5170499999997
 20
40.73790000000013
 42
-0.4142135623731015
 10
195.0170499999997
 20
43.23790000000007
 10
209.0160499999997
 20
43.23790000000007
 42
-0.4142135623731018
 10
211.5160499999997
 20
40.73790000000013
 10
211.5160499999997
 20
26.73790000000012
 42
-0.414213562373095
  0
LWPOLYLINE
  5
922
330
A59
100
AcDbEntity
  8
livello 1
100
AcDbPolyline
 90
        8
 70
   129
 43
0.0
 10
228.0678499999998
 20
81.38790000000007
 10
214.0688499999998
 20
81.3879000000001
 42
-0.4142135623730984
 10
211.5688499999998
 20
83.88790000000007
 10
211.5688499999998
 20
97.88790000000009
 42
-0.4142135623731015
 10
214.0688499999998
 20
100.3879
 10
228.0678499999998
 20
100.3879
 42
-0.4142135623731018
 10
230.5678499999998
 20
97.88790000000009
 10
230.5678499999998
 20
83.88790000000007
 42
-0.414213562373095
  0
LWPOLYLINE
  5
923
330
A59
100
AcDbEntity
  8
livello 1
100
AcDbPolyline
 90
        8
 70
   129
 43
0.0
 10
228.0660499999997
 20
62.3379000000001
 10
214.0670499999997
 20
62.33790000000013
 42
-0.4142135623730984
 10
211.5670499999997
 20
64.8379000000001
 10
211.5670499999997
 20
78.83790000000012
 42
-0.4142135623731015
 10
214.0670499999997
 20
81.33790000000006
 10
228.0660499999997
 20
81.33790000000006
 42
-0.4142135623731018
 10
230.5660499999997
 20
78.83790000000012
 10
230.5660499999997
 20
64.8379000000001
 42
-0.414213562373095
  0
LWPOLYLINE
  5
924
330
A59
100
AcDbEntity
  8
livello 1
100
AcDbPolyline
 90
        8
 70
   129
 43
0.0
 10
228.0642499999996
 20
43.28790000000014
 10
214.0652499999997
 20
43.28790000000016
 42
-0.4142135623730984
 10
211.5652499999997
 20
45.78790000000014
 10
211.5652499999997
 20
59.78790000000015
 42
-0.4142135623731015
 10
214.0652499999997
 20
62.28790000000009
 10
228.0642499999996
 20
62.28790000000009
 42
-0.4142135623731018
 10
230.5642499999996
 20
59.78790000000015
 10
230.5642499999996
 20
45.78790000000014
 42
-0.414213562373095
  0
LWPOLYLINE
  5
925
330
A59
100
AcDbEntity
  8
livello 1
100
AcDbPolyline
 90
        8
 70
   129
 43
0.0
 10
228.0642499999996
 20
24.23790000000013
 10
214.0652499999997
 20
24.23790000000016
 42
-0.4142135623730984
 10
211.5652499999997
 20
26.73790000000013
 10
211.5652499999997
 20
40.73790000000015
 42
-0.4142135623731015
 10
214.0652499999997
 20
43.23790000000009
 10
228.0642499999996
 20
43.23790000000009
 42
-0.4142135623731018
 10
230.5642499999996
 20
40.73790000000015
 10
230.5642499999996
 20
26.73790000000013
 42
-0.414213562373095
  0
LWPOLYLINE
  5
926
330
A59
100
AcDbEntity
  8
livello 1
100
AcDbPolyline
 90
        8
 70
   129
 43
0.0
 10
247.1160499999997
 20
81.38790000000009
 10
233.1170499999998
 20
81.38790000000012
 42
-0.4142135623730984
 10
230.6170499999998
 20
83.88790000000009
 10
230.6170499999998
 20
97.8879000000001
 42
-0.4142135623731015
 10
233.1170499999998
 20
100.3879
 10
247.1160499999997
 20
100.3879
 42
-0.4142135623731018
 10
249.6160499999997
 20
97.8879000000001
 10
249.6160499999997
 20
83.88790000000009
 42
-0.414213562373095
  0
LWPOLYLINE
  5
927
330
A59
100
AcDbEntity
  8
livello 1
100
AcDbPolyline
 90
        8
 70
   129
 43
0.0
 10
247.1142499999996
 20
62.33790000000012
 10
233.1152499999997
 20
62.33790000000015
 42
-0.4142135623730984
 10
230.6152499999997
 20
64.83790000000012
 10
230.6152499999997
 20
78.83790000000013
 42
-0.4142135623731015
 10
233.1152499999997
 20
81.33790000000008
 10
247.1142499999996
 20
81.33790000000008
 42
-0.4142135623731018
 10
249.6142499999996
 20
78.83790000000013
 10
249.6142499999996
 20
64.83790000000012
 42
-0.414213562373095
  0
LWPOLYLINE
  5
928
330
A59
100
AcDbEntity
  8
livello 1
100
AcDbPolyline
 90
        8
 70
   129
 43
0.0
 10
247.1124499999995
 20
43.28790000000015
 10
233.1134499999995
 20
43.28790000000018
 42
-0.4142135623730984
 10
230.6134499999995
 20
45.78790000000015
 10
230.6134499999995
 20
59.78790000000016
 42
-0.4142135623731015
 10
233.1134499999995
 20
62.28790000000011
 10
247.1124499999995
 20
62.28790000000011
 42
-0.4142135623731018
 10
249.6124499999995
 20
59.78790000000016
 10
249.6124499999995
 20
45.78790000000015
 42
-0.414213562373095
  0
LWPOLYLINE
  5
929
330
A59
100
AcDbEntity
  8
livello 1
100
AcDbPolyline
 90
        8
 70
   129
 43
0.0
 10
247.1124499999995
 20
24.23790000000015
 10
233.1134499999996
 20
24.23790000000017
 42
-0.4142135623730984
 10
230.6134499999996
 20
26.73790000000015
 10
230.6134499999996
 20
40.73790000000016
 42
-0.4142135623731015
 10
233.1134499999996
 20
43.2379000000001
 10
247.1124499999995
 20
43.2379000000001
 42
-0.4142135623731018
 10
249.6124499999995
 20
40.73790000000016
 10
249.6124499999995
 20
26.73790000000015
 42
-0.414213562373095
  0
LWPOLYLINE
  5
97D
330
A59
100
AcDbEntity
  8
livello 1
100
AcDbPolyline
 90
        8
 70
   129
 43
0.0
 10
266.1698499999999
 20
81.38790000000003
 10
252.1708499999999
 20
81.38790000000006
 42
-0.4142135623730984
 10
249.6708499999999
 20
83.88790000000003
 10
249.6708499999999
 20
97.88790000000004
 42
-0.4142135623731015
 10
252.1708499999999
 20
100.3879
 10
266.1698499999999
 20
100.3879
 42
-0.4142135623731018
 10
268.6698499999999
 20
97.88790000000004
 10
268.6698499999999
 20
83.88790000000003
 42
-0.414213562373095
  0
LWPOLYLINE
  5
97E
330
A59
100
AcDbEntity
  8
livello 1
100
AcDbPolyline
 90
        8
 70
   129
 43
0.0
 10
266.1680499999998
 20
62.33790000000006
 10
252.1690499999998
 20
62.33790000000009
 42
-0.4142135623730984
 10
249.6690499999998
 20
64.83790000000006
 10
249.6690499999998
 20
78.83790000000008
 42
-0.4142135623731015
 10
252.1690499999998
 20
81.33790000000002
 10
266.1680499999998
 20
81.33790000000002
 42
-0.4142135623731018
 10
268.6680499999998
 20
78.83790000000008
 10
268.6680499999998
 20
64.83790000000006
 42
-0.414213562373095
  0
LWPOLYLINE
  5
97F
330
A59
100
AcDbEntity
  8
livello 1
100
AcDbPolyline
 90
        8
 70
   129
 43
0.0
 10
266.1662499999997
 20
43.28790000000009
 10
252.1672499999997
 20
43.28790000000012
 42
-0.4142135623730984
 10
249.6672499999997
 20
45.78790000000009
 10
249.6672499999997
 20
59.78790000000011
 42
-0.4142135623731015
 10
252.1672499999997
 20
62.28790000000005
 10
266.1662499999997
 20
62.28790000000005
 42
-0.4142135623731018
 10
268.6662499999997
 20
59.78790000000011
 10
268.6662499999997
 20
45.78790000000009
 42
-0.414213562373095
  0
LWPOLYLINE
  5
980
330
A59
100
AcDbEntity
  8
livello 1
100
AcDbPolyline
 90
        8
 70
   129
 43
0.0
 10
285.2180499999998
 20
81.38790000000004
 10
271.2190499999998
 20
81.38790000000007
 42
-0.4142135623730984
 10
268.7190499999998
 20
83.88790000000004
 10
268.7190499999998
 20
97.88790000000006
 42
-0.4142135623731015
 10
271.2190499999998
 20
100.3879
 10
285.2180499999998
 20
100.3879
 42
-0.4142135623731018
 10
287.7180499999998
 20
97.88790000000006
 10
287.7180499999998
 20
83.88790000000004
 42
-0.414213562373095
  0
LWPOLYLINE
  5
981
330
A59
100
AcDbEntity
  8
livello 1
100
AcDbPolyline
 90
        8
 70
   129
 43
0.0
 10
285.2162499999997
 20
62.33790000000008
 10
271.2172499999998
 20
62.3379000000001
 42
-0.4142135623730984
 10
268.7172499999998
 20
64.83790000000008
 10
268.7172499999998
 20
78.83790000000009
 42
-0.4142135623731015
 10
271.2172499999998
 20
81.33790000000003
 10
285.2162499999997
 20
81.33790000000003
 42
-0.4142135623731018
 10
287.7162499999997
 20
78.83790000000009
 10
287.7162499999997
 20
64.83790000000008
 42
-0.414213562373095
  0
LWPOLYLINE
  5
982
330
A59
100
AcDbEntity
  8
livello 1
100
AcDbPolyline
 90
        8
 70
   129
 43
0.0
 10
285.2144499999996
 20
43.28790000000011
 10
271.2154499999996
 20
43.28790000000014
 42
-0.4142135623730984
 10
268.7154499999996
 20
45.78790000000011
 10
268.7154499999996
 20
59.78790000000012
 42
-0.4142135623731015
 10
271.2154499999996
 20
62.28790000000006
 10
285.2144499999996
 20
62.28790000000006
 42
-0.4142135623731018
 10
287.7144499999996
 20
59.78790000000012
 10
287.7144499999996
 20
45.78790000000011
 42
-0.414213562373095
  0
LWPOLYLINE
  5
995
330
A59
100
AcDbEntity
  8
livello 1
100
AcDbPolyline
 90
        8
 70
   129
 43
0.0
 10
289.9826499999999
 20
0.4253000000000924
 10
275.98365
 20
0.4253000000001208
 42
-0.4142135623730984
 10
273.48365
 20
2.925300000000092
 10
273.48365
 20
16.92530000000011
 42
-0.4142135623731015
 10
275.98365
 20
19.42530000000005
 10
289.9826499999999
 20
19.42530000000005
 42
-0.4142135623731018
 10
292.4826499999999
 20
16.92530000000011
 10
292.4826499999999
 20
2.925300000000092
 42
-0.414213562373095
  0
LWPOLYLINE
  5
996
330
A59
100
AcDbEntity
  8
livello 1
100
AcDbPolyline
 90
        8
 70
   129
 43
0.0
 10
309.0308499999999
 20
0.4253000000001066
 10
295.0318499999998
 20
0.425300000000135
 42
-0.4142135623730984
 10
292.5318499999998
 20
2.925300000000107
 10
292.5318499999998
 20
16.92530000000012
 42
-0.4142135623731015
 10
295.0318499999998
 20
19.42530000000006
 10
309.0308499999999
 20
19.42530000000006
 42
-0.4142135623731018
 10
311.5308499999999
 20
16.92530000000012
 10
311.5308499999999
 20
2.925300000000107
 42
-0.414213562373095
  0
LWPOLYLINE
  5
997
330
A59
100
AcDbEntity
  8
livello 1
100
AcDbPolyline
 90
        8
 70
   129
 43
0.0
 10
328.0790499999998
 20
0.4253000000001208
 10
314.0800499999998
 20
0.4253000000001492
 42
-0.4142135623730984
 10
311.5800499999998
 20
2.925300000000121
 10
311.5800499999998
 20
16.92530000000014
 42
-0.4142135623731015
 10
314.0800499999998
 20
19.42530000000008
 10
328.0790499999998
 20
19.42530000000008
 42
-0.4142135623731018
 10
330.5790499999998
 20
16.92530000000014
 10
330.5790499999998
 20
2.925300000000121
 42
-0.414213562373095
  0
LWPOLYLINE
  5
9A1
330
A59
100
AcDbEntity
  8
livello 1
100
AcDbPolyline
 90
        8
 70
   129
 43
0.0
 10
309.0274499999996
 20
19.47540000000011
 10
295.0284499999997
 20
19.47540000000014
 42
-0.4142135623730984
 10
292.5284499999997
 20
21.97540000000011
 10
292.5284499999997
 20
35.97540000000012
 42
-0.4142135623731015
 10
295.0284499999997
 20
38.47540000000006
 10
309.0274499999996
 20
38.47540000000006
 42
-0.4142135623731018
 10
311.5274499999996
 20
35.97540000000012
 10
311.5274499999996
 20
21.97540000000011
 42
-0.414213562373095
  0
LWPOLYLINE
  5
9A5
330
A59
100
AcDbEntity
  8
livello 1
100
AcDbPolyline
 90
        8
 70
   129
 43
0.0
 10
342.3644499999996
 20
33.7629000000001
 10
328.3654499999997
 20
33.76290000000013
 42
-0.4142135623730984
 10
325.8654499999997
 20
36.2629000000001
 10
325.8654499999997
 20
50.26290000000012
 42
-0.4142135623731015
 10
328.3654499999997
 20
52.76290000000006
 10
342.3644499999996
 20
52.76290000000006
 42
-0.4142135623731018
 10
344.8644499999996
 20
50.26290000000012
 10
344.8644499999996
 20
36.2629000000001
 42
-0.414213562373095
  0
LWPOLYLINE
  5
9A9
330
A59
100
AcDbEntity
  8
livello 1
100
AcDbPolyline
 90
        8
 70
   129
 43
0.0
 10
342.3644499999997
 20
52.81290000000005
 10
328.3654499999997
 20
52.81290000000008
 42
-0.4142135623730984
 10
325.8654499999997
 20
55.31290000000005
 10
325.8654499999997
 20
69.31290000000007
 42
-0.4142135623731015
 10
328.3654499999997
 20
71.81290000000001
 10
342.3644499999997
 20
71.81290000000001
 42
-0.4142135623731018
 10
344.8644499999997
 20
69.31290000000007
 10
344.8644499999997
 20
55.31290000000005
 42
-0.414213562373095
  0
LWPOLYLINE
  5
9AD
330
A59
100
AcDbEntity
  8
livello 1
100
AcDbPolyline
 90
        8
 70
   129
 43
0.0
 10
48.05055000000002
 20
81.38790000000004
 10
34.05155000000005
 20
81.38790000000007
 42
-0.4142135623730984
 10
31.55155000000005
 20
83.88790000000004
 10
31.55155000000005
 20
97.88790000000006
 42
-0.4142135623731015
 10
34.05155000000005
 20
100.3879
 10
48.05055000000002
 20
100.3879
 42
-0.4142135623731018
 10
50.55055000000002
 20
97.88790000000006
 10
50.55055000000002
 20
83.88790000000004
 42
-0.414213562373095
  0
LINE
  5
531
330
A59
100
AcDbEntity
  8
0
 62
     0
100
AcDbLine
 10
53.1012
 20
96.8872
 30
0.0
 11
52.3021
 21
96.8872
 31
0.0
  0
LINE
  5
532
330
A59
100
AcDbEntity
  8
0
 62
     0
100
AcDbLine
 10
52.3021
 20
96.8872
 30
0.0
 11
52.3021
 21
93.7877
 31
0.0
  0
LINE
  5
533
330
A59
100
AcDbEntity
  8
0
 62
     0
100
AcDbLine
 10
52.3021
 20
93.7877
 30
0.0
 11
53.1012
 21
93.7877
 31
0.0
  0
LINE
  5
534
330
A59
100
AcDbEntity
  8
0
 62
     0
100
AcDbLine
 10
53.1012
 20
93.7877
 30
0.0
 11
53.1012
 21
87.9877
 31
0.0
  0
LINE
  5
535
330
A59
100
AcDbEntity
  8
0
 62
     0
100
AcDbLine
 10
53.1012
 20
87.9877
 30
0.0
 11
52.3021
 21
87.9877
 31
0.0
  0
LINE
  5
536
330
A59
100
AcDbEntity
  8
0
 62
     0
100
AcDbLine
 10
52.3021
 20
87.9877
 30
0.0
 11
52.3021
 21
84.8872
 31
0.0
  0
LINE
  5
537
330
A59
100
AcDbEntity
  8
0
 62
     0
100
AcDbLine
 10
52.3021
 20
84.8872
 30
0.0
 11
53.1012
 21
84.8872
 31
0.0
  0
LINE
  5
538
330
A59
100
AcDbEntity
  8
0
 62
     0
100
AcDbLine
 10
53.1012
 20
84.8872
 30
0.0
 11
53.1012
 21
83.8881
 31
0.0
  0
LINE
  5
539
330
A59
100
AcDbEntity
  8
0
 62
     0
100
AcDbLine
 10
53.1012
 20
83.8881
 30
0.0
 11
67.1008
 21
83.8881
 31
0.0
  0
LINE
  5
53A
330
A59
100
AcDbEntity
  8
0
 62
     0
100
AcDbLine
 10
67.1008
 20
83.8881
 30
0.0
 11
67.1008
 21
84.8872
 31
0.0
  0
LINE
  5
53B
330
A59
100
AcDbEntity
  8
0
 62
     0
100
AcDbLine
 10
67.1008
 20
84.8872
 30
0.0
 11
67.9016
 21
84.8872
 31
0.0
  0
LINE
  5
53C
330
A59
100
AcDbEntity
  8
0
 62
     0
100
AcDbLine
 10
67.9016
 20
84.8872
 30
0.0
 11
67.9016
 21
87.9877
 31
0.0
  0
LINE
  5
53D
330
A59
100
AcDbEntity
  8
0
 62
     0
100
AcDbLine
 10
67.9016
 20
87.9877
 30
0.0
 11
67.1008
 21
87.9877
 31
0.0
  0
LINE
  5
53E
330
A59
100
AcDbEntity
  8
0
 62
     0
100
AcDbLine
 10
67.1008
 20
87.9877
 30
0.0
 11
67.1008
 21
93.7877
 31
0.0
  0
LINE
  5
53F
330
A59
100
AcDbEntity
  8
0
 62
     0
100
AcDbLine
 10
67.1008
 20
93.7877
 30
0.0
 11
67.9016
 21
93.7877
 31
0.0
  0
LINE
  5
540
330
A59
100
AcDbEntity
  8
0
 62
     0
100
AcDbLine
 10
67.9016
 20
93.7877
 30
0.0
 11
67.9016
 21
96.8872
 31
0.0
  0
LINE
  5
541
330
A59
100
AcDbEntity
  8
0
 62
     0
100
AcDbLine
 10
67.9016
 20
96.8872
 30
0.0
 11
67.1008
 21
96.8872
 31
0.0
  0
LINE
  5
542
330
A59
100
AcDbEntity
  8
0
 62
     0
100
AcDbLine
 10
67.1008
 20
96.8872
 30
0.0
 11
67.1008
 21
97.8877
 31
0.0
  0
LINE
  5
543
330
A59
100
AcDbEntity
  8
0
 62
     0
100
AcDbLine
 10
67.1008
 20
97.8877
 30
0.0
 11
53.1012
 21
97.8877
 31
0.0
  0
LINE
  5
544
330
A59
100
AcDbEntity
  8
0
 62
     0
100
AcDbLine
 10
72.1512
 20
97.8877
 30
0.0
 11
72.1512
 21
96.8872
 31
0.0
  0
LINE
  5
545
330
A59
100
AcDbEntity
  8
0
 62
     0
100
AcDbLine
 10
72.1512
 20
96.8872
 30
0.0
 11
71.3521
 21
96.8872
 31
0.0
  0
LINE
  5
546
330
A59
100
AcDbEntity
  8
0
 62
     0
100
AcDbLine
 10
71.3521
 20
96.8872
 30
0.0
 11
71.3521
 21
93.7877
 31
0.0
  0
LINE
  5
547
330
A59
100
AcDbEntity
  8
0
 62
     0
100
AcDbLine
 10
71.3521
 20
93.7877
 30
0.0
 11
72.1512
 21
93.7877
 31
0.0
  0
LINE
  5
548
330
A59
100
AcDbEntity
  8
0
 62
     0
100
AcDbLine
 10
72.1512
 20
93.7877
 30
0.0
 11
72.1512
 21
87.9877
 31
0.0
  0
LINE
  5
549
330
A59
100
AcDbEntity
  8
0
 62
     0
100
AcDbLine
 10
72.1512
 20
87.9877
 30
0.0
 11
71.3521
 21
87.9877
 31
0.0
  0
LINE
  5
54A
330
A59
100
AcDbEntity
  8
0
 62
     0
100
AcDbLine
 10
71.3521
 20
87.9877
 30
0.0
 11
71.3521
 21
84.8872
 31
0.0
  0
LINE
  5
54B
330
A59
100
AcDbEntity
  8
0
 62
     0
100
AcDbLine
 10
71.3521
 20
84.8872
 30
0.0
 11
72.1512
 21
84.8872
 31
0.0
  0
LINE
  5
54C
330
A59
100
AcDbEntity
  8
0
 62
     0
100
AcDbLine
 10
72.1512
 20
84.8872
 30
0.0
 11
72.1512
 21
83.8881
 31
0.0
  0
LINE
  5
54D
330
A59
100
AcDbEntity
  8
0
 62
     0
100
AcDbLine
 10
72.1512
 20
83.8881
 30
0.0
 11
86.1508
 21
83.8881
 31
0.0
  0
LINE
  5
54E
330
A59
100
AcDbEntity
  8
0
 62
     0
100
AcDbLine
 10
86.1508
 20
83.8881
 30
0.0
 11
86.1508
 21
84.8872
 31
0.0
  0
LINE
  5
54F
330
A59
100
AcDbEntity
  8
0
 62
     0
100
AcDbLine
 10
86.1508
 20
84.8872
 30
0.0
 11
86.9516
 21
84.8872
 31
0.0
  0
LINE
  5
550
330
A59
100
AcDbEntity
  8
0
 62
     0
100
AcDbLine
 10
86.9516
 20
84.8872
 30
0.0
 11
86.9516
 21
87.9877
 31
0.0
  0
LINE
  5
551
330
A59
100
AcDbEntity
  8
0
 62
     0
100
AcDbLine
 10
86.9516
 20
87.9877
 30
0.0
 11
86.1508
 21
87.9877
 31
0.0
  0
LINE
  5
552
330
A59
100
AcDbEntity
  8
0
 62
     0
100
AcDbLine
 10
86.1508
 20
87.9877
 30
0.0
 11
86.1508
 21
93.7877
 31
0.0
  0
LINE
  5
553
330
A59
100
AcDbEntity
  8
0
 62
     0
100
AcDbLine
 10
86.1508
 20
93.7877
 30
0.0
 11
86.9516
 21
93.7877
 31
0.0
  0
LINE
  5
554
330
A59
100
AcDbEntity
  8
0
 62
     0
100
AcDbLine
 10
86.9516
 20
93.7877
 30
0.0
 11
86.9516
 21
96.8872
 31
0.0
  0
LINE
  5
555
330
A59
100
AcDbEntity
  8
0
 62
     0
100
AcDbLine
 10
86.9516
 20
96.8872
 30
0.0
 11
86.1508
 21
96.8872
 31
0.0
  0
LINE
  5
556
330
A59
100
AcDbEntity
  8
0
 62
     0
100
AcDbLine
 10
86.1508
 20
96.8872
 30
0.0
 11
86.1508
 21
97.8877
 31
0.0
  0
LINE
  5
557
330
A59
100
AcDbEntity
  8
0
 62
     0
100
AcDbLine
 10
86.1508
 20
97.8877
 30
0.0
 11
72.1512
 21
97.8877
 31
0.0
  0
LINE
  5
558
330
A59
100
AcDbEntity
  8
0
 62
     0
100
AcDbLine
 10
91.2012
 20
97.8877
 30
0.0
 11
91.2012
 21
96.8872
 31
0.0
  0
LINE
  5
559
330
A59
100
AcDbEntity
  8
0
 62
     0
100
AcDbLine
 10
91.2012
 20
96.8872
 30
0.0
 11
90.4021
 21
96.8872
 31
0.0
  0
LINE
  5
55A
330
A59
100
AcDbEntity
  8
0
 62
     0
100
AcDbLine
 10
90.4021
 20
96.8872
 30
0.0
 11
90.4021
 21
93.7877
 31
0.0
  0
LINE
  5
55B
330
A59
100
AcDbEntity
  8
0
 62
     0
100
AcDbLine
 10
90.4021
 20
93.7877
 30
0.0
 11
91.2012
 21
93.7877
 31
0.0
  0
LINE
  5
55C
330
A59
100
AcDbEntity
  8
0
 62
     0
100
AcDbLine
 10
91.2012
 20
93.7877
 30
0.0
 11
91.2012
 21
87.9877
 31
0.0
  0
LINE
  5
55D
330
A59
100
AcDbEntity
  8
0
 62
     0
100
AcDbLine
 10
91.2012
 20
87.9877
 30
0.0
 11
90.4021
 21
87.9877
 31
0.0
  0
LINE
  5
55E
330
A59
100
AcDbEntity
  8
0
 62
     0
100
AcDbLine
 10
90.4021
 20
87.9877
 30
0.0
 11
90.4021
 21
84.8872
 31
0.0
  0
LINE
  5
55F
330
A59
100
AcDbEntity
  8
0
 62
     0
100
AcDbLine
 10
90.4021
 20
84.8872
 30
0.0
 11
91.2012
 21
84.8872
 31
0.0
  0
LINE
  5
560
330
A59
100
AcDbEntity
  8
0
 62
     0
100
AcDbLine
 10
91.2012
 20
84.8872
 30
0.0
 11
91.2012
 21
83.8881
 31
0.0
  0
LINE
  5
561
330
A59
100
AcDbEntity
  8
0
 62
     0
100
AcDbLine
 10
91.2012
 20
83.8881
 30
0.0
 11
105.201
 21
83.8881
 31
0.0
  0
LINE
  5
562
330
A59
100
AcDbEntity
  8
0
 62
     0
100
AcDbLine
 10
105.201
 20
83.8881
 30
0.0
 11
105.201
 21
84.8872
 31
0.0
  0
LINE
  5
563
330
A59
100
AcDbEntity
  8
0
 62
     0
100
AcDbLine
 10
105.201
 20
84.8872
 30
0.0
 11
106.002
 21
84.8872
 31
0.0
  0
LINE
  5
564
330
A59
100
AcDbEntity
  8
0
 62
     0
100
AcDbLine
 10
106.002
 20
84.8872
 30
0.0
 11
106.002
 21
87.9877
 31
0.0
  0
LINE
  5
565
330
A59
100
AcDbEntity
  8
0
 62
     0
100
AcDbLine
 10
106.002
 20
87.9877
 30
0.0
 11
105.201
 21
87.9877
 31
0.0
  0
LINE
  5
566
330
A59
100
AcDbEntity
  8
0
 62
     0
100
AcDbLine
 10
105.201
 20
87.9877
 30
0.0
 11
105.201
 21
93.7877
 31
0.0
  0
LINE
  5
567
330
A59
100
AcDbEntity
  8
0
 62
     0
100
AcDbLine
 10
105.201
 20
93.7877
 30
0.0
 11
106.002
 21
93.7877
 31
0.0
  0
LINE
  5
568
330
A59
100
AcDbEntity
  8
0
 62
     0
100
AcDbLine
 10
106.002
 20
93.7877
 30
0.0
 11
106.002
 21
96.8872
 31
0.0
  0
LINE
  5
569
330
A59
100
AcDbEntity
  8
0
 62
     0
100
AcDbLine
 10
106.002
 20
96.8872
 30
0.0
 11
105.201
 21
96.8872
 31
0.0
  0
LINE
  5
56A
330
A59
100
AcDbEntity
  8
0
 62
     0
100
AcDbLine
 10
105.201
 20
96.8872
 30
0.0
 11
105.201
 21
97.8877
 31
0.0
  0
LINE
  5
56B
330
A59
100
AcDbEntity
  8
0
 62
     0
100
AcDbLine
 10
105.201
 20
97.8877
 30
0.0
 11
91.2012
 21
97.8877
 31
0.0
  0
LINE
  5
56C
330
A59
100
AcDbEntity
  8
0
 62
     0
100
AcDbLine
 10
110.251
 20
97.8877
 30
0.0
 11
110.251
 21
96.8872
 31
0.0
  0
LINE
  5
56D
330
A59
100
AcDbEntity
  8
0
 62
     0
100
AcDbLine
 10
110.251
 20
96.8872
 30
0.0
 11
109.452
 21
96.8872
 31
0.0
  0
LINE
  5
56E
330
A59
100
AcDbEntity
  8
0
 62
     0
100
AcDbLine
 10
109.452
 20
96.8872
 30
0.0
 11
109.452
 21
93.7877
 31
0.0
  0
LINE
  5
56F
330
A59
100
AcDbEntity
  8
0
 62
     0
100
AcDbLine
 10
109.452
 20
93.7877
 30
0.0
 11
110.251
 21
93.7877
 31
0.0
  0
LINE
  5
570
330
A59
100
AcDbEntity
  8
0
 62
     0
100
AcDbLine
 10
110.251
 20
93.7877
 30
0.0
 11
110.251
 21
87.9877
 31
0.0
  0
LINE
  5
571
330
A59
100
AcDbEntity
  8
0
 62
     0
100
AcDbLine
 10
110.251
 20
87.9877
 30
0.0
 11
109.452
 21
87.9877
 31
0.0
  0
LINE
  5
572
330
A59
100
AcDbEntity
  8
0
 62
     0
100
AcDbLine
 10
109.452
 20
87.9877
 30
0.0
 11
109.452
 21
84.8872
 31
0.0
  0
LINE
  5
573
330
A59
100
AcDbEntity
  8
0
 62
     0
100
AcDbLine
 10
109.452
 20
84.8872
 30
0.0
 11
110.251
 21
84.8872
 31
0.0
  0
LINE
  5
574
330
A59
100
AcDbEntity
  8
0
 62
     0
100
AcDbLine
 10
110.251
 20
84.8872
 30
0.0
 11
110.251
 21
83.8881
 31
0.0
  0
LINE
  5
575
330
A59
100
AcDbEntity
  8
0
 62
     0
100
AcDbLine
 10
110.251
 20
83.8881
 30
0.0
 11
124.251
 21
83.8881
 31
0.0
  0
LINE
  5
576
330
A59
100
AcDbEntity
  8
0
 62
     0
100
AcDbLine
 10
124.251
 20
83.8881
 30
0.0
 11
124.251
 21
84.8872
 31
0.0
  0
LINE
  5
577
330
A59
100
AcDbEntity
  8
0
 62
     0
100
AcDbLine
 10
124.251
 20
84.8872
 30
0.0
 11
125.052
 21
84.8872
 31
0.0
  0
LINE
  5
578
330
A59
100
AcDbEntity
  8
0
 62
     0
100
AcDbLine
 10
125.052
 20
84.8872
 30
0.0
 11
125.052
 21
87.9877
 31
0.0
  0
LINE
  5
579
330
A59
100
AcDbEntity
  8
0
 62
     0
100
AcDbLine
 10
125.052
 20
87.9877
 30
0.0
 11
124.251
 21
87.9877
 31
0.0
  0
LINE
  5
57A
330
A59
100
AcDbEntity
  8
0
 62
     0
100
AcDbLine
 10
124.251
 20
87.9877
 30
0.0
 11
124.251
 21
93.7877
 31
0.0
  0
LINE
  5
57B
330
A59
100
AcDbEntity
  8
0
 62
     0
100
AcDbLine
 10
124.251
 20
93.7877
 30
0.0
 11
125.052
 21
93.7877
 31
0.0
  0
LINE
  5
57C
330
A59
100
AcDbEntity
  8
0
 62
     0
100
AcDbLine
 10
125.052
 20
93.7877
 30
0.0
 11
125.052
 21
96.8872
 31
0.0
  0
LINE
  5
57D
330
A59
100
AcDbEntity
  8
0
 62
     0
100
AcDbLine
 10
125.052
 20
96.8872
 30
0.0
 11
124.251
 21
96.8872
 31
0.0
  0
LINE
  5
57E
330
A59
100
AcDbEntity
  8
0
 62
     0
100
AcDbLine
 10
124.251
 20
96.8872
 30
0.0
 11
124.251
 21
97.8877
 31
0.0
  0
LINE
  5
57F
330
A59
100
AcDbEntity
  8
0
 62
     0
100
AcDbLine
 10
124.251
 20
97.8877
 30
0.0
 11
110.251
 21
97.8877
 31
0.0
  0
LINE
  5
580
330
A59
100
AcDbEntity
  8
0
 62
     0
100
AcDbLine
 10
129.301
 20
97.8877
 30
0.0
 11
129.301
 21
96.8872
 31
0.0
  0
LINE
  5
581
330
A59
100
AcDbEntity
  8
0
 62
     0
100
AcDbLine
 10
129.301
 20
96.8872
 30
0.0
 11
128.502
 21
96.8872
 31
0.0
  0
LINE
  5
582
330
A59
100
AcDbEntity
  8
0
 62
     0
100
AcDbLine
 10
128.502
 20
96.8872
 30
0.0
 11
128.502
 21
93.7877
 31
0.0
  0
LINE
  5
583
330
A59
100
AcDbEntity
  8
0
 62
     0
100
AcDbLine
 10
128.502
 20
93.7877
 30
0.0
 11
129.301
 21
93.7877
 31
0.0
  0
LINE
  5
584
330
A59
100
AcDbEntity
  8
0
 62
     0
100
AcDbLine
 10
129.301
 20
93.7877
 30
0.0
 11
129.301
 21
87.9877
 31
0.0
  0
LINE
  5
585
330
A59
100
AcDbEntity
  8
0
 62
     0
100
AcDbLine
 10
129.301
 20
87.9877
 30
0.0
 11
128.502
 21
87.9877
 31
0.0
  0
LINE
  5
586
330
A59
100
AcDbEntity
  8
0
 62
     0
100
AcDbLine
 10
128.502
 20
87.9877
 30
0.0
 11
128.502
 21
84.8872
 31
0.0
  0
LINE
  5
587
330
A59
100
AcDbEntity
  8
0
 62
     0
100
AcDbLine
 10
128.502
 20
84.8872
 30
0.0
 11
129.301
 21
84.8872
 31
0.0
  0
LINE
  5
588
330
A59
100
AcDbEntity
  8
0
 62
     0
100
AcDbLine
 10
129.301
 20
84.8872
 30
0.0
 11
129.301
 21
83.8881
 31
0.0
  0
LINE
  5
589
330
A59
100
AcDbEntity
  8
0
 62
     0
100
AcDbLine
 10
129.301
 20
83.8881
 30
0.0
 11
143.301
 21
83.8881
 31
0.0
  0
LINE
  5
58A
330
A59
100
AcDbEntity
  8
0
 62
     0
100
AcDbLine
 10
143.301
 20
83.8881
 30
0.0
 11
143.301
 21
84.8872
 31
0.0
  0
LINE
  5
58B
330
A59
100
AcDbEntity
  8
0
 62
     0
100
AcDbLine
 10
143.301
 20
84.8872
 30
0.0
 11
144.102
 21
84.8872
 31
0.0
  0
LINE
  5
58C
330
A59
100
AcDbEntity
  8
0
 62
     0
100
AcDbLine
 10
144.102
 20
84.8872
 30
0.0
 11
144.102
 21
87.9877
 31
0.0
  0
LINE
  5
58D
330
A59
100
AcDbEntity
  8
0
 62
     0
100
AcDbLine
 10
144.102
 20
87.9877
 30
0.0
 11
143.301
 21
87.9877
 31
0.0
  0
LINE
  5
58E
330
A59
100
AcDbEntity
  8
0
 62
     0
100
AcDbLine
 10
143.301
 20
87.9877
 30
0.0
 11
143.301
 21
93.7877
 31
0.0
  0
LINE
  5
58F
330
A59
100
AcDbEntity
  8
0
 62
     0
100
AcDbLine
 10
143.301
 20
93.7877
 30
0.0
 11
144.102
 21
93.7877
 31
0.0
  0
LINE
  5
590
330
A59
100
AcDbEntity
  8
0
 62
     0
100
AcDbLine
 10
144.102
 20
93.7877
 30
0.0
 11
144.102
 21
96.8872
 31
0.0
  0
LINE
  5
591
330
A59
100
AcDbEntity
  8
0
 62
     0
100
AcDbLine
 10
144.102
 20
96.8872
 30
0.0
 11
143.301
 21
96.8872
 31
0.0
  0
LINE
  5
592
330
A59
100
AcDbEntity
  8
0
 62
     0
100
AcDbLine
 10
143.301
 20
96.8872
 30
0.0
 11
143.301
 21
97.8877
 31
0.0
  0
LINE
  5
593
330
A59
100
AcDbEntity
  8
0
 62
     0
100
AcDbLine
 10
143.301
 20
97.8877
 30
0.0
 11
129.301
 21
97.8877
 31
0.0
  0
LWPOLYLINE
  5
9C1
330
A59
100
AcDbEntity
  8
livello 1
100
AcDbPolyline
 90
        4
 70
   129
 43
0.0
 10
216.1670000000001
 20
19.7817
 10
216.1670000000001
 20
5.782199999999989
 10
202.168
 20
5.782199999999989
 10
202.168
 20
19.7817
  0
LWPOLYLINE
  5
9C5
330
A59
100
AcDbEntity
  8
livello 1
100
AcDbPolyline
 90
        4
 70
   129
 43
0.0
 10
239.9790000000001
 20
19.7817
 10
239.9790000000001
 20
5.782199999999989
 10
225.98
 20
5.782199999999989
 10
225.98
 20
19.7817
  0
LWPOLYLINE
  5
9C9
330
A59
100
AcDbEntity
  8
livello 1
100
AcDbPolyline
 90
        4
 70
   129
 43
0.0
 10
268.5540000000002
 20
40.7377
 10
268.5540000000002
 20
26.73819999999998
 10
254.5550000000001
 20
26.73819999999998
 10
254.5550000000001
 20
40.7377
  0
LWPOLYLINE
  5
9CD
330
A59
100
AcDbEntity
  8
livello 1
100
AcDbPolyline
 90
        4
 70
   129
 43
0.0
 10
98.0564000000002
 20
19.78169999999999
 10
98.0564000000002
 20
5.782199999999982
 10
84.05740000000006
 20
5.782199999999982
 10
84.05740000000006
 20
19.78169999999999
  0
LWPOLYLINE
  5
9D1
330
A59
100
AcDbEntity
  8
livello 1
100
AcDbPolyline
 90
        4
 70
   129
 43
0.0
 10
74.2439000000002
 20
19.78169999999999
 10
74.2439000000002
 20
5.782199999999978
 10
60.24490000000006
 20
5.782199999999978
 10
60.24490000000006
 20
19.78169999999999
  0
LWPOLYLINE
  5
9D5
330
A59
100
AcDbEntity
  8
livello 1
100
AcDbPolyline
 90
        4
 70
   129
 43
0.0
 10
45.6691000000002
 20
19.7817
 10
45.6691000000002
 20
5.782199999999985
 10
31.67010000000006
 20
5.782199999999985
 10
31.67010000000006
 20
19.7817
  0
LWPOLYLINE
  5
9D9
330
A59
100
AcDbEntity
  8
livello 1
100
AcDbPolyline
 90
        4
 70
   129
 43
0.0
 10
45.66910000000014
 20
40.73769999999999
 10
45.66910000000014
 20
26.73819999999997
 10
31.6701
 20
26.73819999999997
 10
31.6701
 20
40.73769999999999
  0
LINE
  5
594
330
A59
100
AcDbEntity
  8
0
 62
     0
100
AcDbLine
 10
156.924
 20
97.8877
 30
0.0
 11
156.924
 21
96.8872
 31
0.0
  0
LINE
  5
595
330
A59
100
AcDbEntity
  8
0
 62
     0
100
AcDbLine
 10
156.924
 20
96.8872
 30
0.0
 11
156.125
 21
96.8872
 31
0.0
  0
LINE
  5
596
330
A59
100
AcDbEntity
  8
0
 62
     0
100
AcDbLine
 10
156.125
 20
96.8872
 30
0.0
 11
156.125
 21
93.7877
 31
0.0
  0
LINE
  5
597
330
A59
100
AcDbEntity
  8
0
 62
     0
100
AcDbLine
 10
156.125
 20
93.7877
 30
0.0
 11
156.924
 21
93.7877
 31
0.0
  0
LINE
  5
598
330
A59
100
AcDbEntity
  8
0
 62
     0
100
AcDbLine
 10
156.924
 20
93.7877
 30
0.0
 11
156.924
 21
87.9877
 31
0.0
  0
LINE
  5
599
330
A59
100
AcDbEntity
  8
0
 62
     0
100
AcDbLine
 10
156.924
 20
87.9877
 30
0.0
 11
156.125
 21
87.9877
 31
0.0
  0
LINE
  5
59A
330
A59
100
AcDbEntity
  8
0
 62
     0
100
AcDbLine
 10
156.125
 20
87.9877
 30
0.0
 11
156.125
 21
84.8872
 31
0.0
  0
LINE
  5
59B
330
A59
100
AcDbEntity
  8
0
 62
     0
100
AcDbLine
 10
156.125
 20
84.8872
 30
0.0
 11
156.924
 21
84.8872
 31
0.0
  0
LINE
  5
59C
330
A59
100
AcDbEntity
  8
0
 62
     0
100
AcDbLine
 10
156.924
 20
84.8872
 30
0.0
 11
156.924
 21
83.8881
 31
0.0
  0
LINE
  5
59D
330
A59
100
AcDbEntity
  8
0
 62
     0
100
AcDbLine
 10
156.924
 20
83.8881
 30
0.0
 11
170.925
 21
83.8881
 31
0.0
  0
LINE
  5
59E
330
A59
100
AcDbEntity
  8
0
 62
     0
100
AcDbLine
 10
170.925
 20
83.8881
 30
0.0
 11
170.925
 21
84.8872
 31
0.0
  0
LINE
  5
59F
330
A59
100
AcDbEntity
  8
0
 62
     0
100
AcDbLine
 10
170.925
 20
84.8872
 30
0.0
 11
171.724
 21
84.8872
 31
0.0
  0
LINE
  5
5A0
330
A59
100
AcDbEntity
  8
0
 62
     0
100
AcDbLine
 10
171.724
 20
84.8872
 30
0.0
 11
171.724
 21
87.9877
 31
0.0
  0
LINE
  5
5A1
330
A59
100
AcDbEntity
  8
0
 62
     0
100
AcDbLine
 10
171.724
 20
87.9877
 30
0.0
 11
170.925
 21
87.9877
 31
0.0
  0
LINE
  5
5A2
330
A59
100
AcDbEntity
  8
0
 62
     0
100
AcDbLine
 10
170.925
 20
87.9877
 30
0.0
 11
170.925
 21
93.7877
 31
0.0
  0
LINE
  5
5A3
330
A59
100
AcDbEntity
  8
0
 62
     0
100
AcDbLine
 10
170.925
 20
93.7877
 30
0.0
 11
171.724
 21
93.7877
 31
0.0
  0
LINE
  5
5A4
330
A59
100
AcDbEntity
  8
0
 62
     0
100
AcDbLine
 10
171.724
 20
93.7877
 30
0.0
 11
171.724
 21
96.8872
 31
0.0
  0
LINE
  5
5A5
330
A59
100
AcDbEntity
  8
0
 62
     0
100
AcDbLine
 10
171.724
 20
96.8872
 30
0.0
 11
170.925
 21
96.8872
 31
0.0
  0
LINE
  5
5A6
330
A59
100
AcDbEntity
  8
0
 62
     0
100
AcDbLine
 10
170.925
 20
96.8872
 30
0.0
 11
170.925
 21
97.8877
 31
0.0
  0
LINE
  5
5A7
330
A59
100
AcDbEntity
  8
0
 62
     0
100
AcDbLine
 10
170.925
 20
97.8877
 30
0.0
 11
156.924
 21
97.8877
 31
0.0
  0
LINE
  5
5A8
330
A59
100
AcDbEntity
  8
0
 62
     0
100
AcDbLine
 10
175.974
 20
97.8877
 30
0.0
 11
175.974
 21
96.8872
 31
0.0
  0
LINE
  5
5A9
330
A59
100
AcDbEntity
  8
0
 62
     0
100
AcDbLine
 10
175.974
 20
96.8872
 30
0.0
 11
175.175
 21
96.8872
 31
0.0
  0
LINE
  5
5AA
330
A59
100
AcDbEntity
  8
0
 62
     0
100
AcDbLine
 10
175.175
 20
96.8872
 30
0.0
 11
175.175
 21
93.7877
 31
0.0
  0
LINE
  5
5AB
330
A59
100
AcDbEntity
  8
0
 62
     0
100
AcDbLine
 10
175.175
 20
93.7877
 30
0.0
 11
175.974
 21
93.7877
 31
0.0
  0
LINE
  5
5AC
330
A59
100
AcDbEntity
  8
0
 62
     0
100
AcDbLine
 10
175.974
 20
93.7877
 30
0.0
 11
175.974
 21
87.9877
 31
0.0
  0
LINE
  5
5AD
330
A59
100
AcDbEntity
  8
0
 62
     0
100
AcDbLine
 10
175.974
 20
87.9877
 30
0.0
 11
175.175
 21
87.9877
 31
0.0
  0
LINE
  5
5AE
330
A59
100
AcDbEntity
  8
0
 62
     0
100
AcDbLine
 10
175.175
 20
87.9877
 30
0.0
 11
175.175
 21
84.8872
 31
0.0
  0
LINE
  5
5AF
330
A59
100
AcDbEntity
  8
0
 62
     0
100
AcDbLine
 10
175.175
 20
84.8872
 30
0.0
 11
175.974
 21
84.8872
 31
0.0
  0
LINE
  5
5B0
330
A59
100
AcDbEntity
  8
0
 62
     0
100
AcDbLine
 10
175.974
 20
84.8872
 30
0.0
 11
175.974
 21
83.8881
 31
0.0
  0
LINE
  5
5B1
330
A59
100
AcDbEntity
  8
0
 62
     0
100
AcDbLine
 10
175.974
 20
83.8881
 30
0.0
 11
189.975
 21
83.8881
 31
0.0
  0
LINE
  5
5B2
330
A59
100
AcDbEntity
  8
0
 62
     0
100
AcDbLine
 10
189.975
 20
83.8881
 30
0.0
 11
189.975
 21
84.8872
 31
0.0
  0
LINE
  5
5B3
330
A59
100
AcDbEntity
  8
0
 62
     0
100
AcDbLine
 10
189.975
 20
84.8872
 30
0.0
 11
190.774
 21
84.8872
 31
0.0
  0
LINE
  5
5B4
330
A59
100
AcDbEntity
  8
0
 62
     0
100
AcDbLine
 10
190.774
 20
84.8872
 30
0.0
 11
190.774
 21
87.9877
 31
0.0
  0
LINE
  5
5B5
330
A59
100
AcDbEntity
  8
0
 62
     0
100
AcDbLine
 10
190.774
 20
87.9877
 30
0.0
 11
189.975
 21
87.9877
 31
0.0
  0
LINE
  5
5B6
330
A59
100
AcDbEntity
  8
0
 62
     0
100
AcDbLine
 10
189.975
 20
87.9877
 30
0.0
 11
189.975
 21
93.7877
 31
0.0
  0
LINE
  5
5B7
330
A59
100
AcDbEntity
  8
0
 62
     0
100
AcDbLine
 10
189.975
 20
93.7877
 30
0.0
 11
190.774
 21
93.7877
 31
0.0
  0
LINE
  5
5B8
330
A59
100
AcDbEntity
  8
0
 62
     0
100
AcDbLine
 10
190.774
 20
93.7877
 30
0.0
 11
190.774
 21
96.8872
 31
0.0
  0
LINE
  5
5B9
330
A59
100
AcDbEntity
  8
0
 62
     0
100
AcDbLine
 10
190.774
 20
96.8872
 30
0.0
 11
189.975
 21
96.8872
 31
0.0
  0
LINE
  5
5BA
330
A59
100
AcDbEntity
  8
0
 62
     0
100
AcDbLine
 10
189.975
 20
96.8872
 30
0.0
 11
189.975
 21
97.8877
 31
0.0
  0
LINE
  5
5BB
330
A59
100
AcDbEntity
  8
0
 62
     0
100
AcDbLine
 10
189.975
 20
97.8877
 30
0.0
 11
175.974
 21
97.8877
 31
0.0
  0
LINE
  5
5BC
330
A59
100
AcDbEntity
  8
0
 62
     0
100
AcDbLine
 10
195.024
 20
97.8877
 30
0.0
 11
195.024
 21
96.8872
 31
0.0
  0
LINE
  5
5BD
330
A59
100
AcDbEntity
  8
0
 62
     0
100
AcDbLine
 10
195.024
 20
96.8872
 30
0.0
 11
194.225
 21
96.8872
 31
0.0
  0
LINE
  5
5BE
330
A59
100
AcDbEntity
  8
0
 62
     0
100
AcDbLine
 10
194.225
 20
96.8872
 30
0.0
 11
194.225
 21
93.7877
 31
0.0
  0
LINE
  5
5BF
330
A59
100
AcDbEntity
  8
0
 62
     0
100
AcDbLine
 10
194.225
 20
93.7877
 30
0.0
 11
195.024
 21
93.7877
 31
0.0
  0
LINE
  5
5C0
330
A59
100
AcDbEntity
  8
0
 62
     0
100
AcDbLine
 10
195.024
 20
93.7877
 30
0.0
 11
195.024
 21
87.9877
 31
0.0
  0
LINE
  5
5C1
330
A59
100
AcDbEntity
  8
0
 62
     0
100
AcDbLine
 10
195.024
 20
87.9877
 30
0.0
 11
194.225
 21
87.9877
 31
0.0
  0
LINE
  5
5C2
330
A59
100
AcDbEntity
  8
0
 62
     0
100
AcDbLine
 10
194.225
 20
87.9877
 30
0.0
 11
194.225
 21
84.8872
 31
0.0
  0
LINE
  5
5C3
330
A59
100
AcDbEntity
  8
0
 62
     0
100
AcDbLine
 10
194.225
 20
84.8872
 30
0.0
 11
195.024
 21
84.8872
 31
0.0
  0
LINE
  5
5C4
330
A59
100
AcDbEntity
  8
0
 62
     0
100
AcDbLine
 10
195.024
 20
84.8872
 30
0.0
 11
195.024
 21
83.8881
 31
0.0
  0
LINE
  5
5C5
330
A59
100
AcDbEntity
  8
0
 62
     0
100
AcDbLine
 10
195.024
 20
83.8881
 30
0.0
 11
209.025
 21
83.8881
 31
0.0
  0
LINE
  5
5C6
330
A59
100
AcDbEntity
  8
0
 62
     0
100
AcDbLine
 10
209.025
 20
83.8881
 30
0.0
 11
209.025
 21
84.8872
 31
0.0
  0
LINE
  5
5C7
330
A59
100
AcDbEntity
  8
0
 62
     0
100
AcDbLine
 10
209.025
 20
84.8872
 30
0.0
 11
209.824
 21
84.8872
 31
0.0
  0
LINE
  5
5C8
330
A59
100
AcDbEntity
  8
0
 62
     0
100
AcDbLine
 10
209.824
 20
84.8872
 30
0.0
 11
209.824
 21
87.9877
 31
0.0
  0
LINE
  5
5C9
330
A59
100
AcDbEntity
  8
0
 62
     0
100
AcDbLine
 10
209.824
 20
87.9877
 30
0.0
 11
209.025
 21
87.9877
 31
0.0
  0
LINE
  5
5CA
330
A59
100
AcDbEntity
  8
0
 62
     0
100
AcDbLine
 10
209.025
 20
87.9877
 30
0.0
 11
209.025
 21
93.7877
 31
0.0
  0
LINE
  5
5CB
330
A59
100
AcDbEntity
  8
0
 62
     0
100
AcDbLine
 10
209.025
 20
93.7877
 30
0.0
 11
209.824
 21
93.7877
 31
0.0
  0
LINE
  5
5CC
330
A59
100
AcDbEntity
  8
0
 62
     0
100
AcDbLine
 10
209.824
 20
93.7877
 30
0.0
 11
209.824
 21
96.8872
 31
0.0
  0
LINE
  5
5CD
330
A59
100
AcDbEntity
  8
0
 62
     0
100
AcDbLine
 10
209.824
 20
96.8872
 30
0.0
 11
209.025
 21
96.8872
 31
0.0
  0
LINE
  5
5CE
330
A59
100
AcDbEntity
  8
0
 62
     0
100
AcDbLine
 10
209.025
 20
96.8872
 30
0.0
 11
209.025
 21
97.8877
 31
0.0
  0
LINE
  5
5CF
330
A59
100
AcDbEntity
  8
0
 62
     0
100
AcDbLine
 10
209.025
 20
97.8877
 30
0.0
 11
195.024
 21
97.8877
 31
0.0
  0
LINE
  5
5D0
330
A59
100
AcDbEntity
  8
0
 62
     0
100
AcDbLine
 10
214.074
 20
97.8877
 30
0.0
 11
214.074
 21
96.8872
 31
0.0
  0
LINE
  5
5D1
330
A59
100
AcDbEntity
  8
0
 62
     0
100
AcDbLine
 10
214.074
 20
96.8872
 30
0.0
 11
213.275
 21
96.8872
 31
0.0
  0
LINE
  5
5D2
330
A59
100
AcDbEntity
  8
0
 62
     0
100
AcDbLine
 10
213.275
 20
96.8872
 30
0.0
 11
213.275
 21
93.7877
 31
0.0
  0
LINE
  5
5D3
330
A59
100
AcDbEntity
  8
0
 62
     0
100
AcDbLine
 10
213.275
 20
93.7877
 30
0.0
 11
214.074
 21
93.7877
 31
0.0
  0
LINE
  5
5D4
330
A59
100
AcDbEntity
  8
0
 62
     0
100
AcDbLine
 10
214.074
 20
93.7877
 30
0.0
 11
214.074
 21
87.9877
 31
0.0
  0
LINE
  5
5D5
330
A59
100
AcDbEntity
  8
0
 62
     0
100
AcDbLine
 10
214.074
 20
87.9877
 30
0.0
 11
213.275
 21
87.9877
 31
0.0
  0
LINE
  5
5D6
330
A59
100
AcDbEntity
  8
0
 62
     0
100
AcDbLine
 10
213.275
 20
87.9877
 30
0.0
 11
213.275
 21
84.8872
 31
0.0
  0
LINE
  5
5D7
330
A59
100
AcDbEntity
  8
0
 62
     0
100
AcDbLine
 10
213.275
 20
84.8872
 30
0.0
 11
214.074
 21
84.8872
 31
0.0
  0
LINE
  5
5D8
330
A59
100
AcDbEntity
  8
0
 62
     0
100
AcDbLine
 10
214.074
 20
84.8872
 30
0.0
 11
214.074
 21
83.8881
 31
0.0
  0
LINE
  5
5D9
330
A59
100
AcDbEntity
  8
0
 62
     0
100
AcDbLine
 10
214.074
 20
83.8881
 30
0.0
 11
228.075
 21
83.8881
 31
0.0
  0
LINE
  5
5DA
330
A59
100
AcDbEntity
  8
0
 62
     0
100
AcDbLine
 10
228.075
 20
83.8881
 30
0.0
 11
228.075
 21
84.8872
 31
0.0
  0
LINE
  5
5DB
330
A59
100
AcDbEntity
  8
0
 62
     0
100
AcDbLine
 10
228.075
 20
84.8872
 30
0.0
 11
228.874
 21
84.8872
 31
0.0
  0
LINE
  5
5DC
330
A59
100
AcDbEntity
  8
0
 62
     0
100
AcDbLine
 10
228.874
 20
84.8872
 30
0.0
 11
228.874
 21
87.9877
 31
0.0
  0
LINE
  5
5DD
330
A59
100
AcDbEntity
  8
0
 62
     0
100
AcDbLine
 10
228.874
 20
87.9877
 30
0.0
 11
228.075
 21
87.9877
 31
0.0
  0
LINE
  5
5DE
330
A59
100
AcDbEntity
  8
0
 62
     0
100
AcDbLine
 10
228.075
 20
87.9877
 30
0.0
 11
228.075
 21
93.7877
 31
0.0
  0
LINE
  5
5DF
330
A59
100
AcDbEntity
  8
0
 62
     0
100
AcDbLine
 10
228.075
 20
93.7877
 30
0.0
 11
228.874
 21
93.7877
 31
0.0
  0
LINE
  5
5E0
330
A59
100
AcDbEntity
  8
0
 62
     0
100
AcDbLine
 10
228.874
 20
93.7877
 30
0.0
 11
228.874
 21
96.8872
 31
0.0
  0
LINE
  5
5E1
330
A59
100
AcDbEntity
  8
0
 62
     0
100
AcDbLine
 10
228.874
 20
96.8872
 30
0.0
 11
228.075
 21
96.8872
 31
0.0
  0
LINE
  5
5E2
330
A59
100
AcDbEntity
  8
0
 62
     0
100
AcDbLine
 10
228.075
 20
96.8872
 30
0.0
 11
228.075
 21
97.8877
 31
0.0
  0
LINE
  5
5E3
330
A59
100
AcDbEntity
  8
0
 62
     0
100
AcDbLine
 10
228.075
 20
97.8877
 30
0.0
 11
214.074
 21
97.8877
 31
0.0
  0
LINE
  5
5E4
330
A59
100
AcDbEntity
  8
0
 62
     0
100
AcDbLine
 10
233.124
 20
97.8877
 30
0.0
 11
233.124
 21
96.8872
 31
0.0
  0
LINE
  5
5E5
330
A59
100
AcDbEntity
  8
0
 62
     0
100
AcDbLine
 10
233.124
 20
96.8872
 30
0.0
 11
232.325
 21
96.8872
 31
0.0
  0
LINE
  5
5E6
330
A59
100
AcDbEntity
  8
0
 62
     0
100
AcDbLine
 10
232.325
 20
96.8872
 30
0.0
 11
232.325
 21
93.7877
 31
0.0
  0
LINE
  5
5E7
330
A59
100
AcDbEntity
  8
0
 62
     0
100
AcDbLine
 10
232.325
 20
93.7877
 30
0.0
 11
233.124
 21
93.7877
 31
0.0
  0
LINE
  5
5E8
330
A59
100
AcDbEntity
  8
0
 62
     0
100
AcDbLine
 10
233.124
 20
93.7877
 30
0.0
 11
233.124
 21
87.9877
 31
0.0
  0
LINE
  5
5E9
330
A59
100
AcDbEntity
  8
0
 62
     0
100
AcDbLine
 10
233.124
 20
87.9877
 30
0.0
 11
232.325
 21
87.9877
 31
0.0
  0
LINE
  5
5EA
330
A59
100
AcDbEntity
  8
0
 62
     0
100
AcDbLine
 10
232.325
 20
87.9877
 30
0.0
 11
232.325
 21
84.8872
 31
0.0
  0
LINE
  5
5EB
330
A59
100
AcDbEntity
  8
0
 62
     0
100
AcDbLine
 10
232.325
 20
84.8872
 30
0.0
 11
233.124
 21
84.8872
 31
0.0
  0
LINE
  5
5EC
330
A59
100
AcDbEntity
  8
0
 62
     0
100
AcDbLine
 10
233.124
 20
84.8872
 30
0.0
 11
233.124
 21
83.8881
 31
0.0
  0
LINE
  5
5ED
330
A59
100
AcDbEntity
  8
0
 62
     0
100
AcDbLine
 10
233.124
 20
83.8881
 30
0.0
 11
247.125
 21
83.8881
 31
0.0
  0
LINE
  5
5EE
330
A59
100
AcDbEntity
  8
0
 62
     0
100
AcDbLine
 10
247.125
 20
83.8881
 30
0.0
 11
247.125
 21
84.8872
 31
0.0
  0
LINE
  5
5EF
330
A59
100
AcDbEntity
  8
0
 62
     0
100
AcDbLine
 10
247.125
 20
84.8872
 30
0.0
 11
247.924
 21
84.8872
 31
0.0
  0
LINE
  5
5F0
330
A59
100
AcDbEntity
  8
0
 62
     0
100
AcDbLine
 10
247.924
 20
84.8872
 30
0.0
 11
247.924
 21
87.9877
 31
0.0
  0
LINE
  5
5F1
330
A59
100
AcDbEntity
  8
0
 62
     0
100
AcDbLine
 10
247.924
 20
87.9877
 30
0.0
 11
247.125
 21
87.9877
 31
0.0
  0
LINE
  5
5F2
330
A59
100
AcDbEntity
  8
0
 62
     0
100
AcDbLine
 10
247.125
 20
87.9877
 30
0.0
 11
247.125
 21
93.7877
 31
0.0
  0
LINE
  5
5F3
330
A59
100
AcDbEntity
  8
0
 62
     0
100
AcDbLine
 10
247.125
 20
93.7877
 30
0.0
 11
247.924
 21
93.7877
 31
0.0
  0
LINE
  5
5F4
330
A59
100
AcDbEntity
  8
0
 62
     0
100
AcDbLine
 10
247.924
 20
93.7877
 30
0.0
 11
247.924
 21
96.8872
 31
0.0
  0
LINE
  5
5F5
330
A59
100
AcDbEntity
  8
0
 62
     0
100
AcDbLine
 10
247.924
 20
96.8872
 30
0.0
 11
247.125
 21
96.8872
 31
0.0
  0
LINE
  5
5F6
330
A59
100
AcDbEntity
  8
0
 62
     0
100
AcDbLine
 10
247.125
 20
96.8872
 30
0.0
 11
247.125
 21
97.8877
 31
0.0
  0
LINE
  5
5F7
330
A59
100
AcDbEntity
  8
0
 62
     0
100
AcDbLine
 10
247.125
 20
97.8877
 30
0.0
 11
233.124
 21
97.8877
 31
0.0
  0
LINE
  5
5F8
330
A59
100
AcDbEntity
  8
0
 62
     0
100
AcDbLine
 10
252.174
 20
97.8877
 30
0.0
 11
252.174
 21
96.8872
 31
0.0
  0
LINE
  5
5F9
330
A59
100
AcDbEntity
  8
0
 62
     0
100
AcDbLine
 10
252.174
 20
96.8872
 30
0.0
 11
251.374
 21
96.8872
 31
0.0
  0
LINE
  5
5FA
330
A59
100
AcDbEntity
  8
0
 62
     0
100
AcDbLine
 10
251.374
 20
96.8872
 30
0.0
 11
251.374
 21
93.7877
 31
0.0
  0
LINE
  5
5FB
330
A59
100
AcDbEntity
  8
0
 62
     0
100
AcDbLine
 10
251.374
 20
93.7877
 30
0.0
 11
252.174
 21
93.7877
 31
0.0
  0
LINE
  5
5FC
330
A59
100
AcDbEntity
  8
0
 62
     0
100
AcDbLine
 10
252.174
 20
93.7877
 30
0.0
 11
252.174
 21
87.9877
 31
0.0
  0
LINE
  5
5FD
330
A59
100
AcDbEntity
  8
0
 62
     0
100
AcDbLine
 10
252.174
 20
87.9877
 30
0.0
 11
251.374
 21
87.9877
 31
0.0
  0
LINE
  5
5FE
330
A59
100
AcDbEntity
  8
0
 62
     0
100
AcDbLine
 10
251.374
 20
87.9877
 30
0.0
 11
251.374
 21
84.8872
 31
0.0
  0
LINE
  5
5FF
330
A59
100
AcDbEntity
  8
0
 62
     0
100
AcDbLine
 10
251.374
 20
84.8872
 30
0.0
 11
252.174
 21
84.8872
 31
0.0
  0
LINE
  5
600
330
A59
100
AcDbEntity
  8
0
 62
     0
100
AcDbLine
 10
252.174
 20
84.8872
 30
0.0
 11
252.174
 21
83.8881
 31
0.0
  0
LINE
  5
601
330
A59
100
AcDbEntity
  8
0
 62
     0
100
AcDbLine
 10
252.174
 20
83.8881
 30
0.0
 11
266.175
 21
83.8881
 31
0.0
  0
LINE
  5
602
330
A59
100
AcDbEntity
  8
0
 62
     0
100
AcDbLine
 10
266.175
 20
83.8881
 30
0.0
 11
266.175
 21
84.8872
 31
0.0
  0
LINE
  5
603
330
A59
100
AcDbEntity
  8
0
 62
     0
100
AcDbLine
 10
266.175
 20
84.8872
 30
0.0
 11
266.974
 21
84.8872
 31
0.0
  0
LINE
  5
604
330
A59
100
AcDbEntity
  8
0
 62
     0
100
AcDbLine
 10
266.974
 20
84.8872
 30
0.0
 11
266.974
 21
87.9877
 31
0.0
  0
LINE
  5
605
330
A59
100
AcDbEntity
  8
0
 62
     0
100
AcDbLine
 10
266.974
 20
87.9877
 30
0.0
 11
266.175
 21
87.9877
 31
0.0
  0
LINE
  5
606
330
A59
100
AcDbEntity
  8
0
 62
     0
100
AcDbLine
 10
266.175
 20
87.9877
 30
0.0
 11
266.175
 21
93.7877
 31
0.0
  0
LINE
  5
607
330
A59
100
AcDbEntity
  8
0
 62
     0
100
AcDbLine
 10
266.175
 20
93.7877
 30
0.0
 11
266.974
 21
93.7877
 31
0.0
  0
LINE
  5
608
330
A59
100
AcDbEntity
  8
0
 62
     0
100
AcDbLine
 10
266.974
 20
93.7877
 30
0.0
 11
266.974
 21
96.8872
 31
0.0
  0
LINE
  5
609
330
A59
100
AcDbEntity
  8
0
 62
     0
100
AcDbLine
 10
266.974
 20
96.8872
 30
0.0
 11
266.175
 21
96.8872
 31
0.0
  0
LINE
  5
60A
330
A59
100
AcDbEntity
  8
0
 62
     0
100
AcDbLine
 10
266.175
 20
96.8872
 30
0.0
 11
266.175
 21
97.8877
 31
0.0
  0
LINE
  5
60B
330
A59
100
AcDbEntity
  8
0
 62
     0
100
AcDbLine
 10
266.175
 20
97.8877
 30
0.0
 11
252.174
 21
97.8877
 31
0.0
  0
LINE
  5
60C
330
A59
100
AcDbEntity
  8
0
 62
     0
100
AcDbLine
 10
271.224
 20
97.8877
 30
0.0
 11
271.224
 21
96.8872
 31
0.0
  0
LINE
  5
60D
330
A59
100
AcDbEntity
  8
0
 62
     0
100
AcDbLine
 10
271.224
 20
96.8872
 30
0.0
 11
270.425
 21
96.8872
 31
0.0
  0
LINE
  5
60E
330
A59
100
AcDbEntity
  8
0
 62
     0
100
AcDbLine
 10
270.425
 20
96.8872
 30
0.0
 11
270.425
 21
93.7877
 31
0.0
  0
LINE
  5
60F
330
A59
100
AcDbEntity
  8
0
 62
     0
100
AcDbLine
 10
270.425
 20
93.7877
 30
0.0
 11
271.224
 21
93.7877
 31
0.0
  0
LINE
  5
610
330
A59
100
AcDbEntity
  8
0
 62
     0
100
AcDbLine
 10
271.224
 20
93.7877
 30
0.0
 11
271.224
 21
87.9877
 31
0.0
  0
LINE
  5
611
330
A59
100
AcDbEntity
  8
0
 62
     0
100
AcDbLine
 10
271.224
 20
87.9877
 30
0.0
 11
270.425
 21
87.9877
 31
0.0
  0
LINE
  5
612
330
A59
100
AcDbEntity
  8
0
 62
     0
100
AcDbLine
 10
270.425
 20
87.9877
 30
0.0
 11
270.425
 21
84.8872
 31
0.0
  0
LINE
  5
613
330
A59
100
AcDbEntity
  8
0
 62
     0
100
AcDbLine
 10
270.425
 20
84.8872
 30
0.0
 11
271.224
 21
84.8872
 31
0.0
  0
LINE
  5
614
330
A59
100
AcDbEntity
  8
0
 62
     0
100
AcDbLine
 10
271.224
 20
84.8872
 30
0.0
 11
271.224
 21
83.8881
 31
0.0
  0
LINE
  5
615
330
A59
100
AcDbEntity
  8
0
 62
     0
100
AcDbLine
 10
271.224
 20
83.8881
 30
0.0
 11
285.225
 21
83.8881
 31
0.0
  0
LINE
  5
616
330
A59
100
AcDbEntity
  8
0
 62
     0
100
AcDbLine
 10
285.225
 20
83.8881
 30
0.0
 11
285.225
 21
84.8872
 31
0.0
  0
LINE
  5
617
330
A59
100
AcDbEntity
  8
0
 62
     0
100
AcDbLine
 10
285.225
 20
84.8872
 30
0.0
 11
286.024
 21
84.8872
 31
0.0
  0
LINE
  5
618
330
A59
100
AcDbEntity
  8
0
 62
     0
100
AcDbLine
 10
286.024
 20
84.8872
 30
0.0
 11
286.024
 21
87.9877
 31
0.0
  0
LINE
  5
619
330
A59
100
AcDbEntity
  8
0
 62
     0
100
AcDbLine
 10
286.024
 20
87.9877
 30
0.0
 11
285.225
 21
87.9877
 31
0.0
  0
LINE
  5
61A
330
A59
100
AcDbEntity
  8
0
 62
     0
100
AcDbLine
 10
285.225
 20
87.9877
 30
0.0
 11
285.225
 21
93.7877
 31
0.0
  0
LINE
  5
61B
330
A59
100
AcDbEntity
  8
0
 62
     0
100
AcDbLine
 10
285.225
 20
93.7877
 30
0.0
 11
286.024
 21
93.7877
 31
0.0
  0
LINE
  5
61C
330
A59
100
AcDbEntity
  8
0
 62
     0
100
AcDbLine
 10
286.024
 20
93.7877
 30
0.0
 11
286.024
 21
96.8872
 31
0.0
  0
LINE
  5
61D
330
A59
100
AcDbEntity
  8
0
 62
     0
100
AcDbLine
 10
286.024
 20
96.8872
 30
0.0
 11
285.225
 21
96.8872
 31
0.0
  0
LINE
  5
61E
330
A59
100
AcDbEntity
  8
0
 62
     0
100
AcDbLine
 10
285.225
 20
96.8872
 30
0.0
 11
285.225
 21
97.8877
 31
0.0
  0
LINE
  5
61F
330
A59
100
AcDbEntity
  8
0
 62
     0
100
AcDbLine
 10
285.225
 20
97.8877
 30
0.0
 11
271.224
 21
97.8877
 31
0.0
  0
LINE
  5
620
330
A59
100
AcDbEntity
  8
0
 62
     0
100
AcDbLine
 10
10.2388
 20
100.744
 30
0.0
 11
10.2388
 21
99.7437
 31
0.0
  0
LINE
  5
621
330
A59
100
AcDbEntity
  8
0
 62
     0
100
AcDbLine
 10
10.2388
 20
99.7437
 30
0.0
 11
9.43956
 21
99.7437
 31
0.0
  0
LINE
  5
622
330
A59
100
AcDbEntity
  8
0
 62
     0
100
AcDbLine
 10
9.43956
 20
99.7437
 30
0.0
 11
9.43956
 21
96.6445
 31
0.0
  0
LINE
  5
623
330
A59
100
AcDbEntity
  8
0
 62
     0
100
AcDbLine
 10
9.43956
 20
96.6445
 30
0.0
 11
10.2388
 21
96.6445
 31
0.0
  0
LINE
  5
624
330
A59
100
AcDbEntity
  8
0
 62
     0
100
AcDbLine
 10
10.2388
 20
96.6445
 30
0.0
 11
10.2388
 21
90.8445
 31
0.0
  0
LINE
  5
625
330
A59
100
AcDbEntity
  8
0
 62
     0
100
AcDbLine
 10
10.2388
 20
90.8445
 30
0.0
 11
9.43956
 21
90.8445
 31
0.0
  0
LINE
  5
626
330
A59
100
AcDbEntity
  8
0
 62
     0
100
AcDbLine
 10
9.43956
 20
90.8445
 30
0.0
 11
9.43956
 21
87.744
 31
0.0
  0
LINE
  5
627
330
A59
100
AcDbEntity
  8
0
 62
     0
100
AcDbLine
 10
9.43956
 20
87.744
 30
0.0
 11
10.2388
 21
87.744
 31
0.0
  0
LINE
  5
628
330
A59
100
AcDbEntity
  8
0
 62
     0
100
AcDbLine
 10
10.2388
 20
87.744
 30
0.0
 11
10.2388
 21
86.7449
 31
0.0
  0
LINE
  5
629
330
A59
100
AcDbEntity
  8
0
 62
     0
100
AcDbLine
 10
10.2388
 20
86.7449
 30
0.0
 11
24.2397
 21
86.7449
 31
0.0
  0
LINE
  5
62A
330
A59
100
AcDbEntity
  8
0
 62
     0
100
AcDbLine
 10
24.2397
 20
86.7449
 30
0.0
 11
24.2397
 21
87.744
 31
0.0
  0
LINE
  5
62B
330
A59
100
AcDbEntity
  8
0
 62
     0
100
AcDbLine
 10
24.2397
 20
87.744
 30
0.0
 11
25.039
 21
87.744
 31
0.0
  0
LINE
  5
62C
330
A59
100
AcDbEntity
  8
0
 62
     0
100
AcDbLine
 10
25.039
 20
87.744
 30
0.0
 11
25.039
 21
90.8445
 31
0.0
  0
LINE
  5
62D
330
A59
100
AcDbEntity
  8
0
 62
     0
100
AcDbLine
 10
25.039
 20
90.8445
 30
0.0
 11
24.2397
 21
90.8445
 31
0.0
  0
LINE
  5
62E
330
A59
100
AcDbEntity
  8
0
 62
     0
100
AcDbLine
 10
24.2397
 20
90.8445
 30
0.0
 11
24.2397
 21
96.6445
 31
0.0
  0
LINE
  5
62F
330
A59
100
AcDbEntity
  8
0
 62
     0
100
AcDbLine
 10
24.2397
 20
96.6445
 30
0.0
 11
25.039
 21
96.6445
 31
0.0
  0
LINE
  5
630
330
A59
100
AcDbEntity
  8
0
 62
     0
100
AcDbLine
 10
25.039
 20
96.6445
 30
0.0
 11
25.039
 21
99.7437
 31
0.0
  0
LINE
  5
631
330
A59
100
AcDbEntity
  8
0
 62
     0
100
AcDbLine
 10
25.039
 20
99.7437
 30
0.0
 11
24.2397
 21
99.7437
 31
0.0
  0
LINE
  5
632
330
A59
100
AcDbEntity
  8
0
 62
     0
100
AcDbLine
 10
24.2397
 20
99.7437
 30
0.0
 11
24.2397
 21
100.744
 31
0.0
  0
LINE
  5
633
330
A59
100
AcDbEntity
  8
0
 62
     0
100
AcDbLine
 10
24.2397
 20
100.744
 30
0.0
 11
10.2388
 21
100.744
 31
0.0
  0
LWPOLYLINE
  5
8A8
330
A59
100
AcDbEntity
  8
livello 1
100
AcDbPolyline
 90
        4
 70
   129
 43
0.0
 10
10.24060000000009
 20
100.744
 10
10.24060000000009
 20
86.74440000000003
 10
24.2401000000001
 20
86.74440000000003
 10
24.2401000000001
 20
100.744
  0
LWPOLYLINE
  5
8C3
330
A59
100
AcDbEntity
  8
livello 1
100
AcDbPolyline
 90
        4
 70
   129
 43
0.0
 10
6.431740000000084
 20
29.30669999999999
 10
6.431740000000084
 20
15.30710000000001
 10
20.43124000000009
 20
15.30710000000001
 10
20.43124000000009
 20
29.30669999999999
  0
LWPOLYLINE
  5
8C7
330
A59
100
AcDbEntity
  8
livello 1
100
AcDbPolyline
 90
        4
 70
   129
 43
0.0
 10
53.10300000000009
 20
97.8877
 10
53.10300000000009
 20
83.88810000000001
 10
67.1025000000001
 20
83.88810000000001
 10
67.1025000000001
 20
97.8877
  0
LWPOLYLINE
  5
8CB
330
A59
100
AcDbEntity
  8
livello 1
100
AcDbPolyline
 90
        4
 70
   129
 43
0.0
 10
53.1012
 20
78.83770000000003
 10
53.1012
 20
64.83810000000004
 10
67.10070000000002
 20
64.83810000000004
 10
67.10070000000002
 20
78.83770000000003
  0
LWPOLYLINE
  5
8CF
330
A59
100
AcDbEntity
  8
livello 1
100
AcDbPolyline
 90
        4
 70
   129
 43
0.0
 10
53.0993999999999
 20
59.78770000000006
 10
53.0993999999999
 20
45.78810000000007
 10
67.09889999999992
 20
45.78810000000007
 10
67.09889999999992
 20
59.78770000000006
  0
LWPOLYLINE
  5
8D3
330
A59
100
AcDbEntity
  8
livello 1
100
AcDbPolyline
 90
        4
 70
   129
 43
0.0
 10
53.09939999999991
 20
40.73770000000005
 10
53.09939999999991
 20
26.73810000000007
 10
67.09889999999993
 20
26.73810000000007
 10
67.09889999999993
 20
40.73770000000005
  0
LWPOLYLINE
  5
8DA
330
A59
100
AcDbEntity
  8
livello 1
100
AcDbPolyline
 90
        4
 70
   129
 43
0.0
 10
72.15120000000002
 20
97.88770000000001
 10
72.15120000000002
 20
83.88810000000002
 10
86.15070000000003
 20
83.88810000000002
 10
86.15070000000003
 20
97.88770000000001
  0
LWPOLYLINE
  5
8DB
330
A59
100
AcDbEntity
  8
livello 1
100
AcDbPolyline
 90
        4
 70
   129
 43
0.0
 10
72.14939999999993
 20
78.83770000000004
 10
72.14939999999993
 20
64.83810000000005
 10
86.14889999999994
 20
64.83810000000005
 10
86.14889999999994
 20
78.83770000000004
  0
LWPOLYLINE
  5
8DC
330
A59
100
AcDbEntity
  8
livello 1
100
AcDbPolyline
 90
        4
 70
   129
 43
0.0
 10
72.14759999999983
 20
59.78770000000007
 10
72.14759999999983
 20
45.78810000000009
 10
86.14709999999984
 20
45.78810000000009
 10
86.14709999999984
 20
59.78770000000007
  0
LWPOLYLINE
  5
8DD
330
A59
100
AcDbEntity
  8
livello 1
100
AcDbPolyline
 90
        4
 70
   129
 43
0.0
 10
72.14759999999984
 20
40.73770000000007
 10
72.14759999999984
 20
26.73810000000008
 10
86.14709999999985
 20
26.73810000000008
 10
86.14709999999985
 20
40.73770000000007
  0
LWPOLYLINE
  5
8EA
330
A59
100
AcDbEntity
  8
livello 1
100
AcDbPolyline
 90
        4
 70
   129
 43
0.0
 10
91.19939999999994
 20
97.88770000000002
 10
91.19939999999994
 20
83.88810000000004
 10
105.1989
 20
83.88810000000004
 10
105.1989
 20
97.88770000000002
  0
LWPOLYLINE
  5
8EB
330
A59
100
AcDbEntity
  8
livello 1
100
AcDbPolyline
 90
        4
 70
   129
 43
0.0
 10
91.19759999999985
 20
78.83770000000005
 10
91.19759999999985
 20
64.83810000000007
 10
105.1970999999999
 20
64.83810000000007
 10
105.1970999999999
 20
78.83770000000005
  0
LWPOLYLINE
  5
8EC
330
A59
100
AcDbEntity
  8
livello 1
100
AcDbPolyline
 90
        4
 70
   129
 43
0.0
 10
91.19579999999975
 20
59.78770000000009
 10
91.19579999999975
 20
45.7881000000001
 10
105.1952999999998
 20
45.7881000000001
 10
105.1952999999998
 20
59.78770000000009
  0
LWPOLYLINE
  5
8ED
330
A59
100
AcDbEntity
  8
livello 1
100
AcDbPolyline
 90
        4
 70
   129
 43
0.0
 10
91.19579999999976
 20
40.73770000000008
 10
91.19579999999976
 20
26.7381000000001
 10
105.1952999999998
 20
26.7381000000001
 10
105.1952999999998
 20
40.73770000000008
  0
LWPOLYLINE
  5
8FA
330
A59
100
AcDbEntity
  8
livello 1
100
AcDbPolyline
 90
        4
 70
   129
 43
0.0
 10
110.2475999999999
 20
97.88770000000004
 10
110.2475999999999
 20
83.88810000000005
 10
124.2470999999999
 20
83.88810000000005
 10
124.2470999999999
 20
97.88770000000004
  0
LWPOLYLINE
  5
8FB
330
A59
100
AcDbEntity
  8
livello 1
100
AcDbPolyline
 90
        4
 70
   129
 43
0.0
 10
110.2457999999998
 20
78.83770000000007
 10
110.2457999999998
 20
64.83810000000008
 10
124.2452999999998
 20
64.83810000000008
 10
124.2452999999998
 20
78.83770000000007
  0
LWPOLYLINE
  5
8FC
330
A59
100
AcDbEntity
  8
livello 1
100
AcDbPolyline
 90
        4
 70
   129
 43
0.0
 10
110.2439999999997
 20
59.7877000000001
 10
110.2439999999997
 20
45.78810000000011
 10
124.2434999999997
 20
45.78810000000011
 10
124.2434999999997
 20
59.7877000000001
  0
LWPOLYLINE
  5
8FD
330
A59
100
AcDbEntity
  8
livello 1
100
AcDbPolyline
 90
        4
 70
   129
 43
0.0
 10
110.2439999999997
 20
40.7377000000001
 10
110.2439999999997
 20
26.73810000000011
 10
124.2434999999997
 20
26.73810000000011
 10
124.2434999999997
 20
40.7377000000001
  0
LWPOLYLINE
  5
90A
330
A59
100
AcDbEntity
  8
livello 1
100
AcDbPolyline
 90
        4
 70
   129
 43
0.0
 10
129.2957999999998
 20
97.88770000000005
 10
129.2957999999998
 20
83.88810000000007
 10
143.2952999999998
 20
83.88810000000007
 10
143.2952999999998
 20
97.88770000000005
  0
LWPOLYLINE
  5
90B
330
A59
100
AcDbEntity
  8
livello 1
100
AcDbPolyline
 90
        4
 70
   129
 43
0.0
 10
129.2939999999997
 20
78.83770000000008
 10
129.2939999999997
 20
64.8381000000001
 10
143.2934999999997
 20
64.8381000000001
 10
143.2934999999997
 20
78.83770000000008
  0
LWPOLYLINE
  5
90C
330
A59
100
AcDbEntity
  8
livello 1
100
AcDbPolyline
 90
        4
 70
   129
 43
0.0
 10
129.2921999999996
 20
59.78770000000011
 10
129.2921999999996
 20
45.78810000000013
 10
143.2916999999996
 20
45.78810000000013
 10
143.2916999999996
 20
59.78770000000011
  0
LWPOLYLINE
  5
90D
330
A59
100
AcDbEntity
  8
livello 1
100
AcDbPolyline
 90
        4
 70
   129
 43
0.0
 10
129.2921999999996
 20
40.73770000000011
 10
129.2921999999996
 20
26.73810000000012
 10
143.2916999999996
 20
26.73810000000012
 10
143.2916999999996
 20
40.73770000000011
  0
LWPOLYLINE
  5
92A
330
A59
100
AcDbEntity
  8
livello 1
100
AcDbPolyline
 90
        4
 70
   129
 43
0.0
 10
156.924
 20
97.8877
 10
156.924
 20
83.88810000000001
 10
170.9235
 20
83.88810000000001
 10
170.9235
 20
97.8877
  0
LWPOLYLINE
  5
92B
330
A59
100
AcDbEntity
  8
livello 1
100
AcDbPolyline
 90
        4
 70
   129
 43
0.0
 10
156.9221999999999
 20
78.83770000000003
 10
156.9221999999999
 20
64.83810000000004
 10
170.9216999999999
 20
64.83810000000004
 10
170.9216999999999
 20
78.83770000000003
  0
LWPOLYLINE
  5
92C
330
A59
100
AcDbEntity
  8
livello 1
100
AcDbPolyline
 90
        4
 70
   129
 43
0.0
 10
156.9203999999998
 20
59.78770000000006
 10
156.9203999999998
 20
45.78810000000007
 10
170.9198999999998
 20
45.78810000000007
 10
170.9198999999998
 20
59.78770000000006
  0
LWPOLYLINE
  5
92D
330
A59
100
AcDbEntity
  8
livello 1
100
AcDbPolyline
 90
        4
 70
   129
 43
0.0
 10
156.9203999999998
 20
40.73770000000005
 10
156.9203999999998
 20
26.73810000000007
 10
170.9198999999998
 20
26.73810000000007
 10
170.9198999999998
 20
40.73770000000005
  0
LWPOLYLINE
  5
92E
330
A59
100
AcDbEntity
  8
livello 1
100
AcDbPolyline
 90
        4
 70
   129
 43
0.0
 10
175.9721999999999
 20
97.88770000000001
 10
175.9721999999999
 20
83.88810000000002
 10
189.9716999999999
 20
83.88810000000002
 10
189.9716999999999
 20
97.88770000000001
  0
LWPOLYLINE
  5
92F
330
A59
100
AcDbEntity
  8
livello 1
100
AcDbPolyline
 90
        4
 70
   129
 43
0.0
 10
175.9703999999998
 20
78.83770000000004
 10
175.9703999999998
 20
64.83810000000005
 10
189.9698999999999
 20
64.83810000000005
 10
189.9698999999999
 20
78.83770000000004
  0
LWPOLYLINE
  5
930
330
A59
100
AcDbEntity
  8
livello 1
100
AcDbPolyline
 90
        4
 70
   129
 43
0.0
 10
175.9685999999998
 20
59.78770000000007
 10
175.9685999999998
 20
45.78810000000009
 10
189.9680999999998
 20
45.78810000000009
 10
189.9680999999998
 20
59.78770000000007
  0
LWPOLYLINE
  5
931
330
A59
100
AcDbEntity
  8
livello 1
100
AcDbPolyline
 90
        4
 70
   129
 43
0.0
 10
175.9685999999998
 20
40.73770000000007
 10
175.9685999999998
 20
26.73810000000008
 10
189.9680999999998
 20
26.73810000000008
 10
189.9680999999998
 20
40.73770000000007
  0
LWPOLYLINE
  5
932
330
A59
100
AcDbEntity
  8
livello 1
100
AcDbPolyline
 90
        4
 70
   129
 43
0.0
 10
195.0203999999999
 20
97.88770000000002
 10
195.0203999999999
 20
83.88810000000004
 10
209.0198999999999
 20
83.88810000000004
 10
209.0198999999999
 20
97.88770000000002
  0
LWPOLYLINE
  5
933
330
A59
100
AcDbEntity
  8
livello 1
100
AcDbPolyline
 90
        4
 70
   129
 43
0.0
 10
195.0185999999998
 20
78.83770000000005
 10
195.0185999999998
 20
64.83810000000007
 10
209.0180999999998
 20
64.83810000000007
 10
209.0180999999998
 20
78.83770000000005
  0
LWPOLYLINE
  5
934
330
A59
100
AcDbEntity
  8
livello 1
100
AcDbPolyline
 90
        4
 70
   129
 43
0.0
 10
195.0167999999996
 20
59.78770000000009
 10
195.0167999999996
 20
45.7881000000001
 10
209.0162999999997
 20
45.7881000000001
 10
209.0162999999997
 20
59.78770000000009
  0
LWPOLYLINE
  5
935
330
A59
100
AcDbEntity
  8
livello 1
100
AcDbPolyline
 90
        4
 70
   129
 43
0.0
 10
195.0167999999997
 20
40.73770000000008
 10
195.0167999999997
 20
26.7381000000001
 10
209.0162999999997
 20
26.7381000000001
 10
209.0162999999997
 20
40.73770000000008
  0
LWPOLYLINE
  5
936
330
A59
100
AcDbEntity
  8
livello 1
100
AcDbPolyline
 90
        4
 70
   129
 43
0.0
 10
214.0685999999998
 20
97.88770000000004
 10
214.0685999999998
 20
83.88810000000005
 10
228.0680999999998
 20
83.88810000000005
 10
228.0680999999998
 20
97.88770000000004
  0
LWPOLYLINE
  5
937
330
A59
100
AcDbEntity
  8
livello 1
100
AcDbPolyline
 90
        4
 70
   129
 43
0.0
 10
214.0667999999997
 20
78.83770000000007
 10
214.0667999999997
 20
64.83810000000008
 10
228.0662999999997
 20
64.83810000000008
 10
228.0662999999997
 20
78.83770000000007
  0
LWPOLYLINE
  5
938
330
A59
100
AcDbEntity
  8
livello 1
100
AcDbPolyline
 90
        4
 70
   129
 43
0.0
 10
214.0649999999996
 20
59.7877000000001
 10
214.0649999999996
 20
45.78810000000011
 10
228.0644999999996
 20
45.78810000000011
 10
228.0644999999996
 20
59.7877000000001
  0
LWPOLYLINE
  5
939
330
A59
100
AcDbEntity
  8
livello 1
100
AcDbPolyline
 90
        4
 70
   129
 43
0.0
 10
214.0649999999996
 20
40.7377000000001
 10
214.0649999999996
 20
26.73810000000011
 10
228.0644999999996
 20
26.73810000000011
 10
228.0644999999996
 20
40.7377000000001
  0
LWPOLYLINE
  5
93A
330
A59
100
AcDbEntity
  8
livello 1
100
AcDbPolyline
 90
        4
 70
   129
 43
0.0
 10
233.1167999999997
 20
97.88770000000005
 10
233.1167999999997
 20
83.88810000000007
 10
247.1162999999997
 20
83.88810000000007
 10
247.1162999999997
 20
97.88770000000005
  0
LWPOLYLINE
  5
93B
330
A59
100
AcDbEntity
  8
livello 1
100
AcDbPolyline
 90
        4
 70
   129
 43
0.0
 10
233.1149999999996
 20
78.83770000000008
 10
233.1149999999996
 20
64.8381000000001
 10
247.1144999999996
 20
64.8381000000001
 10
247.1144999999996
 20
78.83770000000008
  0
LWPOLYLINE
  5
93C
330
A59
100
AcDbEntity
  8
livello 1
100
AcDbPolyline
 90
        4
 70
   129
 43
0.0
 10
233.1131999999995
 20
59.78770000000011
 10
233.1131999999995
 20
45.78810000000013
 10
247.1126999999995
 20
45.78810000000013
 10
247.1126999999995
 20
59.78770000000011
  0
LWPOLYLINE
  5
93D
330
A59
100
AcDbEntity
  8
livello 1
100
AcDbPolyline
 90
        4
 70
   129
 43
0.0
 10
233.1131999999995
 20
40.73770000000011
 10
233.1131999999995
 20
26.73810000000012
 10
247.1126999999995
 20
26.73810000000012
 10
247.1126999999995
 20
40.73770000000011
  0
LWPOLYLINE
  5
983
330
A59
100
AcDbEntity
  8
livello 1
100
AcDbPolyline
 90
        4
 70
   129
 43
0.0
 10
252.1705999999999
 20
97.8877
 10
252.1705999999999
 20
83.88810000000001
 10
266.1700999999999
 20
83.88810000000001
 10
266.1700999999999
 20
97.8877
  0
LWPOLYLINE
  5
984
330
A59
100
AcDbEntity
  8
livello 1
100
AcDbPolyline
 90
        4
 70
   129
 43
0.0
 10
252.1687999999998
 20
78.83770000000003
 10
252.1687999999998
 20
64.83810000000004
 10
266.1682999999998
 20
64.83810000000004
 10
266.1682999999998
 20
78.83770000000003
  0
LWPOLYLINE
  5
985
330
A59
100
AcDbEntity
  8
livello 1
100
AcDbPolyline
 90
        4
 70
   129
 43
0.0
 10
252.1669999999997
 20
59.78770000000006
 10
252.1669999999997
 20
45.78810000000007
 10
266.1664999999997
 20
45.78810000000007
 10
266.1664999999997
 20
59.78770000000006
  0
LWPOLYLINE
  5
986
330
A59
100
AcDbEntity
  8
livello 1
100
AcDbPolyline
 90
        4
 70
   129
 43
0.0
 10
271.2187999999998
 20
97.88770000000001
 10
271.2187999999998
 20
83.88810000000002
 10
285.2182999999998
 20
83.88810000000002
 10
285.2182999999998
 20
97.88770000000001
  0
LWPOLYLINE
  5
987
330
A59
100
AcDbEntity
  8
livello 1
100
AcDbPolyline
 90
        4
 70
   129
 43
0.0
 10
271.2169999999997
 20
78.83770000000004
 10
271.2169999999997
 20
64.83810000000005
 10
285.2164999999997
 20
64.83810000000005
 10
285.2164999999997
 20
78.83770000000004
  0
LWPOLYLINE
  5
988
330
A59
100
AcDbEntity
  8
livello 1
100
AcDbPolyline
 90
        4
 70
   129
 43
0.0
 10
271.2151999999996
 20
59.78770000000007
 10
271.2151999999996
 20
45.78810000000009
 10
285.2146999999996
 20
45.78810000000009
 10
285.2146999999996
 20
59.78770000000007
  0
LWPOLYLINE
  5
998
330
A59
100
AcDbEntity
  8
livello 1
100
AcDbPolyline
 90
        4
 70
   129
 43
0.0
 10
275.9833999999999
 20
16.92510000000006
 10
275.9833999999999
 20
2.925500000000071
 10
289.9828999999999
 20
2.925500000000071
 10
289.9828999999999
 20
16.92510000000006
  0
LWPOLYLINE
  5
999
330
A59
100
AcDbEntity
  8
livello 1
100
AcDbPolyline
 90
        4
 70
   129
 43
0.0
 10
295.0315999999998
 20
16.92510000000007
 10
295.0315999999998
 20
2.925500000000085
 10
309.0310999999998
 20
2.925500000000085
 10
309.0310999999998
 20
16.92510000000007
  0
LWPOLYLINE
  5
99A
330
A59
100
AcDbEntity
  8
livello 1
100
AcDbPolyline
 90
        4
 70
   129
 43
0.0
 10
314.0797999999998
 20
16.92510000000009
 10
314.0797999999998
 20
2.925500000000099
 10
328.0792999999998
 20
2.925500000000099
 10
328.0792999999998
 20
16.92510000000009
  0
LWPOLYLINE
  5
9A2
330
A59
100
AcDbEntity
  8
livello 1
100
AcDbPolyline
 90
        4
 70
   129
 43
0.0
 10
295.0281999999996
 20
35.97520000000007
 10
295.0281999999996
 20
21.97560000000009
 10
309.0276999999996
 20
21.97560000000009
 10
309.0276999999996
 20
35.97520000000007
  0
LWPOLYLINE
  5
9A6
330
A59
100
AcDbEntity
  8
livello 1
100
AcDbPolyline
 90
        4
 70
   129
 43
0.0
 10
328.3651999999996
 20
50.26270000000007
 10
328.3651999999996
 20
36.26310000000008
 10
342.3646999999996
 20
36.26310000000008
 10
342.3646999999996
 20
50.26270000000007
  0
LWPOLYLINE
  5
9AA
330
A59
100
AcDbEntity
  8
livello 1
100
AcDbPolyline
 90
        4
 70
   129
 43
0.0
 10
328.3651999999997
 20
69.3127
 10
328.3651999999997
 20
55.31310000000003
 10
342.3646999999997
 20
55.31310000000003
 10
342.3646999999997
 20
69.3127
  0
LWPOLYLINE
  5
9AE
330
A59
100
AcDbEntity
  8
livello 1
100
AcDbPolyline
 90
        4
 70
   129
 43
0.0
 10
34.0513
 20
97.88770000000001
 10
34.0513
 20
83.88810000000002
 10
48.05080000000001
 20
83.88810000000002
 10
48.05080000000001
 20
97.88770000000001
  0
LINE
  5
8AD
330
A59
100
AcDbEntity
  8
livello 1
100
AcDbLine
 10
306.7995
 20
97.88769999999998
 30
0.0
 11
306.7995
 21
83.8881
 31
0.0
  0
LINE
  5
8AF
330
A59
100
AcDbEntity
  8
livello 1
100
AcDbLine
 10
304.41725
 20
69.31269999999999
 30
0.0
 11
304.41725
 21
55.31310000000001
 31
0.0
  0
LINE
  5
8B1
330
A59
100
AcDbEntity
  8
livello 1
100
AcDbLine
 10
178.2115
 20
19.78169999999999
 30
0.0
 11
178.2115
 21
5.7821
 31
0.0
  0
LINE
  5
8B3
330
A59
100
AcDbEntity
  8
livello 1
100
AcDbLine
 10
122.0145
 20
19.78169999999999
 30
0.0
 11
122.0145
 21
5.7821
 31
0.0
  0
LWPOLYLINE
  5
8C1
330
A59
100
AcDbEntity
  8
livello 1
100
AcDbPolyline
 90
        2
 70
   128
 43
0.0
 10
17.24035000000009
 20
100.744
 10
17.24035000000009
 20
86.74440000000003
  0
LWPOLYLINE
  5
8C4
330
A59
100
AcDbEntity
  8
livello 1
100
AcDbPolyline
 90
        2
 70
   128
 43
0.0
 10
13.43149000000009
 20
29.30669999999999
 10
13.43149000000009
 20
15.30710000000001
  0
LWPOLYLINE
  5
8C8
330
A59
100
AcDbEntity
  8
livello 1
100
AcDbPolyline
 90
        2
 70
   128
 43
0.0
 10
60.1027500000001
 20
97.8877
 10
60.1027500000001
 20
83.88810000000001
  0
LWPOLYLINE
  5
8CC
330
A59
100
AcDbEntity
  8
livello 1
100
AcDbPolyline
 90
        2
 70
   128
 43
0.0
 10
60.10095
 20
78.83770000000003
 10
60.10095
 20
64.83810000000004
  0
LWPOLYLINE
  5
8D0
330
A59
100
AcDbEntity
  8
livello 1
100
AcDbPolyline
 90
        2
 70
   128
 43
0.0
 10
60.09914999999991
 20
59.78770000000006
 10
60.09914999999991
 20
45.78810000000007
  0
LWPOLYLINE
  5
8D4
330
A59
100
AcDbEntity
  8
livello 1
100
AcDbPolyline
 90
        2
 70
   128
 43
0.0
 10
60.09914999999992
 20
40.73770000000005
 10
60.09914999999992
 20
26.73810000000007
  0
LWPOLYLINE
  5
8DE
330
A59
100
AcDbEntity
  8
livello 1
100
AcDbPolyline
 90
        2
 70
   128
 43
0.0
 10
79.15095000000002
 20
97.88770000000001
 10
79.15095000000002
 20
83.88810000000002
  0
LWPOLYLINE
  5
8DF
330
A59
100
AcDbEntity
  8
livello 1
100
AcDbPolyline
 90
        2
 70
   128
 43
0.0
 10
79.14914999999993
 20
78.83770000000004
 10
79.14914999999993
 20
64.83810000000005
  0
LWPOLYLINE
  5
8E0
330
A59
100
AcDbEntity
  8
livello 1
100
AcDbPolyline
 90
        2
 70
   128
 43
0.0
 10
79.14734999999983
 20
59.78770000000007
 10
79.14734999999983
 20
45.78810000000009
  0
LWPOLYLINE
  5
8E1
330
A59
100
AcDbEntity
  8
livello 1
100
AcDbPolyline
 90
        2
 70
   128
 43
0.0
 10
79.14734999999985
 20
40.73770000000007
 10
79.14734999999985
 20
26.73810000000008
  0
LWPOLYLINE
  5
8EE
330
A59
100
AcDbEntity
  8
livello 1
100
AcDbPolyline
 90
        2
 70
   128
 43
0.0
 10
98.19914999999995
 20
97.88770000000002
 10
98.19914999999995
 20
83.88810000000004
  0
LWPOLYLINE
  5
8EF
330
A59
100
AcDbEntity
  8
livello 1
100
AcDbPolyline
 90
        2
 70
   128
 43
0.0
 10
98.19734999999986
 20
78.83770000000005
 10
98.19734999999986
 20
64.83810000000007
  0
LWPOLYLINE
  5
8F0
330
A59
100
AcDbEntity
  8
livello 1
100
AcDbPolyline
 90
        2
 70
   128
 43
0.0
 10
98.19554999999976
 20
59.78770000000009
 10
98.19554999999976
 20
45.7881000000001
  0
LWPOLYLINE
  5
8F1
330
A59
100
AcDbEntity
  8
livello 1
100
AcDbPolyline
 90
        2
 70
   128
 43
0.0
 10
98.19554999999977
 20
40.73770000000008
 10
98.19554999999977
 20
26.7381000000001
  0
LWPOLYLINE
  5
8FE
330
A59
100
AcDbEntity
  8
livello 1
100
AcDbPolyline
 90
        2
 70
   128
 43
0.0
 10
117.2473499999999
 20
97.88770000000004
 10
117.2473499999999
 20
83.88810000000005
  0
LWPOLYLINE
  5
8FF
330
A59
100
AcDbEntity
  8
livello 1
100
AcDbPolyline
 90
        2
 70
   128
 43
0.0
 10
117.2455499999998
 20
78.83770000000007
 10
117.2455499999998
 20
64.83810000000008
  0
LWPOLYLINE
  5
900
330
A59
100
AcDbEntity
  8
livello 1
100
AcDbPolyline
 90
        2
 70
   128
 43
0.0
 10
117.2437499999997
 20
59.7877000000001
 10
117.2437499999997
 20
45.78810000000011
  0
LWPOLYLINE
  5
901
330
A59
100
AcDbEntity
  8
livello 1
100
AcDbPolyline
 90
        2
 70
   128
 43
0.0
 10
117.2437499999997
 20
40.7377000000001
 10
117.2437499999997
 20
26.73810000000011
  0
LWPOLYLINE
  5
90E
330
A59
100
AcDbEntity
  8
livello 1
100
AcDbPolyline
 90
        2
 70
   128
 43
0.0
 10
136.2955499999998
 20
97.88770000000005
 10
136.2955499999998
 20
83.88810000000007
  0
LWPOLYLINE
  5
90F
330
A59
100
AcDbEntity
  8
livello 1
100
AcDbPolyline
 90
        2
 70
   128
 43
0.0
 10
136.2937499999997
 20
78.83770000000008
 10
136.2937499999997
 20
64.8381000000001
  0
LWPOLYLINE
  5
910
330
A59
100
AcDbEntity
  8
livello 1
100
AcDbPolyline
 90
        2
 70
   128
 43
0.0
 10
136.2919499999996
 20
59.78770000000011
 10
136.2919499999996
 20
45.78810000000013
  0
LWPOLYLINE
  5
911
330
A59
100
AcDbEntity
  8
livello 1
100
AcDbPolyline
 90
        2
 70
   128
 43
0.0
 10
136.2919499999996
 20
40.73770000000011
 10
136.2919499999996
 20
26.73810000000012
  0
LWPOLYLINE
  5
93E
330
A59
100
AcDbEntity
  8
livello 1
100
AcDbPolyline
 90
        2
 70
   128
 43
0.0
 10
163.92375
 20
97.8877
 10
163.92375
 20
83.88810000000001
  0
LWPOLYLINE
  5
93F
330
A59
100
AcDbEntity
  8
livello 1
100
AcDbPolyline
 90
        2
 70
   128
 43
0.0
 10
163.9219499999999
 20
78.83770000000003
 10
163.9219499999999
 20
64.83810000000004
  0
LWPOLYLINE
  5
940
330
A59
100
AcDbEntity
  8
livello 1
100
AcDbPolyline
 90
        2
 70
   128
 43
0.0
 10
163.9201499999998
 20
59.78770000000006
 10
163.9201499999998
 20
45.78810000000007
  0
LWPOLYLINE
  5
941
330
A59
100
AcDbEntity
  8
livello 1
100
AcDbPolyline
 90
        2
 70
   128
 43
0.0
 10
163.9201499999998
 20
40.73770000000005
 10
163.9201499999998
 20
26.73810000000007
  0
LWPOLYLINE
  5
942
330
A59
100
AcDbEntity
  8
livello 1
100
AcDbPolyline
 90
        2
 70
   128
 43
0.0
 10
182.9719499999999
 20
97.88770000000001
 10
182.9719499999999
 20
83.88810000000002
  0
LWPOLYLINE
  5
943
330
A59
100
AcDbEntity
  8
livello 1
100
AcDbPolyline
 90
        2
 70
   128
 43
0.0
 10
182.9701499999998
 20
78.83770000000004
 10
182.9701499999998
 20
64.83810000000005
  0
LWPOLYLINE
  5
944
330
A59
100
AcDbEntity
  8
livello 1
100
AcDbPolyline
 90
        2
 70
   128
 43
0.0
 10
182.9683499999998
 20
59.78770000000007
 10
182.9683499999998
 20
45.78810000000009
  0
LWPOLYLINE
  5
945
330
A59
100
AcDbEntity
  8
livello 1
100
AcDbPolyline
 90
        2
 70
   128
 43
0.0
 10
182.9683499999998
 20
40.73770000000007
 10
182.9683499999998
 20
26.73810000000008
  0
LWPOLYLINE
  5
946
330
A59
100
AcDbEntity
  8
livello 1
100
AcDbPolyline
 90
        2
 70
   128
 43
0.0
 10
202.0201499999999
 20
97.88770000000002
 10
202.0201499999999
 20
83.88810000000004
  0
LWPOLYLINE
  5
947
330
A59
100
AcDbEntity
  8
livello 1
100
AcDbPolyline
 90
        2
 70
   128
 43
0.0
 10
202.0183499999998
 20
78.83770000000005
 10
202.0183499999998
 20
64.83810000000007
  0
LWPOLYLINE
  5
948
330
A59
100
AcDbEntity
  8
livello 1
100
AcDbPolyline
 90
        2
 70
   128
 43
0.0
 10
202.0165499999997
 20
59.78770000000009
 10
202.0165499999997
 20
45.7881000000001
  0
LWPOLYLINE
  5
949
330
A59
100
AcDbEntity
  8
livello 1
100
AcDbPolyline
 90
        2
 70
   128
 43
0.0
 10
202.0165499999997
 20
40.73770000000008
 10
202.0165499999997
 20
26.7381000000001
  0
LWPOLYLINE
  5
94A
330
A59
100
AcDbEntity
  8
livello 1
100
AcDbPolyline
 90
        2
 70
   128
 43
0.0
 10
221.0683499999998
 20
97.88770000000004
 10
221.0683499999998
 20
83.88810000000005
  0
LWPOLYLINE
  5
94B
330
A59
100
AcDbEntity
  8
livello 1
100
AcDbPolyline
 90
        2
 70
   128
 43
0.0
 10
221.0665499999997
 20
78.83770000000007
 10
221.0665499999997
 20
64.83810000000008
  0
LWPOLYLINE
  5
94C
330
A59
100
AcDbEntity
  8
livello 1
100
AcDbPolyline
 90
        2
 70
   128
 43
0.0
 10
221.0647499999996
 20
59.7877000000001
 10
221.0647499999996
 20
45.78810000000011
  0
LWPOLYLINE
  5
94D
330
A59
100
AcDbEntity
  8
livello 1
100
AcDbPolyline
 90
        2
 70
   128
 43
0.0
 10
221.0647499999996
 20
40.7377000000001
 10
221.0647499999996
 20
26.73810000000011
  0
LWPOLYLINE
  5
94E
330
A59
100
AcDbEntity
  8
livello 1
100
AcDbPolyline
 90
        2
 70
   128
 43
0.0
 10
240.1165499999997
 20
97.88770000000005
 10
240.1165499999997
 20
83.88810000000007
  0
LWPOLYLINE
  5
94F
330
A59
100
AcDbEntity
  8
livello 1
100
AcDbPolyline
 90
        2
 70
   128
 43
0.0
 10
240.1147499999996
 20
78.83770000000008
 10
240.1147499999996
 20
64.8381000000001
  0
LWPOLYLINE
  5
950
330
A59
100
AcDbEntity
  8
livello 1
100
AcDbPolyline
 90
        2
 70
   128
 43
0.0
 10
240.1129499999995
 20
59.78770000000011
 10
240.1129499999995
 20
45.78810000000013
  0
LWPOLYLINE
  5
951
330
A59
100
AcDbEntity
  8
livello 1
100
AcDbPolyline
 90
        2
 70
   128
 43
0.0
 10
240.1129499999995
 20
40.73770000000011
 10
240.1129499999995
 20
26.73810000000012
  0
LWPOLYLINE
  5
989
330
A59
100
AcDbEntity
  8
livello 1
100
AcDbPolyline
 90
        2
 70
   128
 43
0.0
 10
259.1703499999999
 20
97.8877
 10
259.1703499999999
 20
83.88810000000001
  0
LWPOLYLINE
  5
98A
330
A59
100
AcDbEntity
  8
livello 1
100
AcDbPolyline
 90
        2
 70
   128
 43
0.0
 10
259.1685499999998
 20
78.83770000000003
 10
259.1685499999998
 20
64.83810000000004
  0
LWPOLYLINE
  5
98B
330
A59
100
AcDbEntity
  8
livello 1
100
AcDbPolyline
 90
        2
 70
   128
 43
0.0
 10
259.1667499999997
 20
59.78770000000006
 10
259.1667499999997
 20
45.78810000000007
  0
LWPOLYLINE
  5
98C
330
A59
100
AcDbEntity
  8
livello 1
100
AcDbPolyline
 90
        2
 70
   128
 43
0.0
 10
278.2185499999998
 20
97.88770000000001
 10
278.2185499999998
 20
83.88810000000002
  0
LWPOLYLINE
  5
98D
330
A59
100
AcDbEntity
  8
livello 1
100
AcDbPolyline
 90
        2
 70
   128
 43
0.0
 10
278.2167499999997
 20
78.83770000000004
 10
278.2167499999997
 20
64.83810000000005
  0
LWPOLYLINE
  5
98E
330
A59
100
AcDbEntity
  8
livello 1
100
AcDbPolyline
 90
        2
 70
   128
 43
0.0
 10
278.2149499999996
 20
59.78770000000007
 10
278.2149499999996
 20
45.78810000000009
  0
LWPOLYLINE
  5
99B
330
A59
100
AcDbEntity
  8
livello 1
100
AcDbPolyline
 90
        2
 70
   128
 43
0.0
 10
282.9831499999999
 20
16.92510000000006
 10
282.9831499999999
 20
2.925500000000071
  0
LWPOLYLINE
  5
99C
330
A59
100
AcDbEntity
  8
livello 1
100
AcDbPolyline
 90
        2
 70
   128
 43
0.0
 10
302.0313499999999
 20
16.92510000000007
 10
302.0313499999999
 20
2.925500000000085
  0
LWPOLYLINE
  5
99D
330
A59
100
AcDbEntity
  8
livello 1
100
AcDbPolyline
 90
        2
 70
   128
 43
0.0
 10
321.0795499999998
 20
16.92510000000009
 10
321.0795499999998
 20
2.925500000000099
  0
LWPOLYLINE
  5
9A3
330
A59
100
AcDbEntity
  8
livello 1
100
AcDbPolyline
 90
        2
 70
   128
 43
0.0
 10
302.0279499999996
 20
35.97520000000007
 10
302.0279499999996
 20
21.97560000000009
  0
LWPOLYLINE
  5
9A7
330
A59
100
AcDbEntity
  8
livello 1
100
AcDbPolyline
 90
        2
 70
   128
 43
0.0
 10
335.3649499999996
 20
50.26270000000007
 10
335.3649499999996
 20
36.26310000000008
  0
LWPOLYLINE
  5
9AB
330
A59
100
AcDbEntity
  8
livello 1
100
AcDbPolyline
 90
        2
 70
   128
 43
0.0
 10
335.3649499999997
 20
69.3127
 10
335.3649499999997
 20
55.31310000000003
  0
LWPOLYLINE
  5
9AF
330
A59
100
AcDbEntity
  8
livello 1
100
AcDbPolyline
 90
        2
 70
   128
 43
0.0
 10
41.05105
 20
97.88770000000001
 10
41.05105
 20
83.88810000000002
  0
LINE
  5
8AE
330
A59
100
AcDbEntity
  8
livello 1
100
AcDbLine
 10
299.7997499999999
 20
90.88789999999999
 30
0.0
 11
313.7992499999999
 21
90.88789999999999
 31
0.0
  0
LINE
  5
8B0
330
A59
100
AcDbEntity
  8
livello 1
100
AcDbLine
 10
297.4175
 20
62.3129
 30
0.0
 11
311.417
 21
62.3129
 31
0.0
  0
LINE
  5
8B2
330
A59
100
AcDbEntity
  8
livello 1
100
AcDbLine
 10
171.2117499999999
 20
12.78189999999999
 30
0.0
 11
185.2112499999999
 21
12.78189999999999
 31
0.0
  0
LINE
  5
8B4
330
A59
100
AcDbEntity
  8
livello 1
100
AcDbLine
 10
115.0147499999999
 20
12.78189999999999
 30
0.0
 11
129.0142499999999
 21
12.78189999999999
 31
0.0
  0
LWPOLYLINE
  5
8C0
330
A59
100
AcDbEntity
  8
livello 1
100
AcDbPolyline
 90
        2
 70
   128
 43
0.0
 10
10.24060000000009
 20
93.74420000000002
 10
24.2401000000001
 20
93.74420000000002
  0
LWPOLYLINE
  5
8C5
330
A59
100
AcDbEntity
  8
livello 1
100
AcDbPolyline
 90
        2
 70
   128
 43
0.0
 10
6.431740000000084
 20
22.3069
 10
20.43124000000009
 20
22.3069
  0
LWPOLYLINE
  5
8C9
330
A59
100
AcDbEntity
  8
livello 1
100
AcDbPolyline
 90
        2
 70
   128
 43
0.0
 10
53.10300000000009
 20
90.8879
 10
67.1025000000001
 20
90.8879
  0
LWPOLYLINE
  5
8CD
330
A59
100
AcDbEntity
  8
livello 1
100
AcDbPolyline
 90
        2
 70
   128
 43
0.0
 10
53.1012
 20
71.83790000000003
 10
67.10070000000002
 20
71.83790000000003
  0
LWPOLYLINE
  5
8D1
330
A59
100
AcDbEntity
  8
livello 1
100
AcDbPolyline
 90
        2
 70
   128
 43
0.0
 10
53.0993999999999
 20
52.78790000000006
 10
67.09889999999992
 20
52.78790000000006
  0
LWPOLYLINE
  5
8D5
330
A59
100
AcDbEntity
  8
livello 1
100
AcDbPolyline
 90
        2
 70
   128
 43
0.0
 10
53.09939999999991
 20
33.73790000000006
 10
67.09889999999993
 20
33.73790000000006
  0
LWPOLYLINE
  5
8E2
330
A59
100
AcDbEntity
  8
livello 1
100
AcDbPolyline
 90
        2
 70
   128
 43
0.0
 10
72.15120000000002
 20
90.88790000000002
 10
86.15070000000003
 20
90.88790000000002
  0
LWPOLYLINE
  5
8E3
330
A59
100
AcDbEntity
  8
livello 1
100
AcDbPolyline
 90
        2
 70
   128
 43
0.0
 10
72.14939999999993
 20
71.83790000000005
 10
86.14889999999994
 20
71.83790000000005
  0
LWPOLYLINE
  5
8E4
330
A59
100
AcDbEntity
  8
livello 1
100
AcDbPolyline
 90
        2
 70
   128
 43
0.0
 10
72.14759999999983
 20
52.78790000000008
 10
86.14709999999984
 20
52.78790000000008
  0
LWPOLYLINE
  5
8E5
330
A59
100
AcDbEntity
  8
livello 1
100
AcDbPolyline
 90
        2
 70
   128
 43
0.0
 10
72.14759999999984
 20
33.73790000000007
 10
86.14709999999985
 20
33.73790000000007
  0
LWPOLYLINE
  5
8F2
330
A59
100
AcDbEntity
  8
livello 1
100
AcDbPolyline
 90
        2
 70
   128
 43
0.0
 10
91.19939999999994
 20
90.88790000000003
 10
105.1989
 20
90.88790000000003
  0
LWPOLYLINE
  5
8F3
330
A59
100
AcDbEntity
  8
livello 1
100
AcDbPolyline
 90
        2
 70
   128
 43
0.0
 10
91.19759999999985
 20
71.83790000000006
 10
105.1970999999999
 20
71.83790000000006
  0
LWPOLYLINE
  5
8F4
330
A59
100
AcDbEntity
  8
livello 1
100
AcDbPolyline
 90
        2
 70
   128
 43
0.0
 10
91.19579999999975
 20
52.78790000000009
 10
105.1952999999998
 20
52.78790000000009
  0
LWPOLYLINE
  5
8F5
330
A59
100
AcDbEntity
  8
livello 1
100
AcDbPolyline
 90
        2
 70
   128
 43
0.0
 10
91.19579999999976
 20
33.73790000000009
 10
105.1952999999998
 20
33.73790000000009
  0
LWPOLYLINE
  5
902
330
A59
100
AcDbEntity
  8
livello 1
100
AcDbPolyline
 90
        2
 70
   128
 43
0.0
 10
110.2475999999999
 20
90.88790000000004
 10
124.2470999999999
 20
90.88790000000004
  0
LWPOLYLINE
  5
903
330
A59
100
AcDbEntity
  8
livello 1
100
AcDbPolyline
 90
        2
 70
   128
 43
0.0
 10
110.2457999999998
 20
71.83790000000008
 10
124.2452999999998
 20
71.83790000000008
  0
LWPOLYLINE
  5
904
330
A59
100
AcDbEntity
  8
livello 1
100
AcDbPolyline
 90
        2
 70
   128
 43
0.0
 10
110.2439999999997
 20
52.78790000000011
 10
124.2434999999997
 20
52.78790000000011
  0
LWPOLYLINE
  5
905
330
A59
100
AcDbEntity
  8
livello 1
100
AcDbPolyline
 90
        2
 70
   128
 43
0.0
 10
110.2439999999997
 20
33.7379000000001
 10
124.2434999999997
 20
33.7379000000001
  0
LWPOLYLINE
  5
912
330
A59
100
AcDbEntity
  8
livello 1
100
AcDbPolyline
 90
        2
 70
   128
 43
0.0
 10
129.2957999999998
 20
90.88790000000006
 10
143.2952999999998
 20
90.88790000000006
  0
LWPOLYLINE
  5
913
330
A59
100
AcDbEntity
  8
livello 1
100
AcDbPolyline
 90
        2
 70
   128
 43
0.0
 10
129.2939999999997
 20
71.83790000000009
 10
143.2934999999997
 20
71.83790000000009
  0
LWPOLYLINE
  5
914
330
A59
100
AcDbEntity
  8
livello 1
100
AcDbPolyline
 90
        2
 70
   128
 43
0.0
 10
129.2921999999996
 20
52.78790000000012
 10
143.2916999999996
 20
52.78790000000012
  0
LWPOLYLINE
  5
915
330
A59
100
AcDbEntity
  8
livello 1
100
AcDbPolyline
 90
        2
 70
   128
 43
0.0
 10
129.2921999999996
 20
33.73790000000012
 10
143.2916999999996
 20
33.73790000000012
  0
LWPOLYLINE
  5
952
330
A59
100
AcDbEntity
  8
livello 1
100
AcDbPolyline
 90
        2
 70
   128
 43
0.0
 10
156.924
 20
90.8879
 10
170.9235
 20
90.8879
  0
LWPOLYLINE
  5
953
330
A59
100
AcDbEntity
  8
livello 1
100
AcDbPolyline
 90
        2
 70
   128
 43
0.0
 10
156.9221999999999
 20
71.83790000000003
 10
170.9216999999999
 20
71.83790000000003
  0
LWPOLYLINE
  5
954
330
A59
100
AcDbEntity
  8
livello 1
100
AcDbPolyline
 90
        2
 70
   128
 43
0.0
 10
156.9203999999998
 20
52.78790000000006
 10
170.9198999999998
 20
52.78790000000006
  0
LWPOLYLINE
  5
955
330
A59
100
AcDbEntity
  8
livello 1
100
AcDbPolyline
 90
        2
 70
   128
 43
0.0
 10
156.9203999999998
 20
33.73790000000006
 10
170.9198999999998
 20
33.73790000000006
  0
LWPOLYLINE
  5
956
330
A59
100
AcDbEntity
  8
livello 1
100
AcDbPolyline
 90
        2
 70
   128
 43
0.0
 10
175.9721999999999
 20
90.88790000000002
 10
189.9716999999999
 20
90.88790000000002
  0
LWPOLYLINE
  5
957
330
A59
100
AcDbEntity
  8
livello 1
100
AcDbPolyline
 90
        2
 70
   128
 43
0.0
 10
175.9703999999998
 20
71.83790000000005
 10
189.9698999999999
 20
71.83790000000005
  0
LWPOLYLINE
  5
958
330
A59
100
AcDbEntity
  8
livello 1
100
AcDbPolyline
 90
        2
 70
   128
 43
0.0
 10
175.9685999999998
 20
52.78790000000008
 10
189.9680999999998
 20
52.78790000000008
  0
LWPOLYLINE
  5
959
330
A59
100
AcDbEntity
  8
livello 1
100
AcDbPolyline
 90
        2
 70
   128
 43
0.0
 10
175.9685999999998
 20
33.73790000000007
 10
189.9680999999998
 20
33.73790000000007
  0
LWPOLYLINE
  5
95A
330
A59
100
AcDbEntity
  8
livello 1
100
AcDbPolyline
 90
        2
 70
   128
 43
0.0
 10
195.0203999999999
 20
90.88790000000003
 10
209.0198999999999
 20
90.88790000000003
  0
LWPOLYLINE
  5
95B
330
A59
100
AcDbEntity
  8
livello 1
100
AcDbPolyline
 90
        2
 70
   128
 43
0.0
 10
195.0185999999998
 20
71.83790000000006
 10
209.0180999999998
 20
71.83790000000006
  0
LWPOLYLINE
  5
95C
330
A59
100
AcDbEntity
  8
livello 1
100
AcDbPolyline
 90
        2
 70
   128
 43
0.0
 10
195.0167999999996
 20
52.78790000000009
 10
209.0162999999997
 20
52.78790000000009
  0
LWPOLYLINE
  5
95D
330
A59
100
AcDbEntity
  8
livello 1
100
AcDbPolyline
 90
        2
 70
   128
 43
0.0
 10
195.0167999999997
 20
33.73790000000009
 10
209.0162999999997
 20
33.73790000000009
  0
LWPOLYLINE
  5
95E
330
A59
100
AcDbEntity
  8
livello 1
100
AcDbPolyline
 90
        2
 70
   128
 43
0.0
 10
214.0685999999998
 20
90.88790000000004
 10
228.0680999999998
 20
90.88790000000004
  0
LWPOLYLINE
  5
95F
330
A59
100
AcDbEntity
  8
livello 1
100
AcDbPolyline
 90
        2
 70
   128
 43
0.0
 10
214.0667999999997
 20
71.83790000000008
 10
228.0662999999997
 20
71.83790000000008
  0
LWPOLYLINE
  5
960
330
A59
100
AcDbEntity
  8
livello 1
100
AcDbPolyline
 90
        2
 70
   128
 43
0.0
 10
214.0649999999996
 20
52.78790000000011
 10
228.0644999999996
 20
52.78790000000011
  0
LWPOLYLINE
  5
961
330
A59
100
AcDbEntity
  8
livello 1
100
AcDbPolyline
 90
        2
 70
   128
 43
0.0
 10
214.0649999999996
 20
33.7379000000001
 10
228.0644999999996
 20
33.7379000000001
  0
LWPOLYLINE
  5
962
330
A59
100
AcDbEntity
  8
livello 1
100
AcDbPolyline
 90
        2
 70
   128
 43
0.0
 10
233.1167999999997
 20
90.88790000000006
 10
247.1162999999997
 20
90.88790000000006
  0
LWPOLYLINE
  5
963
330
A59
100
AcDbEntity
  8
livello 1
100
AcDbPolyline
 90
        2
 70
   128
 43
0.0
 10
233.1149999999996
 20
71.83790000000009
 10
247.1144999999996
 20
71.83790000000009
  0
LWPOLYLINE
  5
964
330
A59
100
AcDbEntity
  8
livello 1
100
AcDbPolyline
 90
        2
 70
   128
 43
0.0
 10
233.1131999999995
 20
52.78790000000012
 10
247.1126999999995
 20
52.78790000000012
  0
LWPOLYLINE
  5
965
330
A59
100
AcDbEntity
  8
livello 1
100
AcDbPolyline
 90
        2
 70
   128
 43
0.0
 10
233.1131999999995
 20
33.73790000000012
 10
247.1126999999995
 20
33.73790000000012
  0
LWPOLYLINE
  5
98F
330
A59
100
AcDbEntity
  8
livello 1
100
AcDbPolyline
 90
        2
 70
   128
 43
0.0
 10
252.1705999999999
 20
90.8879
 10
266.1700999999999
 20
90.8879
  0
LWPOLYLINE
  5
990
330
A59
100
AcDbEntity
  8
livello 1
100
AcDbPolyline
 90
        2
 70
   128
 43
0.0
 10
252.1687999999998
 20
71.83790000000003
 10
266.1682999999998
 20
71.83790000000003
  0
LWPOLYLINE
  5
991
330
A59
100
AcDbEntity
  8
livello 1
100
AcDbPolyline
 90
        2
 70
   128
 43
0.0
 10
252.1669999999997
 20
52.78790000000006
 10
266.1664999999997
 20
52.78790000000006
  0
LWPOLYLINE
  5
992
330
A59
100
AcDbEntity
  8
livello 1
100
AcDbPolyline
 90
        2
 70
   128
 43
0.0
 10
271.2187999999998
 20
90.88790000000002
 10
285.2182999999998
 20
90.88790000000002
  0
LWPOLYLINE
  5
993
330
A59
100
AcDbEntity
  8
livello 1
100
AcDbPolyline
 90
        2
 70
   128
 43
0.0
 10
271.2169999999997
 20
71.83790000000005
 10
285.2164999999997
 20
71.83790000000005
  0
LWPOLYLINE
  5
994
330
A59
100
AcDbEntity
  8
livello 1
100
AcDbPolyline
 90
        2
 70
   128
 43
0.0
 10
271.2151999999996
 20
52.78790000000008
 10
285.2146999999996
 20
52.78790000000008
  0
LWPOLYLINE
  5
99E
330
A59
100
AcDbEntity
  8
livello 1
100
AcDbPolyline
 90
        2
 70
   128
 43
0.0
 10
275.9833999999999
 20
9.925300000000064
 10
289.9828999999999
 20
9.925300000000064
  0
LWPOLYLINE
  5
99F
330
A59
100
AcDbEntity
  8
livello 1
100
AcDbPolyline
 90
        2
 70
   128
 43
0.0
 10
295.0315999999998
 20
9.925300000000078
 10
309.0310999999998
 20
9.925300000000078
  0
LWPOLYLINE
  5
9A0
330
A59
100
AcDbEntity
  8
livello 1
100
AcDbPolyline
 90
        2
 70
   128
 43
0.0
 10
314.0797999999998
 20
9.925300000000092
 10
328.0792999999998
 20
9.925300000000092
  0
LWPOLYLINE
  5
9A4
330
A59
100
AcDbEntity
  8
livello 1
100
AcDbPolyline
 90
        2
 70
   128
 43
0.0
 10
295.0281999999996
 20
28.97540000000008
 10
309.0276999999996
 20
28.97540000000008
  0
LWPOLYLINE
  5
9A8
330
A59
100
AcDbEntity
  8
livello 1
100
AcDbPolyline
 90
        2
 70
   128
 43
0.0
 10
328.3651999999996
 20
43.26290000000007
 10
342.3646999999996
 20
43.26290000000007
  0
LWPOLYLINE
  5
9AC
330
A59
100
AcDbEntity
  8
livello 1
100
AcDbPolyline
 90
        2
 70
   128
 43
0.0
 10
328.3651999999997
 20
62.31290000000002
 10
342.3646999999997
 20
62.31290000000002
  0
LWPOLYLINE
  5
9B0
330
A59
100
AcDbEntity
  8
livello 1
100
AcDbPolyline
 90
        2
 70
   128
 43
0.0
 10
34.0513
 20
90.88790000000002
 10
48.05080000000001
 20
90.88790000000002
  0
LWPOLYLINE
  5
9C2
330
A59
100
AcDbEntity
  8
livello 1
100
AcDbPolyline
 90
        2
 70
   128
 43
0.0
 10
209.1675000000001
 20
19.78189999999998
 10
209.1675000000001
 20
5.781899999999979
  0
LWPOLYLINE
  5
9C6
330
A59
100
AcDbEntity
  8
livello 1
100
AcDbPolyline
 90
        2
 70
   128
 43
0.0
 10
232.9795000000001
 20
19.78189999999998
 10
232.9795000000001
 20
5.781899999999979
  0
LWPOLYLINE
  5
9CA
330
A59
100
AcDbEntity
  8
livello 1
100
AcDbPolyline
 90
        2
 70
   128
 43
0.0
 10
261.5545000000002
 20
40.73789999999997
 10
261.5545000000002
 20
26.73789999999997
  0
LWPOLYLINE
  5
9CE
330
A59
100
AcDbEntity
  8
livello 1
100
AcDbPolyline
 90
        2
 70
   128
 43
0.0
 10
91.05690000000018
 20
19.78189999999997
 10
91.05690000000018
 20
5.781899999999972
  0
LWPOLYLINE
  5
9D2
330
A59
100
AcDbEntity
  8
livello 1
100
AcDbPolyline
 90
        2
 70
   128
 43
0.0
 10
67.24440000000018
 20
19.78189999999997
 10
67.24440000000018
 20
5.781899999999968
  0
LWPOLYLINE
  5
9D6
330
A59
100
AcDbEntity
  8
livello 1
100
AcDbPolyline
 90
        2
 70
   128
 43
0.0
 10
38.66960000000019
 20
19.78189999999998
 10
38.66960000000019
 20
5.781899999999975
  0
LWPOLYLINE
  5
9DA
330
A59
100
AcDbEntity
  8
livello 1
100
AcDbPolyline
 90
        2
 70
   128
 43
0.0
 10
38.66960000000013
 20
40.73789999999997
 10
38.66960000000013
 20
26.73789999999996
  0
LWPOLYLINE
  5
9C3
330
A59
100
AcDbEntity
  8
livello 1
100
AcDbPolyline
 90
        9
 70
   129
 43
0.0
 10
213.7850000000001
 20
3.281999999999979
 10
199.7860000000001
 20
3.281999999999979
 42
-0.41420184669287
 10
197.2861000000001
 20
5.781999997999979
 10
197.2860000000001
 20
19.7817
 42
-0.414213562373095
 10
199.7860000000001
 20
22.2817
 10
218.6670000000001
 20
22.28169999999997
 42
-0.4142252781489995
 10
221.1670000000001
 20
19.78170000001183
 10
221.1670000000001
 20
5.781999999999979
 42
-0.414213562373095
 10
218.6670000000001
 20
3.281999999999979
  0
LWPOLYLINE
  5
9C7
330
A59
100
AcDbEntity
  8
livello 1
100
AcDbPolyline
 90
        9
 70
   129
 43
0.0
 10
237.5970000000001
 20
3.281999999999979
 10
223.5980000000001
 20
3.281999999999979
 42
-0.41420184669287
 10
221.0981000000001
 20
5.781999997999979
 10
221.0980000000001
 20
19.7817
 42
-0.414213562373095
 10
223.5980000000001
 20
22.2817
 10
242.4790000000001
 20
22.28169999999997
 42
-0.4142252781489995
 10
244.9790000000001
 20
19.78170000001183
 10
244.9790000000001
 20
5.781999999999979
 42
-0.414213562373095
 10
242.4790000000001
 20
3.281999999999979
  0
LWPOLYLINE
  5
9CB
330
A59
100
AcDbEntity
  8
livello 1
100
AcDbPolyline
 90
        9
 70
   129
 43
0.0
 10
266.1720000000001
 20
24.23799999999997
 10
252.1730000000002
 20
24.23799999999997
 42
-0.41420184669287
 10
249.6731000000001
 20
26.73799999799997
 10
249.6730000000002
 20
40.7377
 42
-0.414213562373095
 10
252.1730000000002
 20
43.2377
 10
271.0540000000002
 20
43.23769999999996
 42
-0.4142252781489995
 10
273.5540000000002
 20
40.73770000001183
 10
273.5540000000002
 20
26.73799999999997
 42
-0.414213562373095
 10
271.0540000000002
 20
24.23799999999997
  0
LWPOLYLINE
  5
9CF
330
A59
100
AcDbEntity
  8
livello 1
100
AcDbPolyline
 90
        9
 70
   129
 43
0.0
 10
95.67440000000013
 20
3.281999999999972
 10
81.67540000000017
 20
3.281999999999972
 42
-0.41420184669287
 10
79.17550000000014
 20
5.781999997999971
 10
79.17540000000017
 20
19.78169999999999
 42
-0.414213562373095
 10
81.67540000000017
 20
22.28169999999999
 10
100.5564000000002
 20
22.28169999999996
 42
-0.4142252781489995
 10
103.0564000000002
 20
19.78170000001182
 10
103.0564000000002
 20
5.781999999999972
 42
-0.414213562373095
 10
100.5564000000002
 20
3.281999999999972
  0
LWPOLYLINE
  5
9D3
330
A59
100
AcDbEntity
  8
livello 1
100
AcDbPolyline
 90
        9
 70
   129
 43
0.0
 10
71.86190000000013
 20
3.281999999999968
 10
57.86290000000017
 20
3.281999999999968
 42
-0.41420184669287
 10
55.36300000000014
 20
5.781999997999968
 10
55.36290000000017
 20
19.78169999999999
 42
-0.414213562373095
 10
57.86290000000017
 20
22.28169999999999
 10
76.7439000000002
 20
22.28169999999995
 42
-0.4142252781489995
 10
79.2439000000002
 20
19.78170000001182
 10
79.2439000000002
 20
5.781999999999968
 42
-0.414213562373095
 10
76.7439000000002
 20
3.281999999999968
  0
LWPOLYLINE
  5
9D7
330
A59
100
AcDbEntity
  8
livello 1
100
AcDbPolyline
 90
        9
 70
   129
 43
0.0
 10
43.28710000000014
 20
3.281999999999975
 10
29.28810000000017
 20
3.281999999999975
 42
-0.41420184669287
 10
26.78820000000014
 20
5.781999997999975
 10
26.78810000000017
 20
19.7817
 42
-0.414213562373095
 10
29.28810000000017
 20
22.2817
 10
48.1691000000002
 20
22.28169999999996
 42
-0.4142252781489995
 10
50.6691000000002
 20
19.78170000001183
 10
50.6691000000002
 20
5.781999999999975
 42
-0.414213562373095
 10
48.1691000000002
 20
3.281999999999975
  0
LWPOLYLINE
  5
9DB
330
A59
100
AcDbEntity
  8
livello 1
100
AcDbPolyline
 90
        9
 70
   129
 43
0.0
 10
43.28710000000008
 20
24.23799999999996
 10
29.28810000000011
 20
24.23799999999996
 42
-0.41420184669287
 10
26.78820000000009
 20
26.73799999799996
 10
26.78810000000011
 20
40.73769999999999
 42
-0.414213562373095
 10
29.28810000000011
 20
43.23769999999999
 10
48.16910000000014
 20
43.23769999999995
 42
-0.4142252781489995
 10
50.66910000000014
 20
40.73770000001181
 10
50.66910000000014
 20
26.73799999999996
 42
-0.414213562373095
 10
48.16910000000014
 20
24.23799999999996
  0
LWPOLYLINE
  5
9C4
330
A59
100
AcDbEntity
  8
livello 1
100
AcDbPolyline
 90
        2
 70
   128
 43
0.0
 10
202.168
 20
12.78189999999998
 10
216.1670000000001
 20
12.78189999999998
  0
LWPOLYLINE
  5
9C8
330
A59
100
AcDbEntity
  8
livello 1
100
AcDbPolyline
 90
        2
 70
   128
 43
0.0
 10
225.98
 20
12.78189999999998
 10
239.9790000000001
 20
12.78189999999998
  0
LWPOLYLINE
  5
9CC
330
A59
100
AcDbEntity
  8
livello 1
100
AcDbPolyline
 90
        2
 70
   128
 43
0.0
 10
254.5550000000001
 20
33.73789999999997
 10
268.5540000000002
 20
33.73789999999997
  0
LWPOLYLINE
  5
9D0
330
A59
100
AcDbEntity
  8
livello 1
100
AcDbPolyline
 90
        2
 70
   128
 43
0.0
 10
84.05740000000006
 20
12.78189999999997
 10
98.0564000000002
 20
12.78189999999997
  0
LWPOLYLINE
  5
9D4
330
A59
100
AcDbEntity
  8
livello 1
100
AcDbPolyline
 90
        2
 70
   128
 43
0.0
 10
60.24490000000006
 20
12.78189999999997
 10
74.2439000000002
 20
12.78189999999997
  0
LWPOLYLINE
  5
9D8
330
A59
100
AcDbEntity
  8
livello 1
100
AcDbPolyline
 90
        2
 70
   128
 43
0.0
 10
31.67010000000006
 20
12.78189999999998
 10
45.6691000000002
 20
12.78189999999998
  0
LWPOLYLINE
  5
9DC
330
A59
100
AcDbEntity
  8
livello 1
100
AcDbPolyline
 90
        2
 70
   128
 43
0.0
 10
31.6701
 20
33.73789999999997
 10
45.66910000000014
 20
33.73789999999997
  0
VIEWPORT
  5
B1D
330
A55
100
AcDbEntity
 67
     1
  8
0
100
AcDbViewport
 10
5.25
 20
4.0
 30
0.0
 40
11.638
 41
8.993
 68
     1
 69
     1
 12
5.25
 22
4.0
 13
0.0
 23
0.0
 14
0.5
 24
0.5
 15
0.5
 25
0.5
 16
0.0
 26
0.0
 36
1.0
 17
0.0
 27
0.0
 37
0.0
 42
50.0
 43
0.0
 44
0.0
 45
8.993
 50
0.0
 51
0.0
 72
   100
 90
   557152
  1

281
     0
 71
     1
 74
     0
110
0.0
120
0.0
130
0.0
111
1.0
121
0.0
131
0.0
112
0.0
122
1.0
132
0.0
 79
     0
146
0.0
170
     0
 61
     5
348
A69
292
     1
282
     1
141
0.0
142
0.0
 63
   256
361
B1E
  0
ENDSEC
  0
SECTION
  2
OBJECTS
  0
DICTIONARY
  5
A47
330
0
100
AcDbDictionary
281
     1
  3
ACAD_DETAILVIEWSTYLE
350
B26
  3
ACAD_GROUP
350
A48
  3
ACAD_LAYOUT
350
A54
  3
ACAD_MATERIAL
350
A7D
  3
ACAD_MLEADERSTYLE
350
AA5
  3
ACAD_MLINESTYLE
350
A51
  3
ACAD_PLOTSETTINGS
350
A53
  3
ACAD_PLOTSTYLENAME
350
A49
  3
ACAD_SCALELIST
350
A81
  3
ACAD_SECTIONVIEWSTYLE
350
B27
  3
ACAD_TABLESTYLE
350
AA3
  3
ACAD_VISUALSTYLE
350
A64
  3
ACDB_RECOMPOSE_DATA
350
B23
  3
AcDbVariableDictionary
350
B1F
  3
QCAD_OBJECTS
350
AA9
  0
SUN
  5
AA7
330
A63
100
AcDbSun
 90
        1
290
     0
 63
     7
421
 16777215
 40
1.0
291
     1
 91
  2455826
 92
 54000000
292
     0
 70
     2
 71
   256
280
     1
  0
SUN
  5
B1E
330
B1D
100
AcDbSun
 90
        1
290
     0
 63
     7
421
 16777215
 40
1.0
291
     1
 91
  2455826
 92
 54000000
292
     0
 70
     2
 71
   256
280
     1
  0
DICTIONARY
  5
B26
102
{ACAD_REACTORS
330
A47
102
}
330
A47
100
AcDbDictionary
281
     1
  0
DICTIONARY
  5
A48
102
{ACAD_REACTORS
330
A47
102
}
330
A47
100
AcDbDictionary
281
     1
  0
DICTIONARY
  5
A54
102
{ACAD_REACTORS
330
A47
102
}
330
A47
100
AcDbDictionary
281
     1
  3
Layout1
350
A58
  3
Model
350
A5C
  0
DICTIONARY
  5
A7D
102
{ACAD_REACTORS
330
A47
102
}
330
A47
100
AcDbDictionary
281
     1
  3
ByBlock
350
A7F
  3
ByLayer
350
A7E
  3
Global
350
A80
  0
DICTIONARY
  5
AA5
102
{ACAD_REACTORS
330
A47
102
}
330
A47
100
AcDbDictionary
281
     1
  3
Standard
350
AA6
  0
DICTIONARY
  5
A51
102
{ACAD_REACTORS
330
A47
102
}
330
A47
100
AcDbDictionary
281
     1
  3
Standard
350
A52
  0
DICTIONARY
  5
A53
102
{ACAD_REACTORS
330
A47
102
}
330
A47
100
AcDbDictionary
281
     1
  0
ACDBDICTIONARYWDFLT
  5
A49
102
{ACAD_REACTORS
330
A47
102
}
330
A47
100
AcDbDictionary
281
     1
  3
Normal
350
A4A
100
AcDbDictionaryWithDefault
340
A4A
  0
DICTIONARY
  5
A81
102
{ACAD_REACTORS
330
A47
102
}
330
A47
100
AcDbDictionary
281
     1
  3
A0
350
A82
  3
A1
350
A83
  3
A2
350
A84
  3
A3
350
A85
  3
A4
350
A86
  3
A5
350
A87
  3
A6
350
A88
  3
A7
350
A89
  3
A8
350
A8A
  3
A9
350
A8B
  3
B0
350
A8C
  3
B1
350
A8D
  3
B2
350
A8E
  3
B3
350
A8F
  3
B4
350
A90
  3
B5
350
A91
  3
B6
350
A92
  3
B7
350
A93
  3
B8
350
A94
  3
B9
350
A95
  3
C0
350
A96
  3
C1
350
A97
  3
C2
350
A98
  3
C3
350
A99
  3
C4
350
A9A
  3
C5
350
A9B
  3
C6
350
A9C
  3
C7
350
A9D
  3
C8
350
A9E
  3
C9
350
A9F
  3
D0
350
AA0
  3
D1
350
AA1
  3
D2
350
AA2
  0
DICTIONARY
  5
B27
102
{ACAD_REACTORS
330
A47
102
}
330
A47
100
AcDbDictionary
281
     1
  0
DICTIONARY
  5
AA3
102
{ACAD_REACTORS
330
A47
102
}
330
A47
100
AcDbDictionary
281
     1
  3
Standard
350
AA4
  0
DICTIONARY
  5
A64
102
{ACAD_REACTORS
330
A47
102
}
330
A47
100
AcDbDictionary
281
     1
  3
2dWireframe
350
A69
  3
Basic
350
A6C
  3
Brighten
350
A70
  3
ColorChange
350
A74
  3
Conceptual
350
A6E
  3
Dim
350
A6F
  3
EdgeColorOff
350
A77
  3
Facepattern
350
A73
  3
Flat
350
A65
  3
FlatWithEdges
350
A66
  3
Gouraud
350
A67
  3
GouraudWithEdges
350
A68
  3
Hidden
350
A6B
  3
JitterOff
350
A75
  3
Linepattern
350
A72
  3
OverhangOff
350
A76
  3
Realistic
350
A6D
  3
Shaded
350
A7C
  3
Shaded with edges
350
A7B
  3
Shades of Gray
350
A78
  3
Sketchy
350
A79
  3
Thicken
350
A71
  3
Wireframe
350
A6A
  3
X-Ray
350
A7A
  0
XRECORD
  5
B23
102
{ACAD_REACTORS
330
A47
102
}
330
A47
100
AcDbXrecord
280
     1
 90
        1
330
AA4
  0
DICTIONARY
  5
B1F
102
{ACAD_REACTORS
330
A47
102
}
330
A47
100
AcDbDictionary
281
     1
  3
CANNOSCALE
350
B20
  3
CMLEADERSTYLE
350
B25
  3
CTABLESTYLE
350
B24
  0
DICTIONARY
  5
AA9
102
{ACAD_REACTORS
330
A47
102
}
330
A47
100
AcDbDictionary
281
     1
  3
ColorSettings/BackgroundColor
350
AAB
  3
ColorSettings/ColorMode
350
AAC
  3
Grid/DisplayGrid00
350
AAD
  3
Grid/DisplayGrid01
350
AAE
  3
Grid/DisplayGrid02
350
AAF
  3
Grid/DisplayGrid03
350
AB0
  3
Grid/GridSpacingX00
350
AB1
  3
Grid/GridSpacingX01
350
AB2
  3
Grid/GridSpacingX02
350
AB3
  3
Grid/GridSpacingX03
350
AB4
  3
Grid/GridSpacingY00
350
AB5
  3
Grid/GridSpacingY01
350
AB6
  3
Grid/GridSpacingY02
350
AB7
  3
Grid/GridSpacingY03
350
AB8
  3
Grid/IsometricGrid00
350
AB9
  3
Grid/IsometricGrid01
350
ABA
  3
Grid/IsometricGrid02
350
ABB
  3
Grid/IsometricGrid03
350
ABC
  3
Grid/IsometricProjection00
350
ABD
  3
Grid/IsometricProjection01
350
ABE
  3
Grid/IsometricProjection02
350
ABF
  3
Grid/IsometricProjection03
350
AC0
  3
Grid/MetaGridSpacingX00
350
AC1
  3
Grid/MetaGridSpacingX01
350
AC2
  3
Grid/MetaGridSpacingX02
350
AC3
  3
Grid/MetaGridSpacingX03
350
AC4
  3
Grid/MetaGridSpacingY00
350
AC5
  3
Grid/MetaGridSpacingY01
350
AC6
  3
Grid/MetaGridSpacingY02
350
AC7
  3
Grid/MetaGridSpacingY03
350
AC8
  3
MultiPageSettings/Columns
350
AC9
  3
MultiPageSettings/GlueMarginsBottom
350
ACA
  3
MultiPageSettings/GlueMarginsLeft
350
ACB
  3
MultiPageSettings/GlueMarginsRight
350
ACC
  3
MultiPageSettings/GlueMarginsTop
350
ACD
  3
MultiPageSettings/PrintCropMarks
350
ACE
  3
MultiPageSettings/Rows
350
ACF
  3
PageSettings/OffsetX
350
AD0
  3
PageSettings/OffsetY
350
AD1
  3
PageSettings/PageOrientation
350
AD2
  3
PageSettings/PaperHeight
350
AD3
  3
PageSettings/PaperWidth
350
AD4
  3
PageSettings/Scale
350
AD5
  3
PageSettings/ShowPaperBorders
350
AD6
  3
PageTagSettings/EnablePageTags
350
AD7
  3
PageTagSettings/TagAlignment
350
AD8
  3
PageTagSettings/TagFont
350
AD9
  3
PageTagSettings/TagPosition
350
ADA
  3
QCADVersion
350
ADB
  3
UnitSettings/PaperUnit
350
ADC
  3
ViewportCenter
350
ADD
  3
ViewportHeight
350
ADE
  3
ViewportWidth
350
ADF
  0
LAYOUT
  5
A58
102
{ACAD_REACTORS
330
A54
102
}
330
A54
100
AcDbPlotSettings
  1

  2
none_device
  4
Letter_(8.50_x_11.00_Inches)
  6

 40
6.35
 41
6.35
 42
6.35001
 43
6.35001
 44
215.9
 45
279.4
 46
0.0
 47
0.0
 48
0.0
 49
0.0
140
0.0
141
0.0
142
1.0
143
1.0
 70
   688
 72
     0
 73
     1
 74
     5
  7

 75
    16
 76
     0
 77
     2
 78
   300
147
1.0
148
0.0
149
0.0
100
AcDbLayout
  1
Layout1
 70
     1
 71
     1
 10
-0.25
 20
-0.25
 11
10.75
 21
8.25
 12
0.0
 22
0.0
 32
0.0
 14
1.000000000000000E+20
 24
1.000000000000000E+20
 34
1.000000000000000E+20
 15
-1.000000000000000E+20
 25
-1.000000000000000E+20
 35
-1.000000000000000E+20
146
0.0
 13
0.0
 23
0.0
 33
0.0
 16
1.0
 26
0.0
 36
0.0
 17
0.0
 27
1.0
 37
0.0
 76
     0
330
A55
331
B1D
  0
LAYOUT
  5
A5C
102
{ACAD_REACTORS
330
A54
102
}
330
A54
100
AcDbPlotSettings
  1

  2
none_device
  4
Letter_(8.50_x_11.00_Inches)
  6

 40
6.35
 41
6.35
 42
6.35000508
 43
6.35000508
 44
215.9
 45
279.4
 46
0.0
 47
0.0
 48
0.0
 49
0.0
140
0.0
141
0.0
142
1.0
143
1.0
 70
  1712
 72
     0
 73
     0
 74
     0
  7

 75
     0
 76
     0
 77
     2
 78
   300
147
1.0
148
0.0
149
0.0
100
AcDbLayout
  1
Model
 70
     1
 71
     0
 10
0.0
 20
0.0
 11
12.0
 21
9.0
 12
0.0
 22
0.0
 32
0.0
 14
0.0950846
 24
0.398254
 34
0.0
 15
344.901
 25
208.7566724215538
 35
0.0
146
0.0
 13
0.0
 23
0.0
 33
0.0
 16
1.0
 26
0.0
 36
0.0
 17
0.0
 27
1.0
 37
0.0
 76
     0
330
A59
331
A63
  0
MATERIAL
  5
A7F
102
{ACAD_REACTORS
330
A7D
102
}
330
A7D
100
AcDbMaterial
  1
ByBlock
 72
     1
 94
      127
  0
MATERIAL
  5
A7E
102
{ACAD_REACTORS
330
A7D
102
}
330
A7D
100
AcDbMaterial
  1
ByLayer
 72
     1
 94
      127
  0
MATERIAL
  5
A80
102
{ACAD_REACTORS
330
A7D
102
}
330
A7D
100
AcDbMaterial
  1
Global
 72
     1
 94
      127
  0
MLEADERSTYLE
  5
AA6
102
{ACAD_REACTORS
330
AA5
102
}
330
AA5
100
AcDbMLeaderStyle
179
     2
170
     2
171
     1
172
     0
 90
        2
 40
0.0
 41
0.0
173
     1
 91
-1056964608
340
A4E
 92
       -2
290
     1
 42
0.09
291
     1
 43
0.36
  3
Standard
341
0
 44
0.18
300

342
A4C
174
     1
178
     6
175
     1
176
     0
 93
-1056964608
 45
0.18
292
     0
297
     0
 46
0.18
343
0
 94
-1056964608
 47
1.0
 49
1.0
140
1.0
293
     1
141
0.0
294
     1
177
     0
142
1.0
295
     0
296
     0
143
0.125
271
     0
272
     9
273
     9
298
     0
  0
MLINESTYLE
  5
A52
102
{ACAD_REACTORS
330
A51
102
}
330
A51
100
AcDbMlineStyle
  2
Standard
 70
     0
  3

 62
   256
 51
90.0
 52
90.0
 71
     2
 49
0.5
 62
   256
  6
BYLAYER
 49
-0.5
 62
   256
  6
BYLAYER
  0
ACDBPLACEHOLDER
  5
A4A
102
{ACAD_REACTORS
330
A49
102
}
330
A49
  0
SCALE
  5
A82
102
{ACAD_REACTORS
330
A81
102
}
330
A81
100
AcDbScale
 70
     0
300
1:1
140
1.0
141
1.0
290
     1
  0
SCALE
  5
A83
102
{ACAD_REACTORS
330
A81
102
}
330
A81
100
AcDbScale
 70
     0
300
1:2
140
1.0
141
2.0
290
     0
  0
SCALE
  5
A84
102
{ACAD_REACTORS
330
A81
102
}
330
A81
100
AcDbScale
 70
     0
300
1:4
140
1.0
141
4.0
290
     0
  0
SCALE
  5
A85
102
{ACAD_REACTORS
330
A81
102
}
330
A81
100
AcDbScale
 70
     0
300
1:5
140
1.0
141
5.0
290
     0
  0
SCALE
  5
A86
102
{ACAD_REACTORS
330
A81
102
}
330
A81
100
AcDbScale
 70
     0
300
1:8
140
1.0
141
8.0
290
     0
  0
SCALE
  5
A87
102
{ACAD_REACTORS
330
A81
102
}
330
A81
100
AcDbScale
 70
     0
300
1:10
140
1.0
141
10.0
290
     0
  0
SCALE
  5
A88
102
{ACAD_REACTORS
330
A81
102
}
330
A81
100
AcDbScale
 70
     0
300
1:16
140
1.0
141
16.0
290
     0
  0
SCALE
  5
A89
102
{ACAD_REACTORS
330
A81
102
}
330
A81
100
AcDbScale
 70
     0
300
1:20
140
1.0
141
20.0
290
     0
  0
SCALE
  5
A8A
102
{ACAD_REACTORS
330
A81
102
}
330
A81
100
AcDbScale
 70
     0
300
1:30
140
1.0
141
30.0
290
     0
  0
SCALE
  5
A8B
102
{ACAD_REACTORS
330
A81
102
}
330
A81
100
AcDbScale
 70
     0
300
1:40
140
1.0
141
40.0
290
     0
  0
SCALE
  5
A8C
102
{ACAD_REACTORS
330
A81
102
}
330
A81
100
AcDbScale
 70
     0
300
1:50
140
1.0
141
50.0
290
     0
  0
SCALE
  5
A8D
102
{ACAD_REACTORS
330
A81
102
}
330
A81
100
AcDbScale
 70
     0
300
1:100
140
1.0
141
100.0
290
     0
  0
SCALE
  5
A8E
102
{ACAD_REACTORS
330
A81
102
}
330
A81
100
AcDbScale
 70
     0
300
2:1
140
2.0
141
1.0
290
     0
  0
SCALE
  5
A8F
102
{ACAD_REACTORS
330
A81
102
}
330
A81
100
AcDbScale
 70
     0
300
4:1
140
4.0
141
1.0
290
     0
  0
SCALE
  5
A90
102
{ACAD_REACTORS
330
A81
102
}
330
A81
100
AcDbScale
 70
     0
300
8:1
140
8.0
141
1.0
290
     0
  0
SCALE
  5
A91
102
{ACAD_REACTORS
330
A81
102
}
330
A81
100
AcDbScale
 70
     0
300
10:1
140
10.0
141
1.0
290
     0
  0
SCALE
  5
A92
102
{ACAD_REACTORS
330
A81
102
}
330
A81
100
AcDbScale
 70
     0
300
100:1
140
100.0
141
1.0
290
     0
  0
SCALE
  5
A93
102
{ACAD_REACTORS
330
A81
102
}
330
A81
100
AcDbScale
 70
     0
300
1/128" = 1'-0"
140
0.0078125
141
12.0
290
     0
  0
SCALE
  5
A94
102
{ACAD_REACTORS
330
A81
102
}
330
A81
100
AcDbScale
 70
     0
300
1/64" = 1'-0"
140
0.015625
141
12.0
290
     0
  0
SCALE
  5
A95
102
{ACAD_REACTORS
330
A81
102
}
330
A81
100
AcDbScale
 70
     0
300
1/32" = 1'-0"
140
0.03125
141
12.0
290
     0
  0
SCALE
  5
A96
102
{ACAD_REACTORS
330
A81
102
}
330
A81
100
AcDbScale
 70
     0
300
1/16" = 1'-0"
140
0.0625
141
12.0
290
     0
  0
SCALE
  5
A97
102
{ACAD_REACTORS
330
A81
102
}
330
A81
100
AcDbScale
 70
     0
300
3/32" = 1'-0"
140
0.09375
141
12.0
290
     0
  0
SCALE
  5
A98
102
{ACAD_REACTORS
330
A81
102
}
330
A81
100
AcDbScale
 70
     0
300
1/8" = 1'-0"
140
0.125
141
12.0
290
     0
  0
SCALE
  5
A99
102
{ACAD_REACTORS
330
A81
102
}
330
A81
100
AcDbScale
 70
     0
300
3/16" = 1'-0"
140
0.1875
141
12.0
290
     0
  0
SCALE
  5
A9A
102
{ACAD_REACTORS
330
A81
102
}
330
A81
100
AcDbScale
 70
     0
300
1/4" = 1'-0"
140
0.25
141
12.0
290
     0
  0
SCALE
  5
A9B
102
{ACAD_REACTORS
330
A81
102
}
330
A81
100
AcDbScale
 70
     0
300
3/8" = 1'-0"
140
0.375
141
12.0
290
     0
  0
SCALE
  5
A9C
102
{ACAD_REACTORS
330
A81
102
}
330
A81
100
AcDbScale
 70
     0
300
1/2" = 1'-0"
140
0.5
141
12.0
290
     0
  0
SCALE
  5
A9D
102
{ACAD_REACTORS
330
A81
102
}
330
A81
100
AcDbScale
 70
     0
300
3/4" = 1'-0"
140
0.75
141
12.0
290
     0
  0
SCALE
  5
A9E
102
{ACAD_REACTORS
330
A81
102
}
330
A81
100
AcDbScale
 70
     0
300
1" = 1'-0"
140
1.0
141
12.0
290
     0
  0
SCALE
  5
A9F
102
{ACAD_REACTORS
330
A81
102
}
330
A81
100
AcDbScale
 70
     0
300
1-1/2" = 1'-0"
140
1.5
141
12.0
290
     0
  0
SCALE
  5
AA0
102
{ACAD_REACTORS
330
A81
102
}
330
A81
100
AcDbScale
 70
     0
300
3" = 1'-0"
140
3.0
141
12.0
290
     0
  0
SCALE
  5
AA1
102
{ACAD_REACTORS
330
A81
102
}
330
A81
100
AcDbScale
 70
     0
300
6" = 1'-0"
140
6.0
141
12.0
290
     0
  0
SCALE
  5
AA2
102
{ACAD_REACTORS
330
A81
102
}
330
A81
100
AcDbScale
 70
     0
300
1'-0" = 1'-0"
140
12.0
141
12.0
290
     0
  0
TABLESTYLE
  5
AA4
102
{ACAD_REACTORS
330
AA3
102
}
102
{ACAD_XDICTIONARY
360
B21
102
}
330
AA3
100
AcDbTableStyle
  3
Standard
 70
     0
 71
     0
 40
0.06
 41
0.06
280
     0
281
     0
  7
Standard
140
0.18
170
     2
 62
     0
 63
   257
283
     0
 90
        4
 91
        0
  1

274
    -2
284
     1
 64
     0
275
    -2
285
     1
 65
     0
276
    -2
286
     1
 66
     0
277
    -2
287
     1
 67
     0
278
    -2
288
     1
 68
     0
279
    -2
289
     1
 69
     0
  7
Standard
140
0.25
170
     5
 62
     0
 63
   257
283
     0
 90
        4
 91
        0
  1

274
    -2
284
     1
 64
     0
275
    -2
285
     1
 65
     0
276
    -2
286
     1
 66
     0
277
    -2
287
     1
 67
     0
278
    -2
288
     1
 68
     0
279
    -2
289
     1
 69
     0
  7
Standard
140
0.18
170
     5
 62
     0
 63
   257
283
     0
 90
        4
 91
        0
  1

274
    -2
284
     1
 64
     0
275
    -2
285
     1
 65
     0
276
    -2
286
     1
 66
     0
277
    -2
287
     1
 67
     0
278
    -2
288
     1
 68
     0
279
    -2
289
     1
 69
     0
  0
VISUALSTYLE
  5
A69
102
{ACAD_REACTORS
330
A64
102
}
330
A64
100
AcDbVisualStyle
  2
2dWireframe
 70
     4
177
     3
291
     0
 70
    58
 90
        0
176
     1
 90
        2
176
     1
 90
        0
176
     1
 90
        0
176
     1
 40
0.6
176
     1
 40
30.0
176
     1
 62
     7
420
 16777215
176
     1
 90
        1
176
     1
 90
        4
176
     1
 62
     7
176
     1
 62
   257
176
     1
 90
        1
176
     1
 90
        1
176
     1
 40
1.0
176
     1
 90
        0
176
     1
 62
   257
176
     1
 40
1.0
176
     1
 90
        1
176
     1
 90
        6
176
     1
 90
        2
176
     1
 62
     7
176
     1
 90
        5
176
     1
 90
        0
176
     1
 90
        0
176
     1
290
     0
176
     1
 90
        1
176
     1
 40
0.0
176
     1
 90
        0
176
     1
290
     1
176
     1
290
     1
176
     1
290
     0
176
     1
290
     0
176
     1
290
     0
176
     1
290
     0
176
     1
290
     0
176
     1
290
     0
176
     1
290
     0
176
     1
 90
       50
176
     1
 40
0.0
176
     1
 40
1.0
176
     1
 90
        0
176
     1
 62
    18
420
        0
176
     1
 90
       50
176
     1
 90
        3
176
     1
 62
     5
420
      255
176
     1
290
     0
176
     1
 90
       50
176
     1
 90
       50
176
     1
 90
       50
176
     1
290
     0
176
     1
 90
       50
176
     1
 62
   256
176
     0
 40
1.0
176
     0
 90
        2
176
     1
  1
strokes_ogs.tif
176
     1
290
     0
176
     1
 40
1.0
176
     1
 40
1.0
176
     1
  0
VISUALSTYLE
  5
A6C
102
{ACAD_REACTORS
330
A64
102
}
330
A64
100
AcDbVisualStyle
  2
Basic
 70
     7
177
     3
291
     1
 70
    58
 90
        1
176
     1
 90
        0
176
     1
 90
        1
176
     1
 90
        0
176
     1
 40
0.6
176
     1
 40
30.0
176
     1
 62
     7
420
 16777215
176
     1
 90
        0
176
     1
 90
        4
176
     1
 62
     7
176
     1
 62
   257
176
     1
 90
        1
176
     1
 90
        1
176
     1
 40
1.0
176
     1
 90
        8
176
     1
 62
     7
176
     1
 40
1.0
176
     1
 90
        1
176
     1
 90
        6
176
     1
 90
        2
176
     1
 62
     7
176
     1
 90
        5
176
     1
 90
        0
176
     1
 90
        0
176
     1
290
     0
176
     1
 90
        1
176
     1
 40
0.0
176
     1
 90
        0
176
     1
290
     0
176
     1
290
     1
176
     1
290
     1
176
     1
290
     0
176
     1
290
     0
176
     1
290
     0
176
     1
290
     0
176
     1
290
     0
176
     1
290
     0
176
     1
 90
       50
176
     1
 40
0.0
176
     1
 40
1.0
176
     1
 90
        0
176
     1
 62
    18
420
        0
176
     1
 90
       50
176
     1
 90
        3
176
     1
 62
     5
420
      255
176
     1
290
     0
176
     1
 90
       50
176
     1
 90
       50
176
     1
 90
       50
176
     1
290
     0
176
     1
 90
       50
176
     1
 62
   256
176
     0
 40
1.0
176
     0
 90
        2
176
     1
  1
strokes_ogs.tif
176
     1
290
     0
176
     1
 40
1.0
176
     1
 40
1.0
176
     1
  0
VISUALSTYLE
  5
A70
102
{ACAD_REACTORS
330
A64
102
}
330
A64
100
AcDbVisualStyle
  2
Brighten
 70
    12
177
     3
291
     1
 70
    58
 90
        2
176
     1
 90
        2
176
     1
 90
        0
176
     1
 90
        0
176
     1
 40
0.6
176
     1
 40
30.0
176
     1
 62
     7
420
 16777215
176
     1
 90
        1
176
     1
 90
        4
176
     1
 62
     7
176
     1
 62
   257
176
     1
 90
        1
176
     1
 90
        1
176
     1
 40
1.0
176
     1
 90
        8
176
     1
 62
     7
176
     1
 40
1.0
176
     1
 90
        1
176
     1
 90
        6
176
     1
 90
        2
176
     1
 62
     7
176
     1
 90
        5
176
     1
 90
        0
176
     1
 90
        0
176
     1
290
     0
176
     1
 90
        1
176
     1
 40
50.0
176
     1
 90
        0
176
     1
290
     0
176
     1
290
     1
176
     1
290
     1
176
     1
290
     0
176
     1
290
     0
176
     1
290
     0
176
     1
290
     0
176
     1
290
     0
176
     1
290
     0
176
     1
 90
       50
176
     1
 40
0.0
176
     1
 40
1.0
176
     1
 90
        0
176
     1
 62
    18
420
        0
176
     1
 90
       50
176
     1
 90
        3
176
     1
 62
     5
420
      255
176
     1
290
     0
176
     1
 90
       50
176
     1
 90
       50
176
     1
 90
       50
176
     1
290
     0
176
     1
 90
       50
176
     1
 62
   256
176
     0
 40
1.0
176
     0
 90
        2
176
     1
  1
strokes_ogs.tif
176
     1
290
     0
176
     1
 40
1.0
176
     1
 40
1.0
176
     1
  0
VISUALSTYLE
  5
A74
102
{ACAD_REACTORS
330
A64
102
}
330
A64
100
AcDbVisualStyle
  2
ColorChange
 70
    16
177
     3
291
     1
 70
    58
 90
        2
176
     1
 90
        2
176
     1
 90
        3
176
     1
 90
        0
176
     1
 40
0.6
176
     1
 40
30.0
176
     1
 62
     8
420
  8421504
176
     1
 90
        1
176
     1
 90
        4
176
     1
 62
     7
176
     1
 62
   257
176
     1
 90
        1
176
     1
 90
        1
176
     1
 40
1.0
176
     1
 90
        8
176
     1
 62
     8
420
  8421504
176
     1
 40
1.0
176
     1
 90
        1
176
     1
 90
        6
176
     1
 90
        2
176
     1
 62
     7
176
     1
 90
        5
176
     1
 90
        0
176
     1
 90
        0
176
     1
290
     0
176
     1
 90
        1
176
     1
 40
0.0
176
     1
 90
        0
176
     1
290
     0
176
     1
290
     1
176
     1
290
     1
176
     1
290
     0
176
     1
290
     0
176
     1
290
     0
176
     1
290
     0
176
     1
290
     0
176
     1
290
     0
176
     1
 90
       50
176
     1
 40
0.0
176
     1
 40
1.0
176
     1
 90
        0
176
     1
 62
    18
420
        0
176
     1
 90
       50
176
     1
 90
        3
176
     1
 62
     5
420
      255
176
     1
290
     0
176
     1
 90
       50
176
     1
 90
       50
176
     1
 90
       50
176
     1
290
     0
176
     1
 90
       50
176
     1
 62
   256
176
     0
 40
1.0
176
     0
 90
        2
176
     1
  1
strokes_ogs.tif
176
     1
290
     0
176
     1
 40
1.0
176
     1
 40
1.0
176
     1
  0
VISUALSTYLE
  5
A6E
102
{ACAD_REACTORS
330
A64
102
}
330
A64
100
AcDbVisualStyle
  2
Conceptual
 70
     9
177
     3
291
     0
 70
    58
 90
        3
176
     1
 90
        2
176
     1
 90
        0
176
     1
 90
        0
176
     1
 40
0.6
176
     1
 40
30.0
176
     1
 62
     7
420
 16777215
176
     1
 90
        2
176
     1
 90
        2
176
     1
 62
     7
176
     1
 62
   257
176
     1
 90
        1
176
     1
 90
        1
176
     1
 40
179.0
176
     1
 90
        8
176
     1
 62
     7
176
     1
 40
1.0
176
     1
 90
        1
176
     1
 90
        6
176
     1
 90
        2
176
     1
 62
     7
176
     1
 90
        3
176
     1
 90
        0
176
     1
 90
        0
176
     1
290
     0
176
     1
 90
        1
176
     1
 40
0.0
176
     1
 90
        0
176
     1
290
     0
176
     1
290
     1
176
     1
290
     1
176
     1
290
     0
176
     1
290
     0
176
     1
290
     0
176
     1
290
     0
176
     1
290
     0
176
     1
290
     0
176
     1
 90
       50
176
     1
 40
0.0
176
     1
 40
1.0
176
     1
 90
        0
176
     1
 62
    18
420
        0
176
     1
 90
       50
176
     1
 90
        3
176
     1
 62
     5
420
      255
176
     1
290
     0
176
     1
 90
       50
176
     1
 90
       50
176
     1
 90
       50
176
     1
290
     0
176
     1
 90
       50
176
     1
 62
   256
176
     0
 40
1.0
176
     0
 90
        2
176
     1
  1
strokes_ogs.tif
176
     1
290
     0
176
     1
 40
1.0
176
     1
 40
1.0
176
     1
  0
VISUALSTYLE
  5
A6F
102
{ACAD_REACTORS
330
A64
102
}
330
A64
100
AcDbVisualStyle
  2
Dim
 70
    11
177
     3
291
     1
 70
    58
 90
        2
176
     1
 90
        2
176
     1
 90
        0
176
     1
 90
        0
176
     1
 40
0.6
176
     1
 40
30.0
176
     1
 62
     7
420
 16777215
176
     1
 90
        1
176
     1
 90
        4
176
     1
 62
     7
176
     1
 62
   257
176
     1
 90
        1
176
     1
 90
        1
176
     1
 40
1.0
176
     1
 90
        8
176
     1
 62
     7
176
     1
 40
1.0
176
     1
 90
        1
176
     1
 90
        6
176
     1
 90
        2
176
     1
 62
     7
176
     1
 90
        5
176
     1
 90
        0
176
     1
 90
        0
176
     1
290
     0
176
     1
 90
        1
176
     1
 40
-50.0
176
     1
 90
        0
176
     1
290
     0
176
     1
290
     1
176
     1
290
     1
176
     1
290
     0
176
     1
290
     0
176
     1
290
     0
176
     1
290
     0
176
     1
290
     0
176
     1
290
     0
176
     1
 90
       50
176
     1
 40
0.0
176
     1
 40
1.0
176
     1
 90
        0
176
     1
 62
    18
420
        0
176
     1
 90
       50
176
     1
 90
        3
176
     1
 62
     5
420
      255
176
     1
290
     0
176
     1
 90
       50
176
     1
 90
       50
176
     1
 90
       50
176
     1
290
     0
176
     1
 90
       50
176
     1
 62
   256
176
     0
 40
1.0
176
     0
 90
        2
176
     1
  1
strokes_ogs.tif
176
     1
290
     0
176
     1
 40
1.0
176
     1
 40
1.0
176
     1
  0
VISUALSTYLE
  5
A77
102
{ACAD_REACTORS
330
A64
102
}
330
A64
100
AcDbVisualStyle
  2
EdgeColorOff
 70
    22
177
     3
291
     1
 70
    58
 90
        2
176
     0
 90
        2
176
     0
 90
        0
176
     0
 90
        0
176
     0
 40
0.6
176
     0
 40
30.0
176
     0
 62
     7
420
 16777215
176
     0
 90
        1
176
     0
 90
        4
176
     0
 62
     7
176
     0
 62
   257
176
     0
 90
        1
176
     0
 90
        1
176
     0
 40
1.0
176
     0
 90
        8
176
     2
 62
     7
176
     0
 40
1.0
176
     0
 90
        1
176
     0
 90
        6
176
     0
 90
        2
176
     0
 62
     7
176
     0
 90
        5
176
     0
 90
        0
176
     0
 90
        0
176
     0
290
     0
176
     0
 90
        1
176
     0
 40
0.0
176
     0
 90
        0
176
     0
290
     0
176
     0
290
     1
176
     0
290
     1
176
     0
290
     0
176
     0
290
     0
176
     0
290
     0
176
     0
290
     0
176
     0
290
     0
176
     0
290
     0
176
     0
 90
       50
176
     0
 40
0.0
176
     0
 40
1.0
176
     0
 90
        0
176
     0
 62
    18
420
        0
176
     0
 90
       50
176
     0
 90
        3
176
     0
 62
     5
420
      255
176
     0
290
     0
176
     0
 90
       50
176
     0
 90
       50
176
     0
 90
       50
176
     0
290
     0
176
     0
 90
       50
176
     0
 62
   256
176
     0
 40
1.0
176
     0
 90
        2
176
     0
  1
strokes_ogs.tif
176
     0
290
     0
176
     0
 40
1.0
176
     0
 40
1.0
176
     0
  0
VISUALSTYLE
  5
A73
102
{ACAD_REACTORS
330
A64
102
}
330
A64
100
AcDbVisualStyle
  2
Facepattern
 70
    15
177
     3
291
     1
 70
    58
 90
        2
176
     1
 90
        2
176
     1
 90
        0
176
     1
 90
        0
176
     1
 40
0.6
176
     1
 40
30.0
176
     1
 62
     7
420
 16777215
176
     1
 90
        1
176
     1
 90
        4
176
     1
 62
     7
176
     1
 62
   257
176
     1
 90
        1
176
     1
 90
        1
176
     1
 40
1.0
176
     1
 90
        8
176
     1
 62
     7
176
     1
 40
1.0
176
     1
 90
        1
176
     1
 90
        6
176
     1
 90
        2
176
     1
 62
     7
176
     1
 90
        5
176
     1
 90
        0
176
     1
 90
        0
176
     1
290
     0
176
     1
 90
        1
176
     1
 40
0.0
176
     1
 90
        0
176
     1
290
     0
176
     1
290
     1
176
     1
290
     1
176
     1
290
     0
176
     1
290
     0
176
     1
290
     0
176
     1
290
     0
176
     1
290
     0
176
     1
290
     0
176
     1
 90
       50
176
     1
 40
0.0
176
     1
 40
1.0
176
     1
 90
        0
176
     1
 62
    18
420
        0
176
     1
 90
       50
176
     1
 90
        3
176
     1
 62
     5
420
      255
176
     1
290
     0
176
     1
 90
       50
176
     1
 90
       50
176
     1
 90
       50
176
     1
290
     0
176
     1
 90
       50
176
     1
 62
   256
176
     0
 40
1.0
176
     0
 90
        2
176
     1
  1
strokes_ogs.tif
176
     1
290
     0
176
     1
 40
1.0
176
     1
 40
1.0
176
     1
  0
VISUALSTYLE
  5
A65
102
{ACAD_REACTORS
330
A64
102
}
330
A64
100
AcDbVisualStyle
  2
Flat
 70
     0
177
     3
291
     1
 70
    58
 90
        2
176
     1
 90
        1
176
     1
 90
        1
176
     1
 90
        2
176
     1
 40
0.6
176
     1
 40
30.0
176
     1
 62
     7
420
 16777215
176
     1
 90
        0
176
     1
 90
        0
176
     1
 62
     7
176
     1
 62
   257
176
     1
 90
        1
176
     1
 90
        1
176
     1
 40
1.0
176
     1
 90
        8
176
     1
 62
     7
176
     1
 40
1.0
176
     1
 90
        1
176
     1
 90
        6
176
     1
 90
        2
176
     1
 62
     7
176
     1
 90
        5
176
     1
 90
        0
176
     1
 90
        0
176
     1
290
     0
176
     1
 90
       13
176
     1
 40
0.0
176
     1
 90
        0
176
     1
290
     0
176
     1
290
     1
176
     1
290
     1
176
     1
290
     0
176
     1
290
     0
176
     1
290
     0
176
     1
290
     0
176
     1
290
     0
176
     1
290
     0
176
     1
 90
       50
176
     1
 40
0.0
176
     1
 40
1.0
176
     1
 90
        0
176
     1
 62
    18
420
        0
176
     1
 90
       50
176
     1
 90
        3
176
     1
 62
     5
420
      255
176
     1
290
     0
176
     1
 90
       50
176
     1
 90
       50
176
     1
 90
       50
176
     1
290
     0
176
     1
 90
       50
176
     1
 62
   256
176
     0
 40
1.0
176
     0
 90
        2
176
     1
  1
strokes_ogs.tif
176
     1
290
     0
176
     1
 40
1.0
176
     1
 40
1.0
176
     1
  0
VISUALSTYLE
  5
A66
102
{ACAD_REACTORS
330
A64
102
}
330
A64
100
AcDbVisualStyle
  2
FlatWithEdges
 70
     1
177
     3
291
     1
 70
    58
 90
        2
176
     1
 90
        1
176
     1
 90
        1
176
     1
 90
        2
176
     1
 40
0.6
176
     1
 40
30.0
176
     1
 62
     7
420
 16777215
176
     1
 90
        1
176
     1
 90
        0
176
     1
 62
     7
176
     1
 62
   257
176
     1
 90
        1
176
     1
 90
        1
176
     1
 40
1.0
176
     1
 90
        0
176
     1
 62
   257
176
     1
 40
1.0
176
     1
 90
        1
176
     1
 90
        6
176
     1
 90
        2
176
     1
 62
     7
176
     1
 90
        5
176
     1
 90
        0
176
     1
 90
        0
176
     1
290
     0
176
     1
 90
       13
176
     1
 40
0.0
176
     1
 90
        0
176
     1
290
     0
176
     1
290
     1
176
     1
290
     1
176
     1
290
     0
176
     1
290
     0
176
     1
290
     0
176
     1
290
     0
176
     1
290
     0
176
     1
290
     0
176
     1
 90
       50
176
     1
 40
0.0
176
     1
 40
1.0
176
     1
 90
        0
176
     1
 62
    18
420
        0
176
     1
 90
       50
176
     1
 90
        3
176
     1
 62
     5
420
      255
176
     1
290
     0
176
     1
 90
       50
176
     1
 90
       50
176
     1
 90
       50
176
     1
290
     0
176
     1
 90
       50
176
     1
 62
   256
176
     0
 40
1.0
176
     0
 90
        2
176
     1
  1
strokes_ogs.tif
176
     1
290
     0
176
     1
 40
1.0
176
     1
 40
1.0
176
     1
  0
VISUALSTYLE
  5
A67
102
{ACAD_REACTORS
330
A64
102
}
330
A64
100
AcDbVisualStyle
  2
Gouraud
 70
     2
177
     3
291
     1
 70
    58
 90
        2
176
     1
 90
        2
176
     1
 90
        1
176
     1
 90
        2
176
     1
 40
0.6
176
     1
 40
30.0
176
     1
 62
     7
420
 16777215
176
     1
 90
        0
176
     1
 90
        0
176
     1
 62
     7
176
     1
 62
   257
176
     1
 90
        1
176
     1
 90
        1
176
     1
 40
1.0
176
     1
 90
        0
176
     1
 62
     7
176
     1
 40
1.0
176
     1
 90
        1
176
     1
 90
        6
176
     1
 90
        2
176
     1
 62
     7
176
     1
 90
        5
176
     1
 90
        0
176
     1
 90
        0
176
     1
290
     0
176
     1
 90
       13
176
     1
 40
0.0
176
     1
 90
        0
176
     1
290
     0
176
     1
290
     1
176
     1
290
     1
176
     1
290
     0
176
     1
290
     0
176
     1
290
     0
176
     1
290
     0
176
     1
290
     0
176
     1
290
     0
176
     1
 90
       50
176
     1
 40
0.0
176
     1
 40
1.0
176
     1
 90
        0
176
     1
 62
    18
420
        0
176
     1
 90
       50
176
     1
 90
        3
176
     1
 62
     5
420
      255
176
     1
290
     0
176
     1
 90
       50
176
     1
 90
       50
176
     1
 90
       50
176
     1
290
     0
176
     1
 90
       50
176
     1
 62
   256
176
     0
 40
1.0
176
     0
 90
        2
176
     1
  1
strokes_ogs.tif
176
     1
290
     0
176
     1
 40
1.0
176
     1
 40
1.0
176
     1
  0
VISUALSTYLE
  5
A68
102
{ACAD_REACTORS
330
A64
102
}
330
A64
100
AcDbVisualStyle
  2
GouraudWithEdges
 70
     3
177
     3
291
     1
 70
    58
 90
        2
176
     1
 90
        2
176
     1
 90
        1
176
     1
 90
        2
176
     1
 40
0.6
176
     1
 40
30.0
176
     1
 62
     7
420
 16777215
176
     1
 90
        1
176
     1
 90
        0
176
     1
 62
     7
176
     1
 62
   257
176
     1
 90
        1
176
     1
 90
        1
176
     1
 40
1.0
176
     1
 90
        0
176
     1
 62
   257
176
     1
 40
1.0
176
     1
 90
        1
176
     1
 90
        6
176
     1
 90
        2
176
     1
 62
     7
176
     1
 90
        5
176
     1
 90
        0
176
     1
 90
        0
176
     1
290
     0
176
     1
 90
       13
176
     1
 40
0.0
176
     1
 90
        0
176
     1
290
     0
176
     1
290
     1
176
     1
290
     1
176
     1
290
     0
176
     1
290
     0
176
     1
290
     0
176
     1
290
     0
176
     1
290
     0
176
     1
290
     0
176
     1
 90
       50
176
     1
 40
0.0
176
     1
 40
1.0
176
     1
 90
        0
176
     1
 62
    18
420
        0
176
     1
 90
       50
176
     1
 90
        3
176
     1
 62
     5
420
      255
176
     1
290
     0
176
     1
 90
       50
176
     1
 90
       50
176
     1
 90
       50
176
     1
290
     0
176
     1
 90
       50
176
     1
 62
   256
176
     0
 40
1.0
176
     0
 90
        2
176
     1
  1
strokes_ogs.tif
176
     1
290
     0
176
     1
 40
1.0
176
     1
 40
1.0
176
     1
  0
VISUALSTYLE
  5
A6B
102
{ACAD_REACTORS
330
A64
102
}
330
A64
100
AcDbVisualStyle
  2
Hidden
 70
     6
177
     3
291
     0
 70
    58
 90
        1
176
     1
 90
        2
176
     1
 90
        2
176
     1
 90
        0
176
     1
 40
0.6
176
     1
 40
30.0
176
     1
 62
     7
420
 16777215
176
     1
 90
        2
176
     1
 90
        2
176
     1
 62
     7
176
     1
 62
   257
176
     1
 90
        2
176
     1
 90
        1
176
     1
 40
40.0
176
     1
 90
        0
176
     1
 62
   257
176
     1
 40
1.0
176
     1
 90
        1
176
     1
 90
        6
176
     1
 90
        2
176
     1
 62
     7
176
     1
 90
        3
176
     1
 90
        0
176
     1
 90
        0
176
     1
290
     0
176
     1
 90
        1
176
     1
 40
0.0
176
     1
 90
        0
176
     1
290
     0
176
     1
290
     1
176
     1
290
     1
176
     1
290
     0
176
     1
290
     0
176
     1
290
     0
176
     1
290
     0
176
     1
290
     0
176
     1
290
     0
176
     1
 90
       50
176
     1
 40
0.0
176
     1
 40
1.0
176
     1
 90
        0
176
     1
 62
    18
420
        0
176
     1
 90
       50
176
     1
 90
        3
176
     1
 62
     5
420
      255
176
     1
290
     0
176
     1
 90
       50
176
     1
 90
       50
176
     1
 90
       50
176
     1
290
     0
176
     1
 90
       50
176
     1
 62
   256
176
     0
 40
1.0
176
     0
 90
        2
176
     1
  1
strokes_ogs.tif
176
     1
290
     0
176
     1
 40
1.0
176
     1
 40
1.0
176
     1
  0
VISUALSTYLE
  5
A75
102
{ACAD_REACTORS
330
A64
102
}
330
A64
100
AcDbVisualStyle
  2
JitterOff
 70
    20
177
     3
291
     1
 70
    58
 90
        2
176
     0
 90
        2
176
     0
 90
        0
176
     0
 90
        0
176
     0
 40
0.6
176
     0
 40
30.0
176
     0
 62
     7
420
 16777215
176
     0
 90
        1
176
     0
 90
        4
176
     0
 62
     7
176
     0
 62
   257
176
     0
 90
        1
176
     0
 90
        1
176
     0
 40
1.0
176
     0
 90
       10
176
     2
 62
     7
176
     0
 40
1.0
176
     0
 90
        1
176
     0
 90
        6
176
     0
 90
        2
176
     0
 62
     7
176
     0
 90
        5
176
     0
 90
        0
176
     0
 90
        0
176
     0
290
     0
176
     0
 90
        1
176
     0
 40
0.0
176
     0
 90
        0
176
     0
290
     0
176
     0
290
     1
176
     0
290
     1
176
     0
290
     0
176
     0
290
     0
176
     0
290
     0
176
     0
290
     0
176
     0
290
     0
176
     0
290
     0
176
     0
 90
       50
176
     0
 40
0.0
176
     0
 40
1.0
176
     0
 90
        0
176
     0
 62
    18
420
        0
176
     0
 90
       50
176
     0
 90
        3
176
     0
 62
     5
420
      255
176
     0
290
     0
176
     0
 90
       50
176
     0
 90
       50
176
     0
 90
       50
176
     0
290
     0
176
     0
 90
       50
176
     0
 62
   256
176
     0
 40
1.0
176
     0
 90
        2
176
     0
  1
strokes_ogs.tif
176
     0
290
     0
176
     0
 40
1.0
176
     0
 40
1.0
176
     0
  0
VISUALSTYLE
  5
A72
102
{ACAD_REACTORS
330
A64
102
}
330
A64
100
AcDbVisualStyle
  2
Linepattern
 70
    14
177
     3
291
     1
 70
    58
 90
        2
176
     1
 90
        2
176
     1
 90
        0
176
     1
 90
        0
176
     1
 40
0.6
176
     1
 40
30.0
176
     1
 62
     7
420
 16777215
176
     1
 90
        1
176
     1
 90
        4
176
     1
 62
     7
176
     1
 62
   257
176
     1
 90
        7
176
     1
 90
        7
176
     1
 40
1.0
176
     1
 90
        8
176
     1
 62
     7
176
     1
 40
1.0
176
     1
 90
        1
176
     1
 90
        6
176
     1
 90
        2
176
     1
 62
     7
176
     1
 90
        5
176
     1
 90
        0
176
     1
 90
        0
176
     1
290
     0
176
     1
 90
        1
176
     1
 40
0.0
176
     1
 90
        0
176
     1
290
     0
176
     1
290
     1
176
     1
290
     1
176
     1
290
     0
176
     1
290
     0
176
     1
290
     0
176
     1
290
     0
176
     1
290
     0
176
     1
290
     0
176
     1
 90
       50
176
     1
 40
0.0
176
     1
 40
1.0
176
     1
 90
        0
176
     1
 62
    18
420
        0
176
     1
 90
       50
176
     1
 90
        3
176
     1
 62
     5
420
      255
176
     1
290
     0
176
     1
 90
       50
176
     1
 90
       50
176
     1
 90
       50
176
     1
290
     0
176
     1
 90
       50
176
     1
 62
   256
176
     0
 40
1.0
176
     0
 90
        2
176
     1
  1
strokes_ogs.tif
176
     1
290
     0
176
     1
 40
1.0
176
     1
 40
1.0
176
     1
  0
VISUALSTYLE
  5
A76
102
{ACAD_REACTORS
330
A64
102
}
330
A64
100
AcDbVisualStyle
  2
OverhangOff
 70
    21
177
     3
291
     1
 70
    58
 90
        2
176
     0
 90
        2
176
     0
 90
        0
176
     0
 90
        0
176
     0
 40
0.6
176
     0
 40
30.0
176
     0
 62
     7
420
 16777215
176
     0
 90
        1
176
     0
 90
        4
176
     0
 62
     7
176
     0
 62
   257
176
     0
 90
        1
176
     0
 90
        1
176
     0
 40
1.0
176
     0
 90
        9
176
     2
 62
     7
176
     0
 40
1.0
176
     0
 90
        1
176
     0
 90
        6
176
     0
 90
        2
176
     0
 62
     7
176
     0
 90
        5
176
     0
 90
        0
176
     0
 90
        0
176
     0
290
     0
176
     0
 90
        1
176
     0
 40
0.0
176
     0
 90
        0
176
     0
290
     0
176
     0
290
     1
176
     0
290
     1
176
     0
290
     0
176
     0
290
     0
176
     0
290
     0
176
     0
290
     0
176
     0
290
     0
176
     0
290
     0
176
     0
 90
       50
176
     0
 40
0.0
176
     0
 40
1.0
176
     0
 90
        0
176
     0
 62
    18
420
        0
176
     0
 90
       50
176
     0
 90
        3
176
     0
 62
     5
420
      255
176
     0
290
     0
176
     0
 90
       50
176
     0
 90
       50
176
     0
 90
       50
176
     0
290
     0
176
     0
 90
       50
176
     0
 62
   256
176
     0
 40
1.0
176
     0
 90
        2
176
     0
  1
strokes_ogs.tif
176
     0
290
     0
176
     0
 40
1.0
176
     0
 40
1.0
176
     0
  0
VISUALSTYLE
  5
A6D
102
{ACAD_REACTORS
330
A64
102
}
330
A64
100
AcDbVisualStyle
  2
Realistic
 70
     8
177
     3
291
     0
 70
    58
 90
        2
176
     1
 90
        3
176
     1
 90
        0
176
     1
 90
        2
176
     1
 40
0.6
176
     1
 40
30.0
176
     1
 62
     7
420
 16777215
176
     1
 90
        0
176
     1
 90
        0
176
     1
 62
     7
176
     1
 62
   257
176
     1
 90
        1
176
     1
 90
        1
176
     1
 40
1.0
176
     1
 90
        8
176
     1
 62
   257
176
     1
 40
1.0
176
     1
 90
        1
176
     1
 90
        6
176
     1
 90
        2
176
     1
 62
     7
176
     1
 90
        3
176
     1
 90
        0
176
     1
 90
        0
176
     1
290
     0
176
     1
 90
       13
176
     1
 40
0.0
176
     1
 90
        0
176
     1
290
     0
176
     1
290
     1
176
     1
290
     1
176
     1
290
     0
176
     1
290
     0
176
     1
290
     0
176
     1
290
     0
176
     1
290
     0
176
     1
290
     0
176
     1
 90
       50
176
     1
 40
0.0
176
     1
 40
1.0
176
     1
 90
        0
176
     1
 62
    18
420
        0
176
     1
 90
       50
176
     1
 90
        3
176
     1
 62
     5
420
      255
176
     1
290
     0
176
     1
 90
       50
176
     1
 90
       50
176
     1
 90
       50
176
     1
290
     0
176
     1
 90
       50
176
     1
 62
   256
176
     0
 40
1.0
176
     0
 90
        2
176
     1
  1
strokes_ogs.tif
176
     1
290
     0
176
     1
 40
1.0
176
     1
 40
1.0
176
     1
  0
VISUALSTYLE
  5
A7C
102
{ACAD_REACTORS
330
A64
102
}
330
A64
100
AcDbVisualStyle
  2
Shaded
 70
    27
177
     3
291
     0
 70
    58
 90
        2
176
     1
 90
        2
176
     1
 90
        1
176
     1
 90
        2
176
     1
 40
0.6
176
     1
 40
30.0
176
     1
 62
     7
420
 16777215
176
     1
 90
        0
176
     1
 90
        4
176
     1
 62
     7
176
     1
 62
   257
176
     1
 90
        1
176
     1
 90
        1
176
     1
 40
1.0
176
     1
 90
        8
176
     1
 62
   257
176
     1
 40
1.0
176
     1
 90
        1
176
     1
 90
        6
176
     1
 90
        2
176
     1
 62
     8
420
  7895160
176
     1
 90
        3
176
     1
 90
        0
176
     1
 90
        0
176
     1
290
     0
176
     1
 90
        5
176
     1
 40
0.0
176
     1
 90
        0
176
     1
290
     0
176
     1
290
     1
176
     1
290
     1
176
     1
290
     0
176
     1
290
     0
176
     1
290
     0
176
     1
290
     0
176
     1
290
     0
176
     1
290
     0
176
     1
 90
       50
176
     1
 40
0.0
176
     1
 40
1.0
176
     1
 90
        0
176
     1
 62
    18
420
        0
176
     1
 90
       50
176
     1
 90
        3
176
     1
 62
     5
420
      255
176
     1
290
     0
176
     1
 90
       50
176
     1
 90
       50
176
     1
 90
       50
176
     1
290
     0
176
     1
 90
       50
176
     1
 62
   256
176
     0
 40
1.0
176
     0
 90
        2
176
     1
  1
strokes_ogs.tif
176
     1
290
     0
176
     1
 40
1.0
176
     1
 40
1.0
176
     1
  0
VISUALSTYLE
  5
A7B
102
{ACAD_REACTORS
330
A64
102
}
330
A64
100
AcDbVisualStyle
  2
Shaded with edges
 70
    26
177
     3
291
     0
 70
    58
 90
        2
176
     1
 90
        2
176
     1
 90
        1
176
     1
 90
        2
176
     1
 40
0.6
176
     1
 40
30.0
176
     1
 62
     7
420
 16777215
176
     1
 90
        1
176
     1
 90
       10
176
     1
 62
     7
176
     1
 62
   257
176
     1
 90
        2
176
     1
 90
        1
176
     1
 40
1.0
176
     1
 90
        8
176
     1
 62
   257
176
     1
 40
1.0
176
     1
 90
        1
176
     1
 90
        6
176
     1
 90
        2
176
     1
 62
     7
176
     1
 90
        3
176
     1
 90
        0
176
     1
 90
        0
176
     1
290
     0
176
     1
 90
        5
176
     1
 40
0.0
176
     1
 90
        0
176
     1
290
     0
176
     1
290
     1
176
     1
290
     1
176
     1
290
     0
176
     1
290
     0
176
     1
290
     0
176
     1
290
     0
176
     1
290
     0
176
     1
290
     0
176
     1
 90
       50
176
     1
 40
0.0
176
     1
 40
1.0
176
     1
 90
        0
176
     1
 62
    18
420
        0
176
     1
 90
       50
176
     1
 90
        3
176
     1
 62
     5
420
      255
176
     1
290
     0
176
     1
 90
       50
176
     1
 90
       50
176
     1
 90
       50
176
     1
290
     0
176
     1
 90
       50
176
     1
 62
   256
176
     0
 40
1.0
176
     0
 90
        2
176
     1
  1
strokes_ogs.tif
176
     1
290
     0
176
     1
 40
1.0
176
     1
 40
1.0
176
     1
  0
VISUALSTYLE
  5
A78
102
{ACAD_REACTORS
330
A64
102
}
330
A64
100
AcDbVisualStyle
  2
Shades of Gray
 70
    23
177
     3
291
     0
 70
    58
 90
        2
176
     1
 90
        2
176
     1
 90
        3
176
     1
 90
        0
176
     1
 40
0.6
176
     1
 40
30.0
176
     1
 62
     7
420
 16777215
176
     1
 90
        2
176
     1
 90
        2
176
     1
 62
     7
176
     1
 62
     7
176
     1
 90
        1
176
     1
 90
        1
176
     1
 40
40.0
176
     1
 90
        8
176
     1
 62
     7
176
     1
 40
1.0
176
     1
 90
        1
176
     1
 90
        6
176
     1
 90
        2
176
     1
 62
     7
176
     1
 90
        3
176
     1
 90
        0
176
     1
 90
        0
176
     1
290
     0
176
     1
 90
        1
176
     1
 40
0.0
176
     1
 90
        0
176
     1
290
     0
176
     1
290
     1
176
     1
290
     1
176
     1
290
     0
176
     1
290
     0
176
     1
290
     0
176
     1
290
     0
176
     1
290
     0
176
     1
290
     0
176
     1
 90
       50
176
     1
 40
0.0
176
     1
 40
1.0
176
     1
 90
        0
176
     1
 62
    18
420
        0
176
     1
 90
       50
176
     1
 90
        3
176
     1
 62
     5
420
      255
176
     1
290
     0
176
     1
 90
       50
176
     1
 90
       50
176
     1
 90
       50
176
     1
290
     0
176
     1
 90
       50
176
     1
 62
   256
176
     0
 40
1.0
176
     0
 90
        2
176
     1
  1
strokes_ogs.tif
176
     1
290
     0
176
     1
 40
1.0
176
     1
 40
1.0
176
     1
  0
VISUALSTYLE
  5
A79
102
{ACAD_REACTORS
330
A64
102
}
330
A64
100
AcDbVisualStyle
  2
Sketchy
 70
    24
177
     3
291
     0
 70
    58
 90
        1
176
     1
 90
        2
176
     1
 90
        2
176
     1
 90
        0
176
     1
 40
0.6
176
     1
 40
30.0
176
     1
 62
     7
420
 16777215
176
     1
 90
        2
176
     1
 90
        2
176
     1
 62
     7
176
     1
 62
     7
176
     1
 90
        1
176
     1
 90
        1
176
     1
 40
40.0
176
     1
 90
       11
176
     1
 62
     7
176
     1
 40
1.0
176
     1
 90
        1
176
     1
 90
        6
176
     1
 90
        2
176
     1
 62
     7
176
     1
 90
        6
176
     1
 90
        0
176
     1
 90
        0
176
     1
290
     0
176
     1
 90
        1
176
     1
 40
0.0
176
     1
 90
        0
176
     1
290
     0
176
     1
290
     1
176
     1
290
     1
176
     1
290
     0
176
     1
290
     0
176
     1
290
     0
176
     1
290
     0
176
     1
290
     0
176
     1
290
     0
176
     1
 90
       50
176
     1
 40
0.0
176
     1
 40
1.0
176
     1
 90
        0
176
     1
 62
    18
420
        0
176
     1
 90
       50
176
     1
 90
        3
176
     1
 62
     5
420
      255
176
     1
290
     0
176
     1
 90
       50
176
     1
 90
       50
176
     1
 90
       50
176
     1
290
     0
176
     1
 90
       50
176
     1
 62
   256
176
     0
 40
1.0
176
     0
 90
        2
176
     1
  1
strokes_ogs.tif
176
     1
290
     0
176
     1
 40
1.0
176
     1
 40
1.0
176
     1
  0
VISUALSTYLE
  5
A71
102
{ACAD_REACTORS
330
A64
102
}
330
A64
100
AcDbVisualStyle
  2
Thicken
 70
    13
177
     3
291
     1
 70
    58
 90
        2
176
     1
 90
        2
176
     1
 90
        0
176
     1
 90
        0
176
     1
 40
0.6
176
     1
 40
30.0
176
     1
 62
     7
420
 16777215
176
     1
 90
        1
176
     1
 90
        4
176
     1
 62
     7
176
     1
 62
   257
176
     1
 90
        1
176
     1
 90
        1
176
     1
 40
1.0
176
     1
 90
       12
176
     1
 62
     7
176
     1
 40
1.0
176
     1
 90
        1
176
     1
 90
        6
176
     1
 90
        2
176
     1
 62
     7
176
     1
 90
        5
176
     1
 90
        0
176
     1
 90
        0
176
     1
290
     0
176
     1
 90
        1
176
     1
 40
0.0
176
     1
 90
        0
176
     1
290
     0
176
     1
290
     1
176
     1
290
     1
176
     1
290
     0
176
     1
290
     0
176
     1
290
     0
176
     1
290
     0
176
     1
290
     0
176
     1
290
     0
176
     1
 90
       50
176
     1
 40
0.0
176
     1
 40
1.0
176
     1
 90
        0
176
     1
 62
    18
420
        0
176
     1
 90
       50
176
     1
 90
        3
176
     1
 62
     5
420
      255
176
     1
290
     0
176
     1
 90
       50
176
     1
 90
       50
176
     1
 90
       50
176
     1
290
     0
176
     1
 90
       50
176
     1
 62
   256
176
     0
 40
1.0
176
     0
 90
        2
176
     1
  1
strokes_ogs.tif
176
     1
290
     0
176
     1
 40
1.0
176
     1
 40
1.0
176
     1
  0
VISUALSTYLE
  5
A6A
102
{ACAD_REACTORS
330
A64
102
}
330
A64
100
AcDbVisualStyle
  2
Wireframe
 70
     5
177
     3
291
     0
 70
    58
 90
        0
176
     1
 90
        2
176
     1
 90
        0
176
     1
 90
        0
176
     1
 40
0.6
176
     1
 40
30.0
176
     1
 62
     7
420
 16777215
176
     1
 90
        1
176
     1
 90
        4
176
     1
 62
     7
176
     1
 62
   257
176
     1
 90
        1
176
     1
 90
        1
176
     1
 40
1.0
176
     1
 90
        0
176
     1
 62
   257
176
     1
 40
1.0
176
     1
 90
        1
176
     1
 90
        6
176
     1
 90
        2
176
     1
 62
     7
176
     1
 90
        3
176
     1
 90
        0
176
     1
 90
        0
176
     1
290
     0
176
     1
 90
        1
176
     1
 40
0.0
176
     1
 90
        0
176
     1
290
     0
176
     1
290
     1
176
     1
290
     1
176
     1
290
     0
176
     1
290
     0
176
     1
290
     0
176
     1
290
     0
176
     1
290
     0
176
     1
290
     0
176
     1
 90
       50
176
     1
 40
0.0
176
     1
 40
1.0
176
     1
 90
        0
176
     1
 62
    18
420
        0
176
     1
 90
       50
176
     1
 90
        3
176
     1
 62
     5
420
      255
176
     1
290
     0
176
     1
 90
       50
176
     1
 90
       50
176
     1
 90
       50
176
     1
290
     0
176
     1
 90
       50
176
     1
 62
   256
176
     0
 40
1.0
176
     0
 90
        2
176
     1
  1
strokes_ogs.tif
176
     1
290
     0
176
     1
 40
1.0
176
     1
 40
1.0
176
     1
  0
VISUALSTYLE
  5
A7A
102
{ACAD_REACTORS
330
A64
102
}
330
A64
100
AcDbVisualStyle
  2
X-Ray
 70
    25
177
     3
291
     0
 70
    58
 90
        2
176
     1
 90
        2
176
     1
 90
        1
176
     1
 90
        1
176
     1
 40
0.5
176
     1
 40
30.0
176
     1
 62
     7
420
 16777215
176
     1
 90
        1
176
     1
 90
        0
176
     1
 62
     7
176
     1
 62
   257
176
     1
 90
        1
176
     1
 90
        1
176
     1
 40
1.0
176
     1
 90
        8
176
     1
 62
     7
176
     1
 40
1.0
176
     1
 90
        1
176
     1
 90
        6
176
     1
 90
        2
176
     1
 62
     7
176
     1
 90
        3
176
     1
 90
        0
176
     1
 90
        0
176
     1
290
     0
176
     1
 90
       13
176
     1
 40
0.0
176
     1
 90
        0
176
     1
290
     0
176
     1
290
     1
176
     1
290
     1
176
     1
290
     0
176
     1
290
     0
176
     1
290
     0
176
     1
290
     0
176
     1
290
     0
176
     1
290
     0
176
     1
 90
       50
176
     1
 40
0.0
176
     1
 40
1.0
176
     1
 90
        0
176
     1
 62
    18
420
        0
176
     1
 90
       50
176
     1
 90
        3
176
     1
 62
     5
420
      255
176
     1
290
     0
176
     1
 90
       50
176
     1
 90
       50
176
     1
 90
       50
176
     1
290
     0
176
     1
 90
       50
176
     1
 62
   256
176
     0
 40
1.0
176
     0
 90
        2
176
     1
  1
strokes_ogs.tif
176
     1
290
     0
176
     1
 40
1.0
176
     1
 40
1.0
176
     1
  0
DICTIONARYVAR
  5
B20
102
{ACAD_REACTORS
330
B1F
102
}
330
B1F
100
DictionaryVariables
280
     0
  1
1:1
  0
DICTIONARYVAR
  5
B25
102
{ACAD_REACTORS
330
B1F
102
}
330
B1F
100
DictionaryVariables
280
     0
  1
Standard
  0
DICTIONARYVAR
  5
B24
102
{ACAD_REACTORS
330
B1F
102
}
330
B1F
100
DictionaryVariables
280
     0
  1
Standard
  0
XRECORD
  5
AAB
102
{ACAD_REACTORS
330
AA9
102
}
330
AA9
100
AcDbXrecord
280
     1
1000
#ffffff
  0
XRECORD
  5
AAC
102
{ACAD_REACTORS
330
AA9
102
}
330
AA9
100
AcDbXrecord
280
     1
1000
FullColor
  0
XRECORD
  5
AAD
102
{ACAD_REACTORS
330
AA9
102
}
330
AA9
100
AcDbXrecord
280
     1
290
     1
  0
XRECORD
  5
AAE
102
{ACAD_REACTORS
330
AA9
102
}
330
AA9
100
AcDbXrecord
280
     1
290
     1
  0
XRECORD
  5
AAF
102
{ACAD_REACTORS
330
AA9
102
}
330
AA9
100
AcDbXrecord
280
     1
290
     1
  0
XRECORD
  5
AB0
102
{ACAD_REACTORS
330
AA9
102
}
330
AA9
100
AcDbXrecord
280
     1
290
     1
  0
XRECORD
  5
AB1
102
{ACAD_REACTORS
330
AA9
102
}
330
AA9
100
AcDbXrecord
280
     1
1000
auto
  0
XRECORD
  5
AB2
102
{ACAD_REACTORS
330
AA9
102
}
330
AA9
100
AcDbXrecord
280
     1
1000
auto
  0
XRECORD
  5
AB3
102
{ACAD_REACTORS
330
AA9
102
}
330
AA9
100
AcDbXrecord
280
     1
1000
auto
  0
XRECORD
  5
AB4
102
{ACAD_REACTORS
330
AA9
102
}
330
AA9
100
AcDbXrecord
280
     1
1000
auto
  0
XRECORD
  5
AB5
102
{ACAD_REACTORS
330
AA9
102
}
330
AA9
100
AcDbXrecord
280
     1
1000
auto
  0
XRECORD
  5
AB6
102
{ACAD_REACTORS
330
AA9
102
}
330
AA9
100
AcDbXrecord
280
     1
1000
auto
  0
XRECORD
  5
AB7
102
{ACAD_REACTORS
330
AA9
102
}
330
AA9
100
AcDbXrecord
280
     1
1000
auto
  0
XRECORD
  5
AB8
102
{ACAD_REACTORS
330
AA9
102
}
330
AA9
100
AcDbXrecord
280
     1
1000
auto
  0
XRECORD
  5
AB9
102
{ACAD_REACTORS
330
AA9
102
}
330
AA9
100
AcDbXrecord
280
     1
290
     0
  0
XRECORD
  5
ABA
102
{ACAD_REACTORS
330
AA9
102
}
330
AA9
100
AcDbXrecord
280
     1
290
     0
  0
XRECORD
  5
ABB
102
{ACAD_REACTORS
330
AA9
102
}
330
AA9
100
AcDbXrecord
280
     1
290
     0
  0
XRECORD
  5
ABC
102
{ACAD_REACTORS
330
AA9
102
}
330
AA9
100
AcDbXrecord
280
     1
290
     0
  0
XRECORD
  5
ABD
102
{ACAD_REACTORS
330
AA9
102
}
330
AA9
100
AcDbXrecord
280
     1
 90
    65537
  0
XRECORD
  5
ABE
102
{ACAD_REACTORS
330
AA9
102
}
330
AA9
100
AcDbXrecord
280
     1
 90
    65537
  0
XRECORD
  5
ABF
102
{ACAD_REACTORS
330
AA9
102
}
330
AA9
100
AcDbXrecord
280
     1
 90
    65537
  0
XRECORD
  5
AC0
102
{ACAD_REACTORS
330
AA9
102
}
330
AA9
100
AcDbXrecord
280
     1
 90
    65537
  0
XRECORD
  5
AC1
102
{ACAD_REACTORS
330
AA9
102
}
330
AA9
100
AcDbXrecord
280
     1
1000
auto
  0
XRECORD
  5
AC2
102
{ACAD_REACTORS
330
AA9
102
}
330
AA9
100
AcDbXrecord
280
     1
1000
auto
  0
XRECORD
  5
AC3
102
{ACAD_REACTORS
330
AA9
102
}
330
AA9
100
AcDbXrecord
280
     1
1000
auto
  0
XRECORD
  5
AC4
102
{ACAD_REACTORS
330
AA9
102
}
330
AA9
100
AcDbXrecord
280
     1
1000
auto
  0
XRECORD
  5
AC5
102
{ACAD_REACTORS
330
AA9
102
}
330
AA9
100
AcDbXrecord
280
     1
1000
auto
  0
XRECORD
  5
AC6
102
{ACAD_REACTORS
330
AA9
102
}
330
AA9
100
AcDbXrecord
280
     1
1000
auto
  0
XRECORD
  5
AC7
102
{ACAD_REACTORS
330
AA9
102
}
330
AA9
100
AcDbXrecord
280
     1
1000
auto
  0
XRECORD
  5
AC8
102
{ACAD_REACTORS
330
AA9
102
}
330
AA9
100
AcDbXrecord
280
     1
1000
auto
  0
XRECORD
  5
AC9
102
{ACAD_REACTORS
330
AA9
102
}
330
AA9
100
AcDbXrecord
280
     1
 90
        1
  0
XRECORD
  5
ACA
102
{ACAD_REACTORS
330
AA9
102
}
330
AA9
100
AcDbXrecord
280
     1
 40
10.0
  0
XRECORD
  5
ACB
102
{ACAD_REACTORS
330
AA9
102
}
330
AA9
100
AcDbXrecord
280
     1
 40
10.0
  0
XRECORD
  5
ACC
102
{ACAD_REACTORS
330
AA9
102
}
330
AA9
100
AcDbXrecord
280
     1
 40
10.0
  0
XRECORD
  5
ACD
102
{ACAD_REACTORS
330
AA9
102
}
330
AA9
100
AcDbXrecord
280
     1
 40
10.0
  0
XRECORD
  5
ACE
102
{ACAD_REACTORS
330
AA9
102
}
330
AA9
100
AcDbXrecord
280
     1
290
     0
  0
XRECORD
  5
ACF
102
{ACAD_REACTORS
330
AA9
102
}
330
AA9
100
AcDbXrecord
280
     1
 90
        1
  0
XRECORD
  5
AD0
102
{ACAD_REACTORS
330
AA9
102
}
330
AA9
100
AcDbXrecord
280
     1
 40
0.0
  0
XRECORD
  5
AD1
102
{ACAD_REACTORS
330
AA9
102
}
330
AA9
100
AcDbXrecord
280
     1
 40
0.0
  0
XRECORD
  5
AD2
102
{ACAD_REACTORS
330
AA9
102
}
330
AA9
100
AcDbXrecord
280
     1
1000
Portrait
  0
XRECORD
  5
AD3
102
{ACAD_REACTORS
330
AA9
102
}
330
AA9
100
AcDbXrecord
280
     1
 40
297.0
  0
XRECORD
  5
AD4
102
{ACAD_REACTORS
330
AA9
102
}
330
AA9
100
AcDbXrecord
280
     1
 40
210.0
  0
XRECORD
  5
AD5
102
{ACAD_REACTORS
330
AA9
102
}
330
AA9
100
AcDbXrecord
280
     1
1000
1:1
  0
XRECORD
  5
AD6
102
{ACAD_REACTORS
330
AA9
102
}
330
AA9
100
AcDbXrecord
280
     1
290
     1
  0
XRECORD
  5
AD7
102
{ACAD_REACTORS
330
AA9
102
}
330
AA9
100
AcDbXrecord
280
     1
290
     0
  0
XRECORD
  5
AD8
102
{ACAD_REACTORS
330
AA9
102
}
330
AA9
100
AcDbXrecord
280
     1
1000
Inside
  0
XRECORD
  5
AD9
102
{ACAD_REACTORS
330
AA9
102
}
330
AA9
100
AcDbXrecord
280
     1
1000
Arial,10,-1,5,50,0,0,0,0,0
  0
XRECORD
  5
ADA
102
{ACAD_REACTORS
330
AA9
102
}
330
AA9
100
AcDbXrecord
280
     1
1000
TopLeft
  0
XRECORD
  5
ADB
102
{ACAD_REACTORS
330
AA9
102
}
330
AA9
100
AcDbXrecord
280
     1
1000
3.26.2
  0
XRECORD
  5
ADC
102
{ACAD_REACTORS
330
AA9
102
}
330
AA9
100
AcDbXrecord
280
     1
 90
        4
  0
XRECORD
  5
ADD
102
{ACAD_REACTORS
330
AA9
102
}
330
AA9
100
AcDbXrecord
280
     1
  0
XRECORD
  5
ADE
102
{ACAD_REACTORS
330
AA9
102
}
330
AA9
100
AcDbXrecord
280
     1
 40
146.0829092975234
  0
XRECORD
  5
ADF
102
{ACAD_REACTORS
330
AA9
102
}
330
AA9
100
AcDbXrecord
280
     1
 40
303.3289394636323
  0
DICTIONARY
  5
B21
330
AA4
100
AcDbDictionary
280
     1
281
     1
  3
ACAD_ROUNDTRIP_2008_TABLESTYLE_CELLSTYLEMAP
360
B22
  0
CELLSTYLEMAP
  5
B22
102
{ACAD_REACTORS
330
B21
102
}
330
B21
100
AcDbCellStyleMap
 90
        3
300
CELLSTYLE
  1
TABLEFORMAT_BEGIN
 90
        5
170
     1
 91
        0
 92
    32768
 62
   257
 93
        1
300
CONTENTFORMAT
  1
CONTENTFORMAT_BEGIN
 90
        0
 91
        0
 92
        4
 93
        0
300

 40
0.0
140
1.0
 94
        5
 62
     0
340
A4C
144
0.25
309
CONTENTFORMAT_END
171
     1
301
MARGIN
  1
CELLMARGIN_BEGIN
 40
0.06
 40
0.06
 40
0.06
 40
0.06
 40
0.06
 40
0.06
309
CELLMARGIN_END
 94
        6
 95
        1
302
GRIDFORMAT
  1
GRIDFORMAT_BEGIN
 90
        0
 91
        1
 62
     0
 92
       -2
340
A4E
 93
        0
 40
0.045
309
GRIDFORMAT_END
 95
        2
302
GRIDFORMAT
  1
GRIDFORMAT_BEGIN
 90
        0
 91
        1
 62
     0
 92
       -2
340
A4E
 93
        0
 40
0.045
309
GRIDFORMAT_END
 95
        4
302
GRIDFORMAT
  1
GRIDFORMAT_BEGIN
 90
        0
 91
        1
 62
     0
 92
       -2
340
A4E
 93
        0
 40
0.045
309
GRIDFORMAT_END
 95
        8
302
GRIDFORMAT
  1
GRIDFORMAT_BEGIN
 90
        0
 91
        1
 62
     0
 92
       -2
340
A4E
 93
        0
 40
0.045
309
GRIDFORMAT_END
 95
       16
302
GRIDFORMAT
  1
GRIDFORMAT_BEGIN
 90
        0
 91
        1
 62
     0
 92
       -2
340
A4E
 93
        0
 40
0.045
309
GRIDFORMAT_END
 95
       32
302
GRIDFORMAT
  1
GRIDFORMAT_BEGIN
 90
        0
 91
        1
 62
     0
 92
       -2
340
A4E
 93
        0
 40
0.045
309
GRIDFORMAT_END
309
TABLEFORMAT_END
  1
CELLSTYLE_BEGIN
 90
        1
 91
        1
300
_TITLE
309
CELLSTYLE_END
300
CELLSTYLE
  1
TABLEFORMAT_BEGIN
 90
        5
170
     1
 91
        0
 92
        0
 62
   257
 93
        1
300
CONTENTFORMAT
  1
CONTENTFORMAT_BEGIN
 90
        0
 91
        0
 92
        4
 93
        0
300

 40
0.0
140
1.0
 94
        5
 62
     0
340
A4C
144
0.18
309
CONTENTFORMAT_END
171
     1
301
MARGIN
  1
CELLMARGIN_BEGIN
 40
0.06
 40
0.06
 40
0.06
 40
0.06
 40
0.06
 40
0.06
309
CELLMARGIN_END
 94
        6
 95
        1
302
GRIDFORMAT
  1
GRIDFORMAT_BEGIN
 90
        0
 91
        1
 62
     0
 92
       -2
340
A4E
 93
        0
 40
0.045
309
GRIDFORMAT_END
 95
        2
302
GRIDFORMAT
  1
GRIDFORMAT_BEGIN
 90
        0
 91
        1
 62
     0
 92
       -2
340
A4E
 93
        0
 40
0.045
309
GRIDFORMAT_END
 95
        4
302
GRIDFORMAT
  1
GRIDFORMAT_BEGIN
 90
        0
 91
        1
 62
     0
 92
       -2
340
A4E
 93
        0
 40
0.045
309
GRIDFORMAT_END
 95
        8
302
GRIDFORMAT
  1
GRIDFORMAT_BEGIN
 90
        0
 91
        1
 62
     0
 92
       -2
340
A4E
 93
        0
 40
0.045
309
GRIDFORMAT_END
 95
       16
302
GRIDFORMAT
  1
GRIDFORMAT_BEGIN
 90
        0
 91
        1
 62
     0
 92
       -2
340
A4E
 93
        0
 40
0.045
309
GRIDFORMAT_END
 95
       32
302
GRIDFORMAT
  1
GRIDFORMAT_BEGIN
 90
        0
 91
        1
 62
     0
 92
       -2
340
A4E
 93
        0
 40
0.045
309
GRIDFORMAT_END
309
TABLEFORMAT_END
  1
CELLSTYLE_BEGIN
 90
        2
 91
        1
300
_HEADER
309
CELLSTYLE_END
300
CELLSTYLE
  1
TABLEFORMAT_BEGIN
 90
        5
170
     1
 91
        0
 92
        0
 62
   257
 93
        1
300
CONTENTFORMAT
  1
CONTENTFORMAT_BEGIN
 90
        0
 91
        0
 92
        4
 93
        0
300

 40
0.0
140
1.0
 94
        2
 62
     0
340
A4C
144
0.18
309
CONTENTFORMAT_END
171
     1
301
MARGIN
  1
CELLMARGIN_BEGIN
 40
0.06
 40
0.06
 40
0.06
 40
0.06
 40
0.06
 40
0.06
309
CELLMARGIN_END
 94
        6
 95
        1
302
GRIDFORMAT
  1
GRIDFORMAT_BEGIN
 90
        0
 91
        1
 62
     0
 92
       -2
340
A4E
 93
        0
 40
0.045
309
GRIDFORMAT_END
 95
        2
302
GRIDFORMAT
  1
GRIDFORMAT_BEGIN
 90
        0
 91
        1
 62
     0
 92
       -2
340
A4E
 93
        0
 40
0.045
309
GRIDFORMAT_END
 95
        4
302
GRIDFORMAT
  1
GRIDFORMAT_BEGIN
 90
        0
 91
        1
 62
     0
 92
       -2
340
A4E
 93
        0
 40
0.045
309
GRIDFORMAT_END
 95
        8
302
GRIDFORMAT
  1
GRIDFORMAT_BEGIN
 90
        0
 91
        1
 62
     0
 92
       -2
340
A4E
 93
        0
 40
0.045
309
GRIDFORMAT_END
 95
       16
302
GRIDFORMAT
  1
GRIDFORMAT_BEGIN
 90
        0
 91
        1
 62
     0
 92
       -2
340
A4E
 93
        0
 40
0.045
309
GRIDFORMAT_END
 95
       32
302
GRIDFORMAT
  1
GRIDFORMAT_BEGIN
 90
        0
 91
        1
 62
     0
 92
       -2
340
A4E
 93
        0
 40
0.045
309
GRIDFORMAT_END
309
TABLEFORMAT_END
  1
CELLSTYLE_BEGIN
 90
        3
 91
        2
300
_DATA
309
CELLSTYLE_END
  0
ENDSEC
  0
EOF
