  0
SECTION
  2
HEADER
  9
$ACADVER
  1
AC1015
  9
$ACADMAINTVER
 70
    20
  9
$DWGCODEPAGE
  3
ANSI_1252
  9
$INSBASE
 10
0.0
 20
0.0
 30
0.0
  9
$EXTMIN
 10
-302.791274377166
 20
-87.192374966032
 30
0.0
  9
$EXTMAX
 10
-129.683335980379
 20
37.65819839633
 30
0.0
  9
$LIMMIN
 10
-302.791274377166
 20
-87.192374966032
  9
$LIMMAX
 10
-129.683335980379
 20
37.65819839633
  9
$ORTHOMODE
 70
     0
  9
$REGENMODE
 70
     1
  9
$FILLMODE
 70
     1
  9
$QTEXTMODE
 70
     0
  9
$MIRRTEXT
 70
     0
  9
$LTSCALE
 40
1.0
  9
$ATTMODE
 70
     1
  9
$TEXTSIZE
 40
2.5
  9
$TRACEWID
 40
1.0
  9
$TEXTSTYLE
  7
Standard
  9
$CLAYER
  8
0
  9
$CELTYPE
  6
ByLayer
  9
$CECOLOR
 62
   256
  9
$CELTSCALE
 40
1.0
  9
$DISPSILH
 70
     0
  9
$DIMSCALE
 40
1.0
  9
$DIMASZ
 40
2.5
  9
$DIMEXO
 40
0.625
  9
$DIMDLI
 40
3.75
  9
$DIMRND
 40
0.0
  9
$DIMDLE
 40
0.0
  9
$DIMEXE
 40
1.25
  9
$DIMTP
 40
0.0
  9
$DIMTM
 40
0.0
  9
$DIMTXT
 40
2.5
  9
$DIMCEN
 40
2.5
  9
$DIMTSZ
 40
0.0
  9
$DIMTOL
 70
     0
  9
$DIMLIM
 70
     0
  9
$DIMTIH
 70
     0
  9
$DIMTOH
 70
     0
  9
$DIMSE1
 70
     0
  9
$DIMSE2
 70
     0
  9
$DIMTAD
 70
     1
  9
$DIMZIN
 70
     8
  9
$DIMBLK
  1

  9
$DIMASO
 70
     1
  9
$DIMSHO
 70
     1
  9
$DIMPOST
  1

  9
$DIMAPOST
  1

  9
$DIMALT
 70
     0
  9
$DIMALTD
 70
     3
  9
$DIMALTF
 40
0.03937007874
  9
$DIMLFAC
 40
1.0
  9
$DIMTOFL
 70
     1
  9
$DIMTVP
 40
0.0
  9
$DIMTIX
 70
     0
  9
$DIMSOXD
 70
     0
  9
$DIMSAH
 70
     0
  9
$DIMBLK1
  1

  9
$DIMBLK2
  1

  9
$DIMSTYLE
  2
ISO-25
  9
$DIMCLRD
 70
     0
  9
$DIMCLRE
 70
     0
  9
$DIMCLRT
 70
     0
  9
$DIMTFAC
 40
1.0
  9
$DIMGAP
 40
0.625
  9
$DIMJUST
 70
     0
  9
$DIMSD1
 70
     0
  9
$DIMSD2
 70
     0
  9
$DIMTOLJ
 70
     0
  9
$DIMTZIN
 70
     8
  9
$DIMALTZ
 70
     0
  9
$DIMALTTZ
 70
     0
  9
$DIMUPT
 70
     0
  9
$DIMDEC
 70
     2
  9
$DIMTDEC
 70
     2
  9
$DIMALTU
 70
     2
  9
$DIMALTTD
 70
     3
  9
$DIMTXSTY
  7
Standard
  9
$DIMAUNIT
 70
     0
  9
$DIMADEC
 70
     0
  9
$DIMALTRND
 40
0.0
  9
$DIMAZIN
 70
     0
  9
$DIMDSEP
 70
    44
  9
$DIMATFIT
 70
     3
  9
$DIMFRAC
 70
     0
  9
$DIMLDRBLK
  1

  9
$DIMLUNIT
 70
     2
  9
$DIMLWD
 70
    -2
  9
$DIMLWE
 70
    -2
  9
$DIMTMOVE
 70
     0
  9
$LUNITS
 70
     2
  9
$LUPREC
 70
     4
  9
$SKETCHINC
 40
1.0
  9
$FILLETRAD
 40
0.0
  9
$AUNITS
 70
     0
  9
$AUPREC
 70
     0
  9
$MENU
  1
.
  9
$ELEVATION
 40
0.0
  9
$PELEVATION
 40
0.0
  9
$THICKNESS
 40
0.0
  9
$LIMCHECK
 70
     0
  9
$CHAMFERA
 40
0.0
  9
$CHAMFERB
 40
0.0
  9
$CHAMFERC
 40
0.0
  9
$CHAMFERD
 40
0.0
  9
$SKPOLY
 70
     0
  9
$TDCREATE
 40
2456236.994979560841
  9
$TDUCREATE
 40
2456237.328312892932
  9
$TDUPDATE
 40
2456236.997909063008
  9
$TDUUPDATE
 40
2456237.331242396031
  9
$TDINDWG
 40
0.0029298727
  9
$TDUSRTIMER
 40
0.0029298727
  9
$USRTIMER
 70
     1
  9
$ANGBASE
 50
0.0
  9
$ANGDIR
 70
     0
  9
$PDMODE
 70
     0
  9
$PDSIZE
 40
0.0
  9
$PLINEWID
 40
0.0
  9
$SPLFRAME
 70
     0
  9
$SPLINETYPE
 70
     6
  9
$SPLINESEGS
 70
     8
  9
$HANDSEED
  5
220
  9
$SURFTAB1
 70
     6
  9
$SURFTAB2
 70
     6
  9
$SURFTYPE
 70
     6
  9
$SURFU
 70
     6
  9
$SURFV
 70
     6
  9
$UCSBASE
  2

  9
$UCSNAME
  2

  9
$UCSORG
 10
0.0
 20
0.0
 30
0.0
  9
$UCSXDIR
 10
1.0
 20
0.0
 30
0.0
  9
$UCSYDIR
 10
0.0
 20
1.0
 30
0.0
  9
$UCSORTHOREF
  2

  9
$UCSORTHOVIEW
 70
     0
  9
$UCSORGTOP
 10
0.0
 20
0.0
 30
0.0
  9
$UCSORGBOTTOM
 10
0.0
 20
0.0
 30
0.0
  9
$UCSORGLEFT
 10
0.0
 20
0.0
 30
0.0
  9
$UCSORGRIGHT
 10
0.0
 20
0.0
 30
0.0
  9
$UCSORGFRONT
 10
0.0
 20
0.0
 30
0.0
  9
$UCSORGBACK
 10
0.0
 20
0.0
 30
0.0
  9
$PUCSBASE
  2

  9
$PUCSNAME
  2

  9
$PUCSORG
 10
0.0
 20
0.0
 30
0.0
  9
$PUCSXDIR
 10
1.0
 20
0.0
 30
0.0
  9
$PUCSYDIR
 10
0.0
 20
1.0
 30
0.0
  9
$PUCSORTHOREF
  2

  9
$PUCSORTHOVIEW
 70
     0
  9
$PUCSORGTOP
 10
0.0
 20
0.0
 30
0.0
  9
$PUCSORGBOTTOM
 10
0.0
 20
0.0
 30
0.0
  9
$PUCSORGLEFT
 10
0.0
 20
0.0
 30
0.0
  9
$PUCSORGRIGHT
 10
0.0
 20
0.0
 30
0.0
  9
$PUCSORGFRONT
 10
0.0
 20
0.0
 30
0.0
  9
$PUCSORGBACK
 10
0.0
 20
0.0
 30
0.0
  9
$USERI1
 70
     0
  9
$USERI2
 70
     0
  9
$USERI3
 70
     0
  9
$USERI4
 70
     0
  9
$USERI5
 70
     0
  9
$USERR1
 40
0.0
  9
$USERR2
 40
0.0
  9
$USERR3
 40
0.0
  9
$USERR4
 40
0.0
  9
$USERR5
 40
0.0
  9
$WORLDVIEW
 70
     1
  9
$SHADEDGE
 70
     3
  9
$SHADEDIF
 70
    70
  9
$TILEMODE
 70
     1
  9
$MAXACTVP
 70
    64
  9
$PINSBASE
 10
0.0
 20
0.0
 30
0.0
  9
$PLIMCHECK
 70
     0
  9
$PEXTMIN
 10
100000000000000000000.0
 20
100000000000000000000.0
 30
100000000000000000000.0
  9
$PEXTMAX
 10
-100000000000000000000.0
 20
-100000000000000000000.0
 30
-100000000000000000000.0
  9
$PLIMMIN
 10
0.0
 20
0.0
  9
$PLIMMAX
 10
420.0
 20
297.0
  9
$UNITMODE
 70
     0
  9
$VISRETAIN
 70
     1
  9
$PLINEGEN
 70
     0
  9
$PSLTSCALE
 70
     1
  9
$TREEDEPTH
 70
  3020
  9
$CMLSTYLE
  2
Standard
  9
$CMLJUST
 70
     0
  9
$CMLSCALE
 40
20.0
  9
$PROXYGRAPHICS
 70
     1
  9
$MEASUREMENT
 70
     1
  9
$CELWEIGHT
370
-1
  9
$ENDCAPS
280
     0
  9
$JOINSTYLE
280
     0
  9
$LWDISPLAY
290
0
  9
$INSUNITS
 70
     4
  9
$HYPERLINKBASE
  1

  9
$STYLESHEET
  1

  9
$XEDIT
290
1
  9
$CEPSNTYPE
380
0
  9
$PSTYLEMODE
290
1
  9
$FINGERPRINTGUID
  2
{9F64BE1D-7005-473A-A8E1-C681473DCB35}
  9
$VERSIONGUID
  2
{14C65E86-4364-4B17-B71B-D4CF0DEE0ACB}
  9
$EXTNAMES
290
1
  9
$PSVPSCALE
 40
0.0
  9
$OLESTARTUP
290
0
  0
ENDSEC
  0
SECTION
  2
CLASSES
  0
CLASS
  1
ACDBDICTIONARYWDFLT
  2
AcDbDictionaryWithDefault
  3
ObjectDBX Classes
 90
     0
280
     0
281
     0
  0
CLASS
  1
MATERIAL
  2
AcDbMaterial
  3
ObjectDBX Classes
 90
  1153
280
     0
281
     0
  0
CLASS
  1
VISUALSTYLE
  2
AcDbVisualStyle
  3
ObjectDBX Classes
 90
  4095
280
     0
281
     0
  0
CLASS
  1
SCALE
  2
AcDbScale
  3
ObjectDBX Classes
 90
  1153
280
     0
281
     0
  0
CLASS
  1
TABLESTYLE
  2
AcDbTableStyle
  3
ObjectDBX Classes
 90
  4095
280
     0
281
     0
  0
CLASS
  1
MLEADERSTYLE
  2
AcDbMLeaderStyle
  3
ACDB_MLEADERSTYLE_CLASS
 90
  4095
280
     0
281
     0
  0
CLASS
  1
DICTIONARYVAR
  2
AcDbDictionaryVar
  3
ObjectDBX Classes
 90
     0
280
     0
281
     0
  0
CLASS
  1
CELLSTYLEMAP
  2
AcDbCellStyleMap
  3
ObjectDBX Classes
 90
  1152
280
     0
281
     0
  0
CLASS
  1
ACDBPLACEHOLDER
  2
AcDbPlaceHolder
  3
ObjectDBX Classes
 90
     0
280
     0
281
     0
  0
CLASS
  1
LAYOUT
  2
AcDbLayout
  3
ObjectDBX Classes
 90
     0
280
     0
281
     0
  0
ENDSEC
  0
SECTION
  2
TABLES
  0
TABLE
  2
VPORT
  5
8
330
0
100
AcDbSymbolTable
 70
     1
  0
VPORT
  5
5F
330
8
100
AcDbSymbolTableRecord
100
AcDbViewportTableRecord
  2
*Active
 70
     0
 10
0.0
 20
0.0
 11
1.0
 21
1.0
 12
362.004492939666
 22
148.5
 13
0.0
 23
0.0
 14
10.0
 24
10.0
 15
10.0
 25
10.0
 16
0.0
 26
0.0
 36
1.0
 17
-302.791274377166
 27
-87.192374966032
 37
0.0
 40
297.0
 41
2.437740693196
 42
50.0
 43
0.0
 44
0.0
 50
0.0
 51
0.0
 71
     0
 72
  1000
 73
     1
 74
     3
 75
     0
 76
     0
 77
     0
 78
     0
281
     0
 65
     1
110
0.0
120
0.0
130
0.0
111
1.0
121
0.0
131
0.0
112
0.0
122
1.0
132
0.0
 79
     0
146
0.0
  0
ENDTAB
  0
TABLE
  2
LTYPE
  5
5
330
0
100
AcDbSymbolTable
 70
     3
  0
LTYPE
  5
63
330
5
100
AcDbSymbolTableRecord
100
AcDbLinetypeTableRecord
  2
ByBlock
 70
     0
  3

 72
    65
 73
     0
 40
0.0
  0
LTYPE
  5
64
330
5
100
AcDbSymbolTableRecord
100
AcDbLinetypeTableRecord
  2
ByLayer
 70
     0
  3

 72
    65
 73
     0
 40
0.0
  0
LTYPE
  5
65
330
5
100
AcDbSymbolTableRecord
100
AcDbLinetypeTableRecord
  2
Continuous
 70
     0
  3
Solid line
 72
    65
 73
     0
 40
0.0
  0
ENDTAB
  0
TABLE
  2
LAYER
  5
2
330
0
100
AcDbSymbolTable
 70
     2
  0
LAYER
  5
5C
102
{ACAD_XDICTIONARY
360
9A
102
}
330
2
100
AcDbSymbolTableRecord
100
AcDbLayerTableRecord
 70
     0
  6
Continuous
370
-3
390
F
  2
0
 62
     7
  0
LAYER
  5
b8
100
AcDbSymbolTableRecord
100
AcDbLayerTableRecord
  6
Continuous
 70
     0
370
-3
390
F
  2
lx
 62
   151
  0
ENDTAB
  0
TABLE
  2
STYLE
  5
3
330
0
100
AcDbSymbolTable
 70
     2
  0
STYLE
  5
5D
330
3
100
AcDbSymbolTableRecord
100
AcDbTextStyleTableRecord
  2
Standard
 70
     0
 40
0.0
 41
1.0
 50
0.0
 71
     0
 42
2.5
  3
txt
  4

  0
STYLE
  5
62
330
3
100
AcDbSymbolTableRecord
100
AcDbTextStyleTableRecord
  2
Annotative
 70
     0
 40
0.0
 41
1.0
 50
0.0
 71
     0
 42
0.2
  3

  4

1001
AcadAnnotative
1000
AnnotativeData
1002
{
1070
     1
1070
     1
1002
}
  0
ENDTAB
  0
TABLE
  2
VIEW
  5
6
330
0
100
AcDbSymbolTable
 70
     0
  0
ENDTAB
  0
TABLE
  2
UCS
  5
7
330
0
100
AcDbSymbolTable
 70
     0
  0
ENDTAB
  0
TABLE
  2
APPID
  5
9
330
0
100
AcDbSymbolTable
 70
     5
  0
APPID
  5
5E
330
9
100
AcDbSymbolTableRecord
100
AcDbRegAppTableRecord
  2
ACAD
 70
     0
  0
APPID
  5
66
330
9
100
AcDbSymbolTableRecord
100
AcDbRegAppTableRecord
  2
AcadAnnotative
 70
     0
  0
APPID
  5
70
330
9
100
AcDbSymbolTableRecord
100
AcDbRegAppTableRecord
  2
ACAD_MLEADERVER
 70
     0
  0
APPID
  5
80
330
9
100
AcDbSymbolTableRecord
100
AcDbRegAppTableRecord
  2
ACAD_EXEMPT_FROM_CAD_STANDARDS
 70
     0
  0
APPID
  5
AF
330
9
100
AcDbSymbolTableRecord
100
AcDbRegAppTableRecord
  2
ACAD_DSTYLE_DIMJOGGED_JOGANGLE_SYMBOL
 70
     0
  0
ENDTAB
  0
TABLE
  2
DIMSTYLE
  5
A
330
0
100
AcDbSymbolTable
100
AcDbDimStyleTable
 71
     1
340
60
 70
     2
  0
DIMSTYLE
105
b9
330
A
100
AcDbSymbolTableRecord
100
AcDbDimStyleTableRecord
  2
ISO-25
 70
     0
 41
2.5
 42
0.625
 43
3.75
 44
1.25
 73
     0
 74
     0
 77
     1
 78
     8
140
2.5
141
2.5
143
0.03937007874
147
0.625
171
     3
172
     1
271
     2
272
     2
274
     3
278
44
283
     0
284
     8
340
5D
1001
ACAD_DSTYLE_DIMJOGGED_JOGANGLE_SYMBOL
1070
   384
1040
1.570796326794896
  0
DIMSTYLE
105
ba
330
A
100
AcDbSymbolTableRecord
100
AcDbDimStyleTableRecord
  2
Annotative
 70
     0
340
5D
1001
AcadAnnotative
1000
AnnotativeData
1002
{
1070
     1
1070
     1
1002
}
  0
ENDTAB
  0
TABLE
  2
BLOCK_RECORD
  5
1
330
0
100
AcDbSymbolTable
 70
     3
  0
BLOCK_RECORD
  5
75
330
1
100
AcDbSymbolTableRecord
100
AcDbBlockTableRecord
  2
*Model_Space
340
78
  0
BLOCK_RECORD
  5
71
330
1
100
AcDbSymbolTableRecord
100
AcDbBlockTableRecord
  2
*Paper_Space
340
74
  0
BLOCK_RECORD
  5
79
330
1
100
AcDbSymbolTableRecord
100
AcDbBlockTableRecord
  2
*Paper_Space0
340
7C
  0
ENDTAB
  0
ENDSEC
  0
SECTION
  2
BLOCKS
  0
BLOCK
  5
76
102
{ACAD_REACTORS
330
75
102
}
100
AcDbEntity
  8
0
100
AcDbBlockBegin
  2
*Model_Space
 70
     0
 10
0.0
 20
0.0
 30
0.0
  3
*Model_Space
  1

  0
ENDBLK
  5
77
102
{ACAD_REACTORS
330
75
102
}
100
AcDbEntity
  8
0
100
AcDbBlockEnd
  0
BLOCK
  5
72
102
{ACAD_REACTORS
330
71
102
}
100
AcDbEntity
 67
     1
  8
0
100
AcDbBlockBegin
  2
*Paper_Space
 70
     0
 10
0.0
 20
0.0
 30
0.0
  3
*Paper_Space
  1

  0
ENDBLK
  5
73
102
{ACAD_REACTORS
330
71
102
}
100
AcDbEntity
 67
     1
  8
0
100
AcDbBlockEnd
  0
BLOCK
  5
7A
102
{ACAD_REACTORS
330
79
102
}
100
AcDbEntity
 67
     1
  8
0
100
AcDbBlockBegin
  2
*Paper_Space0
 70
     0
 10
0.0
 20
0.0
 30
0.0
  3
*Paper_Space0
  1

  0
ENDBLK
  5
7B
102
{ACAD_REACTORS
330
79
102
}
100
AcDbEntity
 67
     1
  8
0
100
AcDbBlockEnd
  0
ENDSEC
  0
SECTION
  2
ENTITIES
  0
LINE
  5
bb
100
AcDbEntity
  8
lx
100
AcDbLine
 10
-218.900674377166
 20
-66.506949999987
 30
0.0
 11
-218.900674377166
 21
-53.507949999987
 31
0.0
  0
SPLINE
  5
bc
100
AcDbEntity
  8
lx
100
AcDbSpline
 70
     8
 71
     3
 72
    32
 73
    28
 74
     0
 42
0.0000001
 43
0.0000001
 40
0.0
 40
0.0
 40
0.0
 40
0.0
 40
0.088088985466
 40
0.088088985466
 40
0.088088985466
 40
0.175784194189
 40
0.175784194189
 40
0.175784194189
 40
0.263114788797
 40
0.263114788797
 40
0.263114788797
 40
0.350101609183
 40
0.350101609183
 40
0.350101609183
 40
0.436758802197
 40
0.436758802197
 40
0.436758802197
 40
0.52309485365
 40
0.52309485365
 40
0.52309485365
 40
0.609113191317
 40
0.609113191317
 40
0.609113191317
 40
0.694812451443
 40
0.694812451443
 40
0.694812451443
 40
0.78440117906
 40
0.78440117906
 40
0.78440117906
 40
0.78440117906
 10
-218.900674377166
 20
-53.507949999987
 30
0.0
 10
-218.900674377166
 20
-53.478587004831
 30
0.0
 10
-218.90328104353
 20
-53.449110751701
 30
0.0
 10
-218.908434046527
 20
-53.420203450813
 30
0.0
 10
-218.91356401449
 20
-53.391425371788
 30
0.0
 10
-218.921256739608
 20
-53.362990615323
 30
0.0
 10
-218.9313357575
 20
-53.335551449848
 30
0.0
 10
-218.941372869429
 20
-53.308226369362
 30
0.0
 10
-218.953852586184
 20
-53.28168093285
 30
0.0
 10
-218.968490996047
 20
-53.256519045082
 30
0.0
 10
-218.983071782256
 20
-53.231456206317
 30
0.0
 10
-218.999904082918
 20
-53.207577037719
 30
0.0
 10
-219.018607957584
 20
-53.185420542375
 30
0.0
 10
-219.037240955891
 20
-53.163348006731
 30
0.0
 10
-219.057870655383
 20
-53.1428198947
 30
0.0
 10
-219.080034903044
 20
-53.124296083502
 30
0.0
 10
-219.10211701256
 20
-53.105840919411
 30
0.0
 10
-219.12588620421
 20
-53.089238079156
 30
0.0
 10
-219.15081391056
 20
-53.074856768422
 30
0.0
 10
-219.175649883782
 20
-53.060528380431
 30
0.0
 10
-219.201818868356
 20
-53.048299464379
 30
0.0
 10
-219.22874318299
 20
-53.038439974035
 30
0.0
 10
-219.255567624221
 20
-53.028617056613
 30
0.0
 10
-219.283338035838
 20
-53.021074016437
 30
0.0
 10
-219.3114458997
 20
-53.015976140103
 30
0.0
 10
-219.340829441119
 20
-53.010646896261
 30
0.0
 10
-219.37081146796
 20
-53.007949999987
 30
0.0
 10
-219.400674377166
 20
-53.007949999987
 30
0.0
  0
LINE
  5
bd
100
AcDbEntity
  8
lx
100
AcDbLine
 10
-219.400674377166
 20
-53.007949999987
 30
0.0
 11
-232.399674377166
 21
-53.007949999987
 31
0.0
  0
SPLINE
  5
be
100
AcDbEntity
  8
lx
100
AcDbSpline
 70
     8
 71
     3
 72
    32
 73
    28
 74
     0
 42
0.0000001
 43
0.0000001
 40
0.0
 40
0.0
 40
0.0
 40
0.0
 40
0.088088985466
 40
0.088088985466
 40
0.088088985466
 40
0.175784194189
 40
0.175784194189
 40
0.175784194189
 40
0.263114788797
 40
0.263114788797
 40
0.263114788797
 40
0.350101609183
 40
0.350101609183
 40
0.350101609183
 40
0.436758802197
 40
0.436758802197
 40
0.436758802197
 40
0.52309485365
 40
0.52309485365
 40
0.52309485365
 40
0.609113191317
 40
0.609113191317
 40
0.609113191317
 40
0.694812451443
 40
0.694812451443
 40
0.694812451443
 40
0.78440117906
 40
0.78440117906
 40
0.78440117906
 40
0.78440117906
 10
-232.399674377166
 20
-53.007949999987
 30
0.0
 10
-232.429037372321
 20
-53.007949999987
 30
0.0
 10
-232.458513625452
 20
-53.010556666351
 30
0.0
 10
-232.48742092634
 20
-53.015709669347
 30
0.0
 10
-232.516199005365
 20
-53.02083963731
 30
0.0
 10
-232.54463376183
 20
-53.028532362429
 30
0.0
 10
-232.572072927305
 20
-53.038611380321
 30
0.0
 10
-232.599398007791
 20
-53.04864849225
 30
0.0
 10
-232.625943444303
 20
-53.061128209005
 30
0.0
 10
-232.651105332071
 20
-53.075766618868
 30
0.0
 10
-232.676168170836
 20
-53.090347405077
 30
0.0
 10
-232.700047339434
 20
-53.107179705739
 30
0.0
 10
-232.722203834778
 20
-53.125883580405
 30
0.0
 10
-232.744276370422
 20
-53.144516578712
 30
0.0
 10
-232.764804482453
 20
-53.165146278204
 30
0.0
 10
-232.783328293651
 20
-53.187310525865
 30
0.0
 10
-232.801783457742
 20
-53.20939263538
 30
0.0
 10
-232.818386297997
 20
-53.233161827031
 30
0.0
 10
-232.832767608731
 20
-53.25808953338
 30
0.0
 10
-232.847095996722
 20
-53.282925506603
 30
0.0
 10
-232.859324912774
 20
-53.309094491177
 30
0.0
 10
-232.869184403118
 20
-53.336018805811
 30
0.0
 10
-232.87900732054
 20
-53.362843247041
 30
0.0
 10
-232.886550360716
 20
-53.390613658659
 30
0.0
 10
-232.89164823705
 20
-53.418721522521
 30
0.0
 10
-232.896977480892
 20
-53.448105063939
 30
0.0
 10
-232.899674377166
 20
-53.478087090781
 30
0.0
 10
-232.899674377166
 20
-53.507949999987
 30
0.0
  0
LINE
  5
bf
100
AcDbEntity
  8
lx
100
AcDbLine
 10
-232.899674377166
 20
-53.507949999987
 30
0.0
 11
-232.899674377166
 21
-66.506949999987
 31
0.0
  0
SPLINE
  5
c0
100
AcDbEntity
  8
lx
100
AcDbSpline
 70
     8
 71
     3
 72
    32
 73
    28
 74
     0
 42
0.0000001
 43
0.0000001
 40
0.0
 40
0.0
 40
0.0
 40
0.0
 40
0.088088985466
 40
0.088088985466
 40
0.088088985466
 40
0.175784194189
 40
0.175784194189
 40
0.175784194189
 40
0.263114788797
 40
0.263114788797
 40
0.263114788797
 40
0.350101609183
 40
0.350101609183
 40
0.350101609183
 40
0.436758802197
 40
0.436758802197
 40
0.436758802197
 40
0.52309485365
 40
0.52309485365
 40
0.52309485365
 40
0.609113191317
 40
0.609113191317
 40
0.609113191317
 40
0.694812451443
 40
0.694812451443
 40
0.694812451443
 40
0.78440117906
 40
0.78440117906
 40
0.78440117906
 40
0.78440117906
 10
-232.899674377166
 20
-66.506949999987
 30
0.0
 10
-232.899674377166
 20
-66.536312995142
 30
0.0
 10
-232.897067710802
 20
-66.565789248273
 30
0.0
 10
-232.891914707806
 20
-66.594696549161
 30
0.0
 10
-232.886784739843
 20
-66.623474628186
 30
0.0
 10
-232.879092014724
 20
-66.651909384651
 30
0.0
 10
-232.869012996832
 20
-66.679348550126
 30
0.0
 10
-232.858975884903
 20
-66.706673630611
 30
0.0
 10
-232.846496168148
 20
-66.733219067124
 30
0.0
 10
-232.831857758285
 20
-66.758380954892
 30
0.0
 10
-232.817276972076
 20
-66.783443793657
 30
0.0
 10
-232.800444671414
 20
-66.807322962255
 30
0.0
 10
-232.781740796748
 20
-66.829479457599
 30
0.0
 10
-232.763107798441
 20
-66.851551993243
 30
0.0
 10
-232.742478098949
 20
-66.872080105274
 30
0.0
 10
-232.720313851288
 20
-66.890603916472
 30
0.0
 10
-232.698231741773
 20
-66.909059080563
 30
0.0
 10
-232.674462550122
 20
-66.925661920818
 30
0.0
 10
-232.649534843773
 20
-66.940043231552
 30
0.0
 10
-232.62469887055
 20
-66.954371619542
 30
0.0
 10
-232.598529885976
 20
-66.966600535595
 30
0.0
 10
-232.571605571342
 20
-66.976460025939
 30
0.0
 10
-232.544781130112
 20
-66.986282943361
 30
0.0
 10
-232.517010718494
 20
-66.993825983537
 30
0.0
 10
-232.488902854632
 20
-66.998923859871
 30
0.0
 10
-232.459519313213
 20
-67.004253103713
 30
0.0
 10
-232.429537286372
 20
-67.006949999987
 30
0.0
 10
-232.399674377166
 20
-67.006949999987
 30
0.0
  0
LINE
  5
c1
100
AcDbEntity
  8
lx
100
AcDbLine
 10
-232.399674377166
 20
-67.006949999987
 30
0.0
 11
-219.400674377166
 21
-67.006949999987
 31
0.0
  0
SPLINE
  5
c2
100
AcDbEntity
  8
lx
100
AcDbSpline
 70
     8
 71
     3
 72
    38
 73
    34
 74
     0
 42
0.0000001
 43
0.0000001
 40
0.0
 40
0.0
 40
0.0
 40
0.0
 40
0.487312676369
 40
0.487312676369
 40
0.487312676369
 40
0.979278362185
 40
0.979278362185
 40
0.979278362185
 40
1.469788805608
 40
1.469788805608
 40
1.469788805608
 40
1.958916890077
 40
1.958916890077
 40
1.958916890077
 40
2.446716085073
 40
2.446716085073
 40
2.446716085073
 40
2.933223182235
 40
2.933223182235
 40
2.933223182235
 40
3.418460104393
 40
3.418460104393
 40
3.418460104393
 40
3.90243498197
 40
3.90243498197
 40
3.90243498197
 40
4.385142608767
 40
4.385142608767
 40
4.385142608767
 40
4.866564327055
 40
4.866564327055
 40
4.866564327055
 40
5.257655267817
 40
5.257655267817
 40
5.257655267817
 40
5.257655267817
 10
-160.2005
 20
28.9
 30
0.0
 10
-160.038062441211
 20
28.9
 30
0.0
 10
-159.875196934276
 20
28.888122807198
 30
0.0
 10
-159.714478004985
 20
28.864556172456
 30
0.0
 10
-159.552224482541
 20
28.840764516326
 30
0.0
 10
-159.391291726868
 20
28.804930754892
 30
0.0
 10
-159.234272328222
 20
28.757632161937
 30
0.0
 10
-159.077717395477
 20
28.710473478979
 30
0.0
 10
-158.924215644817
 20
28.651665944789
 30
0.0
 10
-158.776225405136
 20
28.582151361398
 30
0.0
 10
-158.628652232278
 20
28.512832684348
 30
0.0
 10
-158.485774942474
 20
28.43249907154
 30
0.0
 10
-158.34986888628
 20
28.342429852464
 30
0.0
 10
-158.214332066965
 20
28.252605338284
 30
0.0
 10
-158.085011921443
 20
28.152623457633
 30
0.0
 10
-157.963956768892
 20
28.044067836965
 30
0.0
 10
-157.843222271032
 20
27.935799761837
 30
0.0
 10
-157.730073916253
 20
27.818434208834
 30
0.0
 10
-157.626294432127
 20
27.693820350294
 30
0.0
 10
-157.522785895965
 20
27.569531834199
 30
0.0
 10
-157.42805564683
 20
27.43738283368
 30
0.0
 10
-157.343588469992
 20
27.299444628934
 30
0.0
 10
-157.259340982418
 20
27.161865185354
 30
0.0
 10
-157.184864542146
 20
27.017810794276
 30
0.0
 10
-157.121320439139
 20
26.869527654873
 30
0.0
 10
-157.057942721449
 20
26.721632783399
 30
0.0
 10
-157.005111761484
 20
26.568765740129
 30
0.0
 10
-156.963647045725
 20
26.413297719448
 30
0.0
 10
-156.922292789856
 20
26.258243857648
 30
0.0
 10
-156.892031027419
 20
26.099804448883
 30
0.0
 10
-156.873328675216
 20
25.940424097021
 30
0.0
 10
-156.85813550831
 20
25.810948817072
 30
0.0
 10
-156.8505
 20
25.680363646921
 30
0.0
 10
-156.8505
 20
25.55
 30
0.0
  0
SPLINE
  5
c3
100
AcDbEntity
  8
lx
100
AcDbSpline
 70
     8
 71
     3
 72
    44
 73
    40
 74
     0
 42
0.0000001
 43
0.0000001
 40
0.0
 40
0.0
 40
0.0
 40
0.0
 40
0.733186158894
 40
0.733186158894
 40
0.733186158894
 40
1.465669208504
 40
1.465669208504
 40
1.465669208504
 40
2.197465577369
 40
2.197465577369
 40
2.197465577369
 40
2.928588725007
 40
2.928588725007
 40
2.928588725007
 40
3.659049359968
 40
3.659049359968
 40
3.659049359968
 40
4.388855609578
 40
4.388855609578
 40
4.388855609578
 40
5.118013147212
 40
5.118013147212
 40
5.118013147212
 40
5.846525281366
 40
5.846525281366
 40
5.846525281366
 40
6.574393009477
 40
6.574393009477
 40
6.574393009477
 40
7.301615038298
 40
7.301615038298
 40
7.301615038298
 40
8.028187771601
 40
8.028187771601
 40
8.028187771601
 40
8.754105264966
 40
8.754105264966
 40
8.754105264966
 40
9.055647023889
 40
9.055647023889
 40
9.055647023889
 40
9.055647023889
 10
-156.8505
 20
-32.206030265581
 30
0.0
 10
-156.8505
 20
-32.450425651879
 30
0.0
 10
-156.84012373978
 20
-32.695040224454
 30
0.0
 10
-156.819427055284
 20
-32.938557681928
 30
0.0
 10
-156.79875021845
 20
-33.181841611555
 30
0.0
 10
-156.767735742661
 20
-33.424466284288
 30
0.0
 10
-156.72655020115
 20
-33.665128606156
 30
0.0
 10
-156.685403269842
 20
-33.905565314362
 30
0.0
 10
-156.634030807623
 20
-34.144473196774
 30
0.0
 10
-156.572708210467
 20
-34.380571523086
 30
0.0
 10
-156.511442027467
 20
-34.616452649079
 30
0.0
 10
-156.440134714597
 20
-34.849950313689
 30
0.0
 10
-156.359167831925
 20
-35.07981508848
 30
0.0
 10
-156.278274317995
 20
-35.309471569595
 30
0.0
 10
-156.187594675221
 20
-35.535910820342
 30
0.0
 10
-156.087613245749
 20
-35.75792337331
 30
0.0
 10
-155.987721384941
 20
-35.979737035665
 30
0.0
 10
-155.878366816259
 20
-36.197526330525
 30
0.0
 10
-155.76013258454
 20
-36.410130072527
 30
0.0
 10
-155.642003449157
 20
-36.622544834791
 30
0.0
 10
-155.514800795559
 20
-36.830160280617
 30
0.0
 10
-155.379201625518
 20
-37.031871432858
 30
0.0
 10
-155.243722479165
 20
-37.233404043327
 30
0.0
 10
-155.099621669712
 20
-37.429399884773
 30
0.0
 10
-154.947664779518
 20
-37.618817665621
 30
0.0
 10
-154.795842302924
 20
-37.808067896806
 30
0.0
 10
-154.635909151063
 20
-37.991086425448
 30
0.0
 10
-154.468713520213
 20
-38.166902623301
 30
0.0
 10
-154.301666210405
 20
-38.342562852713
 30
0.0
 10
-154.127074409155
 20
-38.511343667203
 30
0.0
 10
-153.945862414129
 20
-38.672351532756
 30
0.0
 10
-153.764812213069
 20
-38.833215643471
 30
0.0
 10
-153.576834588007
 20
-38.986604196689
 30
0.0
 10
-153.382922927915
 20
-39.131706593293
 30
0.0
 10
-153.189186141801
 20
-39.276678133231
 30
0.0
 10
-152.989185225621
 20
-39.413633507964
 30
0.0
 10
-152.783975203835
 20
-39.541850264452
 30
0.0
 10
-152.698732195527
 20
-39.595110733622
 30
0.0
 10
-152.612547620779
 20
-39.646893040826
 30
0.0
 10
-152.525500013023
 20
-39.697150000798
 30
0.0
  0
LINE
  5
c4
100
AcDbEntity
  8
lx
100
AcDbLine
 10
-160.3505
 20
-31.09985
 30
0.0
 11
-173.3495
 21
-31.09985
 31
0.0
  0
SPLINE
  5
c5
100
AcDbEntity
  8
lx
100
AcDbSpline
 70
     8
 71
     3
 72
    32
 73
    28
 74
     0
 42
0.0000001
 43
0.0000001
 40
0.0
 40
0.0
 40
0.0
 40
0.0
 40
0.088088985466
 40
0.088088985466
 40
0.088088985466
 40
0.175784194189
 40
0.175784194189
 40
0.175784194189
 40
0.263114788797
 40
0.263114788797
 40
0.263114788797
 40
0.350101609183
 40
0.350101609183
 40
0.350101609183
 40
0.436758802197
 40
0.436758802197
 40
0.436758802197
 40
0.52309485365
 40
0.52309485365
 40
0.52309485365
 40
0.609113191317
 40
0.609113191317
 40
0.609113191317
 40
0.694812451443
 40
0.694812451443
 40
0.694812451443
 40
0.78440117906
 40
0.78440117906
 40
0.78440117906
 40
0.78440117906
 10
-173.3495
 20
-31.09985
 30
0.0
 10
-173.378862995155
 20
-31.09985
 30
0.0
 10
-173.408339248286
 20
-31.102456666364
 30
0.0
 10
-173.437246549174
 20
-31.10760966936
 30
0.0
 10
-173.466024628199
 20
-31.112739637323
 30
0.0
 10
-173.494459384664
 20
-31.120432362442
 30
0.0
 10
-173.521898550139
 20
-31.130511380334
 30
0.0
 10
-173.549223630624
 20
-31.140548492263
 30
0.0
 10
-173.575769067137
 20
-31.153028209018
 30
0.0
 10
-173.600930954905
 20
-31.167666618881
 30
0.0
 10
-173.62599379367
 20
-31.18224740509
 30
0.0
 10
-173.649872962268
 20
-31.199079705752
 30
0.0
 10
-173.672029457612
 20
-31.217783580418
 30
0.0
 10
-173.694101993256
 20
-31.236416578725
 30
0.0
 10
-173.714630105287
 20
-31.257046278217
 30
0.0
 10
-173.733153916485
 20
-31.279210525878
 30
0.0
 10
-173.751609080576
 20
-31.301292635394
 30
0.0
 10
-173.768211920831
 20
-31.325061827044
 30
0.0
 10
-173.782593231565
 20
-31.349989533394
 30
0.0
 10
-173.796921619555
 20
-31.374825506616
 30
0.0
 10
-173.809150535608
 20
-31.40099449119
 30
0.0
 10
-173.819010025952
 20
-31.427918805824
 30
0.0
 10
-173.828832943374
 20
-31.454743247054
 30
0.0
 10
-173.83637598355
 20
-31.482513658672
 30
0.0
 10
-173.841473859884
 20
-31.510621522534
 30
0.0
 10
-173.846803103726
 20
-31.540005063953
 30
0.0
 10
-173.8495
 20
-31.569987090794
 30
0.0
 10
-173.8495
 20
-31.59985
 30
0.0
  0
LINE
  5
c6
100
AcDbEntity
  8
lx
100
AcDbLine
 10
-173.8495
 20
-31.59985
 30
0.0
 11
-173.8495
 21
-44.59885
 31
0.0
  0
SPLINE
  5
c7
100
AcDbEntity
  8
lx
100
AcDbSpline
 70
     8
 71
     3
 72
    32
 73
    28
 74
     0
 42
0.0000001
 43
0.0000001
 40
0.0
 40
0.0
 40
0.0
 40
0.0
 40
0.088088985466
 40
0.088088985466
 40
0.088088985466
 40
0.175784194189
 40
0.175784194189
 40
0.175784194189
 40
0.263114788797
 40
0.263114788797
 40
0.263114788797
 40
0.350101609183
 40
0.350101609183
 40
0.350101609183
 40
0.436758802197
 40
0.436758802197
 40
0.436758802197
 40
0.52309485365
 40
0.52309485365
 40
0.52309485365
 40
0.609113191317
 40
0.609113191317
 40
0.609113191317
 40
0.694812451443
 40
0.694812451443
 40
0.694812451443
 40
0.78440117906
 40
0.78440117906
 40
0.78440117906
 40
0.78440117906
 10
-173.8495
 20
-44.59885
 30
0.0
 10
-173.8495
 20
-44.628212995155
 30
0.0
 10
-173.846893333636
 20
-44.657689248286
 30
0.0
 10
-173.841740330639
 20
-44.686596549174
 30
0.0
 10
-173.836610362676
 20
-44.715374628199
 30
0.0
 10
-173.828917637558
 20
-44.743809384664
 30
0.0
 10
-173.818838619666
 20
-44.771248550139
 30
0.0
 10
-173.808801507737
 20
-44.798573630625
 30
0.0
 10
-173.796321790982
 20
-44.825119067137
 30
0.0
 10
-173.781683381119
 20
-44.850280954905
 30
0.0
 10
-173.76710259491
 20
-44.87534379367
 30
0.0
 10
-173.750270294248
 20
-44.899222962268
 30
0.0
 10
-173.731566419582
 20
-44.921379457612
 30
0.0
 10
-173.712933421275
 20
-44.943451993256
 30
0.0
 10
-173.692303721783
 20
-44.963980105287
 30
0.0
 10
-173.670139474122
 20
-44.982503916485
 30
0.0
 10
-173.648057364606
 20
-45.000959080576
 30
0.0
 10
-173.624288172956
 20
-45.017561920831
 30
0.0
 10
-173.599360466606
 20
-45.031943231565
 30
0.0
 10
-173.574524493384
 20
-45.046271619555
 30
0.0
 10
-173.54835550881
 20
-45.058500535608
 30
0.0
 10
-173.521431194176
 20
-45.068360025952
 30
0.0
 10
-173.494606752945
 20
-45.078182943374
 30
0.0
 10
-173.466836341328
 20
-45.08572598355
 30
0.0
 10
-173.438728477466
 20
-45.090823859884
 30
0.0
 10
-173.409344936047
 20
-45.096153103726
 30
0.0
 10
-173.379362909206
 20
-45.09885
 30
0.0
 10
-173.3495
 20
-45.09885
 30
0.0
  0
LINE
  5
c8
100
AcDbEntity
  8
lx
100
AcDbLine
 10
-173.3495
 20
-45.09885
 30
0.0
 11
-160.3505
 21
-45.09885
 31
0.0
  0
SPLINE
  5
c9
100
AcDbEntity
  8
lx
100
AcDbSpline
 70
     8
 71
     3
 72
    32
 73
    28
 74
     0
 42
0.0000001
 43
0.0000001
 40
0.0
 40
0.0
 40
0.0
 40
0.0
 40
0.088088985466
 40
0.088088985466
 40
0.088088985466
 40
0.175784194189
 40
0.175784194189
 40
0.175784194189
 40
0.263114788797
 40
0.263114788797
 40
0.263114788797
 40
0.350101609183
 40
0.350101609183
 40
0.350101609183
 40
0.436758802197
 40
0.436758802197
 40
0.436758802197
 40
0.52309485365
 40
0.52309485365
 40
0.52309485365
 40
0.609113191317
 40
0.609113191317
 40
0.609113191317
 40
0.694812451443
 40
0.694812451443
 40
0.694812451443
 40
0.78440117906
 40
0.78440117906
 40
0.78440117906
 40
0.78440117906
 10
-160.3505
 20
-45.09885
 30
0.0
 10
-160.321137004844
 20
-45.09885
 30
0.0
 10
-160.291660751714
 20
-45.096243333636
 30
0.0
 10
-160.262753450826
 20
-45.09109033064
 30
0.0
 10
-160.233975371801
 20
-45.085960362677
 30
0.0
 10
-160.205540615336
 20
-45.078267637558
 30
0.0
 10
-160.178101449861
 20
-45.068188619666
 30
0.0
 10
-160.150776369375
 20
-45.058151507737
 30
0.0
 10
-160.124230932863
 20
-45.045671790982
 30
0.0
 10
-160.099069045095
 20
-45.031033381119
 30
0.0
 10
-160.07400620633
 20
-45.01645259491
 30
0.0
 10
-160.050127037732
 20
-44.999620294248
 30
0.0
 10
-160.027970542388
 20
-44.980916419582
 30
0.0
 10
-160.005898006744
 20
-44.962283421275
 30
0.0
 10
-159.985369894713
 20
-44.941653721783
 30
0.0
 10
-159.966846083514
 20
-44.919489474122
 30
0.0
 10
-159.948390919424
 20
-44.897407364606
 30
0.0
 10
-159.931788079169
 20
-44.873638172956
 30
0.0
 10
-159.917406768435
 20
-44.848710466606
 30
0.0
 10
-159.903078380444
 20
-44.823874493384
 30
0.0
 10
-159.890849464392
 20
-44.79770550881
 30
0.0
 10
-159.880989974048
 20
-44.770781194176
 30
0.0
 10
-159.871167056626
 20
-44.743956752945
 30
0.0
 10
-159.86362401645
 20
-44.716186341328
 30
0.0
 10
-159.858526140116
 20
-44.688078477466
 30
0.0
 10
-159.853196896274
 20
-44.658694936047
 30
0.0
 10
-159.8505
 20
-44.628712909206
 30
0.0
 10
-159.8505
 20
-44.59885
 30
0.0
  0
LINE
  5
ca
100
AcDbEntity
  8
lx
100
AcDbLine
 10
-159.8505
 20
-44.59885
 30
0.0
 11
-159.8505
 21
-31.59985
 31
0.0
  0
SPLINE
  5
cb
100
AcDbEntity
  8
lx
100
AcDbSpline
 70
     8
 71
     3
 72
    32
 73
    28
 74
     0
 42
0.0000001
 43
0.0000001
 40
0.0
 40
0.0
 40
0.0
 40
0.0
 40
0.088088985466
 40
0.088088985466
 40
0.088088985466
 40
0.175784194189
 40
0.175784194189
 40
0.175784194189
 40
0.263114788797
 40
0.263114788797
 40
0.263114788797
 40
0.350101609183
 40
0.350101609183
 40
0.350101609183
 40
0.436758802197
 40
0.436758802197
 40
0.436758802197
 40
0.52309485365
 40
0.52309485365
 40
0.52309485365
 40
0.609113191317
 40
0.609113191317
 40
0.609113191317
 40
0.694812451443
 40
0.694812451443
 40
0.694812451443
 40
0.78440117906
 40
0.78440117906
 40
0.78440117906
 40
0.78440117906
 10
-159.8505
 20
-31.59985
 30
0.0
 10
-159.8505
 20
-31.570487004845
 30
0.0
 10
-159.853106666364
 20
-31.541010751714
 30
0.0
 10
-159.85825966936
 20
-31.512103450826
 30
0.0
 10
-159.863389637323
 20
-31.483325371801
 30
0.0
 10
-159.871082362442
 20
-31.454890615336
 30
0.0
 10
-159.881161380334
 20
-31.427451449861
 30
0.0
 10
-159.891198492263
 20
-31.400126369375
 30
0.0
 10
-159.903678209018
 20
-31.373580932863
 30
0.0
 10
-159.918316618881
 20
-31.348419045095
 30
0.0
 10
-159.93289740509
 20
-31.32335620633
 30
0.0
 10
-159.949729705752
 20
-31.299477037732
 30
0.0
 10
-159.968433580417
 20
-31.277320542388
 30
0.0
 10
-159.987066578725
 20
-31.255248006744
 30
0.0
 10
-160.007696278217
 20
-31.234719894713
 30
0.0
 10
-160.029860525878
 20
-31.216196083515
 30
0.0
 10
-160.051942635393
 20
-31.197740919424
 30
0.0
 10
-160.075711827044
 20
-31.181138079169
 30
0.0
 10
-160.100639533393
 20
-31.166756768435
 30
0.0
 10
-160.125475506616
 20
-31.152428380444
 30
0.0
 10
-160.15164449119
 20
-31.140199464392
 30
0.0
 10
-160.178568805824
 20
-31.130339974048
 30
0.0
 10
-160.205393247054
 20
-31.120517056626
 30
0.0
 10
-160.233163658672
 20
-31.11297401645
 30
0.0
 10
-160.261271522534
 20
-31.107876140116
 30
0.0
 10
-160.290655063952
 20
-31.102546896274
 30
0.0
 10
-160.320637090794
 20
-31.09985
 30
0.0
 10
-160.3505
 20
-31.09985
 30
0.0
  0
LINE
  5
cc
100
AcDbEntity
  8
lx
100
AcDbLine
 10
-179.4005
 20
-31.09985
 30
0.0
 11
-192.3995
 21
-31.09985
 31
0.0
  0
SPLINE
  5
cd
100
AcDbEntity
  8
lx
100
AcDbSpline
 70
     8
 71
     3
 72
    32
 73
    28
 74
     0
 42
0.0000001
 43
0.0000001
 40
0.0
 40
0.0
 40
0.0
 40
0.0
 40
0.088088985466
 40
0.088088985466
 40
0.088088985466
 40
0.175784194189
 40
0.175784194189
 40
0.175784194189
 40
0.263114788797
 40
0.263114788797
 40
0.263114788797
 40
0.350101609183
 40
0.350101609183
 40
0.350101609183
 40
0.436758802197
 40
0.436758802197
 40
0.436758802197
 40
0.52309485365
 40
0.52309485365
 40
0.52309485365
 40
0.609113191317
 40
0.609113191317
 40
0.609113191317
 40
0.694812451443
 40
0.694812451443
 40
0.694812451443
 40
0.78440117906
 40
0.78440117906
 40
0.78440117906
 40
0.78440117906
 10
-192.3995
 20
-31.09985
 30
0.0
 10
-192.428862995155
 20
-31.09985
 30
0.0
 10
-192.458339248286
 20
-31.102456666364
 30
0.0
 10
-192.487246549174
 20
-31.10760966936
 30
0.0
 10
-192.516024628199
 20
-31.112739637323
 30
0.0
 10
-192.544459384664
 20
-31.120432362442
 30
0.0
 10
-192.571898550139
 20
-31.130511380334
 30
0.0
 10
-192.599223630624
 20
-31.140548492263
 30
0.0
 10
-192.625769067137
 20
-31.153028209018
 30
0.0
 10
-192.650930954905
 20
-31.167666618881
 30
0.0
 10
-192.67599379367
 20
-31.18224740509
 30
0.0
 10
-192.699872962268
 20
-31.199079705752
 30
0.0
 10
-192.722029457612
 20
-31.217783580418
 30
0.0
 10
-192.744101993256
 20
-31.236416578725
 30
0.0
 10
-192.764630105287
 20
-31.257046278217
 30
0.0
 10
-192.783153916485
 20
-31.279210525878
 30
0.0
 10
-192.801609080576
 20
-31.301292635393
 30
0.0
 10
-192.818211920831
 20
-31.325061827044
 30
0.0
 10
-192.832593231565
 20
-31.349989533393
 30
0.0
 10
-192.846921619555
 20
-31.374825506616
 30
0.0
 10
-192.859150535608
 20
-31.40099449119
 30
0.0
 10
-192.869010025952
 20
-31.427918805824
 30
0.0
 10
-192.878832943374
 20
-31.454743247054
 30
0.0
 10
-192.88637598355
 20
-31.482513658672
 30
0.0
 10
-192.891473859884
 20
-31.510621522534
 30
0.0
 10
-192.896803103726
 20
-31.540005063953
 30
0.0
 10
-192.8995
 20
-31.569987090794
 30
0.0
 10
-192.8995
 20
-31.59985
 30
0.0
  0
LINE
  5
ce
100
AcDbEntity
  8
lx
100
AcDbLine
 10
-192.8995
 20
-31.59985
 30
0.0
 11
-192.8995
 21
-44.59885
 31
0.0
  0
SPLINE
  5
cf
100
AcDbEntity
  8
lx
100
AcDbSpline
 70
     8
 71
     3
 72
    32
 73
    28
 74
     0
 42
0.0000001
 43
0.0000001
 40
0.0
 40
0.0
 40
0.0
 40
0.0
 40
0.088088985466
 40
0.088088985466
 40
0.088088985466
 40
0.175784194189
 40
0.175784194189
 40
0.175784194189
 40
0.263114788797
 40
0.263114788797
 40
0.263114788797
 40
0.350101609183
 40
0.350101609183
 40
0.350101609183
 40
0.436758802197
 40
0.436758802197
 40
0.436758802197
 40
0.52309485365
 40
0.52309485365
 40
0.52309485365
 40
0.609113191317
 40
0.609113191317
 40
0.609113191317
 40
0.694812451443
 40
0.694812451443
 40
0.694812451443
 40
0.78440117906
 40
0.78440117906
 40
0.78440117906
 40
0.78440117906
 10
-192.8995
 20
-44.59885
 30
0.0
 10
-192.8995
 20
-44.628212995155
 30
0.0
 10
-192.896893333636
 20
-44.657689248286
 30
0.0
 10
-192.891740330639
 20
-44.686596549174
 30
0.0
 10
-192.886610362676
 20
-44.715374628199
 30
0.0
 10
-192.878917637558
 20
-44.743809384664
 30
0.0
 10
-192.868838619666
 20
-44.771248550139
 30
0.0
 10
-192.858801507737
 20
-44.798573630624
 30
0.0
 10
-192.846321790982
 20
-44.825119067137
 30
0.0
 10
-192.831683381119
 20
-44.850280954905
 30
0.0
 10
-192.81710259491
 20
-44.87534379367
 30
0.0
 10
-192.800270294248
 20
-44.899222962268
 30
0.0
 10
-192.781566419582
 20
-44.921379457612
 30
0.0
 10
-192.762933421275
 20
-44.943451993256
 30
0.0
 10
-192.742303721783
 20
-44.963980105287
 30
0.0
 10
-192.720139474122
 20
-44.982503916485
 30
0.0
 10
-192.698057364606
 20
-45.000959080576
 30
0.0
 10
-192.674288172956
 20
-45.017561920831
 30
0.0
 10
-192.649360466606
 20
-45.031943231565
 30
0.0
 10
-192.624524493384
 20
-45.046271619555
 30
0.0
 10
-192.59835550881
 20
-45.058500535608
 30
0.0
 10
-192.571431194176
 20
-45.068360025952
 30
0.0
 10
-192.544606752945
 20
-45.078182943374
 30
0.0
 10
-192.516836341328
 20
-45.08572598355
 30
0.0
 10
-192.488728477466
 20
-45.090823859884
 30
0.0
 10
-192.459344936047
 20
-45.096153103726
 30
0.0
 10
-192.429362909206
 20
-45.09885
 30
0.0
 10
-192.3995
 20
-45.09885
 30
0.0
  0
LINE
  5
d0
100
AcDbEntity
  8
lx
100
AcDbLine
 10
-192.3995
 20
-45.09885
 30
0.0
 11
-179.4005
 21
-45.09885
 31
0.0
  0
SPLINE
  5
d1
100
AcDbEntity
  8
lx
100
AcDbSpline
 70
     8
 71
     3
 72
    32
 73
    28
 74
     0
 42
0.0000001
 43
0.0000001
 40
0.0
 40
0.0
 40
0.0
 40
0.0
 40
0.088088985466
 40
0.088088985466
 40
0.088088985466
 40
0.175784194189
 40
0.175784194189
 40
0.175784194189
 40
0.263114788797
 40
0.263114788797
 40
0.263114788797
 40
0.350101609183
 40
0.350101609183
 40
0.350101609183
 40
0.436758802197
 40
0.436758802197
 40
0.436758802197
 40
0.52309485365
 40
0.52309485365
 40
0.52309485365
 40
0.609113191317
 40
0.609113191317
 40
0.609113191317
 40
0.694812451443
 40
0.694812451443
 40
0.694812451443
 40
0.78440117906
 40
0.78440117906
 40
0.78440117906
 40
0.78440117906
 10
-179.4005
 20
-45.09885
 30
0.0
 10
-179.371137004844
 20
-45.09885
 30
0.0
 10
-179.341660751714
 20
-45.096243333636
 30
0.0
 10
-179.312753450826
 20
-45.09109033064
 30
0.0
 10
-179.283975371801
 20
-45.085960362677
 30
0.0
 10
-179.255540615336
 20
-45.078267637558
 30
0.0
 10
-179.228101449861
 20
-45.068188619666
 30
0.0
 10
-179.200776369375
 20
-45.058151507737
 30
0.0
 10
-179.174230932863
 20
-45.045671790982
 30
0.0
 10
-179.149069045095
 20
-45.031033381119
 30
0.0
 10
-179.12400620633
 20
-45.01645259491
 30
0.0
 10
-179.100127037732
 20
-44.999620294248
 30
0.0
 10
-179.077970542388
 20
-44.980916419582
 30
0.0
 10
-179.055898006744
 20
-44.962283421275
 30
0.0
 10
-179.035369894713
 20
-44.941653721783
 30
0.0
 10
-179.016846083515
 20
-44.919489474122
 30
0.0
 10
-178.998390919424
 20
-44.897407364606
 30
0.0
 10
-178.981788079169
 20
-44.873638172956
 30
0.0
 10
-178.967406768435
 20
-44.848710466607
 30
0.0
 10
-178.953078380444
 20
-44.823874493384
 30
0.0
 10
-178.940849464392
 20
-44.79770550881
 30
0.0
 10
-178.930989974048
 20
-44.770781194176
 30
0.0
 10
-178.921167056626
 20
-44.743956752945
 30
0.0
 10
-178.91362401645
 20
-44.716186341328
 30
0.0
 10
-178.908526140116
 20
-44.688078477466
 30
0.0
 10
-178.903196896274
 20
-44.658694936047
 30
0.0
 10
-178.9005
 20
-44.628712909206
 30
0.0
 10
-178.9005
 20
-44.59885
 30
0.0
  0
LINE
  5
d2
100
AcDbEntity
  8
lx
100
AcDbLine
 10
-178.9005
 20
-44.59885
 30
0.0
 11
-178.9005
 21
-31.59985
 31
0.0
  0
SPLINE
  5
d3
100
AcDbEntity
  8
lx
100
AcDbSpline
 70
     8
 71
     3
 72
    32
 73
    28
 74
     0
 42
0.0000001
 43
0.0000001
 40
0.0
 40
0.0
 40
0.0
 40
0.0
 40
0.088088985466
 40
0.088088985466
 40
0.088088985466
 40
0.175784194189
 40
0.175784194189
 40
0.175784194189
 40
0.263114788797
 40
0.263114788797
 40
0.263114788797
 40
0.350101609183
 40
0.350101609183
 40
0.350101609183
 40
0.436758802197
 40
0.436758802197
 40
0.436758802197
 40
0.52309485365
 40
0.52309485365
 40
0.52309485365
 40
0.609113191317
 40
0.609113191317
 40
0.609113191317
 40
0.694812451443
 40
0.694812451443
 40
0.694812451443
 40
0.78440117906
 40
0.78440117906
 40
0.78440117906
 40
0.78440117906
 10
-178.9005
 20
-31.59985
 30
0.0
 10
-178.9005
 20
-31.570487004845
 30
0.0
 10
-178.903106666364
 20
-31.541010751714
 30
0.0
 10
-178.90825966936
 20
-31.512103450826
 30
0.0
 10
-178.913389637323
 20
-31.483325371801
 30
0.0
 10
-178.921082362442
 20
-31.454890615336
 30
0.0
 10
-178.931161380334
 20
-31.427451449861
 30
0.0
 10
-178.941198492263
 20
-31.400126369375
 30
0.0
 10
-178.953678209018
 20
-31.373580932863
 30
0.0
 10
-178.968316618881
 20
-31.348419045095
 30
0.0
 10
-178.98289740509
 20
-31.32335620633
 30
0.0
 10
-178.999729705752
 20
-31.299477037732
 30
0.0
 10
-179.018433580418
 20
-31.277320542388
 30
0.0
 10
-179.037066578725
 20
-31.255248006744
 30
0.0
 10
-179.057696278217
 20
-31.234719894713
 30
0.0
 10
-179.079860525878
 20
-31.216196083515
 30
0.0
 10
-179.101942635393
 20
-31.197740919424
 30
0.0
 10
-179.125711827044
 20
-31.181138079169
 30
0.0
 10
-179.150639533393
 20
-31.166756768435
 30
0.0
 10
-179.175475506616
 20
-31.152428380444
 30
0.0
 10
-179.20164449119
 20
-31.140199464392
 30
0.0
 10
-179.228568805824
 20
-31.130339974048
 30
0.0
 10
-179.255393247054
 20
-31.120517056626
 30
0.0
 10
-179.283163658672
 20
-31.11297401645
 30
0.0
 10
-179.311271522534
 20
-31.107876140116
 30
0.0
 10
-179.340655063952
 20
-31.102546896274
 30
0.0
 10
-179.370637090794
 20
-31.09985
 30
0.0
 10
-179.4005
 20
-31.09985
 30
0.0
  0
LINE
  5
d4
100
AcDbEntity
  8
lx
100
AcDbLine
 10
-198.4505
 20
-31.09985
 30
0.0
 11
-211.4495
 21
-31.09985
 31
0.0
  0
SPLINE
  5
d5
100
AcDbEntity
  8
lx
100
AcDbSpline
 70
     8
 71
     3
 72
    32
 73
    28
 74
     0
 42
0.0000001
 43
0.0000001
 40
0.0
 40
0.0
 40
0.0
 40
0.0
 40
0.088088985466
 40
0.088088985466
 40
0.088088985466
 40
0.175784194189
 40
0.175784194189
 40
0.175784194189
 40
0.263114788797
 40
0.263114788797
 40
0.263114788797
 40
0.350101609183
 40
0.350101609183
 40
0.350101609183
 40
0.436758802197
 40
0.436758802197
 40
0.436758802197
 40
0.52309485365
 40
0.52309485365
 40
0.52309485365
 40
0.609113191317
 40
0.609113191317
 40
0.609113191317
 40
0.694812451443
 40
0.694812451443
 40
0.694812451443
 40
0.78440117906
 40
0.78440117906
 40
0.78440117906
 40
0.78440117906
 10
-211.4495
 20
-31.09985
 30
0.0
 10
-211.478862995155
 20
-31.09985
 30
0.0
 10
-211.508339248286
 20
-31.102456666364
 30
0.0
 10
-211.537246549174
 20
-31.10760966936
 30
0.0
 10
-211.566024628199
 20
-31.112739637323
 30
0.0
 10
-211.594459384664
 20
-31.120432362442
 30
0.0
 10
-211.621898550139
 20
-31.130511380334
 30
0.0
 10
-211.649223630624
 20
-31.140548492263
 30
0.0
 10
-211.675769067137
 20
-31.153028209018
 30
0.0
 10
-211.700930954905
 20
-31.167666618881
 30
0.0
 10
-211.72599379367
 20
-31.18224740509
 30
0.0
 10
-211.749872962268
 20
-31.199079705752
 30
0.0
 10
-211.772029457612
 20
-31.217783580418
 30
0.0
 10
-211.794101993256
 20
-31.236416578725
 30
0.0
 10
-211.814630105287
 20
-31.257046278217
 30
0.0
 10
-211.833153916485
 20
-31.279210525878
 30
0.0
 10
-211.851609080576
 20
-31.301292635393
 30
0.0
 10
-211.868211920831
 20
-31.325061827044
 30
0.0
 10
-211.882593231565
 20
-31.349989533393
 30
0.0
 10
-211.896921619555
 20
-31.374825506616
 30
0.0
 10
-211.909150535608
 20
-31.40099449119
 30
0.0
 10
-211.919010025952
 20
-31.427918805824
 30
0.0
 10
-211.928832943374
 20
-31.454743247054
 30
0.0
 10
-211.93637598355
 20
-31.482513658672
 30
0.0
 10
-211.941473859884
 20
-31.510621522534
 30
0.0
 10
-211.946803103726
 20
-31.540005063953
 30
0.0
 10
-211.9495
 20
-31.569987090794
 30
0.0
 10
-211.9495
 20
-31.59985
 30
0.0
  0
LINE
  5
d6
100
AcDbEntity
  8
lx
100
AcDbLine
 10
-211.9495
 20
-31.59985
 30
0.0
 11
-211.9495
 21
-44.59885
 31
0.0
  0
SPLINE
  5
d7
100
AcDbEntity
  8
lx
100
AcDbSpline
 70
     8
 71
     3
 72
    32
 73
    28
 74
     0
 42
0.0000001
 43
0.0000001
 40
0.0
 40
0.0
 40
0.0
 40
0.0
 40
0.088088985466
 40
0.088088985466
 40
0.088088985466
 40
0.175784194189
 40
0.175784194189
 40
0.175784194189
 40
0.263114788797
 40
0.263114788797
 40
0.263114788797
 40
0.350101609183
 40
0.350101609183
 40
0.350101609183
 40
0.436758802197
 40
0.436758802197
 40
0.436758802197
 40
0.52309485365
 40
0.52309485365
 40
0.52309485365
 40
0.609113191317
 40
0.609113191317
 40
0.609113191317
 40
0.694812451443
 40
0.694812451443
 40
0.694812451443
 40
0.78440117906
 40
0.78440117906
 40
0.78440117906
 40
0.78440117906
 10
-211.9495
 20
-44.59885
 30
0.0
 10
-211.9495
 20
-44.628212995155
 30
0.0
 10
-211.946893333636
 20
-44.657689248286
 30
0.0
 10
-211.941740330639
 20
-44.686596549174
 30
0.0
 10
-211.936610362676
 20
-44.715374628199
 30
0.0
 10
-211.928917637558
 20
-44.743809384664
 30
0.0
 10
-211.918838619666
 20
-44.771248550139
 30
0.0
 10
-211.908801507737
 20
-44.798573630624
 30
0.0
 10
-211.896321790982
 20
-44.825119067137
 30
0.0
 10
-211.881683381119
 20
-44.850280954905
 30
0.0
 10
-211.86710259491
 20
-44.87534379367
 30
0.0
 10
-211.850270294248
 20
-44.899222962268
 30
0.0
 10
-211.831566419582
 20
-44.921379457612
 30
0.0
 10
-211.812933421275
 20
-44.943451993256
 30
0.0
 10
-211.792303721783
 20
-44.963980105287
 30
0.0
 10
-211.770139474122
 20
-44.982503916485
 30
0.0
 10
-211.748057364606
 20
-45.000959080576
 30
0.0
 10
-211.724288172956
 20
-45.017561920831
 30
0.0
 10
-211.699360466606
 20
-45.031943231565
 30
0.0
 10
-211.674524493384
 20
-45.046271619555
 30
0.0
 10
-211.64835550881
 20
-45.058500535608
 30
0.0
 10
-211.621431194176
 20
-45.068360025952
 30
0.0
 10
-211.594606752945
 20
-45.078182943374
 30
0.0
 10
-211.566836341328
 20
-45.08572598355
 30
0.0
 10
-211.538728477466
 20
-45.090823859884
 30
0.0
 10
-211.509344936047
 20
-45.096153103726
 30
0.0
 10
-211.479362909206
 20
-45.09885
 30
0.0
 10
-211.4495
 20
-45.09885
 30
0.0
  0
LINE
  5
d8
100
AcDbEntity
  8
lx
100
AcDbLine
 10
-211.4495
 20
-45.09885
 30
0.0
 11
-198.4505
 21
-45.09885
 31
0.0
  0
SPLINE
  5
d9
100
AcDbEntity
  8
lx
100
AcDbSpline
 70
     8
 71
     3
 72
    32
 73
    28
 74
     0
 42
0.0000001
 43
0.0000001
 40
0.0
 40
0.0
 40
0.0
 40
0.0
 40
0.088088985466
 40
0.088088985466
 40
0.088088985466
 40
0.175784194189
 40
0.175784194189
 40
0.175784194189
 40
0.263114788797
 40
0.263114788797
 40
0.263114788797
 40
0.350101609183
 40
0.350101609183
 40
0.350101609183
 40
0.436758802197
 40
0.436758802197
 40
0.436758802197
 40
0.52309485365
 40
0.52309485365
 40
0.52309485365
 40
0.609113191317
 40
0.609113191317
 40
0.609113191317
 40
0.694812451443
 40
0.694812451443
 40
0.694812451443
 40
0.78440117906
 40
0.78440117906
 40
0.78440117906
 40
0.78440117906
 10
-198.4505
 20
-45.09885
 30
0.0
 10
-198.421137004844
 20
-45.09885
 30
0.0
 10
-198.391660751714
 20
-45.096243333636
 30
0.0
 10
-198.362753450826
 20
-45.09109033064
 30
0.0
 10
-198.333975371801
 20
-45.085960362677
 30
0.0
 10
-198.305540615336
 20
-45.078267637558
 30
0.0
 10
-198.278101449861
 20
-45.068188619666
 30
0.0
 10
-198.250776369375
 20
-45.058151507737
 30
0.0
 10
-198.224230932863
 20
-45.045671790982
 30
0.0
 10
-198.199069045095
 20
-45.031033381119
 30
0.0
 10
-198.17400620633
 20
-45.01645259491
 30
0.0
 10
-198.150127037732
 20
-44.999620294248
 30
0.0
 10
-198.127970542388
 20
-44.980916419582
 30
0.0
 10
-198.105898006744
 20
-44.962283421275
 30
0.0
 10
-198.085369894713
 20
-44.941653721783
 30
0.0
 10
-198.066846083515
 20
-44.919489474122
 30
0.0
 10
-198.048390919424
 20
-44.897407364607
 30
0.0
 10
-198.031788079169
 20
-44.873638172956
 30
0.0
 10
-198.017406768435
 20
-44.848710466607
 30
0.0
 10
-198.003078380444
 20
-44.823874493384
 30
0.0
 10
-197.990849464392
 20
-44.79770550881
 30
0.0
 10
-197.980989974048
 20
-44.770781194176
 30
0.0
 10
-197.971167056626
 20
-44.743956752946
 30
0.0
 10
-197.96362401645
 20
-44.716186341328
 30
0.0
 10
-197.958526140116
 20
-44.688078477466
 30
0.0
 10
-197.953196896274
 20
-44.658694936047
 30
0.0
 10
-197.9505
 20
-44.628712909206
 30
0.0
 10
-197.9505
 20
-44.59885
 30
0.0
  0
LINE
  5
da
100
AcDbEntity
  8
lx
100
AcDbLine
 10
-197.9505
 20
-44.59885
 30
0.0
 11
-197.9505
 21
-31.59985
 31
0.0
  0
SPLINE
  5
db
100
AcDbEntity
  8
lx
100
AcDbSpline
 70
     8
 71
     3
 72
    32
 73
    28
 74
     0
 42
0.0000001
 43
0.0000001
 40
0.0
 40
0.0
 40
0.0
 40
0.0
 40
0.088088985466
 40
0.088088985466
 40
0.088088985466
 40
0.175784194189
 40
0.175784194189
 40
0.175784194189
 40
0.263114788797
 40
0.263114788797
 40
0.263114788797
 40
0.350101609183
 40
0.350101609183
 40
0.350101609183
 40
0.436758802197
 40
0.436758802197
 40
0.436758802197
 40
0.52309485365
 40
0.52309485365
 40
0.52309485365
 40
0.609113191317
 40
0.609113191317
 40
0.609113191317
 40
0.694812451443
 40
0.694812451443
 40
0.694812451443
 40
0.78440117906
 40
0.78440117906
 40
0.78440117906
 40
0.78440117906
 10
-197.9505
 20
-31.59985
 30
0.0
 10
-197.9505
 20
-31.570487004845
 30
0.0
 10
-197.953106666364
 20
-31.541010751714
 30
0.0
 10
-197.95825966936
 20
-31.512103450826
 30
0.0
 10
-197.963389637323
 20
-31.483325371801
 30
0.0
 10
-197.971082362442
 20
-31.454890615336
 30
0.0
 10
-197.981161380334
 20
-31.427451449861
 30
0.0
 10
-197.991198492263
 20
-31.400126369375
 30
0.0
 10
-198.003678209018
 20
-31.373580932863
 30
0.0
 10
-198.018316618881
 20
-31.348419045095
 30
0.0
 10
-198.03289740509
 20
-31.32335620633
 30
0.0
 10
-198.049729705752
 20
-31.299477037732
 30
0.0
 10
-198.068433580417
 20
-31.277320542388
 30
0.0
 10
-198.087066578725
 20
-31.255248006744
 30
0.0
 10
-198.107696278217
 20
-31.234719894713
 30
0.0
 10
-198.129860525878
 20
-31.216196083515
 30
0.0
 10
-198.151942635393
 20
-31.197740919424
 30
0.0
 10
-198.175711827044
 20
-31.181138079169
 30
0.0
 10
-198.200639533393
 20
-31.166756768435
 30
0.0
 10
-198.225475506616
 20
-31.152428380444
 30
0.0
 10
-198.25164449119
 20
-31.140199464392
 30
0.0
 10
-198.278568805824
 20
-31.130339974048
 30
0.0
 10
-198.305393247054
 20
-31.120517056626
 30
0.0
 10
-198.333163658672
 20
-31.11297401645
 30
0.0
 10
-198.361271522534
 20
-31.107876140116
 30
0.0
 10
-198.390655063952
 20
-31.102546896274
 30
0.0
 10
-198.420637090794
 20
-31.09985
 30
0.0
 10
-198.4505
 20
-31.09985
 30
0.0
  0
LINE
  5
dc
100
AcDbEntity
  8
lx
100
AcDbLine
 10
-217.5005
 20
-31.09985
 30
0.0
 11
-230.4995
 21
-31.09985
 31
0.0
  0
SPLINE
  5
dd
100
AcDbEntity
  8
lx
100
AcDbSpline
 70
     8
 71
     3
 72
    32
 73
    28
 74
     0
 42
0.0000001
 43
0.0000001
 40
0.0
 40
0.0
 40
0.0
 40
0.0
 40
0.088088985466
 40
0.088088985466
 40
0.088088985466
 40
0.175784194189
 40
0.175784194189
 40
0.175784194189
 40
0.263114788797
 40
0.263114788797
 40
0.263114788797
 40
0.350101609183
 40
0.350101609183
 40
0.350101609183
 40
0.436758802197
 40
0.436758802197
 40
0.436758802197
 40
0.52309485365
 40
0.52309485365
 40
0.52309485365
 40
0.609113191317
 40
0.609113191317
 40
0.609113191317
 40
0.694812451443
 40
0.694812451443
 40
0.694812451443
 40
0.78440117906
 40
0.78440117906
 40
0.78440117906
 40
0.78440117906
 10
-230.4995
 20
-31.09985
 30
0.0
 10
-230.528862995155
 20
-31.09985
 30
0.0
 10
-230.558339248286
 20
-31.102456666364
 30
0.0
 10
-230.587246549174
 20
-31.10760966936
 30
0.0
 10
-230.616024628199
 20
-31.112739637323
 30
0.0
 10
-230.644459384664
 20
-31.120432362442
 30
0.0
 10
-230.671898550139
 20
-31.130511380334
 30
0.0
 10
-230.699223630624
 20
-31.140548492263
 30
0.0
 10
-230.725769067137
 20
-31.153028209018
 30
0.0
 10
-230.750930954905
 20
-31.167666618881
 30
0.0
 10
-230.77599379367
 20
-31.18224740509
 30
0.0
 10
-230.799872962268
 20
-31.199079705752
 30
0.0
 10
-230.822029457612
 20
-31.217783580418
 30
0.0
 10
-230.844101993256
 20
-31.236416578725
 30
0.0
 10
-230.864630105287
 20
-31.257046278217
 30
0.0
 10
-230.883153916485
 20
-31.279210525878
 30
0.0
 10
-230.901609080576
 20
-31.301292635393
 30
0.0
 10
-230.918211920831
 20
-31.325061827044
 30
0.0
 10
-230.932593231565
 20
-31.349989533393
 30
0.0
 10
-230.946921619555
 20
-31.374825506616
 30
0.0
 10
-230.959150535608
 20
-31.40099449119
 30
0.0
 10
-230.969010025952
 20
-31.427918805824
 30
0.0
 10
-230.978832943374
 20
-31.454743247054
 30
0.0
 10
-230.98637598355
 20
-31.482513658672
 30
0.0
 10
-230.991473859884
 20
-31.510621522534
 30
0.0
 10
-230.996803103726
 20
-31.540005063953
 30
0.0
 10
-230.9995
 20
-31.569987090794
 30
0.0
 10
-230.9995
 20
-31.59985
 30
0.0
  0
LINE
  5
de
100
AcDbEntity
  8
lx
100
AcDbLine
 10
-230.9995
 20
-31.59985
 30
0.0
 11
-230.9995
 21
-44.59885
 31
0.0
  0
SPLINE
  5
df
100
AcDbEntity
  8
lx
100
AcDbSpline
 70
     8
 71
     3
 72
    32
 73
    28
 74
     0
 42
0.0000001
 43
0.0000001
 40
0.0
 40
0.0
 40
0.0
 40
0.0
 40
0.088088985466
 40
0.088088985466
 40
0.088088985466
 40
0.175784194189
 40
0.175784194189
 40
0.175784194189
 40
0.263114788797
 40
0.263114788797
 40
0.263114788797
 40
0.350101609183
 40
0.350101609183
 40
0.350101609183
 40
0.436758802197
 40
0.436758802197
 40
0.436758802197
 40
0.52309485365
 40
0.52309485365
 40
0.52309485365
 40
0.609113191317
 40
0.609113191317
 40
0.609113191317
 40
0.694812451443
 40
0.694812451443
 40
0.694812451443
 40
0.78440117906
 40
0.78440117906
 40
0.78440117906
 40
0.78440117906
 10
-230.9995
 20
-44.59885
 30
0.0
 10
-230.9995
 20
-44.628212995155
 30
0.0
 10
-230.996893333636
 20
-44.657689248286
 30
0.0
 10
-230.991740330639
 20
-44.686596549174
 30
0.0
 10
-230.986610362676
 20
-44.715374628199
 30
0.0
 10
-230.978917637558
 20
-44.743809384664
 30
0.0
 10
-230.968838619666
 20
-44.771248550139
 30
0.0
 10
-230.958801507737
 20
-44.798573630624
 30
0.0
 10
-230.946321790982
 20
-44.825119067137
 30
0.0
 10
-230.931683381119
 20
-44.850280954905
 30
0.0
 10
-230.91710259491
 20
-44.87534379367
 30
0.0
 10
-230.900270294248
 20
-44.899222962268
 30
0.0
 10
-230.881566419582
 20
-44.921379457612
 30
0.0
 10
-230.862933421275
 20
-44.943451993256
 30
0.0
 10
-230.842303721783
 20
-44.963980105287
 30
0.0
 10
-230.820139474122
 20
-44.982503916485
 30
0.0
 10
-230.798057364606
 20
-45.000959080576
 30
0.0
 10
-230.774288172956
 20
-45.017561920831
 30
0.0
 10
-230.749360466606
 20
-45.031943231565
 30
0.0
 10
-230.724524493384
 20
-45.046271619555
 30
0.0
 10
-230.69835550881
 20
-45.058500535608
 30
0.0
 10
-230.671431194176
 20
-45.068360025952
 30
0.0
 10
-230.644606752945
 20
-45.078182943374
 30
0.0
 10
-230.616836341328
 20
-45.08572598355
 30
0.0
 10
-230.588728477466
 20
-45.090823859884
 30
0.0
 10
-230.559344936047
 20
-45.096153103726
 30
0.0
 10
-230.529362909206
 20
-45.09885
 30
0.0
 10
-230.4995
 20
-45.09885
 30
0.0
  0
LINE
  5
e0
100
AcDbEntity
  8
lx
100
AcDbLine
 10
-230.4995
 20
-45.09885
 30
0.0
 11
-217.5005
 21
-45.09885
 31
0.0
  0
SPLINE
  5
e1
100
AcDbEntity
  8
lx
100
AcDbSpline
 70
     8
 71
     3
 72
    32
 73
    28
 74
     0
 42
0.0000001
 43
0.0000001
 40
0.0
 40
0.0
 40
0.0
 40
0.0
 40
0.088088985466
 40
0.088088985466
 40
0.088088985466
 40
0.175784194189
 40
0.175784194189
 40
0.175784194189
 40
0.263114788797
 40
0.263114788797
 40
0.263114788797
 40
0.350101609183
 40
0.350101609183
 40
0.350101609183
 40
0.436758802197
 40
0.436758802197
 40
0.436758802197
 40
0.52309485365
 40
0.52309485365
 40
0.52309485365
 40
0.609113191317
 40
0.609113191317
 40
0.609113191317
 40
0.694812451443
 40
0.694812451443
 40
0.694812451443
 40
0.78440117906
 40
0.78440117906
 40
0.78440117906
 40
0.78440117906
 10
-217.5005
 20
-45.09885
 30
0.0
 10
-217.471137004844
 20
-45.09885
 30
0.0
 10
-217.441660751714
 20
-45.096243333636
 30
0.0
 10
-217.412753450826
 20
-45.09109033064
 30
0.0
 10
-217.383975371801
 20
-45.085960362677
 30
0.0
 10
-217.355540615336
 20
-45.078267637558
 30
0.0
 10
-217.328101449861
 20
-45.068188619666
 30
0.0
 10
-217.300776369375
 20
-45.058151507737
 30
0.0
 10
-217.274230932863
 20
-45.045671790982
 30
0.0
 10
-217.249069045095
 20
-45.031033381119
 30
0.0
 10
-217.22400620633
 20
-45.01645259491
 30
0.0
 10
-217.200127037732
 20
-44.999620294248
 30
0.0
 10
-217.177970542388
 20
-44.980916419582
 30
0.0
 10
-217.155898006744
 20
-44.962283421275
 30
0.0
 10
-217.135369894713
 20
-44.941653721783
 30
0.0
 10
-217.116846083515
 20
-44.919489474122
 30
0.0
 10
-217.098390919424
 20
-44.897407364606
 30
0.0
 10
-217.081788079169
 20
-44.873638172956
 30
0.0
 10
-217.067406768435
 20
-44.848710466607
 30
0.0
 10
-217.053078380444
 20
-44.823874493384
 30
0.0
 10
-217.040849464392
 20
-44.79770550881
 30
0.0
 10
-217.030989974048
 20
-44.770781194176
 30
0.0
 10
-217.021167056626
 20
-44.743956752945
 30
0.0
 10
-217.01362401645
 20
-44.716186341328
 30
0.0
 10
-217.008526140116
 20
-44.688078477466
 30
0.0
 10
-217.003196896274
 20
-44.658694936047
 30
0.0
 10
-217.0005
 20
-44.628712909206
 30
0.0
 10
-217.0005
 20
-44.59885
 30
0.0
  0
LINE
  5
e2
100
AcDbEntity
  8
lx
100
AcDbLine
 10
-217.0005
 20
-44.59885
 30
0.0
 11
-217.0005
 21
-31.59985
 31
0.0
  0
SPLINE
  5
e3
100
AcDbEntity
  8
lx
100
AcDbSpline
 70
     8
 71
     3
 72
    32
 73
    28
 74
     0
 42
0.0000001
 43
0.0000001
 40
0.0
 40
0.0
 40
0.0
 40
0.0
 40
0.088088985466
 40
0.088088985466
 40
0.088088985466
 40
0.175784194189
 40
0.175784194189
 40
0.175784194189
 40
0.263114788797
 40
0.263114788797
 40
0.263114788797
 40
0.350101609183
 40
0.350101609183
 40
0.350101609183
 40
0.436758802197
 40
0.436758802197
 40
0.436758802197
 40
0.52309485365
 40
0.52309485365
 40
0.52309485365
 40
0.609113191317
 40
0.609113191317
 40
0.609113191317
 40
0.694812451443
 40
0.694812451443
 40
0.694812451443
 40
0.78440117906
 40
0.78440117906
 40
0.78440117906
 40
0.78440117906
 10
-217.0005
 20
-31.59985
 30
0.0
 10
-217.0005
 20
-31.570487004845
 30
0.0
 10
-217.003106666364
 20
-31.541010751714
 30
0.0
 10
-217.00825966936
 20
-31.512103450826
 30
0.0
 10
-217.013389637323
 20
-31.483325371801
 30
0.0
 10
-217.021082362442
 20
-31.454890615336
 30
0.0
 10
-217.031161380334
 20
-31.427451449861
 30
0.0
 10
-217.041198492263
 20
-31.400126369375
 30
0.0
 10
-217.053678209018
 20
-31.373580932863
 30
0.0
 10
-217.068316618881
 20
-31.348419045095
 30
0.0
 10
-217.08289740509
 20
-31.32335620633
 30
0.0
 10
-217.099729705752
 20
-31.299477037732
 30
0.0
 10
-217.118433580418
 20
-31.277320542388
 30
0.0
 10
-217.137066578725
 20
-31.255248006744
 30
0.0
 10
-217.157696278217
 20
-31.234719894713
 30
0.0
 10
-217.179860525878
 20
-31.216196083515
 30
0.0
 10
-217.201942635393
 20
-31.197740919424
 30
0.0
 10
-217.225711827044
 20
-31.181138079169
 30
0.0
 10
-217.250639533393
 20
-31.166756768435
 30
0.0
 10
-217.275475506616
 20
-31.152428380444
 30
0.0
 10
-217.30164449119
 20
-31.140199464392
 30
0.0
 10
-217.328568805824
 20
-31.130339974048
 30
0.0
 10
-217.355393247054
 20
-31.120517056626
 30
0.0
 10
-217.383163658672
 20
-31.11297401645
 30
0.0
 10
-217.411271522534
 20
-31.107876140116
 30
0.0
 10
-217.440655063952
 20
-31.102546896274
 30
0.0
 10
-217.470637090794
 20
-31.09985
 30
0.0
 10
-217.5005
 20
-31.09985
 30
0.0
  0
LINE
  5
e4
100
AcDbEntity
  8
lx
100
AcDbLine
 10
-236.5505
 20
-31.09985
 30
0.0
 11
-249.5495
 21
-31.09985
 31
0.0
  0
SPLINE
  5
e5
100
AcDbEntity
  8
lx
100
AcDbSpline
 70
     8
 71
     3
 72
    32
 73
    28
 74
     0
 42
0.0000001
 43
0.0000001
 40
0.0
 40
0.0
 40
0.0
 40
0.0
 40
0.088088985466
 40
0.088088985466
 40
0.088088985466
 40
0.175784194189
 40
0.175784194189
 40
0.175784194189
 40
0.263114788797
 40
0.263114788797
 40
0.263114788797
 40
0.350101609183
 40
0.350101609183
 40
0.350101609183
 40
0.436758802197
 40
0.436758802197
 40
0.436758802197
 40
0.52309485365
 40
0.52309485365
 40
0.52309485365
 40
0.609113191317
 40
0.609113191317
 40
0.609113191317
 40
0.694812451443
 40
0.694812451443
 40
0.694812451443
 40
0.78440117906
 40
0.78440117906
 40
0.78440117906
 40
0.78440117906
 10
-249.5495
 20
-31.09985
 30
0.0
 10
-249.578862995155
 20
-31.09985
 30
0.0
 10
-249.608339248286
 20
-31.102456666364
 30
0.0
 10
-249.637246549174
 20
-31.10760966936
 30
0.0
 10
-249.666024628199
 20
-31.112739637323
 30
0.0
 10
-249.694459384664
 20
-31.120432362442
 30
0.0
 10
-249.721898550139
 20
-31.130511380334
 30
0.0
 10
-249.749223630624
 20
-31.140548492263
 30
0.0
 10
-249.775769067137
 20
-31.153028209018
 30
0.0
 10
-249.800930954905
 20
-31.167666618881
 30
0.0
 10
-249.82599379367
 20
-31.18224740509
 30
0.0
 10
-249.849872962268
 20
-31.199079705752
 30
0.0
 10
-249.872029457612
 20
-31.217783580418
 30
0.0
 10
-249.894101993256
 20
-31.236416578725
 30
0.0
 10
-249.914630105287
 20
-31.257046278217
 30
0.0
 10
-249.933153916485
 20
-31.279210525878
 30
0.0
 10
-249.951609080576
 20
-31.301292635393
 30
0.0
 10
-249.968211920831
 20
-31.325061827044
 30
0.0
 10
-249.982593231565
 20
-31.349989533393
 30
0.0
 10
-249.996921619555
 20
-31.374825506616
 30
0.0
 10
-250.009150535608
 20
-31.40099449119
 30
0.0
 10
-250.019010025952
 20
-31.427918805824
 30
0.0
 10
-250.028832943374
 20
-31.454743247054
 30
0.0
 10
-250.03637598355
 20
-31.482513658672
 30
0.0
 10
-250.041473859884
 20
-31.510621522534
 30
0.0
 10
-250.046803103726
 20
-31.540005063953
 30
0.0
 10
-250.0495
 20
-31.569987090794
 30
0.0
 10
-250.0495
 20
-31.59985
 30
0.0
  0
LINE
  5
e6
100
AcDbEntity
  8
lx
100
AcDbLine
 10
-250.0495
 20
-31.59985
 30
0.0
 11
-250.0495
 21
-44.59885
 31
0.0
  0
SPLINE
  5
e7
100
AcDbEntity
  8
lx
100
AcDbSpline
 70
     8
 71
     3
 72
    32
 73
    28
 74
     0
 42
0.0000001
 43
0.0000001
 40
0.0
 40
0.0
 40
0.0
 40
0.0
 40
0.088088985466
 40
0.088088985466
 40
0.088088985466
 40
0.175784194189
 40
0.175784194189
 40
0.175784194189
 40
0.263114788797
 40
0.263114788797
 40
0.263114788797
 40
0.350101609183
 40
0.350101609183
 40
0.350101609183
 40
0.436758802197
 40
0.436758802197
 40
0.436758802197
 40
0.52309485365
 40
0.52309485365
 40
0.52309485365
 40
0.609113191317
 40
0.609113191317
 40
0.609113191317
 40
0.694812451443
 40
0.694812451443
 40
0.694812451443
 40
0.78440117906
 40
0.78440117906
 40
0.78440117906
 40
0.78440117906
 10
-250.0495
 20
-44.59885
 30
0.0
 10
-250.0495
 20
-44.628212995155
 30
0.0
 10
-250.046893333636
 20
-44.657689248286
 30
0.0
 10
-250.041740330639
 20
-44.686596549174
 30
0.0
 10
-250.036610362676
 20
-44.715374628199
 30
0.0
 10
-250.028917637558
 20
-44.743809384664
 30
0.0
 10
-250.018838619666
 20
-44.771248550139
 30
0.0
 10
-250.008801507737
 20
-44.798573630625
 30
0.0
 10
-249.996321790982
 20
-44.825119067137
 30
0.0
 10
-249.981683381119
 20
-44.850280954905
 30
0.0
 10
-249.96710259491
 20
-44.87534379367
 30
0.0
 10
-249.950270294248
 20
-44.899222962268
 30
0.0
 10
-249.931566419582
 20
-44.921379457612
 30
0.0
 10
-249.912933421275
 20
-44.943451993256
 30
0.0
 10
-249.892303721783
 20
-44.963980105287
 30
0.0
 10
-249.870139474122
 20
-44.982503916485
 30
0.0
 10
-249.848057364606
 20
-45.000959080576
 30
0.0
 10
-249.824288172956
 20
-45.017561920831
 30
0.0
 10
-249.799360466606
 20
-45.031943231565
 30
0.0
 10
-249.774524493384
 20
-45.046271619555
 30
0.0
 10
-249.74835550881
 20
-45.058500535608
 30
0.0
 10
-249.721431194176
 20
-45.068360025952
 30
0.0
 10
-249.694606752945
 20
-45.078182943374
 30
0.0
 10
-249.666836341328
 20
-45.08572598355
 30
0.0
 10
-249.638728477466
 20
-45.090823859884
 30
0.0
 10
-249.609344936047
 20
-45.096153103726
 30
0.0
 10
-249.579362909206
 20
-45.09885
 30
0.0
 10
-249.5495
 20
-45.09885
 30
0.0
  0
LINE
  5
e8
100
AcDbEntity
  8
lx
100
AcDbLine
 10
-249.5495
 20
-45.09885
 30
0.0
 11
-236.5505
 21
-45.09885
 31
0.0
  0
SPLINE
  5
e9
100
AcDbEntity
  8
lx
100
AcDbSpline
 70
     8
 71
     3
 72
    32
 73
    28
 74
     0
 42
0.0000001
 43
0.0000001
 40
0.0
 40
0.0
 40
0.0
 40
0.0
 40
0.088088985466
 40
0.088088985466
 40
0.088088985466
 40
0.175784194189
 40
0.175784194189
 40
0.175784194189
 40
0.263114788797
 40
0.263114788797
 40
0.263114788797
 40
0.350101609183
 40
0.350101609183
 40
0.350101609183
 40
0.436758802197
 40
0.436758802197
 40
0.436758802197
 40
0.52309485365
 40
0.52309485365
 40
0.52309485365
 40
0.609113191317
 40
0.609113191317
 40
0.609113191317
 40
0.694812451443
 40
0.694812451443
 40
0.694812451443
 40
0.78440117906
 40
0.78440117906
 40
0.78440117906
 40
0.78440117906
 10
-236.5505
 20
-45.09885
 30
0.0
 10
-236.521137004844
 20
-45.09885
 30
0.0
 10
-236.491660751714
 20
-45.096243333636
 30
0.0
 10
-236.462753450826
 20
-45.09109033064
 30
0.0
 10
-236.433975371801
 20
-45.085960362677
 30
0.0
 10
-236.405540615336
 20
-45.078267637558
 30
0.0
 10
-236.378101449861
 20
-45.068188619666
 30
0.0
 10
-236.350776369375
 20
-45.058151507737
 30
0.0
 10
-236.324230932863
 20
-45.045671790982
 30
0.0
 10
-236.299069045095
 20
-45.031033381119
 30
0.0
 10
-236.27400620633
 20
-45.01645259491
 30
0.0
 10
-236.250127037732
 20
-44.999620294248
 30
0.0
 10
-236.227970542388
 20
-44.980916419582
 30
0.0
 10
-236.205898006744
 20
-44.962283421275
 30
0.0
 10
-236.185369894713
 20
-44.941653721783
 30
0.0
 10
-236.166846083515
 20
-44.919489474122
 30
0.0
 10
-236.148390919424
 20
-44.897407364606
 30
0.0
 10
-236.131788079169
 20
-44.873638172956
 30
0.0
 10
-236.117406768435
 20
-44.848710466606
 30
0.0
 10
-236.103078380444
 20
-44.823874493384
 30
0.0
 10
-236.090849464392
 20
-44.79770550881
 30
0.0
 10
-236.080989974048
 20
-44.770781194176
 30
0.0
 10
-236.071167056626
 20
-44.743956752945
 30
0.0
 10
-236.06362401645
 20
-44.716186341328
 30
0.0
 10
-236.058526140116
 20
-44.688078477466
 30
0.0
 10
-236.053196896274
 20
-44.658694936047
 30
0.0
 10
-236.0505
 20
-44.628712909206
 30
0.0
 10
-236.0505
 20
-44.59885
 30
0.0
  0
LINE
  5
ea
100
AcDbEntity
  8
lx
100
AcDbLine
 10
-236.0505
 20
-44.59885
 30
0.0
 11
-236.0505
 21
-31.59985
 31
0.0
  0
SPLINE
  5
eb
100
AcDbEntity
  8
lx
100
AcDbSpline
 70
     8
 71
     3
 72
    32
 73
    28
 74
     0
 42
0.0000001
 43
0.0000001
 40
0.0
 40
0.0
 40
0.0
 40
0.0
 40
0.088088985466
 40
0.088088985466
 40
0.088088985466
 40
0.175784194189
 40
0.175784194189
 40
0.175784194189
 40
0.263114788797
 40
0.263114788797
 40
0.263114788797
 40
0.350101609183
 40
0.350101609183
 40
0.350101609183
 40
0.436758802197
 40
0.436758802197
 40
0.436758802197
 40
0.52309485365
 40
0.52309485365
 40
0.52309485365
 40
0.609113191317
 40
0.609113191317
 40
0.609113191317
 40
0.694812451443
 40
0.694812451443
 40
0.694812451443
 40
0.78440117906
 40
0.78440117906
 40
0.78440117906
 40
0.78440117906
 10
-236.0505
 20
-31.59985
 30
0.0
 10
-236.0505
 20
-31.570487004845
 30
0.0
 10
-236.053106666364
 20
-31.541010751714
 30
0.0
 10
-236.05825966936
 20
-31.512103450826
 30
0.0
 10
-236.063389637323
 20
-31.483325371801
 30
0.0
 10
-236.071082362442
 20
-31.454890615336
 30
0.0
 10
-236.081161380334
 20
-31.427451449861
 30
0.0
 10
-236.091198492263
 20
-31.400126369375
 30
0.0
 10
-236.103678209018
 20
-31.373580932863
 30
0.0
 10
-236.118316618881
 20
-31.348419045095
 30
0.0
 10
-236.13289740509
 20
-31.32335620633
 30
0.0
 10
-236.149729705752
 20
-31.299477037732
 30
0.0
 10
-236.168433580418
 20
-31.277320542388
 30
0.0
 10
-236.187066578725
 20
-31.255248006744
 30
0.0
 10
-236.207696278217
 20
-31.234719894713
 30
0.0
 10
-236.229860525878
 20
-31.216196083515
 30
0.0
 10
-236.251942635393
 20
-31.197740919424
 30
0.0
 10
-236.275711827044
 20
-31.181138079169
 30
0.0
 10
-236.300639533393
 20
-31.166756768435
 30
0.0
 10
-236.325475506616
 20
-31.152428380444
 30
0.0
 10
-236.35164449119
 20
-31.140199464392
 30
0.0
 10
-236.378568805824
 20
-31.130339974048
 30
0.0
 10
-236.405393247054
 20
-31.120517056626
 30
0.0
 10
-236.433163658672
 20
-31.11297401645
 30
0.0
 10
-236.461271522534
 20
-31.107876140116
 30
0.0
 10
-236.490655063952
 20
-31.102546896274
 30
0.0
 10
-236.520637090794
 20
-31.09985
 30
0.0
 10
-236.5505
 20
-31.09985
 30
0.0
  0
LINE
  5
ec
100
AcDbEntity
  8
lx
100
AcDbLine
 10
-160.3505
 20
-12.04985
 30
0.0
 11
-173.3495
 21
-12.04985
 31
0.0
  0
SPLINE
  5
ed
100
AcDbEntity
  8
lx
100
AcDbSpline
 70
     8
 71
     3
 72
    32
 73
    28
 74
     0
 42
0.0000001
 43
0.0000001
 40
0.0
 40
0.0
 40
0.0
 40
0.0
 40
0.088088985466
 40
0.088088985466
 40
0.088088985466
 40
0.175784194189
 40
0.175784194189
 40
0.175784194189
 40
0.263114788797
 40
0.263114788797
 40
0.263114788797
 40
0.350101609183
 40
0.350101609183
 40
0.350101609183
 40
0.436758802197
 40
0.436758802197
 40
0.436758802197
 40
0.52309485365
 40
0.52309485365
 40
0.52309485365
 40
0.609113191317
 40
0.609113191317
 40
0.609113191317
 40
0.694812451443
 40
0.694812451443
 40
0.694812451443
 40
0.78440117906
 40
0.78440117906
 40
0.78440117906
 40
0.78440117906
 10
-173.3495
 20
-12.04985
 30
0.0
 10
-173.378862995155
 20
-12.04985
 30
0.0
 10
-173.408339248286
 20
-12.052456666364
 30
0.0
 10
-173.437246549174
 20
-12.05760966936
 30
0.0
 10
-173.466024628199
 20
-12.062739637323
 30
0.0
 10
-173.494459384664
 20
-12.070432362442
 30
0.0
 10
-173.521898550139
 20
-12.080511380334
 30
0.0
 10
-173.549223630624
 20
-12.090548492263
 30
0.0
 10
-173.575769067137
 20
-12.103028209018
 30
0.0
 10
-173.600930954905
 20
-12.117666618881
 30
0.0
 10
-173.62599379367
 20
-12.13224740509
 30
0.0
 10
-173.649872962268
 20
-12.149079705752
 30
0.0
 10
-173.672029457612
 20
-12.167783580418
 30
0.0
 10
-173.694101993256
 20
-12.186416578725
 30
0.0
 10
-173.714630105287
 20
-12.207046278217
 30
0.0
 10
-173.733153916485
 20
-12.229210525878
 30
0.0
 10
-173.751609080576
 20
-12.251292635393
 30
0.0
 10
-173.768211920831
 20
-12.275061827044
 30
0.0
 10
-173.782593231565
 20
-12.299989533393
 30
0.0
 10
-173.796921619555
 20
-12.324825506616
 30
0.0
 10
-173.809150535608
 20
-12.35099449119
 30
0.0
 10
-173.819010025952
 20
-12.377918805824
 30
0.0
 10
-173.828832943374
 20
-12.404743247055
 30
0.0
 10
-173.83637598355
 20
-12.432513658672
 30
0.0
 10
-173.841473859884
 20
-12.460621522534
 30
0.0
 10
-173.846803103726
 20
-12.490005063953
 30
0.0
 10
-173.8495
 20
-12.519987090794
 30
0.0
 10
-173.8495
 20
-12.54985
 30
0.0
  0
LINE
  5
ee
100
AcDbEntity
  8
lx
100
AcDbLine
 10
-173.8495
 20
-12.54985
 30
0.0
 11
-173.8495
 21
-25.54885
 31
0.0
  0
SPLINE
  5
ef
100
AcDbEntity
  8
lx
100
AcDbSpline
 70
     8
 71
     3
 72
    32
 73
    28
 74
     0
 42
0.0000001
 43
0.0000001
 40
0.0
 40
0.0
 40
0.0
 40
0.0
 40
0.088088985466
 40
0.088088985466
 40
0.088088985466
 40
0.17578419419
 40
0.17578419419
 40
0.17578419419
 40
0.263114788797
 40
0.263114788797
 40
0.263114788797
 40
0.350101609183
 40
0.350101609183
 40
0.350101609183
 40
0.436758802197
 40
0.436758802197
 40
0.436758802197
 40
0.52309485365
 40
0.52309485365
 40
0.52309485365
 40
0.609113191317
 40
0.609113191317
 40
0.609113191317
 40
0.694812451443
 40
0.694812451443
 40
0.694812451443
 40
0.78440117906
 40
0.78440117906
 40
0.78440117906
 40
0.78440117906
 10
-173.8495
 20
-25.54885
 30
0.0
 10
-173.8495
 20
-25.578212995155
 30
0.0
 10
-173.846893333636
 20
-25.607689248286
 30
0.0
 10
-173.841740330639
 20
-25.636596549174
 30
0.0
 10
-173.836610362676
 20
-25.665374628199
 30
0.0
 10
-173.828917637558
 20
-25.693809384664
 30
0.0
 10
-173.818838619666
 20
-25.721248550139
 30
0.0
 10
-173.808801507737
 20
-25.748573630625
 30
0.0
 10
-173.796321790982
 20
-25.775119067137
 30
0.0
 10
-173.781683381119
 20
-25.800280954905
 30
0.0
 10
-173.76710259491
 20
-25.82534379367
 30
0.0
 10
-173.750270294248
 20
-25.849222962268
 30
0.0
 10
-173.731566419582
 20
-25.871379457612
 30
0.0
 10
-173.712933421275
 20
-25.893451993256
 30
0.0
 10
-173.692303721783
 20
-25.913980105287
 30
0.0
 10
-173.670139474122
 20
-25.932503916485
 30
0.0
 10
-173.648057364606
 20
-25.950959080576
 30
0.0
 10
-173.624288172956
 20
-25.967561920831
 30
0.0
 10
-173.599360466606
 20
-25.981943231565
 30
0.0
 10
-173.574524493384
 20
-25.996271619556
 30
0.0
 10
-173.54835550881
 20
-26.008500535608
 30
0.0
 10
-173.521431194176
 20
-26.018360025952
 30
0.0
 10
-173.494606752945
 20
-26.028182943374
 30
0.0
 10
-173.466836341328
 20
-26.03572598355
 30
0.0
 10
-173.438728477466
 20
-26.040823859884
 30
0.0
 10
-173.409344936047
 20
-26.046153103726
 30
0.0
 10
-173.379362909206
 20
-26.04885
 30
0.0
 10
-173.3495
 20
-26.04885
 30
0.0
  0
LINE
  5
f0
100
AcDbEntity
  8
lx
100
AcDbLine
 10
-173.3495
 20
-26.04885
 30
0.0
 11
-160.3505
 21
-26.04885
 31
0.0
  0
SPLINE
  5
f1
100
AcDbEntity
  8
lx
100
AcDbSpline
 70
     8
 71
     3
 72
    32
 73
    28
 74
     0
 42
0.0000001
 43
0.0000001
 40
0.0
 40
0.0
 40
0.0
 40
0.0
 40
0.088088985466
 40
0.088088985466
 40
0.088088985466
 40
0.175784194189
 40
0.175784194189
 40
0.175784194189
 40
0.263114788797
 40
0.263114788797
 40
0.263114788797
 40
0.350101609183
 40
0.350101609183
 40
0.350101609183
 40
0.436758802197
 40
0.436758802197
 40
0.436758802197
 40
0.52309485365
 40
0.52309485365
 40
0.52309485365
 40
0.609113191317
 40
0.609113191317
 40
0.609113191317
 40
0.694812451443
 40
0.694812451443
 40
0.694812451443
 40
0.78440117906
 40
0.78440117906
 40
0.78440117906
 40
0.78440117906
 10
-160.3505
 20
-26.04885
 30
0.0
 10
-160.321137004844
 20
-26.04885
 30
0.0
 10
-160.291660751714
 20
-26.046243333636
 30
0.0
 10
-160.262753450826
 20
-26.04109033064
 30
0.0
 10
-160.233975371801
 20
-26.035960362677
 30
0.0
 10
-160.205540615336
 20
-26.028267637558
 30
0.0
 10
-160.178101449861
 20
-26.018188619666
 30
0.0
 10
-160.150776369375
 20
-26.008151507737
 30
0.0
 10
-160.124230932863
 20
-25.995671790982
 30
0.0
 10
-160.099069045095
 20
-25.981033381119
 30
0.0
 10
-160.07400620633
 20
-25.96645259491
 30
0.0
 10
-160.050127037732
 20
-25.949620294248
 30
0.0
 10
-160.027970542388
 20
-25.930916419582
 30
0.0
 10
-160.005898006744
 20
-25.912283421275
 30
0.0
 10
-159.985369894713
 20
-25.891653721783
 30
0.0
 10
-159.966846083514
 20
-25.869489474122
 30
0.0
 10
-159.948390919424
 20
-25.847407364606
 30
0.0
 10
-159.931788079169
 20
-25.823638172956
 30
0.0
 10
-159.917406768435
 20
-25.798710466606
 30
0.0
 10
-159.903078380444
 20
-25.773874493384
 30
0.0
 10
-159.890849464392
 20
-25.74770550881
 30
0.0
 10
-159.880989974048
 20
-25.720781194176
 30
0.0
 10
-159.871167056626
 20
-25.693956752945
 30
0.0
 10
-159.86362401645
 20
-25.666186341328
 30
0.0
 10
-159.858526140116
 20
-25.638078477466
 30
0.0
 10
-159.853196896274
 20
-25.608694936047
 30
0.0
 10
-159.8505
 20
-25.578712909206
 30
0.0
 10
-159.8505
 20
-25.54885
 30
0.0
  0
LINE
  5
f2
100
AcDbEntity
  8
lx
100
AcDbLine
 10
-159.8505
 20
-25.54885
 30
0.0
 11
-159.8505
 21
-12.54985
 31
0.0
  0
SPLINE
  5
f3
100
AcDbEntity
  8
lx
100
AcDbSpline
 70
     8
 71
     3
 72
    32
 73
    28
 74
     0
 42
0.0000001
 43
0.0000001
 40
0.0
 40
0.0
 40
0.0
 40
0.0
 40
0.088088985466
 40
0.088088985466
 40
0.088088985466
 40
0.175784194189
 40
0.175784194189
 40
0.175784194189
 40
0.263114788797
 40
0.263114788797
 40
0.263114788797
 40
0.350101609183
 40
0.350101609183
 40
0.350101609183
 40
0.436758802197
 40
0.436758802197
 40
0.436758802197
 40
0.52309485365
 40
0.52309485365
 40
0.52309485365
 40
0.609113191317
 40
0.609113191317
 40
0.609113191317
 40
0.694812451443
 40
0.694812451443
 40
0.694812451443
 40
0.78440117906
 40
0.78440117906
 40
0.78440117906
 40
0.78440117906
 10
-159.8505
 20
-12.54985
 30
0.0
 10
-159.8505
 20
-12.520487004845
 30
0.0
 10
-159.853106666364
 20
-12.491010751714
 30
0.0
 10
-159.85825966936
 20
-12.462103450826
 30
0.0
 10
-159.863389637323
 20
-12.433325371801
 30
0.0
 10
-159.871082362442
 20
-12.404890615336
 30
0.0
 10
-159.881161380334
 20
-12.377451449861
 30
0.0
 10
-159.891198492263
 20
-12.350126369375
 30
0.0
 10
-159.903678209018
 20
-12.323580932863
 30
0.0
 10
-159.918316618881
 20
-12.298419045095
 30
0.0
 10
-159.93289740509
 20
-12.27335620633
 30
0.0
 10
-159.949729705752
 20
-12.249477037732
 30
0.0
 10
-159.968433580417
 20
-12.227320542388
 30
0.0
 10
-159.987066578725
 20
-12.205248006744
 30
0.0
 10
-160.007696278216
 20
-12.184719894713
 30
0.0
 10
-160.029860525878
 20
-12.166196083515
 30
0.0
 10
-160.051942635393
 20
-12.147740919424
 30
0.0
 10
-160.075711827044
 20
-12.131138079169
 30
0.0
 10
-160.100639533393
 20
-12.116756768435
 30
0.0
 10
-160.125475506616
 20
-12.102428380444
 30
0.0
 10
-160.15164449119
 20
-12.090199464392
 30
0.0
 10
-160.178568805824
 20
-12.080339974048
 30
0.0
 10
-160.205393247054
 20
-12.070517056626
 30
0.0
 10
-160.233163658672
 20
-12.06297401645
 30
0.0
 10
-160.261271522534
 20
-12.057876140116
 30
0.0
 10
-160.290655063952
 20
-12.052546896274
 30
0.0
 10
-160.320637090794
 20
-12.04985
 30
0.0
 10
-160.3505
 20
-12.04985
 30
0.0
  0
LINE
  5
f4
100
AcDbEntity
  8
lx
100
AcDbLine
 10
-179.4005
 20
-12.04985
 30
0.0
 11
-192.3995
 21
-12.04985
 31
0.0
  0
SPLINE
  5
f5
100
AcDbEntity
  8
lx
100
AcDbSpline
 70
     8
 71
     3
 72
    32
 73
    28
 74
     0
 42
0.0000001
 43
0.0000001
 40
0.0
 40
0.0
 40
0.0
 40
0.0
 40
0.088088985466
 40
0.088088985466
 40
0.088088985466
 40
0.175784194189
 40
0.175784194189
 40
0.175784194189
 40
0.263114788797
 40
0.263114788797
 40
0.263114788797
 40
0.350101609183
 40
0.350101609183
 40
0.350101609183
 40
0.436758802197
 40
0.436758802197
 40
0.436758802197
 40
0.52309485365
 40
0.52309485365
 40
0.52309485365
 40
0.609113191317
 40
0.609113191317
 40
0.609113191317
 40
0.694812451443
 40
0.694812451443
 40
0.694812451443
 40
0.78440117906
 40
0.78440117906
 40
0.78440117906
 40
0.78440117906
 10
-192.3995
 20
-12.04985
 30
0.0
 10
-192.428862995155
 20
-12.04985
 30
0.0
 10
-192.458339248286
 20
-12.052456666364
 30
0.0
 10
-192.487246549174
 20
-12.05760966936
 30
0.0
 10
-192.516024628199
 20
-12.062739637323
 30
0.0
 10
-192.544459384664
 20
-12.070432362442
 30
0.0
 10
-192.571898550139
 20
-12.080511380334
 30
0.0
 10
-192.599223630624
 20
-12.090548492263
 30
0.0
 10
-192.625769067137
 20
-12.103028209018
 30
0.0
 10
-192.650930954905
 20
-12.117666618881
 30
0.0
 10
-192.67599379367
 20
-12.13224740509
 30
0.0
 10
-192.699872962268
 20
-12.149079705752
 30
0.0
 10
-192.722029457612
 20
-12.167783580418
 30
0.0
 10
-192.744101993256
 20
-12.186416578725
 30
0.0
 10
-192.764630105287
 20
-12.207046278217
 30
0.0
 10
-192.783153916485
 20
-12.229210525878
 30
0.0
 10
-192.801609080576
 20
-12.251292635393
 30
0.0
 10
-192.818211920831
 20
-12.275061827044
 30
0.0
 10
-192.832593231565
 20
-12.299989533393
 30
0.0
 10
-192.846921619555
 20
-12.324825506616
 30
0.0
 10
-192.859150535608
 20
-12.35099449119
 30
0.0
 10
-192.869010025952
 20
-12.377918805824
 30
0.0
 10
-192.878832943374
 20
-12.404743247054
 30
0.0
 10
-192.88637598355
 20
-12.432513658672
 30
0.0
 10
-192.891473859884
 20
-12.460621522534
 30
0.0
 10
-192.896803103726
 20
-12.490005063952
 30
0.0
 10
-192.8995
 20
-12.519987090794
 30
0.0
 10
-192.8995
 20
-12.54985
 30
0.0
  0
LINE
  5
f6
100
AcDbEntity
  8
lx
100
AcDbLine
 10
-192.8995
 20
-12.54985
 30
0.0
 11
-192.8995
 21
-25.54885
 31
0.0
  0
SPLINE
  5
f7
100
AcDbEntity
  8
lx
100
AcDbSpline
 70
     8
 71
     3
 72
    32
 73
    28
 74
     0
 42
0.0000001
 43
0.0000001
 40
0.0
 40
0.0
 40
0.0
 40
0.0
 40
0.088088985466
 40
0.088088985466
 40
0.088088985466
 40
0.175784194189
 40
0.175784194189
 40
0.175784194189
 40
0.263114788797
 40
0.263114788797
 40
0.263114788797
 40
0.350101609183
 40
0.350101609183
 40
0.350101609183
 40
0.436758802197
 40
0.436758802197
 40
0.436758802197
 40
0.52309485365
 40
0.52309485365
 40
0.52309485365
 40
0.609113191317
 40
0.609113191317
 40
0.609113191317
 40
0.694812451443
 40
0.694812451443
 40
0.694812451443
 40
0.78440117906
 40
0.78440117906
 40
0.78440117906
 40
0.78440117906
 10
-192.8995
 20
-25.54885
 30
0.0
 10
-192.8995
 20
-25.578212995155
 30
0.0
 10
-192.896893333636
 20
-25.607689248286
 30
0.0
 10
-192.891740330639
 20
-25.636596549174
 30
0.0
 10
-192.886610362676
 20
-25.665374628199
 30
0.0
 10
-192.878917637558
 20
-25.693809384664
 30
0.0
 10
-192.868838619666
 20
-25.721248550139
 30
0.0
 10
-192.858801507737
 20
-25.748573630625
 30
0.0
 10
-192.846321790982
 20
-25.775119067137
 30
0.0
 10
-192.831683381119
 20
-25.800280954905
 30
0.0
 10
-192.81710259491
 20
-25.82534379367
 30
0.0
 10
-192.800270294248
 20
-25.849222962268
 30
0.0
 10
-192.781566419582
 20
-25.871379457612
 30
0.0
 10
-192.762933421275
 20
-25.893451993256
 30
0.0
 10
-192.742303721783
 20
-25.913980105287
 30
0.0
 10
-192.720139474122
 20
-25.932503916485
 30
0.0
 10
-192.698057364606
 20
-25.950959080576
 30
0.0
 10
-192.674288172956
 20
-25.967561920831
 30
0.0
 10
-192.649360466606
 20
-25.981943231565
 30
0.0
 10
-192.624524493384
 20
-25.996271619556
 30
0.0
 10
-192.598355508809
 20
-26.008500535608
 30
0.0
 10
-192.571431194176
 20
-26.018360025952
 30
0.0
 10
-192.544606752945
 20
-26.028182943374
 30
0.0
 10
-192.516836341328
 20
-26.03572598355
 30
0.0
 10
-192.488728477466
 20
-26.040823859884
 30
0.0
 10
-192.459344936047
 20
-26.046153103726
 30
0.0
 10
-192.429362909206
 20
-26.04885
 30
0.0
 10
-192.3995
 20
-26.04885
 30
0.0
  0
LINE
  5
f8
100
AcDbEntity
  8
lx
100
AcDbLine
 10
-192.3995
 20
-26.04885
 30
0.0
 11
-179.4005
 21
-26.04885
 31
0.0
  0
SPLINE
  5
f9
100
AcDbEntity
  8
lx
100
AcDbSpline
 70
     8
 71
     3
 72
    32
 73
    28
 74
     0
 42
0.0000001
 43
0.0000001
 40
0.0
 40
0.0
 40
0.0
 40
0.0
 40
0.088088985466
 40
0.088088985466
 40
0.088088985466
 40
0.175784194189
 40
0.175784194189
 40
0.175784194189
 40
0.263114788797
 40
0.263114788797
 40
0.263114788797
 40
0.350101609183
 40
0.350101609183
 40
0.350101609183
 40
0.436758802197
 40
0.436758802197
 40
0.436758802197
 40
0.52309485365
 40
0.52309485365
 40
0.52309485365
 40
0.609113191317
 40
0.609113191317
 40
0.609113191317
 40
0.694812451443
 40
0.694812451443
 40
0.694812451443
 40
0.78440117906
 40
0.78440117906
 40
0.78440117906
 40
0.78440117906
 10
-179.4005
 20
-26.04885
 30
0.0
 10
-179.371137004844
 20
-26.04885
 30
0.0
 10
-179.341660751714
 20
-26.046243333636
 30
0.0
 10
-179.312753450826
 20
-26.04109033064
 30
0.0
 10
-179.283975371801
 20
-26.035960362677
 30
0.0
 10
-179.255540615336
 20
-26.028267637558
 30
0.0
 10
-179.228101449861
 20
-26.018188619666
 30
0.0
 10
-179.200776369375
 20
-26.008151507737
 30
0.0
 10
-179.174230932863
 20
-25.995671790982
 30
0.0
 10
-179.149069045095
 20
-25.981033381119
 30
0.0
 10
-179.12400620633
 20
-25.96645259491
 30
0.0
 10
-179.100127037732
 20
-25.949620294248
 30
0.0
 10
-179.077970542388
 20
-25.930916419582
 30
0.0
 10
-179.055898006744
 20
-25.912283421275
 30
0.0
 10
-179.035369894713
 20
-25.891653721783
 30
0.0
 10
-179.016846083515
 20
-25.869489474122
 30
0.0
 10
-178.998390919424
 20
-25.847407364606
 30
0.0
 10
-178.981788079169
 20
-25.823638172956
 30
0.0
 10
-178.967406768435
 20
-25.798710466606
 30
0.0
 10
-178.953078380444
 20
-25.773874493384
 30
0.0
 10
-178.940849464392
 20
-25.74770550881
 30
0.0
 10
-178.930989974048
 20
-25.720781194176
 30
0.0
 10
-178.921167056626
 20
-25.693956752945
 30
0.0
 10
-178.91362401645
 20
-25.666186341328
 30
0.0
 10
-178.908526140116
 20
-25.638078477466
 30
0.0
 10
-178.903196896273
 20
-25.608694936047
 30
0.0
 10
-178.9005
 20
-25.578712909206
 30
0.0
 10
-178.9005
 20
-25.54885
 30
0.0
  0
LINE
  5
fa
100
AcDbEntity
  8
lx
100
AcDbLine
 10
-178.9005
 20
-25.54885
 30
0.0
 11
-178.9005
 21
-12.54985
 31
0.0
  0
SPLINE
  5
fb
100
AcDbEntity
  8
lx
100
AcDbSpline
 70
     8
 71
     3
 72
    32
 73
    28
 74
     0
 42
0.0000001
 43
0.0000001
 40
0.0
 40
0.0
 40
0.0
 40
0.0
 40
0.088088985466
 40
0.088088985466
 40
0.088088985466
 40
0.175784194189
 40
0.175784194189
 40
0.175784194189
 40
0.263114788797
 40
0.263114788797
 40
0.263114788797
 40
0.350101609183
 40
0.350101609183
 40
0.350101609183
 40
0.436758802197
 40
0.436758802197
 40
0.436758802197
 40
0.52309485365
 40
0.52309485365
 40
0.52309485365
 40
0.609113191317
 40
0.609113191317
 40
0.609113191317
 40
0.694812451443
 40
0.694812451443
 40
0.694812451443
 40
0.78440117906
 40
0.78440117906
 40
0.78440117906
 40
0.78440117906
 10
-178.9005
 20
-12.54985
 30
0.0
 10
-178.9005
 20
-12.520487004845
 30
0.0
 10
-178.903106666364
 20
-12.491010751714
 30
0.0
 10
-178.90825966936
 20
-12.462103450826
 30
0.0
 10
-178.913389637323
 20
-12.433325371801
 30
0.0
 10
-178.921082362442
 20
-12.404890615336
 30
0.0
 10
-178.931161380334
 20
-12.377451449861
 30
0.0
 10
-178.941198492263
 20
-12.350126369375
 30
0.0
 10
-178.953678209018
 20
-12.323580932863
 30
0.0
 10
-178.968316618881
 20
-12.298419045095
 30
0.0
 10
-178.98289740509
 20
-12.27335620633
 30
0.0
 10
-178.999729705752
 20
-12.249477037732
 30
0.0
 10
-179.018433580418
 20
-12.227320542388
 30
0.0
 10
-179.037066578725
 20
-12.205248006744
 30
0.0
 10
-179.057696278217
 20
-12.184719894713
 30
0.0
 10
-179.079860525878
 20
-12.166196083515
 30
0.0
 10
-179.101942635393
 20
-12.147740919424
 30
0.0
 10
-179.125711827044
 20
-12.131138079169
 30
0.0
 10
-179.150639533393
 20
-12.116756768435
 30
0.0
 10
-179.175475506616
 20
-12.102428380444
 30
0.0
 10
-179.20164449119
 20
-12.090199464392
 30
0.0
 10
-179.228568805824
 20
-12.080339974048
 30
0.0
 10
-179.255393247054
 20
-12.070517056626
 30
0.0
 10
-179.283163658672
 20
-12.06297401645
 30
0.0
 10
-179.311271522534
 20
-12.057876140116
 30
0.0
 10
-179.340655063952
 20
-12.052546896274
 30
0.0
 10
-179.370637090794
 20
-12.04985
 30
0.0
 10
-179.4005
 20
-12.04985
 30
0.0
  0
LINE
  5
fc
100
AcDbEntity
  8
lx
100
AcDbLine
 10
-198.4505
 20
-12.04985
 30
0.0
 11
-211.4495
 21
-12.04985
 31
0.0
  0
SPLINE
  5
fd
100
AcDbEntity
  8
lx
100
AcDbSpline
 70
     8
 71
     3
 72
    32
 73
    28
 74
     0
 42
0.0000001
 43
0.0000001
 40
0.0
 40
0.0
 40
0.0
 40
0.0
 40
0.088088985466
 40
0.088088985466
 40
0.088088985466
 40
0.175784194189
 40
0.175784194189
 40
0.175784194189
 40
0.263114788797
 40
0.263114788797
 40
0.263114788797
 40
0.350101609183
 40
0.350101609183
 40
0.350101609183
 40
0.436758802197
 40
0.436758802197
 40
0.436758802197
 40
0.52309485365
 40
0.52309485365
 40
0.52309485365
 40
0.609113191317
 40
0.609113191317
 40
0.609113191317
 40
0.694812451443
 40
0.694812451443
 40
0.694812451443
 40
0.78440117906
 40
0.78440117906
 40
0.78440117906
 40
0.78440117906
 10
-211.4495
 20
-12.04985
 30
0.0
 10
-211.478862995155
 20
-12.04985
 30
0.0
 10
-211.508339248286
 20
-12.052456666364
 30
0.0
 10
-211.537246549174
 20
-12.05760966936
 30
0.0
 10
-211.566024628199
 20
-12.062739637323
 30
0.0
 10
-211.594459384664
 20
-12.070432362442
 30
0.0
 10
-211.621898550139
 20
-12.080511380334
 30
0.0
 10
-211.649223630624
 20
-12.090548492263
 30
0.0
 10
-211.675769067137
 20
-12.103028209018
 30
0.0
 10
-211.700930954905
 20
-12.117666618881
 30
0.0
 10
-211.72599379367
 20
-12.13224740509
 30
0.0
 10
-211.749872962268
 20
-12.149079705752
 30
0.0
 10
-211.772029457612
 20
-12.167783580418
 30
0.0
 10
-211.794101993256
 20
-12.186416578725
 30
0.0
 10
-211.814630105287
 20
-12.207046278217
 30
0.0
 10
-211.833153916485
 20
-12.229210525878
 30
0.0
 10
-211.851609080576
 20
-12.251292635393
 30
0.0
 10
-211.868211920831
 20
-12.275061827044
 30
0.0
 10
-211.882593231565
 20
-12.299989533393
 30
0.0
 10
-211.896921619555
 20
-12.324825506616
 30
0.0
 10
-211.909150535608
 20
-12.35099449119
 30
0.0
 10
-211.919010025952
 20
-12.377918805824
 30
0.0
 10
-211.928832943374
 20
-12.404743247054
 30
0.0
 10
-211.93637598355
 20
-12.432513658672
 30
0.0
 10
-211.941473859884
 20
-12.460621522534
 30
0.0
 10
-211.946803103726
 20
-12.490005063953
 30
0.0
 10
-211.9495
 20
-12.519987090794
 30
0.0
 10
-211.9495
 20
-12.54985
 30
0.0
  0
LINE
  5
fe
100
AcDbEntity
  8
lx
100
AcDbLine
 10
-211.9495
 20
-12.54985
 30
0.0
 11
-211.9495
 21
-25.54885
 31
0.0
  0
SPLINE
  5
ff
100
AcDbEntity
  8
lx
100
AcDbSpline
 70
     8
 71
     3
 72
    32
 73
    28
 74
     0
 42
0.0000001
 43
0.0000001
 40
0.0
 40
0.0
 40
0.0
 40
0.0
 40
0.088088985466
 40
0.088088985466
 40
0.088088985466
 40
0.17578419419
 40
0.17578419419
 40
0.17578419419
 40
0.263114788797
 40
0.263114788797
 40
0.263114788797
 40
0.350101609183
 40
0.350101609183
 40
0.350101609183
 40
0.436758802197
 40
0.436758802197
 40
0.436758802197
 40
0.52309485365
 40
0.52309485365
 40
0.52309485365
 40
0.609113191317
 40
0.609113191317
 40
0.609113191317
 40
0.694812451443
 40
0.694812451443
 40
0.694812451443
 40
0.78440117906
 40
0.78440117906
 40
0.78440117906
 40
0.78440117906
 10
-211.9495
 20
-25.54885
 30
0.0
 10
-211.9495
 20
-25.578212995155
 30
0.0
 10
-211.946893333636
 20
-25.607689248286
 30
0.0
 10
-211.941740330639
 20
-25.636596549174
 30
0.0
 10
-211.936610362676
 20
-25.665374628199
 30
0.0
 10
-211.928917637558
 20
-25.693809384664
 30
0.0
 10
-211.918838619666
 20
-25.721248550139
 30
0.0
 10
-211.908801507737
 20
-25.748573630625
 30
0.0
 10
-211.896321790982
 20
-25.775119067137
 30
0.0
 10
-211.881683381119
 20
-25.800280954905
 30
0.0
 10
-211.86710259491
 20
-25.82534379367
 30
0.0
 10
-211.850270294248
 20
-25.849222962268
 30
0.0
 10
-211.831566419582
 20
-25.871379457612
 30
0.0
 10
-211.812933421275
 20
-25.893451993256
 30
0.0
 10
-211.792303721783
 20
-25.913980105287
 30
0.0
 10
-211.770139474122
 20
-25.932503916485
 30
0.0
 10
-211.748057364606
 20
-25.950959080576
 30
0.0
 10
-211.724288172956
 20
-25.967561920831
 30
0.0
 10
-211.699360466606
 20
-25.981943231565
 30
0.0
 10
-211.674524493384
 20
-25.996271619555
 30
0.0
 10
-211.648355508809
 20
-26.008500535608
 30
0.0
 10
-211.621431194176
 20
-26.018360025952
 30
0.0
 10
-211.594606752945
 20
-26.028182943374
 30
0.0
 10
-211.566836341328
 20
-26.03572598355
 30
0.0
 10
-211.538728477466
 20
-26.040823859884
 30
0.0
 10
-211.509344936047
 20
-26.046153103726
 30
0.0
 10
-211.479362909206
 20
-26.04885
 30
0.0
 10
-211.4495
 20
-26.04885
 30
0.0
  0
LINE
  5
100
100
AcDbEntity
  8
lx
100
AcDbLine
 10
-211.4495
 20
-26.04885
 30
0.0
 11
-198.4505
 21
-26.04885
 31
0.0
  0
SPLINE
  5
101
100
AcDbEntity
  8
lx
100
AcDbSpline
 70
     8
 71
     3
 72
    32
 73
    28
 74
     0
 42
0.0000001
 43
0.0000001
 40
0.0
 40
0.0
 40
0.0
 40
0.0
 40
0.088088985466
 40
0.088088985466
 40
0.088088985466
 40
0.175784194189
 40
0.175784194189
 40
0.175784194189
 40
0.263114788797
 40
0.263114788797
 40
0.263114788797
 40
0.350101609183
 40
0.350101609183
 40
0.350101609183
 40
0.436758802197
 40
0.436758802197
 40
0.436758802197
 40
0.52309485365
 40
0.52309485365
 40
0.52309485365
 40
0.609113191317
 40
0.609113191317
 40
0.609113191317
 40
0.694812451443
 40
0.694812451443
 40
0.694812451443
 40
0.78440117906
 40
0.78440117906
 40
0.78440117906
 40
0.78440117906
 10
-198.4505
 20
-26.04885
 30
0.0
 10
-198.421137004844
 20
-26.04885
 30
0.0
 10
-198.391660751714
 20
-26.046243333636
 30
0.0
 10
-198.362753450826
 20
-26.04109033064
 30
0.0
 10
-198.333975371801
 20
-26.035960362677
 30
0.0
 10
-198.305540615336
 20
-26.028267637558
 30
0.0
 10
-198.278101449861
 20
-26.018188619666
 30
0.0
 10
-198.250776369375
 20
-26.008151507737
 30
0.0
 10
-198.224230932863
 20
-25.995671790982
 30
0.0
 10
-198.199069045095
 20
-25.981033381119
 30
0.0
 10
-198.17400620633
 20
-25.96645259491
 30
0.0
 10
-198.150127037732
 20
-25.949620294248
 30
0.0
 10
-198.127970542388
 20
-25.930916419582
 30
0.0
 10
-198.105898006744
 20
-25.912283421275
 30
0.0
 10
-198.085369894713
 20
-25.891653721783
 30
0.0
 10
-198.066846083515
 20
-25.869489474122
 30
0.0
 10
-198.048390919424
 20
-25.847407364607
 30
0.0
 10
-198.031788079169
 20
-25.823638172956
 30
0.0
 10
-198.017406768435
 20
-25.798710466607
 30
0.0
 10
-198.003078380444
 20
-25.773874493384
 30
0.0
 10
-197.990849464392
 20
-25.74770550881
 30
0.0
 10
-197.980989974048
 20
-25.720781194176
 30
0.0
 10
-197.971167056626
 20
-25.693956752946
 30
0.0
 10
-197.96362401645
 20
-25.666186341328
 30
0.0
 10
-197.958526140116
 20
-25.638078477466
 30
0.0
 10
-197.953196896274
 20
-25.608694936047
 30
0.0
 10
-197.9505
 20
-25.578712909206
 30
0.0
 10
-197.9505
 20
-25.54885
 30
0.0
  0
LINE
  5
102
100
AcDbEntity
  8
lx
100
AcDbLine
 10
-197.9505
 20
-25.54885
 30
0.0
 11
-197.9505
 21
-12.54985
 31
0.0
  0
SPLINE
  5
103
100
AcDbEntity
  8
lx
100
AcDbSpline
 70
     8
 71
     3
 72
    32
 73
    28
 74
     0
 42
0.0000001
 43
0.0000001
 40
0.0
 40
0.0
 40
0.0
 40
0.0
 40
0.088088985466
 40
0.088088985466
 40
0.088088985466
 40
0.175784194189
 40
0.175784194189
 40
0.175784194189
 40
0.263114788797
 40
0.263114788797
 40
0.263114788797
 40
0.350101609183
 40
0.350101609183
 40
0.350101609183
 40
0.436758802197
 40
0.436758802197
 40
0.436758802197
 40
0.52309485365
 40
0.52309485365
 40
0.52309485365
 40
0.609113191317
 40
0.609113191317
 40
0.609113191317
 40
0.694812451443
 40
0.694812451443
 40
0.694812451443
 40
0.78440117906
 40
0.78440117906
 40
0.78440117906
 40
0.78440117906
 10
-197.9505
 20
-12.54985
 30
0.0
 10
-197.9505
 20
-12.520487004845
 30
0.0
 10
-197.953106666364
 20
-12.491010751714
 30
0.0
 10
-197.95825966936
 20
-12.462103450826
 30
0.0
 10
-197.963389637323
 20
-12.433325371801
 30
0.0
 10
-197.971082362442
 20
-12.404890615336
 30
0.0
 10
-197.981161380334
 20
-12.377451449861
 30
0.0
 10
-197.991198492263
 20
-12.350126369375
 30
0.0
 10
-198.003678209018
 20
-12.323580932863
 30
0.0
 10
-198.018316618881
 20
-12.298419045095
 30
0.0
 10
-198.03289740509
 20
-12.27335620633
 30
0.0
 10
-198.049729705752
 20
-12.249477037732
 30
0.0
 10
-198.068433580417
 20
-12.227320542388
 30
0.0
 10
-198.087066578725
 20
-12.205248006744
 30
0.0
 10
-198.107696278217
 20
-12.184719894713
 30
0.0
 10
-198.129860525878
 20
-12.166196083515
 30
0.0
 10
-198.151942635393
 20
-12.147740919424
 30
0.0
 10
-198.175711827044
 20
-12.131138079169
 30
0.0
 10
-198.200639533393
 20
-12.116756768435
 30
0.0
 10
-198.225475506616
 20
-12.102428380444
 30
0.0
 10
-198.25164449119
 20
-12.090199464392
 30
0.0
 10
-198.278568805824
 20
-12.080339974048
 30
0.0
 10
-198.305393247054
 20
-12.070517056626
 30
0.0
 10
-198.333163658672
 20
-12.06297401645
 30
0.0
 10
-198.361271522534
 20
-12.057876140116
 30
0.0
 10
-198.390655063952
 20
-12.052546896274
 30
0.0
 10
-198.420637090794
 20
-12.04985
 30
0.0
 10
-198.4505
 20
-12.04985
 30
0.0
  0
LINE
  5
104
100
AcDbEntity
  8
lx
100
AcDbLine
 10
-217.5005
 20
-12.04985
 30
0.0
 11
-230.4995
 21
-12.04985
 31
0.0
  0
SPLINE
  5
105
100
AcDbEntity
  8
lx
100
AcDbSpline
 70
     8
 71
     3
 72
    32
 73
    28
 74
     0
 42
0.0000001
 43
0.0000001
 40
0.0
 40
0.0
 40
0.0
 40
0.0
 40
0.088088985466
 40
0.088088985466
 40
0.088088985466
 40
0.175784194189
 40
0.175784194189
 40
0.175784194189
 40
0.263114788797
 40
0.263114788797
 40
0.263114788797
 40
0.350101609183
 40
0.350101609183
 40
0.350101609183
 40
0.436758802197
 40
0.436758802197
 40
0.436758802197
 40
0.52309485365
 40
0.52309485365
 40
0.52309485365
 40
0.609113191317
 40
0.609113191317
 40
0.609113191317
 40
0.694812451443
 40
0.694812451443
 40
0.694812451443
 40
0.78440117906
 40
0.78440117906
 40
0.78440117906
 40
0.78440117906
 10
-230.4995
 20
-12.04985
 30
0.0
 10
-230.528862995155
 20
-12.04985
 30
0.0
 10
-230.558339248286
 20
-12.052456666364
 30
0.0
 10
-230.587246549174
 20
-12.05760966936
 30
0.0
 10
-230.616024628199
 20
-12.062739637323
 30
0.0
 10
-230.644459384664
 20
-12.070432362442
 30
0.0
 10
-230.671898550139
 20
-12.080511380334
 30
0.0
 10
-230.699223630624
 20
-12.090548492263
 30
0.0
 10
-230.725769067137
 20
-12.103028209018
 30
0.0
 10
-230.750930954905
 20
-12.117666618881
 30
0.0
 10
-230.77599379367
 20
-12.13224740509
 30
0.0
 10
-230.799872962268
 20
-12.149079705752
 30
0.0
 10
-230.822029457612
 20
-12.167783580418
 30
0.0
 10
-230.844101993256
 20
-12.186416578725
 30
0.0
 10
-230.864630105287
 20
-12.207046278217
 30
0.0
 10
-230.883153916485
 20
-12.229210525878
 30
0.0
 10
-230.901609080576
 20
-12.251292635393
 30
0.0
 10
-230.918211920831
 20
-12.275061827044
 30
0.0
 10
-230.932593231565
 20
-12.299989533393
 30
0.0
 10
-230.946921619555
 20
-12.324825506616
 30
0.0
 10
-230.959150535608
 20
-12.35099449119
 30
0.0
 10
-230.969010025952
 20
-12.377918805824
 30
0.0
 10
-230.978832943374
 20
-12.404743247054
 30
0.0
 10
-230.98637598355
 20
-12.432513658672
 30
0.0
 10
-230.991473859884
 20
-12.460621522534
 30
0.0
 10
-230.996803103726
 20
-12.490005063952
 30
0.0
 10
-230.9995
 20
-12.519987090794
 30
0.0
 10
-230.9995
 20
-12.54985
 30
0.0
  0
LINE
  5
106
100
AcDbEntity
  8
lx
100
AcDbLine
 10
-230.9995
 20
-12.54985
 30
0.0
 11
-230.9995
 21
-25.54885
 31
0.0
  0
SPLINE
  5
107
100
AcDbEntity
  8
lx
100
AcDbSpline
 70
     8
 71
     3
 72
    32
 73
    28
 74
     0
 42
0.0000001
 43
0.0000001
 40
0.0
 40
0.0
 40
0.0
 40
0.0
 40
0.088088985466
 40
0.088088985466
 40
0.088088985466
 40
0.175784194189
 40
0.175784194189
 40
0.175784194189
 40
0.263114788797
 40
0.263114788797
 40
0.263114788797
 40
0.350101609183
 40
0.350101609183
 40
0.350101609183
 40
0.436758802197
 40
0.436758802197
 40
0.436758802197
 40
0.52309485365
 40
0.52309485365
 40
0.52309485365
 40
0.609113191317
 40
0.609113191317
 40
0.609113191317
 40
0.694812451443
 40
0.694812451443
 40
0.694812451443
 40
0.78440117906
 40
0.78440117906
 40
0.78440117906
 40
0.78440117906
 10
-230.9995
 20
-25.54885
 30
0.0
 10
-230.9995
 20
-25.578212995155
 30
0.0
 10
-230.996893333636
 20
-25.607689248286
 30
0.0
 10
-230.991740330639
 20
-25.636596549174
 30
0.0
 10
-230.986610362676
 20
-25.665374628199
 30
0.0
 10
-230.978917637558
 20
-25.693809384664
 30
0.0
 10
-230.968838619666
 20
-25.721248550139
 30
0.0
 10
-230.958801507737
 20
-25.748573630625
 30
0.0
 10
-230.946321790982
 20
-25.775119067137
 30
0.0
 10
-230.931683381119
 20
-25.800280954905
 30
0.0
 10
-230.91710259491
 20
-25.82534379367
 30
0.0
 10
-230.900270294248
 20
-25.849222962268
 30
0.0
 10
-230.881566419582
 20
-25.871379457612
 30
0.0
 10
-230.862933421275
 20
-25.893451993256
 30
0.0
 10
-230.842303721783
 20
-25.913980105287
 30
0.0
 10
-230.820139474122
 20
-25.932503916485
 30
0.0
 10
-230.798057364606
 20
-25.950959080576
 30
0.0
 10
-230.774288172956
 20
-25.967561920831
 30
0.0
 10
-230.749360466606
 20
-25.981943231565
 30
0.0
 10
-230.724524493384
 20
-25.996271619556
 30
0.0
 10
-230.698355508809
 20
-26.008500535608
 30
0.0
 10
-230.671431194176
 20
-26.018360025952
 30
0.0
 10
-230.644606752945
 20
-26.028182943374
 30
0.0
 10
-230.616836341328
 20
-26.03572598355
 30
0.0
 10
-230.588728477466
 20
-26.040823859884
 30
0.0
 10
-230.559344936047
 20
-26.046153103726
 30
0.0
 10
-230.529362909206
 20
-26.04885
 30
0.0
 10
-230.4995
 20
-26.04885
 30
0.0
  0
LINE
  5
108
100
AcDbEntity
  8
lx
100
AcDbLine
 10
-230.4995
 20
-26.04885
 30
0.0
 11
-217.5005
 21
-26.04885
 31
0.0
  0
SPLINE
  5
109
100
AcDbEntity
  8
lx
100
AcDbSpline
 70
     8
 71
     3
 72
    32
 73
    28
 74
     0
 42
0.0000001
 43
0.0000001
 40
0.0
 40
0.0
 40
0.0
 40
0.0
 40
0.088088985466
 40
0.088088985466
 40
0.088088985466
 40
0.175784194189
 40
0.175784194189
 40
0.175784194189
 40
0.263114788797
 40
0.263114788797
 40
0.263114788797
 40
0.350101609183
 40
0.350101609183
 40
0.350101609183
 40
0.436758802197
 40
0.436758802197
 40
0.436758802197
 40
0.52309485365
 40
0.52309485365
 40
0.52309485365
 40
0.609113191317
 40
0.609113191317
 40
0.609113191317
 40
0.694812451443
 40
0.694812451443
 40
0.694812451443
 40
0.78440117906
 40
0.78440117906
 40
0.78440117906
 40
0.78440117906
 10
-217.5005
 20
-26.04885
 30
0.0
 10
-217.471137004844
 20
-26.04885
 30
0.0
 10
-217.441660751714
 20
-26.046243333636
 30
0.0
 10
-217.412753450826
 20
-26.04109033064
 30
0.0
 10
-217.383975371801
 20
-26.035960362677
 30
0.0
 10
-217.355540615336
 20
-26.028267637558
 30
0.0
 10
-217.328101449861
 20
-26.018188619666
 30
0.0
 10
-217.300776369375
 20
-26.008151507737
 30
0.0
 10
-217.274230932863
 20
-25.995671790982
 30
0.0
 10
-217.249069045095
 20
-25.981033381119
 30
0.0
 10
-217.22400620633
 20
-25.96645259491
 30
0.0
 10
-217.200127037732
 20
-25.949620294248
 30
0.0
 10
-217.177970542388
 20
-25.930916419582
 30
0.0
 10
-217.155898006744
 20
-25.912283421275
 30
0.0
 10
-217.135369894713
 20
-25.891653721783
 30
0.0
 10
-217.116846083515
 20
-25.869489474122
 30
0.0
 10
-217.098390919424
 20
-25.847407364606
 30
0.0
 10
-217.081788079169
 20
-25.823638172956
 30
0.0
 10
-217.067406768435
 20
-25.798710466607
 30
0.0
 10
-217.053078380444
 20
-25.773874493384
 30
0.0
 10
-217.040849464392
 20
-25.74770550881
 30
0.0
 10
-217.030989974048
 20
-25.720781194176
 30
0.0
 10
-217.021167056626
 20
-25.693956752946
 30
0.0
 10
-217.01362401645
 20
-25.666186341328
 30
0.0
 10
-217.008526140116
 20
-25.638078477466
 30
0.0
 10
-217.003196896274
 20
-25.608694936047
 30
0.0
 10
-217.0005
 20
-25.578712909206
 30
0.0
 10
-217.0005
 20
-25.54885
 30
0.0
  0
LINE
  5
10a
100
AcDbEntity
  8
lx
100
AcDbLine
 10
-217.0005
 20
-25.54885
 30
0.0
 11
-217.0005
 21
-12.54985
 31
0.0
  0
SPLINE
  5
10b
100
AcDbEntity
  8
lx
100
AcDbSpline
 70
     8
 71
     3
 72
    32
 73
    28
 74
     0
 42
0.0000001
 43
0.0000001
 40
0.0
 40
0.0
 40
0.0
 40
0.0
 40
0.088088985466
 40
0.088088985466
 40
0.088088985466
 40
0.175784194189
 40
0.175784194189
 40
0.175784194189
 40
0.263114788797
 40
0.263114788797
 40
0.263114788797
 40
0.350101609183
 40
0.350101609183
 40
0.350101609183
 40
0.436758802197
 40
0.436758802197
 40
0.436758802197
 40
0.52309485365
 40
0.52309485365
 40
0.52309485365
 40
0.609113191317
 40
0.609113191317
 40
0.609113191317
 40
0.694812451443
 40
0.694812451443
 40
0.694812451443
 40
0.78440117906
 40
0.78440117906
 40
0.78440117906
 40
0.78440117906
 10
-217.0005
 20
-12.54985
 30
0.0
 10
-217.0005
 20
-12.520487004845
 30
0.0
 10
-217.003106666364
 20
-12.491010751714
 30
0.0
 10
-217.00825966936
 20
-12.462103450826
 30
0.0
 10
-217.013389637323
 20
-12.433325371801
 30
0.0
 10
-217.021082362442
 20
-12.404890615336
 30
0.0
 10
-217.031161380334
 20
-12.377451449861
 30
0.0
 10
-217.041198492263
 20
-12.350126369375
 30
0.0
 10
-217.053678209018
 20
-12.323580932863
 30
0.0
 10
-217.068316618881
 20
-12.298419045095
 30
0.0
 10
-217.08289740509
 20
-12.27335620633
 30
0.0
 10
-217.099729705752
 20
-12.249477037732
 30
0.0
 10
-217.118433580418
 20
-12.227320542388
 30
0.0
 10
-217.137066578725
 20
-12.205248006744
 30
0.0
 10
-217.157696278216
 20
-12.184719894713
 30
0.0
 10
-217.179860525878
 20
-12.166196083515
 30
0.0
 10
-217.201942635393
 20
-12.147740919424
 30
0.0
 10
-217.225711827044
 20
-12.131138079169
 30
0.0
 10
-217.250639533393
 20
-12.116756768435
 30
0.0
 10
-217.275475506616
 20
-12.102428380445
 30
0.0
 10
-217.30164449119
 20
-12.090199464392
 30
0.0
 10
-217.328568805824
 20
-12.080339974048
 30
0.0
 10
-217.355393247054
 20
-12.070517056626
 30
0.0
 10
-217.383163658671
 20
-12.06297401645
 30
0.0
 10
-217.411271522534
 20
-12.057876140116
 30
0.0
 10
-217.440655063952
 20
-12.052546896274
 30
0.0
 10
-217.470637090794
 20
-12.04985
 30
0.0
 10
-217.5005
 20
-12.04985
 30
0.0
  0
LINE
  5
10c
100
AcDbEntity
  8
lx
100
AcDbLine
 10
-236.5505
 20
-12.04985
 30
0.0
 11
-249.5495
 21
-12.04985
 31
0.0
  0
SPLINE
  5
10d
100
AcDbEntity
  8
lx
100
AcDbSpline
 70
     8
 71
     3
 72
    32
 73
    28
 74
     0
 42
0.0000001
 43
0.0000001
 40
0.0
 40
0.0
 40
0.0
 40
0.0
 40
0.088088985466
 40
0.088088985466
 40
0.088088985466
 40
0.175784194189
 40
0.175784194189
 40
0.175784194189
 40
0.263114788797
 40
0.263114788797
 40
0.263114788797
 40
0.350101609183
 40
0.350101609183
 40
0.350101609183
 40
0.436758802197
 40
0.436758802197
 40
0.436758802197
 40
0.52309485365
 40
0.52309485365
 40
0.52309485365
 40
0.609113191317
 40
0.609113191317
 40
0.609113191317
 40
0.694812451443
 40
0.694812451443
 40
0.694812451443
 40
0.78440117906
 40
0.78440117906
 40
0.78440117906
 40
0.78440117906
 10
-249.5495
 20
-12.04985
 30
0.0
 10
-249.578862995155
 20
-12.04985
 30
0.0
 10
-249.608339248286
 20
-12.052456666364
 30
0.0
 10
-249.637246549174
 20
-12.05760966936
 30
0.0
 10
-249.666024628199
 20
-12.062739637323
 30
0.0
 10
-249.694459384664
 20
-12.070432362442
 30
0.0
 10
-249.721898550139
 20
-12.080511380334
 30
0.0
 10
-249.749223630624
 20
-12.090548492263
 30
0.0
 10
-249.775769067137
 20
-12.103028209018
 30
0.0
 10
-249.800930954905
 20
-12.117666618881
 30
0.0
 10
-249.82599379367
 20
-12.13224740509
 30
0.0
 10
-249.849872962268
 20
-12.149079705752
 30
0.0
 10
-249.872029457612
 20
-12.167783580418
 30
0.0
 10
-249.894101993256
 20
-12.186416578725
 30
0.0
 10
-249.914630105287
 20
-12.207046278217
 30
0.0
 10
-249.933153916485
 20
-12.229210525878
 30
0.0
 10
-249.951609080576
 20
-12.251292635393
 30
0.0
 10
-249.968211920831
 20
-12.275061827044
 30
0.0
 10
-249.982593231565
 20
-12.299989533393
 30
0.0
 10
-249.996921619555
 20
-12.324825506616
 30
0.0
 10
-250.009150535608
 20
-12.35099449119
 30
0.0
 10
-250.019010025952
 20
-12.377918805824
 30
0.0
 10
-250.028832943374
 20
-12.404743247054
 30
0.0
 10
-250.03637598355
 20
-12.432513658672
 30
0.0
 10
-250.041473859884
 20
-12.460621522534
 30
0.0
 10
-250.046803103726
 20
-12.490005063952
 30
0.0
 10
-250.0495
 20
-12.519987090794
 30
0.0
 10
-250.0495
 20
-12.54985
 30
0.0
  0
LINE
  5
10e
100
AcDbEntity
  8
lx
100
AcDbLine
 10
-250.0495
 20
-12.54985
 30
0.0
 11
-250.0495
 21
-25.54885
 31
0.0
  0
SPLINE
  5
10f
100
AcDbEntity
  8
lx
100
AcDbSpline
 70
     8
 71
     3
 72
    32
 73
    28
 74
     0
 42
0.0000001
 43
0.0000001
 40
0.0
 40
0.0
 40
0.0
 40
0.0
 40
0.088088985466
 40
0.088088985466
 40
0.088088985466
 40
0.175784194189
 40
0.175784194189
 40
0.175784194189
 40
0.263114788797
 40
0.263114788797
 40
0.263114788797
 40
0.350101609183
 40
0.350101609183
 40
0.350101609183
 40
0.436758802197
 40
0.436758802197
 40
0.436758802197
 40
0.52309485365
 40
0.52309485365
 40
0.52309485365
 40
0.609113191317
 40
0.609113191317
 40
0.609113191317
 40
0.694812451443
 40
0.694812451443
 40
0.694812451443
 40
0.78440117906
 40
0.78440117906
 40
0.78440117906
 40
0.78440117906
 10
-250.0495
 20
-25.54885
 30
0.0
 10
-250.0495
 20
-25.578212995155
 30
0.0
 10
-250.046893333636
 20
-25.607689248286
 30
0.0
 10
-250.041740330639
 20
-25.636596549174
 30
0.0
 10
-250.036610362676
 20
-25.665374628199
 30
0.0
 10
-250.028917637558
 20
-25.693809384664
 30
0.0
 10
-250.018838619666
 20
-25.721248550139
 30
0.0
 10
-250.008801507737
 20
-25.748573630625
 30
0.0
 10
-249.996321790982
 20
-25.775119067137
 30
0.0
 10
-249.981683381119
 20
-25.800280954905
 30
0.0
 10
-249.96710259491
 20
-25.82534379367
 30
0.0
 10
-249.950270294248
 20
-25.849222962268
 30
0.0
 10
-249.931566419582
 20
-25.871379457612
 30
0.0
 10
-249.912933421275
 20
-25.893451993256
 30
0.0
 10
-249.892303721783
 20
-25.913980105287
 30
0.0
 10
-249.870139474122
 20
-25.932503916485
 30
0.0
 10
-249.848057364606
 20
-25.950959080576
 30
0.0
 10
-249.824288172956
 20
-25.967561920831
 30
0.0
 10
-249.799360466606
 20
-25.981943231565
 30
0.0
 10
-249.774524493384
 20
-25.996271619556
 30
0.0
 10
-249.748355508809
 20
-26.008500535608
 30
0.0
 10
-249.721431194176
 20
-26.018360025952
 30
0.0
 10
-249.694606752945
 20
-26.028182943374
 30
0.0
 10
-249.666836341328
 20
-26.03572598355
 30
0.0
 10
-249.638728477466
 20
-26.040823859884
 30
0.0
 10
-249.609344936047
 20
-26.046153103726
 30
0.0
 10
-249.579362909206
 20
-26.04885
 30
0.0
 10
-249.5495
 20
-26.04885
 30
0.0
  0
LINE
  5
110
100
AcDbEntity
  8
lx
100
AcDbLine
 10
-249.5495
 20
-26.04885
 30
0.0
 11
-236.5505
 21
-26.04885
 31
0.0
  0
SPLINE
  5
111
100
AcDbEntity
  8
lx
100
AcDbSpline
 70
     8
 71
     3
 72
    32
 73
    28
 74
     0
 42
0.0000001
 43
0.0000001
 40
0.0
 40
0.0
 40
0.0
 40
0.0
 40
0.088088985466
 40
0.088088985466
 40
0.088088985466
 40
0.175784194189
 40
0.175784194189
 40
0.175784194189
 40
0.263114788797
 40
0.263114788797
 40
0.263114788797
 40
0.350101609183
 40
0.350101609183
 40
0.350101609183
 40
0.436758802197
 40
0.436758802197
 40
0.436758802197
 40
0.52309485365
 40
0.52309485365
 40
0.52309485365
 40
0.609113191317
 40
0.609113191317
 40
0.609113191317
 40
0.694812451443
 40
0.694812451443
 40
0.694812451443
 40
0.78440117906
 40
0.78440117906
 40
0.78440117906
 40
0.78440117906
 10
-236.5505
 20
-26.04885
 30
0.0
 10
-236.521137004844
 20
-26.04885
 30
0.0
 10
-236.491660751714
 20
-26.046243333636
 30
0.0
 10
-236.462753450826
 20
-26.04109033064
 30
0.0
 10
-236.433975371801
 20
-26.035960362677
 30
0.0
 10
-236.405540615336
 20
-26.028267637558
 30
0.0
 10
-236.378101449861
 20
-26.018188619666
 30
0.0
 10
-236.350776369375
 20
-26.008151507737
 30
0.0
 10
-236.324230932863
 20
-25.995671790982
 30
0.0
 10
-236.299069045095
 20
-25.981033381119
 30
0.0
 10
-236.27400620633
 20
-25.96645259491
 30
0.0
 10
-236.250127037732
 20
-25.949620294248
 30
0.0
 10
-236.227970542388
 20
-25.930916419582
 30
0.0
 10
-236.205898006744
 20
-25.912283421275
 30
0.0
 10
-236.185369894713
 20
-25.891653721783
 30
0.0
 10
-236.166846083515
 20
-25.869489474122
 30
0.0
 10
-236.148390919424
 20
-25.847407364607
 30
0.0
 10
-236.131788079169
 20
-25.823638172956
 30
0.0
 10
-236.117406768435
 20
-25.798710466607
 30
0.0
 10
-236.103078380444
 20
-25.773874493384
 30
0.0
 10
-236.090849464392
 20
-25.74770550881
 30
0.0
 10
-236.080989974048
 20
-25.720781194176
 30
0.0
 10
-236.071167056626
 20
-25.693956752946
 30
0.0
 10
-236.06362401645
 20
-25.666186341328
 30
0.0
 10
-236.058526140116
 20
-25.638078477466
 30
0.0
 10
-236.053196896274
 20
-25.608694936047
 30
0.0
 10
-236.0505
 20
-25.578712909206
 30
0.0
 10
-236.0505
 20
-25.54885
 30
0.0
  0
LINE
  5
112
100
AcDbEntity
  8
lx
100
AcDbLine
 10
-236.0505
 20
-25.54885
 30
0.0
 11
-236.0505
 21
-12.54985
 31
0.0
  0
SPLINE
  5
113
100
AcDbEntity
  8
lx
100
AcDbSpline
 70
     8
 71
     3
 72
    32
 73
    28
 74
     0
 42
0.0000001
 43
0.0000001
 40
0.0
 40
0.0
 40
0.0
 40
0.0
 40
0.088088985466
 40
0.088088985466
 40
0.088088985466
 40
0.175784194189
 40
0.175784194189
 40
0.175784194189
 40
0.263114788797
 40
0.263114788797
 40
0.263114788797
 40
0.350101609183
 40
0.350101609183
 40
0.350101609183
 40
0.436758802197
 40
0.436758802197
 40
0.436758802197
 40
0.52309485365
 40
0.52309485365
 40
0.52309485365
 40
0.609113191317
 40
0.609113191317
 40
0.609113191317
 40
0.694812451443
 40
0.694812451443
 40
0.694812451443
 40
0.78440117906
 40
0.78440117906
 40
0.78440117906
 40
0.78440117906
 10
-236.0505
 20
-12.54985
 30
0.0
 10
-236.0505
 20
-12.520487004845
 30
0.0
 10
-236.053106666364
 20
-12.491010751714
 30
0.0
 10
-236.05825966936
 20
-12.462103450826
 30
0.0
 10
-236.063389637323
 20
-12.433325371801
 30
0.0
 10
-236.071082362442
 20
-12.404890615336
 30
0.0
 10
-236.081161380334
 20
-12.377451449861
 30
0.0
 10
-236.091198492263
 20
-12.350126369375
 30
0.0
 10
-236.103678209018
 20
-12.323580932863
 30
0.0
 10
-236.118316618881
 20
-12.298419045095
 30
0.0
 10
-236.13289740509
 20
-12.27335620633
 30
0.0
 10
-236.149729705752
 20
-12.249477037732
 30
0.0
 10
-236.168433580417
 20
-12.227320542388
 30
0.0
 10
-236.187066578725
 20
-12.205248006744
 30
0.0
 10
-236.207696278217
 20
-12.184719894713
 30
0.0
 10
-236.229860525878
 20
-12.166196083515
 30
0.0
 10
-236.251942635393
 20
-12.147740919424
 30
0.0
 10
-236.275711827044
 20
-12.131138079169
 30
0.0
 10
-236.300639533393
 20
-12.116756768435
 30
0.0
 10
-236.325475506616
 20
-12.102428380444
 30
0.0
 10
-236.35164449119
 20
-12.090199464392
 30
0.0
 10
-236.378568805824
 20
-12.080339974048
 30
0.0
 10
-236.405393247054
 20
-12.070517056626
 30
0.0
 10
-236.433163658672
 20
-12.06297401645
 30
0.0
 10
-236.461271522534
 20
-12.057876140116
 30
0.0
 10
-236.490655063952
 20
-12.052546896274
 30
0.0
 10
-236.520637090794
 20
-12.04985
 30
0.0
 10
-236.5505
 20
-12.04985
 30
0.0
  0
LINE
  5
114
100
AcDbEntity
  8
lx
100
AcDbLine
 10
-160.3505
 20
7.00015
 30
0.0
 11
-173.3495
 21
7.00015
 31
0.0
  0
SPLINE
  5
115
100
AcDbEntity
  8
lx
100
AcDbSpline
 70
     8
 71
     3
 72
    32
 73
    28
 74
     0
 42
0.0000001
 43
0.0000001
 40
0.0
 40
0.0
 40
0.0
 40
0.0
 40
0.088088985466
 40
0.088088985466
 40
0.088088985466
 40
0.175784194189
 40
0.175784194189
 40
0.175784194189
 40
0.263114788797
 40
0.263114788797
 40
0.263114788797
 40
0.350101609183
 40
0.350101609183
 40
0.350101609183
 40
0.436758802197
 40
0.436758802197
 40
0.436758802197
 40
0.52309485365
 40
0.52309485365
 40
0.52309485365
 40
0.609113191317
 40
0.609113191317
 40
0.609113191317
 40
0.694812451443
 40
0.694812451443
 40
0.694812451443
 40
0.78440117906
 40
0.78440117906
 40
0.78440117906
 40
0.78440117906
 10
-173.3495
 20
7.00015
 30
0.0
 10
-173.378862995155
 20
7.00015
 30
0.0
 10
-173.408339248286
 20
6.997543333636
 30
0.0
 10
-173.437246549174
 20
6.99239033064
 30
0.0
 10
-173.466024628199
 20
6.987260362677
 30
0.0
 10
-173.494459384664
 20
6.979567637558
 30
0.0
 10
-173.521898550139
 20
6.969488619666
 30
0.0
 10
-173.549223630624
 20
6.959451507737
 30
0.0
 10
-173.575769067137
 20
6.946971790982
 30
0.0
 10
-173.600930954905
 20
6.932333381119
 30
0.0
 10
-173.62599379367
 20
6.91775259491
 30
0.0
 10
-173.649872962268
 20
6.900920294248
 30
0.0
 10
-173.672029457612
 20
6.882216419582
 30
0.0
 10
-173.694101993256
 20
6.863583421275
 30
0.0
 10
-173.714630105287
 20
6.842953721783
 30
0.0
 10
-173.733153916485
 20
6.820789474122
 30
0.0
 10
-173.751609080576
 20
6.798707364606
 30
0.0
 10
-173.768211920831
 20
6.774938172956
 30
0.0
 10
-173.782593231565
 20
6.750010466606
 30
0.0
 10
-173.796921619555
 20
6.725174493384
 30
0.0
 10
-173.809150535608
 20
6.69900550881
 30
0.0
 10
-173.819010025952
 20
6.672081194176
 30
0.0
 10
-173.828832943374
 20
6.645256752945
 30
0.0
 10
-173.83637598355
 20
6.617486341328
 30
0.0
 10
-173.841473859884
 20
6.589378477466
 30
0.0
 10
-173.846803103726
 20
6.559994936047
 30
0.0
 10
-173.8495
 20
6.530012909206
 30
0.0
 10
-173.8495
 20
6.50015
 30
0.0
  0
LINE
  5
116
100
AcDbEntity
  8
lx
100
AcDbLine
 10
-173.8495
 20
6.50015
 30
0.0
 11
-173.8495
 21
-6.49885
 31
0.0
  0
SPLINE
  5
117
100
AcDbEntity
  8
lx
100
AcDbSpline
 70
     8
 71
     3
 72
    32
 73
    28
 74
     0
 42
0.0000001
 43
0.0000001
 40
0.0
 40
0.0
 40
0.0
 40
0.0
 40
0.088088985466
 40
0.088088985466
 40
0.088088985466
 40
0.175784194189
 40
0.175784194189
 40
0.175784194189
 40
0.263114788797
 40
0.263114788797
 40
0.263114788797
 40
0.350101609183
 40
0.350101609183
 40
0.350101609183
 40
0.436758802197
 40
0.436758802197
 40
0.436758802197
 40
0.52309485365
 40
0.52309485365
 40
0.52309485365
 40
0.609113191317
 40
0.609113191317
 40
0.609113191317
 40
0.694812451443
 40
0.694812451443
 40
0.694812451443
 40
0.78440117906
 40
0.78440117906
 40
0.78440117906
 40
0.78440117906
 10
-173.8495
 20
-6.49885
 30
0.0
 10
-173.8495
 20
-6.528212995155
 30
0.0
 10
-173.846893333636
 20
-6.557689248286
 30
0.0
 10
-173.841740330639
 20
-6.586596549174
 30
0.0
 10
-173.836610362676
 20
-6.615374628199
 30
0.0
 10
-173.828917637558
 20
-6.643809384664
 30
0.0
 10
-173.818838619666
 20
-6.671248550139
 30
0.0
 10
-173.808801507737
 20
-6.698573630624
 30
0.0
 10
-173.796321790982
 20
-6.725119067137
 30
0.0
 10
-173.781683381119
 20
-6.750280954905
 30
0.0
 10
-173.76710259491
 20
-6.77534379367
 30
0.0
 10
-173.750270294248
 20
-6.799222962268
 30
0.0
 10
-173.731566419582
 20
-6.821379457612
 30
0.0
 10
-173.712933421275
 20
-6.843451993256
 30
0.0
 10
-173.692303721783
 20
-6.863980105287
 30
0.0
 10
-173.670139474122
 20
-6.882503916485
 30
0.0
 10
-173.648057364606
 20
-6.900959080576
 30
0.0
 10
-173.624288172956
 20
-6.917561920831
 30
0.0
 10
-173.599360466606
 20
-6.931943231565
 30
0.0
 10
-173.574524493384
 20
-6.946271619555
 30
0.0
 10
-173.54835550881
 20
-6.958500535608
 30
0.0
 10
-173.521431194176
 20
-6.968360025952
 30
0.0
 10
-173.494606752945
 20
-6.978182943374
 30
0.0
 10
-173.466836341328
 20
-6.98572598355
 30
0.0
 10
-173.438728477466
 20
-6.990823859884
 30
0.0
 10
-173.409344936047
 20
-6.996153103726
 30
0.0
 10
-173.379362909206
 20
-6.99885
 30
0.0
 10
-173.3495
 20
-6.99885
 30
0.0
  0
LINE
  5
118
100
AcDbEntity
  8
lx
100
AcDbLine
 10
-173.3495
 20
-6.99885
 30
0.0
 11
-160.3505
 21
-6.99885
 31
0.0
  0
SPLINE
  5
119
100
AcDbEntity
  8
lx
100
AcDbSpline
 70
     8
 71
     3
 72
    32
 73
    28
 74
     0
 42
0.0000001
 43
0.0000001
 40
0.0
 40
0.0
 40
0.0
 40
0.0
 40
0.088088985466
 40
0.088088985466
 40
0.088088985466
 40
0.175784194189
 40
0.175784194189
 40
0.175784194189
 40
0.263114788797
 40
0.263114788797
 40
0.263114788797
 40
0.350101609183
 40
0.350101609183
 40
0.350101609183
 40
0.436758802197
 40
0.436758802197
 40
0.436758802197
 40
0.52309485365
 40
0.52309485365
 40
0.52309485365
 40
0.609113191317
 40
0.609113191317
 40
0.609113191317
 40
0.694812451443
 40
0.694812451443
 40
0.694812451443
 40
0.78440117906
 40
0.78440117906
 40
0.78440117906
 40
0.78440117906
 10
-160.3505
 20
-6.99885
 30
0.0
 10
-160.321137004844
 20
-6.99885
 30
0.0
 10
-160.291660751714
 20
-6.996243333636
 30
0.0
 10
-160.262753450826
 20
-6.99109033064
 30
0.0
 10
-160.233975371801
 20
-6.985960362677
 30
0.0
 10
-160.205540615336
 20
-6.978267637558
 30
0.0
 10
-160.178101449861
 20
-6.968188619666
 30
0.0
 10
-160.150776369375
 20
-6.958151507737
 30
0.0
 10
-160.124230932863
 20
-6.945671790982
 30
0.0
 10
-160.099069045095
 20
-6.931033381119
 30
0.0
 10
-160.07400620633
 20
-6.91645259491
 30
0.0
 10
-160.050127037732
 20
-6.899620294248
 30
0.0
 10
-160.027970542388
 20
-6.880916419582
 30
0.0
 10
-160.005898006744
 20
-6.862283421275
 30
0.0
 10
-159.985369894713
 20
-6.841653721783
 30
0.0
 10
-159.966846083514
 20
-6.819489474122
 30
0.0
 10
-159.948390919424
 20
-6.797407364607
 30
0.0
 10
-159.931788079169
 20
-6.773638172956
 30
0.0
 10
-159.917406768435
 20
-6.748710466606
 30
0.0
 10
-159.903078380444
 20
-6.723874493384
 30
0.0
 10
-159.890849464392
 20
-6.69770550881
 30
0.0
 10
-159.880989974048
 20
-6.670781194176
 30
0.0
 10
-159.871167056626
 20
-6.643956752945
 30
0.0
 10
-159.86362401645
 20
-6.616186341328
 30
0.0
 10
-159.858526140116
 20
-6.588078477466
 30
0.0
 10
-159.853196896274
 20
-6.558694936047
 30
0.0
 10
-159.8505
 20
-6.528712909206
 30
0.0
 10
-159.8505
 20
-6.49885
 30
0.0
  0
LINE
  5
11a
100
AcDbEntity
  8
lx
100
AcDbLine
 10
-159.8505
 20
-6.49885
 30
0.0
 11
-159.8505
 21
6.50015
 31
0.0
  0
SPLINE
  5
11b
100
AcDbEntity
  8
lx
100
AcDbSpline
 70
     8
 71
     3
 72
    32
 73
    28
 74
     0
 42
0.0000001
 43
0.0000001
 40
0.0
 40
0.0
 40
0.0
 40
0.0
 40
0.088088985466
 40
0.088088985466
 40
0.088088985466
 40
0.175784194189
 40
0.175784194189
 40
0.175784194189
 40
0.263114788797
 40
0.263114788797
 40
0.263114788797
 40
0.350101609183
 40
0.350101609183
 40
0.350101609183
 40
0.436758802197
 40
0.436758802197
 40
0.436758802197
 40
0.52309485365
 40
0.52309485365
 40
0.52309485365
 40
0.609113191317
 40
0.609113191317
 40
0.609113191317
 40
0.694812451443
 40
0.694812451443
 40
0.694812451443
 40
0.78440117906
 40
0.78440117906
 40
0.78440117906
 40
0.78440117906
 10
-159.8505
 20
6.50015
 30
0.0
 10
-159.8505
 20
6.529512995155
 30
0.0
 10
-159.853106666364
 20
6.558989248286
 30
0.0
 10
-159.85825966936
 20
6.587896549174
 30
0.0
 10
-159.863389637323
 20
6.616674628199
 30
0.0
 10
-159.871082362442
 20
6.645109384664
 30
0.0
 10
-159.881161380334
 20
6.672548550139
 30
0.0
 10
-159.891198492263
 20
6.699873630625
 30
0.0
 10
-159.903678209018
 20
6.726419067137
 30
0.0
 10
-159.918316618881
 20
6.751580954905
 30
0.0
 10
-159.93289740509
 20
6.77664379367
 30
0.0
 10
-159.949729705752
 20
6.800522962268
 30
0.0
 10
-159.968433580418
 20
6.822679457612
 30
0.0
 10
-159.987066578725
 20
6.844751993256
 30
0.0
 10
-160.007696278217
 20
6.865280105287
 30
0.0
 10
-160.029860525878
 20
6.883803916485
 30
0.0
 10
-160.051942635393
 20
6.902259080576
 30
0.0
 10
-160.075711827044
 20
6.918861920831
 30
0.0
 10
-160.100639533393
 20
6.933243231565
 30
0.0
 10
-160.125475506616
 20
6.947571619556
 30
0.0
 10
-160.15164449119
 20
6.959800535608
 30
0.0
 10
-160.178568805824
 20
6.969660025952
 30
0.0
 10
-160.205393247054
 20
6.979482943374
 30
0.0
 10
-160.233163658672
 20
6.98702598355
 30
0.0
 10
-160.261271522534
 20
6.992123859884
 30
0.0
 10
-160.290655063952
 20
6.997453103726
 30
0.0
 10
-160.320637090794
 20
7.00015
 30
0.0
 10
-160.3505
 20
7.00015
 30
0.0
  0
LINE
  5
11c
100
AcDbEntity
  8
lx
100
AcDbLine
 10
-179.4005
 20
7.00015
 30
0.0
 11
-192.3995
 21
7.00015
 31
0.0
  0
SPLINE
  5
11d
100
AcDbEntity
  8
lx
100
AcDbSpline
 70
     8
 71
     3
 72
    32
 73
    28
 74
     0
 42
0.0000001
 43
0.0000001
 40
0.0
 40
0.0
 40
0.0
 40
0.0
 40
0.088088985466
 40
0.088088985466
 40
0.088088985466
 40
0.175784194189
 40
0.175784194189
 40
0.175784194189
 40
0.263114788797
 40
0.263114788797
 40
0.263114788797
 40
0.350101609183
 40
0.350101609183
 40
0.350101609183
 40
0.436758802197
 40
0.436758802197
 40
0.436758802197
 40
0.52309485365
 40
0.52309485365
 40
0.52309485365
 40
0.609113191317
 40
0.609113191317
 40
0.609113191317
 40
0.694812451443
 40
0.694812451443
 40
0.694812451443
 40
0.78440117906
 40
0.78440117906
 40
0.78440117906
 40
0.78440117906
 10
-192.3995
 20
7.00015
 30
0.0
 10
-192.428862995155
 20
7.00015
 30
0.0
 10
-192.458339248286
 20
6.997543333636
 30
0.0
 10
-192.487246549174
 20
6.99239033064
 30
0.0
 10
-192.516024628199
 20
6.987260362677
 30
0.0
 10
-192.544459384664
 20
6.979567637558
 30
0.0
 10
-192.571898550139
 20
6.969488619666
 30
0.0
 10
-192.599223630624
 20
6.959451507737
 30
0.0
 10
-192.625769067137
 20
6.946971790982
 30
0.0
 10
-192.650930954905
 20
6.932333381119
 30
0.0
 10
-192.67599379367
 20
6.91775259491
 30
0.0
 10
-192.699872962268
 20
6.900920294248
 30
0.0
 10
-192.722029457612
 20
6.882216419582
 30
0.0
 10
-192.744101993256
 20
6.863583421275
 30
0.0
 10
-192.764630105287
 20
6.842953721783
 30
0.0
 10
-192.783153916485
 20
6.820789474122
 30
0.0
 10
-192.801609080576
 20
6.798707364607
 30
0.0
 10
-192.818211920831
 20
6.774938172956
 30
0.0
 10
-192.832593231565
 20
6.750010466607
 30
0.0
 10
-192.846921619555
 20
6.725174493384
 30
0.0
 10
-192.859150535608
 20
6.69900550881
 30
0.0
 10
-192.869010025952
 20
6.672081194176
 30
0.0
 10
-192.878832943374
 20
6.645256752946
 30
0.0
 10
-192.88637598355
 20
6.617486341328
 30
0.0
 10
-192.891473859884
 20
6.589378477466
 30
0.0
 10
-192.896803103726
 20
6.559994936047
 30
0.0
 10
-192.8995
 20
6.530012909206
 30
0.0
 10
-192.8995
 20
6.50015
 30
0.0
  0
LINE
  5
11e
100
AcDbEntity
  8
lx
100
AcDbLine
 10
-192.8995
 20
6.50015
 30
0.0
 11
-192.8995
 21
-6.49885
 31
0.0
  0
SPLINE
  5
11f
100
AcDbEntity
  8
lx
100
AcDbSpline
 70
     8
 71
     3
 72
    32
 73
    28
 74
     0
 42
0.0000001
 43
0.0000001
 40
0.0
 40
0.0
 40
0.0
 40
0.0
 40
0.088088985466
 40
0.088088985466
 40
0.088088985466
 40
0.175784194189
 40
0.175784194189
 40
0.175784194189
 40
0.263114788797
 40
0.263114788797
 40
0.263114788797
 40
0.350101609183
 40
0.350101609183
 40
0.350101609183
 40
0.436758802197
 40
0.436758802197
 40
0.436758802197
 40
0.52309485365
 40
0.52309485365
 40
0.52309485365
 40
0.609113191317
 40
0.609113191317
 40
0.609113191317
 40
0.694812451443
 40
0.694812451443
 40
0.694812451443
 40
0.78440117906
 40
0.78440117906
 40
0.78440117906
 40
0.78440117906
 10
-192.8995
 20
-6.49885
 30
0.0
 10
-192.8995
 20
-6.528212995155
 30
0.0
 10
-192.896893333636
 20
-6.557689248286
 30
0.0
 10
-192.891740330639
 20
-6.586596549174
 30
0.0
 10
-192.886610362676
 20
-6.615374628199
 30
0.0
 10
-192.878917637558
 20
-6.643809384664
 30
0.0
 10
-192.868838619666
 20
-6.671248550139
 30
0.0
 10
-192.858801507737
 20
-6.698573630624
 30
0.0
 10
-192.846321790982
 20
-6.725119067137
 30
0.0
 10
-192.831683381119
 20
-6.750280954905
 30
0.0
 10
-192.81710259491
 20
-6.77534379367
 30
0.0
 10
-192.800270294248
 20
-6.799222962268
 30
0.0
 10
-192.781566419582
 20
-6.821379457612
 30
0.0
 10
-192.762933421275
 20
-6.843451993256
 30
0.0
 10
-192.742303721783
 20
-6.863980105287
 30
0.0
 10
-192.720139474122
 20
-6.882503916485
 30
0.0
 10
-192.698057364606
 20
-6.900959080576
 30
0.0
 10
-192.674288172956
 20
-6.917561920831
 30
0.0
 10
-192.649360466606
 20
-6.931943231565
 30
0.0
 10
-192.624524493384
 20
-6.946271619556
 30
0.0
 10
-192.598355508809
 20
-6.958500535608
 30
0.0
 10
-192.571431194176
 20
-6.968360025952
 30
0.0
 10
-192.544606752945
 20
-6.978182943374
 30
0.0
 10
-192.516836341328
 20
-6.98572598355
 30
0.0
 10
-192.488728477466
 20
-6.990823859884
 30
0.0
 10
-192.459344936047
 20
-6.996153103726
 30
0.0
 10
-192.429362909206
 20
-6.99885
 30
0.0
 10
-192.3995
 20
-6.99885
 30
0.0
  0
LINE
  5
120
100
AcDbEntity
  8
lx
100
AcDbLine
 10
-192.3995
 20
-6.99885
 30
0.0
 11
-179.4005
 21
-6.99885
 31
0.0
  0
SPLINE
  5
121
100
AcDbEntity
  8
lx
100
AcDbSpline
 70
     8
 71
     3
 72
    32
 73
    28
 74
     0
 42
0.0000001
 43
0.0000001
 40
0.0
 40
0.0
 40
0.0
 40
0.0
 40
0.088088985466
 40
0.088088985466
 40
0.088088985466
 40
0.175784194189
 40
0.175784194189
 40
0.175784194189
 40
0.263114788797
 40
0.263114788797
 40
0.263114788797
 40
0.350101609183
 40
0.350101609183
 40
0.350101609183
 40
0.436758802197
 40
0.436758802197
 40
0.436758802197
 40
0.52309485365
 40
0.52309485365
 40
0.52309485365
 40
0.609113191317
 40
0.609113191317
 40
0.609113191317
 40
0.694812451443
 40
0.694812451443
 40
0.694812451443
 40
0.78440117906
 40
0.78440117906
 40
0.78440117906
 40
0.78440117906
 10
-179.4005
 20
-6.99885
 30
0.0
 10
-179.371137004844
 20
-6.99885
 30
0.0
 10
-179.341660751714
 20
-6.996243333636
 30
0.0
 10
-179.312753450826
 20
-6.99109033064
 30
0.0
 10
-179.283975371801
 20
-6.985960362677
 30
0.0
 10
-179.255540615336
 20
-6.978267637558
 30
0.0
 10
-179.228101449861
 20
-6.968188619666
 30
0.0
 10
-179.200776369375
 20
-6.958151507737
 30
0.0
 10
-179.174230932863
 20
-6.945671790982
 30
0.0
 10
-179.149069045095
 20
-6.931033381119
 30
0.0
 10
-179.12400620633
 20
-6.91645259491
 30
0.0
 10
-179.100127037732
 20
-6.899620294248
 30
0.0
 10
-179.077970542388
 20
-6.880916419582
 30
0.0
 10
-179.055898006744
 20
-6.862283421275
 30
0.0
 10
-179.035369894713
 20
-6.841653721783
 30
0.0
 10
-179.016846083515
 20
-6.819489474122
 30
0.0
 10
-178.998390919424
 20
-6.797407364606
 30
0.0
 10
-178.981788079169
 20
-6.773638172956
 30
0.0
 10
-178.967406768435
 20
-6.748710466606
 30
0.0
 10
-178.953078380444
 20
-6.723874493384
 30
0.0
 10
-178.940849464392
 20
-6.69770550881
 30
0.0
 10
-178.930989974048
 20
-6.670781194176
 30
0.0
 10
-178.921167056626
 20
-6.643956752945
 30
0.0
 10
-178.91362401645
 20
-6.616186341328
 30
0.0
 10
-178.908526140116
 20
-6.588078477466
 30
0.0
 10
-178.903196896273
 20
-6.558694936047
 30
0.0
 10
-178.9005
 20
-6.528712909206
 30
0.0
 10
-178.9005
 20
-6.49885
 30
0.0
  0
LINE
  5
122
100
AcDbEntity
  8
lx
100
AcDbLine
 10
-178.9005
 20
-6.49885
 30
0.0
 11
-178.9005
 21
6.50015
 31
0.0
  0
SPLINE
  5
123
100
AcDbEntity
  8
lx
100
AcDbSpline
 70
     8
 71
     3
 72
    32
 73
    28
 74
     0
 42
0.0000001
 43
0.0000001
 40
0.0
 40
0.0
 40
0.0
 40
0.0
 40
0.088088985466
 40
0.088088985466
 40
0.088088985466
 40
0.175784194189
 40
0.175784194189
 40
0.175784194189
 40
0.263114788797
 40
0.263114788797
 40
0.263114788797
 40
0.350101609183
 40
0.350101609183
 40
0.350101609183
 40
0.436758802197
 40
0.436758802197
 40
0.436758802197
 40
0.52309485365
 40
0.52309485365
 40
0.52309485365
 40
0.609113191317
 40
0.609113191317
 40
0.609113191317
 40
0.694812451443
 40
0.694812451443
 40
0.694812451443
 40
0.78440117906
 40
0.78440117906
 40
0.78440117906
 40
0.78440117906
 10
-178.9005
 20
6.50015
 30
0.0
 10
-178.9005
 20
6.529512995155
 30
0.0
 10
-178.903106666364
 20
6.558989248286
 30
0.0
 10
-178.90825966936
 20
6.587896549174
 30
0.0
 10
-178.913389637323
 20
6.616674628199
 30
0.0
 10
-178.921082362442
 20
6.645109384664
 30
0.0
 10
-178.931161380334
 20
6.672548550139
 30
0.0
 10
-178.941198492263
 20
6.699873630625
 30
0.0
 10
-178.953678209018
 20
6.726419067137
 30
0.0
 10
-178.968316618881
 20
6.751580954905
 30
0.0
 10
-178.98289740509
 20
6.77664379367
 30
0.0
 10
-178.999729705752
 20
6.800522962268
 30
0.0
 10
-179.018433580418
 20
6.822679457612
 30
0.0
 10
-179.037066578725
 20
6.844751993256
 30
0.0
 10
-179.057696278217
 20
6.865280105287
 30
0.0
 10
-179.079860525878
 20
6.883803916485
 30
0.0
 10
-179.101942635393
 20
6.902259080576
 30
0.0
 10
-179.125711827044
 20
6.918861920831
 30
0.0
 10
-179.150639533393
 20
6.933243231565
 30
0.0
 10
-179.175475506616
 20
6.947571619556
 30
0.0
 10
-179.20164449119
 20
6.959800535608
 30
0.0
 10
-179.228568805824
 20
6.969660025952
 30
0.0
 10
-179.255393247054
 20
6.979482943374
 30
0.0
 10
-179.283163658672
 20
6.98702598355
 30
0.0
 10
-179.311271522534
 20
6.992123859884
 30
0.0
 10
-179.340655063953
 20
6.997453103726
 30
0.0
 10
-179.370637090794
 20
7.00015
 30
0.0
 10
-179.4005
 20
7.00015
 30
0.0
  0
LINE
  5
124
100
AcDbEntity
  8
lx
100
AcDbLine
 10
-198.4505
 20
7.00015
 30
0.0
 11
-211.4495
 21
7.00015
 31
0.0
  0
SPLINE
  5
125
100
AcDbEntity
  8
lx
100
AcDbSpline
 70
     8
 71
     3
 72
    32
 73
    28
 74
     0
 42
0.0000001
 43
0.0000001
 40
0.0
 40
0.0
 40
0.0
 40
0.0
 40
0.088088985466
 40
0.088088985466
 40
0.088088985466
 40
0.175784194189
 40
0.175784194189
 40
0.175784194189
 40
0.263114788797
 40
0.263114788797
 40
0.263114788797
 40
0.350101609183
 40
0.350101609183
 40
0.350101609183
 40
0.436758802197
 40
0.436758802197
 40
0.436758802197
 40
0.52309485365
 40
0.52309485365
 40
0.52309485365
 40
0.609113191317
 40
0.609113191317
 40
0.609113191317
 40
0.694812451443
 40
0.694812451443
 40
0.694812451443
 40
0.78440117906
 40
0.78440117906
 40
0.78440117906
 40
0.78440117906
 10
-211.4495
 20
7.00015
 30
0.0
 10
-211.478862995155
 20
7.00015
 30
0.0
 10
-211.508339248286
 20
6.997543333636
 30
0.0
 10
-211.537246549174
 20
6.99239033064
 30
0.0
 10
-211.566024628199
 20
6.987260362677
 30
0.0
 10
-211.594459384664
 20
6.979567637558
 30
0.0
 10
-211.621898550139
 20
6.969488619666
 30
0.0
 10
-211.649223630624
 20
6.959451507737
 30
0.0
 10
-211.675769067137
 20
6.946971790982
 30
0.0
 10
-211.700930954905
 20
6.932333381119
 30
0.0
 10
-211.72599379367
 20
6.91775259491
 30
0.0
 10
-211.749872962268
 20
6.900920294248
 30
0.0
 10
-211.772029457612
 20
6.882216419582
 30
0.0
 10
-211.794101993256
 20
6.863583421275
 30
0.0
 10
-211.814630105287
 20
6.842953721783
 30
0.0
 10
-211.833153916485
 20
6.820789474122
 30
0.0
 10
-211.851609080576
 20
6.798707364607
 30
0.0
 10
-211.868211920831
 20
6.774938172956
 30
0.0
 10
-211.882593231565
 20
6.750010466607
 30
0.0
 10
-211.896921619555
 20
6.725174493384
 30
0.0
 10
-211.909150535608
 20
6.69900550881
 30
0.0
 10
-211.919010025952
 20
6.672081194176
 30
0.0
 10
-211.928832943374
 20
6.645256752946
 30
0.0
 10
-211.93637598355
 20
6.617486341328
 30
0.0
 10
-211.941473859884
 20
6.589378477466
 30
0.0
 10
-211.946803103726
 20
6.559994936047
 30
0.0
 10
-211.9495
 20
6.530012909206
 30
0.0
 10
-211.9495
 20
6.50015
 30
0.0
  0
LINE
  5
126
100
AcDbEntity
  8
lx
100
AcDbLine
 10
-211.9495
 20
6.50015
 30
0.0
 11
-211.9495
 21
-6.49885
 31
0.0
  0
SPLINE
  5
127
100
AcDbEntity
  8
lx
100
AcDbSpline
 70
     8
 71
     3
 72
    32
 73
    28
 74
     0
 42
0.0000001
 43
0.0000001
 40
0.0
 40
0.0
 40
0.0
 40
0.0
 40
0.088088985466
 40
0.088088985466
 40
0.088088985466
 40
0.175784194189
 40
0.175784194189
 40
0.175784194189
 40
0.263114788797
 40
0.263114788797
 40
0.263114788797
 40
0.350101609183
 40
0.350101609183
 40
0.350101609183
 40
0.436758802197
 40
0.436758802197
 40
0.436758802197
 40
0.52309485365
 40
0.52309485365
 40
0.52309485365
 40
0.609113191317
 40
0.609113191317
 40
0.609113191317
 40
0.694812451443
 40
0.694812451443
 40
0.694812451443
 40
0.78440117906
 40
0.78440117906
 40
0.78440117906
 40
0.78440117906
 10
-211.9495
 20
-6.49885
 30
0.0
 10
-211.9495
 20
-6.528212995155
 30
0.0
 10
-211.946893333636
 20
-6.557689248286
 30
0.0
 10
-211.941740330639
 20
-6.586596549174
 30
0.0
 10
-211.936610362676
 20
-6.615374628199
 30
0.0
 10
-211.928917637558
 20
-6.643809384664
 30
0.0
 10
-211.918838619666
 20
-6.671248550139
 30
0.0
 10
-211.908801507737
 20
-6.698573630624
 30
0.0
 10
-211.896321790982
 20
-6.725119067137
 30
0.0
 10
-211.881683381119
 20
-6.750280954905
 30
0.0
 10
-211.86710259491
 20
-6.77534379367
 30
0.0
 10
-211.850270294248
 20
-6.799222962268
 30
0.0
 10
-211.831566419582
 20
-6.821379457612
 30
0.0
 10
-211.812933421275
 20
-6.843451993256
 30
0.0
 10
-211.792303721783
 20
-6.863980105287
 30
0.0
 10
-211.770139474122
 20
-6.882503916485
 30
0.0
 10
-211.748057364606
 20
-6.900959080576
 30
0.0
 10
-211.724288172956
 20
-6.917561920831
 30
0.0
 10
-211.699360466606
 20
-6.931943231565
 30
0.0
 10
-211.674524493384
 20
-6.946271619555
 30
0.0
 10
-211.64835550881
 20
-6.958500535608
 30
0.0
 10
-211.621431194176
 20
-6.968360025952
 30
0.0
 10
-211.594606752945
 20
-6.978182943374
 30
0.0
 10
-211.566836341328
 20
-6.98572598355
 30
0.0
 10
-211.538728477466
 20
-6.990823859884
 30
0.0
 10
-211.509344936047
 20
-6.996153103726
 30
0.0
 10
-211.479362909206
 20
-6.99885
 30
0.0
 10
-211.4495
 20
-6.99885
 30
0.0
  0
LINE
  5
128
100
AcDbEntity
  8
lx
100
AcDbLine
 10
-211.4495
 20
-6.99885
 30
0.0
 11
-198.4505
 21
-6.99885
 31
0.0
  0
SPLINE
  5
129
100
AcDbEntity
  8
lx
100
AcDbSpline
 70
     8
 71
     3
 72
    32
 73
    28
 74
     0
 42
0.0000001
 43
0.0000001
 40
0.0
 40
0.0
 40
0.0
 40
0.0
 40
0.088088985466
 40
0.088088985466
 40
0.088088985466
 40
0.175784194189
 40
0.175784194189
 40
0.175784194189
 40
0.263114788797
 40
0.263114788797
 40
0.263114788797
 40
0.350101609183
 40
0.350101609183
 40
0.350101609183
 40
0.436758802197
 40
0.436758802197
 40
0.436758802197
 40
0.52309485365
 40
0.52309485365
 40
0.52309485365
 40
0.609113191317
 40
0.609113191317
 40
0.609113191317
 40
0.694812451443
 40
0.694812451443
 40
0.694812451443
 40
0.78440117906
 40
0.78440117906
 40
0.78440117906
 40
0.78440117906
 10
-198.4505
 20
-6.99885
 30
0.0
 10
-198.421137004844
 20
-6.99885
 30
0.0
 10
-198.391660751714
 20
-6.996243333636
 30
0.0
 10
-198.362753450826
 20
-6.99109033064
 30
0.0
 10
-198.333975371801
 20
-6.985960362677
 30
0.0
 10
-198.305540615336
 20
-6.978267637558
 30
0.0
 10
-198.278101449861
 20
-6.968188619666
 30
0.0
 10
-198.250776369375
 20
-6.958151507737
 30
0.0
 10
-198.224230932863
 20
-6.945671790982
 30
0.0
 10
-198.199069045095
 20
-6.931033381119
 30
0.0
 10
-198.17400620633
 20
-6.91645259491
 30
0.0
 10
-198.150127037732
 20
-6.899620294248
 30
0.0
 10
-198.127970542388
 20
-6.880916419582
 30
0.0
 10
-198.105898006744
 20
-6.862283421275
 30
0.0
 10
-198.085369894713
 20
-6.841653721783
 30
0.0
 10
-198.066846083515
 20
-6.819489474122
 30
0.0
 10
-198.048390919424
 20
-6.797407364607
 30
0.0
 10
-198.031788079169
 20
-6.773638172956
 30
0.0
 10
-198.017406768435
 20
-6.748710466607
 30
0.0
 10
-198.003078380444
 20
-6.723874493384
 30
0.0
 10
-197.990849464392
 20
-6.69770550881
 30
0.0
 10
-197.980989974048
 20
-6.670781194176
 30
0.0
 10
-197.971167056626
 20
-6.643956752945
 30
0.0
 10
-197.96362401645
 20
-6.616186341328
 30
0.0
 10
-197.958526140116
 20
-6.588078477466
 30
0.0
 10
-197.953196896274
 20
-6.558694936047
 30
0.0
 10
-197.9505
 20
-6.528712909206
 30
0.0
 10
-197.9505
 20
-6.49885
 30
0.0
  0
LINE
  5
12a
100
AcDbEntity
  8
lx
100
AcDbLine
 10
-197.9505
 20
-6.49885
 30
0.0
 11
-197.9505
 21
6.50015
 31
0.0
  0
SPLINE
  5
12b
100
AcDbEntity
  8
lx
100
AcDbSpline
 70
     8
 71
     3
 72
    32
 73
    28
 74
     0
 42
0.0000001
 43
0.0000001
 40
0.0
 40
0.0
 40
0.0
 40
0.0
 40
0.088088985466
 40
0.088088985466
 40
0.088088985466
 40
0.175784194189
 40
0.175784194189
 40
0.175784194189
 40
0.263114788797
 40
0.263114788797
 40
0.263114788797
 40
0.350101609183
 40
0.350101609183
 40
0.350101609183
 40
0.436758802197
 40
0.436758802197
 40
0.436758802197
 40
0.52309485365
 40
0.52309485365
 40
0.52309485365
 40
0.609113191317
 40
0.609113191317
 40
0.609113191317
 40
0.694812451443
 40
0.694812451443
 40
0.694812451443
 40
0.78440117906
 40
0.78440117906
 40
0.78440117906
 40
0.78440117906
 10
-197.9505
 20
6.50015
 30
0.0
 10
-197.9505
 20
6.529512995155
 30
0.0
 10
-197.953106666364
 20
6.558989248286
 30
0.0
 10
-197.95825966936
 20
6.587896549174
 30
0.0
 10
-197.963389637323
 20
6.616674628199
 30
0.0
 10
-197.971082362442
 20
6.645109384664
 30
0.0
 10
-197.981161380334
 20
6.672548550139
 30
0.0
 10
-197.991198492263
 20
6.699873630625
 30
0.0
 10
-198.003678209018
 20
6.726419067137
 30
0.0
 10
-198.018316618881
 20
6.751580954905
 30
0.0
 10
-198.03289740509
 20
6.77664379367
 30
0.0
 10
-198.049729705752
 20
6.800522962268
 30
0.0
 10
-198.068433580417
 20
6.822679457612
 30
0.0
 10
-198.087066578725
 20
6.844751993256
 30
0.0
 10
-198.107696278217
 20
6.865280105287
 30
0.0
 10
-198.129860525878
 20
6.883803916485
 30
0.0
 10
-198.151942635393
 20
6.902259080576
 30
0.0
 10
-198.175711827044
 20
6.918861920831
 30
0.0
 10
-198.200639533393
 20
6.933243231565
 30
0.0
 10
-198.225475506616
 20
6.947571619556
 30
0.0
 10
-198.25164449119
 20
6.959800535608
 30
0.0
 10
-198.278568805824
 20
6.969660025952
 30
0.0
 10
-198.305393247054
 20
6.979482943374
 30
0.0
 10
-198.333163658672
 20
6.98702598355
 30
0.0
 10
-198.361271522534
 20
6.992123859884
 30
0.0
 10
-198.390655063952
 20
6.997453103726
 30
0.0
 10
-198.420637090794
 20
7.00015
 30
0.0
 10
-198.4505
 20
7.00015
 30
0.0
  0
LINE
  5
12c
100
AcDbEntity
  8
lx
100
AcDbLine
 10
-217.5005
 20
7.00015
 30
0.0
 11
-230.4995
 21
7.00015
 31
0.0
  0
SPLINE
  5
12d
100
AcDbEntity
  8
lx
100
AcDbSpline
 70
     8
 71
     3
 72
    32
 73
    28
 74
     0
 42
0.0000001
 43
0.0000001
 40
0.0
 40
0.0
 40
0.0
 40
0.0
 40
0.088088985466
 40
0.088088985466
 40
0.088088985466
 40
0.175784194189
 40
0.175784194189
 40
0.175784194189
 40
0.263114788797
 40
0.263114788797
 40
0.263114788797
 40
0.350101609183
 40
0.350101609183
 40
0.350101609183
 40
0.436758802197
 40
0.436758802197
 40
0.436758802197
 40
0.52309485365
 40
0.52309485365
 40
0.52309485365
 40
0.609113191317
 40
0.609113191317
 40
0.609113191317
 40
0.694812451443
 40
0.694812451443
 40
0.694812451443
 40
0.78440117906
 40
0.78440117906
 40
0.78440117906
 40
0.78440117906
 10
-230.4995
 20
7.00015
 30
0.0
 10
-230.528862995155
 20
7.00015
 30
0.0
 10
-230.558339248286
 20
6.997543333636
 30
0.0
 10
-230.587246549174
 20
6.99239033064
 30
0.0
 10
-230.616024628199
 20
6.987260362677
 30
0.0
 10
-230.644459384664
 20
6.979567637558
 30
0.0
 10
-230.671898550139
 20
6.969488619666
 30
0.0
 10
-230.699223630624
 20
6.959451507737
 30
0.0
 10
-230.725769067137
 20
6.946971790982
 30
0.0
 10
-230.750930954905
 20
6.932333381119
 30
0.0
 10
-230.77599379367
 20
6.91775259491
 30
0.0
 10
-230.799872962268
 20
6.900920294248
 30
0.0
 10
-230.822029457612
 20
6.882216419582
 30
0.0
 10
-230.844101993256
 20
6.863583421275
 30
0.0
 10
-230.864630105287
 20
6.842953721783
 30
0.0
 10
-230.883153916485
 20
6.820789474122
 30
0.0
 10
-230.901609080576
 20
6.798707364607
 30
0.0
 10
-230.918211920831
 20
6.774938172956
 30
0.0
 10
-230.932593231565
 20
6.750010466607
 30
0.0
 10
-230.946921619555
 20
6.725174493384
 30
0.0
 10
-230.959150535608
 20
6.69900550881
 30
0.0
 10
-230.969010025952
 20
6.672081194176
 30
0.0
 10
-230.978832943374
 20
6.645256752946
 30
0.0
 10
-230.98637598355
 20
6.617486341328
 30
0.0
 10
-230.991473859884
 20
6.589378477466
 30
0.0
 10
-230.996803103726
 20
6.559994936047
 30
0.0
 10
-230.9995
 20
6.530012909206
 30
0.0
 10
-230.9995
 20
6.50015
 30
0.0
  0
LINE
  5
12e
100
AcDbEntity
  8
lx
100
AcDbLine
 10
-230.9995
 20
6.50015
 30
0.0
 11
-230.9995
 21
-6.49885
 31
0.0
  0
SPLINE
  5
12f
100
AcDbEntity
  8
lx
100
AcDbSpline
 70
     8
 71
     3
 72
    32
 73
    28
 74
     0
 42
0.0000001
 43
0.0000001
 40
0.0
 40
0.0
 40
0.0
 40
0.0
 40
0.088088985466
 40
0.088088985466
 40
0.088088985466
 40
0.175784194189
 40
0.175784194189
 40
0.175784194189
 40
0.263114788797
 40
0.263114788797
 40
0.263114788797
 40
0.350101609183
 40
0.350101609183
 40
0.350101609183
 40
0.436758802197
 40
0.436758802197
 40
0.436758802197
 40
0.52309485365
 40
0.52309485365
 40
0.52309485365
 40
0.609113191317
 40
0.609113191317
 40
0.609113191317
 40
0.694812451443
 40
0.694812451443
 40
0.694812451443
 40
0.78440117906
 40
0.78440117906
 40
0.78440117906
 40
0.78440117906
 10
-230.9995
 20
-6.49885
 30
0.0
 10
-230.9995
 20
-6.528212995155
 30
0.0
 10
-230.996893333636
 20
-6.557689248286
 30
0.0
 10
-230.991740330639
 20
-6.586596549174
 30
0.0
 10
-230.986610362676
 20
-6.615374628199
 30
0.0
 10
-230.978917637558
 20
-6.643809384664
 30
0.0
 10
-230.968838619666
 20
-6.671248550139
 30
0.0
 10
-230.958801507737
 20
-6.698573630624
 30
0.0
 10
-230.946321790982
 20
-6.725119067137
 30
0.0
 10
-230.931683381119
 20
-6.750280954905
 30
0.0
 10
-230.91710259491
 20
-6.77534379367
 30
0.0
 10
-230.900270294248
 20
-6.799222962268
 30
0.0
 10
-230.881566419582
 20
-6.821379457612
 30
0.0
 10
-230.862933421275
 20
-6.843451993256
 30
0.0
 10
-230.842303721783
 20
-6.863980105287
 30
0.0
 10
-230.820139474122
 20
-6.882503916485
 30
0.0
 10
-230.798057364606
 20
-6.900959080576
 30
0.0
 10
-230.774288172956
 20
-6.917561920831
 30
0.0
 10
-230.749360466606
 20
-6.931943231565
 30
0.0
 10
-230.724524493384
 20
-6.946271619556
 30
0.0
 10
-230.69835550881
 20
-6.958500535608
 30
0.0
 10
-230.671431194176
 20
-6.968360025952
 30
0.0
 10
-230.644606752945
 20
-6.978182943374
 30
0.0
 10
-230.616836341328
 20
-6.98572598355
 30
0.0
 10
-230.588728477466
 20
-6.990823859884
 30
0.0
 10
-230.559344936047
 20
-6.996153103726
 30
0.0
 10
-230.529362909206
 20
-6.99885
 30
0.0
 10
-230.4995
 20
-6.99885
 30
0.0
  0
LINE
  5
130
100
AcDbEntity
  8
lx
100
AcDbLine
 10
-230.4995
 20
-6.99885
 30
0.0
 11
-217.5005
 21
-6.99885
 31
0.0
  0
SPLINE
  5
131
100
AcDbEntity
  8
lx
100
AcDbSpline
 70
     8
 71
     3
 72
    32
 73
    28
 74
     0
 42
0.0000001
 43
0.0000001
 40
0.0
 40
0.0
 40
0.0
 40
0.0
 40
0.088088985466
 40
0.088088985466
 40
0.088088985466
 40
0.175784194189
 40
0.175784194189
 40
0.175784194189
 40
0.263114788797
 40
0.263114788797
 40
0.263114788797
 40
0.350101609183
 40
0.350101609183
 40
0.350101609183
 40
0.436758802197
 40
0.436758802197
 40
0.436758802197
 40
0.52309485365
 40
0.52309485365
 40
0.52309485365
 40
0.609113191317
 40
0.609113191317
 40
0.609113191317
 40
0.694812451443
 40
0.694812451443
 40
0.694812451443
 40
0.78440117906
 40
0.78440117906
 40
0.78440117906
 40
0.78440117906
 10
-217.5005
 20
-6.99885
 30
0.0
 10
-217.471137004844
 20
-6.99885
 30
0.0
 10
-217.441660751714
 20
-6.996243333636
 30
0.0
 10
-217.412753450826
 20
-6.99109033064
 30
0.0
 10
-217.383975371801
 20
-6.985960362677
 30
0.0
 10
-217.355540615336
 20
-6.978267637558
 30
0.0
 10
-217.328101449861
 20
-6.968188619666
 30
0.0
 10
-217.300776369375
 20
-6.958151507737
 30
0.0
 10
-217.274230932863
 20
-6.945671790982
 30
0.0
 10
-217.249069045095
 20
-6.931033381119
 30
0.0
 10
-217.22400620633
 20
-6.91645259491
 30
0.0
 10
-217.200127037732
 20
-6.899620294248
 30
0.0
 10
-217.177970542388
 20
-6.880916419582
 30
0.0
 10
-217.155898006744
 20
-6.862283421275
 30
0.0
 10
-217.135369894713
 20
-6.841653721783
 30
0.0
 10
-217.116846083515
 20
-6.819489474122
 30
0.0
 10
-217.098390919424
 20
-6.797407364606
 30
0.0
 10
-217.081788079169
 20
-6.773638172956
 30
0.0
 10
-217.067406768435
 20
-6.748710466606
 30
0.0
 10
-217.053078380444
 20
-6.723874493384
 30
0.0
 10
-217.040849464392
 20
-6.69770550881
 30
0.0
 10
-217.030989974048
 20
-6.670781194176
 30
0.0
 10
-217.021167056626
 20
-6.643956752945
 30
0.0
 10
-217.01362401645
 20
-6.616186341328
 30
0.0
 10
-217.008526140116
 20
-6.588078477466
 30
0.0
 10
-217.003196896274
 20
-6.558694936047
 30
0.0
 10
-217.0005
 20
-6.528712909206
 30
0.0
 10
-217.0005
 20
-6.49885
 30
0.0
  0
LINE
  5
132
100
AcDbEntity
  8
lx
100
AcDbLine
 10
-217.0005
 20
-6.49885
 30
0.0
 11
-217.0005
 21
6.50015
 31
0.0
  0
SPLINE
  5
133
100
AcDbEntity
  8
lx
100
AcDbSpline
 70
     8
 71
     3
 72
    32
 73
    28
 74
     0
 42
0.0000001
 43
0.0000001
 40
0.0
 40
0.0
 40
0.0
 40
0.0
 40
0.088088985466
 40
0.088088985466
 40
0.088088985466
 40
0.175784194189
 40
0.175784194189
 40
0.175784194189
 40
0.263114788797
 40
0.263114788797
 40
0.263114788797
 40
0.350101609183
 40
0.350101609183
 40
0.350101609183
 40
0.436758802197
 40
0.436758802197
 40
0.436758802197
 40
0.52309485365
 40
0.52309485365
 40
0.52309485365
 40
0.609113191317
 40
0.609113191317
 40
0.609113191317
 40
0.694812451443
 40
0.694812451443
 40
0.694812451443
 40
0.78440117906
 40
0.78440117906
 40
0.78440117906
 40
0.78440117906
 10
-217.0005
 20
6.50015
 30
0.0
 10
-217.0005
 20
6.529512995155
 30
0.0
 10
-217.003106666364
 20
6.558989248286
 30
0.0
 10
-217.00825966936
 20
6.587896549174
 30
0.0
 10
-217.013389637323
 20
6.616674628199
 30
0.0
 10
-217.021082362442
 20
6.645109384664
 30
0.0
 10
-217.031161380334
 20
6.672548550139
 30
0.0
 10
-217.041198492263
 20
6.699873630625
 30
0.0
 10
-217.053678209018
 20
6.726419067137
 30
0.0
 10
-217.068316618881
 20
6.751580954905
 30
0.0
 10
-217.08289740509
 20
6.77664379367
 30
0.0
 10
-217.099729705752
 20
6.800522962268
 30
0.0
 10
-217.118433580418
 20
6.822679457612
 30
0.0
 10
-217.137066578725
 20
6.844751993256
 30
0.0
 10
-217.157696278217
 20
6.865280105287
 30
0.0
 10
-217.179860525878
 20
6.883803916485
 30
0.0
 10
-217.201942635393
 20
6.902259080576
 30
0.0
 10
-217.225711827044
 20
6.918861920831
 30
0.0
 10
-217.250639533393
 20
6.933243231565
 30
0.0
 10
-217.275475506616
 20
6.947571619556
 30
0.0
 10
-217.30164449119
 20
6.959800535608
 30
0.0
 10
-217.328568805824
 20
6.969660025952
 30
0.0
 10
-217.355393247054
 20
6.979482943374
 30
0.0
 10
-217.383163658672
 20
6.98702598355
 30
0.0
 10
-217.411271522534
 20
6.992123859884
 30
0.0
 10
-217.440655063952
 20
6.997453103726
 30
0.0
 10
-217.470637090794
 20
7.00015
 30
0.0
 10
-217.5005
 20
7.00015
 30
0.0
  0
LINE
  5
134
100
AcDbEntity
  8
lx
100
AcDbLine
 10
-236.5505
 20
7.00015
 30
0.0
 11
-249.5495
 21
7.00015
 31
0.0
  0
SPLINE
  5
135
100
AcDbEntity
  8
lx
100
AcDbSpline
 70
     8
 71
     3
 72
    32
 73
    28
 74
     0
 42
0.0000001
 43
0.0000001
 40
0.0
 40
0.0
 40
0.0
 40
0.0
 40
0.088088985466
 40
0.088088985466
 40
0.088088985466
 40
0.175784194189
 40
0.175784194189
 40
0.175784194189
 40
0.263114788797
 40
0.263114788797
 40
0.263114788797
 40
0.350101609183
 40
0.350101609183
 40
0.350101609183
 40
0.436758802197
 40
0.436758802197
 40
0.436758802197
 40
0.52309485365
 40
0.52309485365
 40
0.52309485365
 40
0.609113191317
 40
0.609113191317
 40
0.609113191317
 40
0.694812451443
 40
0.694812451443
 40
0.694812451443
 40
0.78440117906
 40
0.78440117906
 40
0.78440117906
 40
0.78440117906
 10
-249.5495
 20
7.00015
 30
0.0
 10
-249.578862995155
 20
7.00015
 30
0.0
 10
-249.608339248286
 20
6.997543333636
 30
0.0
 10
-249.637246549174
 20
6.99239033064
 30
0.0
 10
-249.666024628199
 20
6.987260362677
 30
0.0
 10
-249.694459384664
 20
6.979567637558
 30
0.0
 10
-249.721898550139
 20
6.969488619666
 30
0.0
 10
-249.749223630624
 20
6.959451507737
 30
0.0
 10
-249.775769067137
 20
6.946971790982
 30
0.0
 10
-249.800930954905
 20
6.932333381119
 30
0.0
 10
-249.82599379367
 20
6.91775259491
 30
0.0
 10
-249.849872962268
 20
6.900920294248
 30
0.0
 10
-249.872029457612
 20
6.882216419582
 30
0.0
 10
-249.894101993256
 20
6.863583421275
 30
0.0
 10
-249.914630105287
 20
6.842953721783
 30
0.0
 10
-249.933153916485
 20
6.820789474122
 30
0.0
 10
-249.951609080576
 20
6.798707364607
 30
0.0
 10
-249.968211920831
 20
6.774938172956
 30
0.0
 10
-249.982593231565
 20
6.750010466607
 30
0.0
 10
-249.996921619555
 20
6.725174493384
 30
0.0
 10
-250.009150535608
 20
6.69900550881
 30
0.0
 10
-250.019010025952
 20
6.672081194176
 30
0.0
 10
-250.028832943374
 20
6.645256752946
 30
0.0
 10
-250.03637598355
 20
6.617486341328
 30
0.0
 10
-250.041473859884
 20
6.589378477466
 30
0.0
 10
-250.046803103726
 20
6.559994936047
 30
0.0
 10
-250.0495
 20
6.530012909206
 30
0.0
 10
-250.0495
 20
6.50015
 30
0.0
  0
LINE
  5
136
100
AcDbEntity
  8
lx
100
AcDbLine
 10
-250.0495
 20
6.50015
 30
0.0
 11
-250.0495
 21
-6.49885
 31
0.0
  0
SPLINE
  5
137
100
AcDbEntity
  8
lx
100
AcDbSpline
 70
     8
 71
     3
 72
    32
 73
    28
 74
     0
 42
0.0000001
 43
0.0000001
 40
0.0
 40
0.0
 40
0.0
 40
0.0
 40
0.088088985466
 40
0.088088985466
 40
0.088088985466
 40
0.175784194189
 40
0.175784194189
 40
0.175784194189
 40
0.263114788797
 40
0.263114788797
 40
0.263114788797
 40
0.350101609183
 40
0.350101609183
 40
0.350101609183
 40
0.436758802197
 40
0.436758802197
 40
0.436758802197
 40
0.52309485365
 40
0.52309485365
 40
0.52309485365
 40
0.609113191317
 40
0.609113191317
 40
0.609113191317
 40
0.694812451443
 40
0.694812451443
 40
0.694812451443
 40
0.78440117906
 40
0.78440117906
 40
0.78440117906
 40
0.78440117906
 10
-250.0495
 20
-6.49885
 30
0.0
 10
-250.0495
 20
-6.528212995155
 30
0.0
 10
-250.046893333636
 20
-6.557689248286
 30
0.0
 10
-250.041740330639
 20
-6.586596549174
 30
0.0
 10
-250.036610362676
 20
-6.615374628199
 30
0.0
 10
-250.028917637558
 20
-6.643809384664
 30
0.0
 10
-250.018838619666
 20
-6.671248550139
 30
0.0
 10
-250.008801507737
 20
-6.698573630624
 30
0.0
 10
-249.996321790982
 20
-6.725119067137
 30
0.0
 10
-249.981683381119
 20
-6.750280954905
 30
0.0
 10
-249.96710259491
 20
-6.77534379367
 30
0.0
 10
-249.950270294248
 20
-6.799222962268
 30
0.0
 10
-249.931566419582
 20
-6.821379457612
 30
0.0
 10
-249.912933421275
 20
-6.843451993256
 30
0.0
 10
-249.892303721783
 20
-6.863980105287
 30
0.0
 10
-249.870139474122
 20
-6.882503916485
 30
0.0
 10
-249.848057364606
 20
-6.900959080576
 30
0.0
 10
-249.824288172956
 20
-6.917561920831
 30
0.0
 10
-249.799360466606
 20
-6.931943231565
 30
0.0
 10
-249.774524493384
 20
-6.946271619556
 30
0.0
 10
-249.748355508809
 20
-6.958500535608
 30
0.0
 10
-249.721431194176
 20
-6.968360025952
 30
0.0
 10
-249.694606752945
 20
-6.978182943374
 30
0.0
 10
-249.666836341328
 20
-6.98572598355
 30
0.0
 10
-249.638728477466
 20
-6.990823859884
 30
0.0
 10
-249.609344936047
 20
-6.996153103726
 30
0.0
 10
-249.579362909206
 20
-6.99885
 30
0.0
 10
-249.5495
 20
-6.99885
 30
0.0
  0
LINE
  5
138
100
AcDbEntity
  8
lx
100
AcDbLine
 10
-249.5495
 20
-6.99885
 30
0.0
 11
-236.5505
 21
-6.99885
 31
0.0
  0
SPLINE
  5
139
100
AcDbEntity
  8
lx
100
AcDbSpline
 70
     8
 71
     3
 72
    32
 73
    28
 74
     0
 42
0.0000001
 43
0.0000001
 40
0.0
 40
0.0
 40
0.0
 40
0.0
 40
0.088088985466
 40
0.088088985466
 40
0.088088985466
 40
0.175784194189
 40
0.175784194189
 40
0.175784194189
 40
0.263114788797
 40
0.263114788797
 40
0.263114788797
 40
0.350101609183
 40
0.350101609183
 40
0.350101609183
 40
0.436758802197
 40
0.436758802197
 40
0.436758802197
 40
0.52309485365
 40
0.52309485365
 40
0.52309485365
 40
0.609113191317
 40
0.609113191317
 40
0.609113191317
 40
0.694812451443
 40
0.694812451443
 40
0.694812451443
 40
0.78440117906
 40
0.78440117906
 40
0.78440117906
 40
0.78440117906
 10
-236.5505
 20
-6.99885
 30
0.0
 10
-236.521137004844
 20
-6.99885
 30
0.0
 10
-236.491660751714
 20
-6.996243333636
 30
0.0
 10
-236.462753450826
 20
-6.99109033064
 30
0.0
 10
-236.433975371801
 20
-6.985960362677
 30
0.0
 10
-236.405540615336
 20
-6.978267637558
 30
0.0
 10
-236.378101449861
 20
-6.968188619666
 30
0.0
 10
-236.350776369375
 20
-6.958151507737
 30
0.0
 10
-236.324230932863
 20
-6.945671790982
 30
0.0
 10
-236.299069045095
 20
-6.931033381119
 30
0.0
 10
-236.27400620633
 20
-6.91645259491
 30
0.0
 10
-236.250127037732
 20
-6.899620294248
 30
0.0
 10
-236.227970542388
 20
-6.880916419582
 30
0.0
 10
-236.205898006744
 20
-6.862283421275
 30
0.0
 10
-236.185369894713
 20
-6.841653721783
 30
0.0
 10
-236.166846083515
 20
-6.819489474122
 30
0.0
 10
-236.148390919424
 20
-6.797407364607
 30
0.0
 10
-236.131788079169
 20
-6.773638172956
 30
0.0
 10
-236.117406768435
 20
-6.748710466607
 30
0.0
 10
-236.103078380444
 20
-6.723874493384
 30
0.0
 10
-236.090849464392
 20
-6.69770550881
 30
0.0
 10
-236.080989974048
 20
-6.670781194176
 30
0.0
 10
-236.071167056626
 20
-6.643956752945
 30
0.0
 10
-236.06362401645
 20
-6.616186341328
 30
0.0
 10
-236.058526140116
 20
-6.588078477466
 30
0.0
 10
-236.053196896274
 20
-6.558694936047
 30
0.0
 10
-236.0505
 20
-6.528712909206
 30
0.0
 10
-236.0505
 20
-6.49885
 30
0.0
  0
LINE
  5
13a
100
AcDbEntity
  8
lx
100
AcDbLine
 10
-236.0505
 20
-6.49885
 30
0.0
 11
-236.0505
 21
6.50015
 31
0.0
  0
SPLINE
  5
13b
100
AcDbEntity
  8
lx
100
AcDbSpline
 70
     8
 71
     3
 72
    32
 73
    28
 74
     0
 42
0.0000001
 43
0.0000001
 40
0.0
 40
0.0
 40
0.0
 40
0.0
 40
0.088088985466
 40
0.088088985466
 40
0.088088985466
 40
0.175784194189
 40
0.175784194189
 40
0.175784194189
 40
0.263114788797
 40
0.263114788797
 40
0.263114788797
 40
0.350101609183
 40
0.350101609183
 40
0.350101609183
 40
0.436758802197
 40
0.436758802197
 40
0.436758802197
 40
0.52309485365
 40
0.52309485365
 40
0.52309485365
 40
0.609113191317
 40
0.609113191317
 40
0.609113191317
 40
0.694812451443
 40
0.694812451443
 40
0.694812451443
 40
0.78440117906
 40
0.78440117906
 40
0.78440117906
 40
0.78440117906
 10
-236.0505
 20
6.50015
 30
0.0
 10
-236.0505
 20
6.529512995155
 30
0.0
 10
-236.053106666364
 20
6.558989248286
 30
0.0
 10
-236.05825966936
 20
6.587896549174
 30
0.0
 10
-236.063389637323
 20
6.616674628199
 30
0.0
 10
-236.071082362442
 20
6.645109384664
 30
0.0
 10
-236.081161380334
 20
6.672548550139
 30
0.0
 10
-236.091198492263
 20
6.699873630625
 30
0.0
 10
-236.103678209018
 20
6.726419067137
 30
0.0
 10
-236.118316618881
 20
6.751580954905
 30
0.0
 10
-236.13289740509
 20
6.77664379367
 30
0.0
 10
-236.149729705752
 20
6.800522962268
 30
0.0
 10
-236.168433580418
 20
6.822679457612
 30
0.0
 10
-236.187066578725
 20
6.844751993256
 30
0.0
 10
-236.207696278217
 20
6.865280105287
 30
0.0
 10
-236.229860525878
 20
6.883803916485
 30
0.0
 10
-236.251942635393
 20
6.902259080576
 30
0.0
 10
-236.275711827044
 20
6.918861920831
 30
0.0
 10
-236.300639533393
 20
6.933243231565
 30
0.0
 10
-236.325475506616
 20
6.947571619556
 30
0.0
 10
-236.35164449119
 20
6.959800535608
 30
0.0
 10
-236.378568805824
 20
6.969660025952
 30
0.0
 10
-236.405393247054
 20
6.979482943374
 30
0.0
 10
-236.433163658672
 20
6.98702598355
 30
0.0
 10
-236.461271522534
 20
6.992123859884
 30
0.0
 10
-236.490655063952
 20
6.997453103726
 30
0.0
 10
-236.520637090794
 20
7.00015
 30
0.0
 10
-236.5505
 20
7.00015
 30
0.0
  0
LINE
  5
13c
100
AcDbEntity
  8
lx
100
AcDbLine
 10
-160.3505
 20
26.05015
 30
0.0
 11
-173.3495
 21
26.05015
 31
0.0
  0
SPLINE
  5
13d
100
AcDbEntity
  8
lx
100
AcDbSpline
 70
     8
 71
     3
 72
    32
 73
    28
 74
     0
 42
0.0000001
 43
0.0000001
 40
0.0
 40
0.0
 40
0.0
 40
0.0
 40
0.088088985466
 40
0.088088985466
 40
0.088088985466
 40
0.175784194189
 40
0.175784194189
 40
0.175784194189
 40
0.263114788797
 40
0.263114788797
 40
0.263114788797
 40
0.350101609183
 40
0.350101609183
 40
0.350101609183
 40
0.436758802197
 40
0.436758802197
 40
0.436758802197
 40
0.52309485365
 40
0.52309485365
 40
0.52309485365
 40
0.609113191317
 40
0.609113191317
 40
0.609113191317
 40
0.694812451443
 40
0.694812451443
 40
0.694812451443
 40
0.78440117906
 40
0.78440117906
 40
0.78440117906
 40
0.78440117906
 10
-173.3495
 20
26.05015
 30
0.0
 10
-173.378862995155
 20
26.05015
 30
0.0
 10
-173.408339248286
 20
26.047543333636
 30
0.0
 10
-173.437246549174
 20
26.04239033064
 30
0.0
 10
-173.466024628199
 20
26.037260362677
 30
0.0
 10
-173.494459384664
 20
26.029567637558
 30
0.0
 10
-173.521898550139
 20
26.019488619666
 30
0.0
 10
-173.549223630624
 20
26.009451507737
 30
0.0
 10
-173.575769067137
 20
25.996971790982
 30
0.0
 10
-173.600930954905
 20
25.982333381119
 30
0.0
 10
-173.62599379367
 20
25.96775259491
 30
0.0
 10
-173.649872962268
 20
25.950920294248
 30
0.0
 10
-173.672029457612
 20
25.932216419582
 30
0.0
 10
-173.694101993256
 20
25.913583421275
 30
0.0
 10
-173.714630105287
 20
25.892953721783
 30
0.0
 10
-173.733153916485
 20
25.870789474122
 30
0.0
 10
-173.751609080576
 20
25.848707364607
 30
0.0
 10
-173.768211920831
 20
25.824938172956
 30
0.0
 10
-173.782593231565
 20
25.800010466607
 30
0.0
 10
-173.796921619555
 20
25.775174493384
 30
0.0
 10
-173.809150535608
 20
25.74900550881
 30
0.0
 10
-173.819010025952
 20
25.722081194176
 30
0.0
 10
-173.828832943374
 20
25.695256752946
 30
0.0
 10
-173.83637598355
 20
25.667486341328
 30
0.0
 10
-173.841473859884
 20
25.639378477466
 30
0.0
 10
-173.846803103726
 20
25.609994936047
 30
0.0
 10
-173.8495
 20
25.580012909206
 30
0.0
 10
-173.8495
 20
25.55015
 30
0.0
  0
LINE
  5
13e
100
AcDbEntity
  8
lx
100
AcDbLine
 10
-173.8495
 20
25.55015
 30
0.0
 11
-173.8495
 21
12.55115
 31
0.0
  0
SPLINE
  5
13f
100
AcDbEntity
  8
lx
100
AcDbSpline
 70
     8
 71
     3
 72
    32
 73
    28
 74
     0
 42
0.0000001
 43
0.0000001
 40
0.0
 40
0.0
 40
0.0
 40
0.0
 40
0.088088985466
 40
0.088088985466
 40
0.088088985466
 40
0.175784194189
 40
0.175784194189
 40
0.175784194189
 40
0.263114788797
 40
0.263114788797
 40
0.263114788797
 40
0.350101609183
 40
0.350101609183
 40
0.350101609183
 40
0.436758802197
 40
0.436758802197
 40
0.436758802197
 40
0.52309485365
 40
0.52309485365
 40
0.52309485365
 40
0.609113191317
 40
0.609113191317
 40
0.609113191317
 40
0.694812451443
 40
0.694812451443
 40
0.694812451443
 40
0.78440117906
 40
0.78440117906
 40
0.78440117906
 40
0.78440117906
 10
-173.8495
 20
12.55115
 30
0.0
 10
-173.8495
 20
12.521787004845
 30
0.0
 10
-173.846893333636
 20
12.492310751714
 30
0.0
 10
-173.841740330639
 20
12.463403450826
 30
0.0
 10
-173.836610362676
 20
12.434625371801
 30
0.0
 10
-173.828917637558
 20
12.406190615336
 30
0.0
 10
-173.818838619666
 20
12.378751449861
 30
0.0
 10
-173.808801507737
 20
12.351426369375
 30
0.0
 10
-173.796321790982
 20
12.324880932863
 30
0.0
 10
-173.781683381119
 20
12.299719045095
 30
0.0
 10
-173.76710259491
 20
12.27465620633
 30
0.0
 10
-173.750270294248
 20
12.250777037732
 30
0.0
 10
-173.731566419582
 20
12.228620542388
 30
0.0
 10
-173.712933421275
 20
12.206548006744
 30
0.0
 10
-173.692303721783
 20
12.186019894713
 30
0.0
 10
-173.670139474122
 20
12.167496083515
 30
0.0
 10
-173.648057364606
 20
12.149040919424
 30
0.0
 10
-173.624288172956
 20
12.132438079169
 30
0.0
 10
-173.599360466606
 20
12.118056768435
 30
0.0
 10
-173.574524493384
 20
12.103728380445
 30
0.0
 10
-173.54835550881
 20
12.091499464392
 30
0.0
 10
-173.521431194176
 20
12.081639974048
 30
0.0
 10
-173.494606752945
 20
12.071817056626
 30
0.0
 10
-173.466836341328
 20
12.06427401645
 30
0.0
 10
-173.438728477466
 20
12.059176140116
 30
0.0
 10
-173.409344936047
 20
12.053846896274
 30
0.0
 10
-173.379362909206
 20
12.05115
 30
0.0
 10
-173.3495
 20
12.05115
 30
0.0
  0
LINE
  5
140
100
AcDbEntity
  8
lx
100
AcDbLine
 10
-173.3495
 20
12.05115
 30
0.0
 11
-160.3505
 21
12.05115
 31
0.0
  0
SPLINE
  5
141
100
AcDbEntity
  8
lx
100
AcDbSpline
 70
     8
 71
     3
 72
    32
 73
    28
 74
     0
 42
0.0000001
 43
0.0000001
 40
0.0
 40
0.0
 40
0.0
 40
0.0
 40
0.088088985466
 40
0.088088985466
 40
0.088088985466
 40
0.175784194189
 40
0.175784194189
 40
0.175784194189
 40
0.263114788797
 40
0.263114788797
 40
0.263114788797
 40
0.350101609183
 40
0.350101609183
 40
0.350101609183
 40
0.436758802197
 40
0.436758802197
 40
0.436758802197
 40
0.52309485365
 40
0.52309485365
 40
0.52309485365
 40
0.609113191317
 40
0.609113191317
 40
0.609113191317
 40
0.694812451443
 40
0.694812451443
 40
0.694812451443
 40
0.78440117906
 40
0.78440117906
 40
0.78440117906
 40
0.78440117906
 10
-160.3505
 20
12.05115
 30
0.0
 10
-160.321137004844
 20
12.05115
 30
0.0
 10
-160.291660751714
 20
12.053756666364
 30
0.0
 10
-160.262753450826
 20
12.05890966936
 30
0.0
 10
-160.233975371801
 20
12.064039637323
 30
0.0
 10
-160.205540615336
 20
12.071732362442
 30
0.0
 10
-160.178101449861
 20
12.081811380334
 30
0.0
 10
-160.150776369375
 20
12.091848492263
 30
0.0
 10
-160.124230932863
 20
12.104328209018
 30
0.0
 10
-160.099069045095
 20
12.118966618881
 30
0.0
 10
-160.07400620633
 20
12.13354740509
 30
0.0
 10
-160.050127037732
 20
12.150379705752
 30
0.0
 10
-160.027970542388
 20
12.169083580418
 30
0.0
 10
-160.005898006744
 20
12.187716578725
 30
0.0
 10
-159.985369894713
 20
12.208346278217
 30
0.0
 10
-159.966846083515
 20
12.230510525878
 30
0.0
 10
-159.948390919424
 20
12.252592635393
 30
0.0
 10
-159.931788079169
 20
12.276361827044
 30
0.0
 10
-159.917406768435
 20
12.301289533393
 30
0.0
 10
-159.903078380444
 20
12.326125506616
 30
0.0
 10
-159.890849464392
 20
12.35229449119
 30
0.0
 10
-159.880989974048
 20
12.379218805824
 30
0.0
 10
-159.871167056626
 20
12.406043247055
 30
0.0
 10
-159.86362401645
 20
12.433813658672
 30
0.0
 10
-159.858526140116
 20
12.461921522534
 30
0.0
 10
-159.853196896274
 20
12.491305063953
 30
0.0
 10
-159.8505
 20
12.521287090794
 30
0.0
 10
-159.8505
 20
12.55115
 30
0.0
  0
LINE
  5
142
100
AcDbEntity
  8
lx
100
AcDbLine
 10
-159.8505
 20
12.55115
 30
0.0
 11
-159.8505
 21
25.55015
 31
0.0
  0
SPLINE
  5
143
100
AcDbEntity
  8
lx
100
AcDbSpline
 70
     8
 71
     3
 72
    32
 73
    28
 74
     0
 42
0.0000001
 43
0.0000001
 40
0.0
 40
0.0
 40
0.0
 40
0.0
 40
0.088088985466
 40
0.088088985466
 40
0.088088985466
 40
0.175784194189
 40
0.175784194189
 40
0.175784194189
 40
0.263114788797
 40
0.263114788797
 40
0.263114788797
 40
0.350101609183
 40
0.350101609183
 40
0.350101609183
 40
0.436758802197
 40
0.436758802197
 40
0.436758802197
 40
0.52309485365
 40
0.52309485365
 40
0.52309485365
 40
0.609113191317
 40
0.609113191317
 40
0.609113191317
 40
0.694812451443
 40
0.694812451443
 40
0.694812451443
 40
0.78440117906
 40
0.78440117906
 40
0.78440117906
 40
0.78440117906
 10
-159.8505
 20
25.55015
 30
0.0
 10
-159.8505
 20
25.579512995155
 30
0.0
 10
-159.853106666364
 20
25.608989248286
 30
0.0
 10
-159.85825966936
 20
25.637896549174
 30
0.0
 10
-159.863389637323
 20
25.666674628199
 30
0.0
 10
-159.871082362442
 20
25.695109384664
 30
0.0
 10
-159.881161380334
 20
25.722548550139
 30
0.0
 10
-159.891198492263
 20
25.749873630625
 30
0.0
 10
-159.903678209018
 20
25.776419067137
 30
0.0
 10
-159.918316618881
 20
25.801580954905
 30
0.0
 10
-159.93289740509
 20
25.82664379367
 30
0.0
 10
-159.949729705752
 20
25.850522962268
 30
0.0
 10
-159.968433580417
 20
25.872679457612
 30
0.0
 10
-159.987066578725
 20
25.894751993256
 30
0.0
 10
-160.007696278217
 20
25.915280105287
 30
0.0
 10
-160.029860525878
 20
25.933803916485
 30
0.0
 10
-160.051942635393
 20
25.952259080576
 30
0.0
 10
-160.075711827044
 20
25.968861920831
 30
0.0
 10
-160.100639533393
 20
25.983243231565
 30
0.0
 10
-160.125475506616
 20
25.997571619556
 30
0.0
 10
-160.15164449119
 20
26.009800535608
 30
0.0
 10
-160.178568805824
 20
26.019660025952
 30
0.0
 10
-160.205393247054
 20
26.029482943374
 30
0.0
 10
-160.233163658672
 20
26.03702598355
 30
0.0
 10
-160.261271522534
 20
26.042123859884
 30
0.0
 10
-160.290655063952
 20
26.047453103726
 30
0.0
 10
-160.320637090794
 20
26.05015
 30
0.0
 10
-160.3505
 20
26.05015
 30
0.0
  0
LINE
  5
144
100
AcDbEntity
  8
lx
100
AcDbLine
 10
-179.4005
 20
26.05015
 30
0.0
 11
-192.3995
 21
26.05015
 31
0.0
  0
SPLINE
  5
145
100
AcDbEntity
  8
lx
100
AcDbSpline
 70
     8
 71
     3
 72
    32
 73
    28
 74
     0
 42
0.0000001
 43
0.0000001
 40
0.0
 40
0.0
 40
0.0
 40
0.0
 40
0.088088985466
 40
0.088088985466
 40
0.088088985466
 40
0.175784194189
 40
0.175784194189
 40
0.175784194189
 40
0.263114788797
 40
0.263114788797
 40
0.263114788797
 40
0.350101609183
 40
0.350101609183
 40
0.350101609183
 40
0.436758802197
 40
0.436758802197
 40
0.436758802197
 40
0.52309485365
 40
0.52309485365
 40
0.52309485365
 40
0.609113191317
 40
0.609113191317
 40
0.609113191317
 40
0.694812451443
 40
0.694812451443
 40
0.694812451443
 40
0.78440117906
 40
0.78440117906
 40
0.78440117906
 40
0.78440117906
 10
-192.3995
 20
26.05015
 30
0.0
 10
-192.428862995155
 20
26.05015
 30
0.0
 10
-192.458339248286
 20
26.047543333636
 30
0.0
 10
-192.487246549174
 20
26.04239033064
 30
0.0
 10
-192.516024628199
 20
26.037260362677
 30
0.0
 10
-192.544459384664
 20
26.029567637558
 30
0.0
 10
-192.571898550139
 20
26.019488619666
 30
0.0
 10
-192.599223630624
 20
26.009451507737
 30
0.0
 10
-192.625769067137
 20
25.996971790982
 30
0.0
 10
-192.650930954905
 20
25.982333381119
 30
0.0
 10
-192.67599379367
 20
25.96775259491
 30
0.0
 10
-192.699872962268
 20
25.950920294248
 30
0.0
 10
-192.722029457612
 20
25.932216419582
 30
0.0
 10
-192.744101993256
 20
25.913583421275
 30
0.0
 10
-192.764630105287
 20
25.892953721783
 30
0.0
 10
-192.783153916485
 20
25.870789474122
 30
0.0
 10
-192.801609080576
 20
25.848707364607
 30
0.0
 10
-192.818211920831
 20
25.824938172956
 30
0.0
 10
-192.832593231565
 20
25.800010466607
 30
0.0
 10
-192.846921619555
 20
25.775174493384
 30
0.0
 10
-192.859150535608
 20
25.74900550881
 30
0.0
 10
-192.869010025952
 20
25.722081194176
 30
0.0
 10
-192.878832943374
 20
25.695256752946
 30
0.0
 10
-192.88637598355
 20
25.667486341329
 30
0.0
 10
-192.891473859884
 20
25.639378477466
 30
0.0
 10
-192.896803103726
 20
25.609994936048
 30
0.0
 10
-192.8995
 20
25.580012909206
 30
0.0
 10
-192.8995
 20
25.55015
 30
0.0
  0
LINE
  5
146
100
AcDbEntity
  8
lx
100
AcDbLine
 10
-192.8995
 20
25.55015
 30
0.0
 11
-192.8995
 21
12.55115
 31
0.0
  0
SPLINE
  5
147
100
AcDbEntity
  8
lx
100
AcDbSpline
 70
     8
 71
     3
 72
    32
 73
    28
 74
     0
 42
0.0000001
 43
0.0000001
 40
0.0
 40
0.0
 40
0.0
 40
0.0
 40
0.088088985466
 40
0.088088985466
 40
0.088088985466
 40
0.175784194189
 40
0.175784194189
 40
0.175784194189
 40
0.263114788797
 40
0.263114788797
 40
0.263114788797
 40
0.350101609183
 40
0.350101609183
 40
0.350101609183
 40
0.436758802197
 40
0.436758802197
 40
0.436758802197
 40
0.52309485365
 40
0.52309485365
 40
0.52309485365
 40
0.609113191317
 40
0.609113191317
 40
0.609113191317
 40
0.694812451443
 40
0.694812451443
 40
0.694812451443
 40
0.78440117906
 40
0.78440117906
 40
0.78440117906
 40
0.78440117906
 10
-192.8995
 20
12.55115
 30
0.0
 10
-192.8995
 20
12.521787004845
 30
0.0
 10
-192.896893333636
 20
12.492310751714
 30
0.0
 10
-192.891740330639
 20
12.463403450826
 30
0.0
 10
-192.886610362676
 20
12.434625371801
 30
0.0
 10
-192.878917637558
 20
12.406190615336
 30
0.0
 10
-192.868838619666
 20
12.378751449861
 30
0.0
 10
-192.858801507737
 20
12.351426369375
 30
0.0
 10
-192.846321790982
 20
12.324880932863
 30
0.0
 10
-192.831683381119
 20
12.299719045095
 30
0.0
 10
-192.81710259491
 20
12.27465620633
 30
0.0
 10
-192.800270294248
 20
12.250777037732
 30
0.0
 10
-192.781566419582
 20
12.228620542388
 30
0.0
 10
-192.762933421275
 20
12.206548006744
 30
0.0
 10
-192.742303721783
 20
12.186019894713
 30
0.0
 10
-192.720139474122
 20
12.167496083515
 30
0.0
 10
-192.698057364606
 20
12.149040919424
 30
0.0
 10
-192.674288172956
 20
12.132438079169
 30
0.0
 10
-192.649360466606
 20
12.118056768435
 30
0.0
 10
-192.624524493384
 20
12.103728380445
 30
0.0
 10
-192.598355508809
 20
12.091499464392
 30
0.0
 10
-192.571431194176
 20
12.081639974048
 30
0.0
 10
-192.544606752945
 20
12.071817056626
 30
0.0
 10
-192.516836341328
 20
12.06427401645
 30
0.0
 10
-192.488728477466
 20
12.059176140116
 30
0.0
 10
-192.459344936047
 20
12.053846896274
 30
0.0
 10
-192.429362909206
 20
12.05115
 30
0.0
 10
-192.3995
 20
12.05115
 30
0.0
  0
LINE
  5
148
100
AcDbEntity
  8
lx
100
AcDbLine
 10
-192.3995
 20
12.05115
 30
0.0
 11
-179.4005
 21
12.05115
 31
0.0
  0
SPLINE
  5
149
100
AcDbEntity
  8
lx
100
AcDbSpline
 70
     8
 71
     3
 72
    32
 73
    28
 74
     0
 42
0.0000001
 43
0.0000001
 40
0.0
 40
0.0
 40
0.0
 40
0.0
 40
0.088088985466
 40
0.088088985466
 40
0.088088985466
 40
0.175784194189
 40
0.175784194189
 40
0.175784194189
 40
0.263114788797
 40
0.263114788797
 40
0.263114788797
 40
0.350101609183
 40
0.350101609183
 40
0.350101609183
 40
0.436758802197
 40
0.436758802197
 40
0.436758802197
 40
0.52309485365
 40
0.52309485365
 40
0.52309485365
 40
0.609113191317
 40
0.609113191317
 40
0.609113191317
 40
0.694812451443
 40
0.694812451443
 40
0.694812451443
 40
0.78440117906
 40
0.78440117906
 40
0.78440117906
 40
0.78440117906
 10
-179.4005
 20
12.05115
 30
0.0
 10
-179.371137004844
 20
12.05115
 30
0.0
 10
-179.341660751714
 20
12.053756666364
 30
0.0
 10
-179.312753450826
 20
12.05890966936
 30
0.0
 10
-179.283975371801
 20
12.064039637323
 30
0.0
 10
-179.255540615336
 20
12.071732362442
 30
0.0
 10
-179.228101449861
 20
12.081811380334
 30
0.0
 10
-179.200776369375
 20
12.091848492263
 30
0.0
 10
-179.174230932863
 20
12.104328209018
 30
0.0
 10
-179.149069045095
 20
12.118966618881
 30
0.0
 10
-179.12400620633
 20
12.13354740509
 30
0.0
 10
-179.100127037732
 20
12.150379705752
 30
0.0
 10
-179.077970542388
 20
12.169083580418
 30
0.0
 10
-179.055898006744
 20
12.187716578725
 30
0.0
 10
-179.035369894713
 20
12.208346278217
 30
0.0
 10
-179.016846083515
 20
12.230510525878
 30
0.0
 10
-178.998390919424
 20
12.252592635393
 30
0.0
 10
-178.981788079169
 20
12.276361827044
 30
0.0
 10
-178.967406768435
 20
12.301289533393
 30
0.0
 10
-178.953078380444
 20
12.326125506616
 30
0.0
 10
-178.940849464392
 20
12.35229449119
 30
0.0
 10
-178.930989974048
 20
12.379218805824
 30
0.0
 10
-178.921167056626
 20
12.406043247055
 30
0.0
 10
-178.91362401645
 20
12.433813658672
 30
0.0
 10
-178.908526140116
 20
12.461921522534
 30
0.0
 10
-178.903196896273
 20
12.491305063953
 30
0.0
 10
-178.9005
 20
12.521287090794
 30
0.0
 10
-178.9005
 20
12.55115
 30
0.0
  0
LINE
  5
14a
100
AcDbEntity
  8
lx
100
AcDbLine
 10
-178.9005
 20
12.55115
 30
0.0
 11
-178.9005
 21
25.55015
 31
0.0
  0
SPLINE
  5
14b
100
AcDbEntity
  8
lx
100
AcDbSpline
 70
     8
 71
     3
 72
    32
 73
    28
 74
     0
 42
0.0000001
 43
0.0000001
 40
0.0
 40
0.0
 40
0.0
 40
0.0
 40
0.088088985466
 40
0.088088985466
 40
0.088088985466
 40
0.175784194189
 40
0.175784194189
 40
0.175784194189
 40
0.263114788797
 40
0.263114788797
 40
0.263114788797
 40
0.350101609183
 40
0.350101609183
 40
0.350101609183
 40
0.436758802197
 40
0.436758802197
 40
0.436758802197
 40
0.52309485365
 40
0.52309485365
 40
0.52309485365
 40
0.609113191317
 40
0.609113191317
 40
0.609113191317
 40
0.694812451443
 40
0.694812451443
 40
0.694812451443
 40
0.78440117906
 40
0.78440117906
 40
0.78440117906
 40
0.78440117906
 10
-178.9005
 20
25.55015
 30
0.0
 10
-178.9005
 20
25.579512995155
 30
0.0
 10
-178.903106666364
 20
25.608989248286
 30
0.0
 10
-178.90825966936
 20
25.637896549174
 30
0.0
 10
-178.913389637323
 20
25.666674628199
 30
0.0
 10
-178.921082362442
 20
25.695109384664
 30
0.0
 10
-178.931161380334
 20
25.722548550139
 30
0.0
 10
-178.941198492263
 20
25.749873630625
 30
0.0
 10
-178.953678209018
 20
25.776419067137
 30
0.0
 10
-178.968316618881
 20
25.801580954905
 30
0.0
 10
-178.98289740509
 20
25.82664379367
 30
0.0
 10
-178.999729705752
 20
25.850522962268
 30
0.0
 10
-179.018433580418
 20
25.872679457612
 30
0.0
 10
-179.037066578725
 20
25.894751993256
 30
0.0
 10
-179.057696278217
 20
25.915280105287
 30
0.0
 10
-179.079860525878
 20
25.933803916485
 30
0.0
 10
-179.101942635393
 20
25.952259080576
 30
0.0
 10
-179.125711827044
 20
25.968861920831
 30
0.0
 10
-179.150639533393
 20
25.983243231565
 30
0.0
 10
-179.175475506616
 20
25.997571619556
 30
0.0
 10
-179.20164449119
 20
26.009800535608
 30
0.0
 10
-179.228568805824
 20
26.019660025952
 30
0.0
 10
-179.255393247054
 20
26.029482943374
 30
0.0
 10
-179.283163658672
 20
26.03702598355
 30
0.0
 10
-179.311271522534
 20
26.042123859884
 30
0.0
 10
-179.340655063952
 20
26.047453103726
 30
0.0
 10
-179.370637090794
 20
26.05015
 30
0.0
 10
-179.4005
 20
26.05015
 30
0.0
  0
LINE
  5
14c
100
AcDbEntity
  8
lx
100
AcDbLine
 10
-198.4505
 20
26.05015
 30
0.0
 11
-211.4495
 21
26.05015
 31
0.0
  0
SPLINE
  5
14d
100
AcDbEntity
  8
lx
100
AcDbSpline
 70
     8
 71
     3
 72
    32
 73
    28
 74
     0
 42
0.0000001
 43
0.0000001
 40
0.0
 40
0.0
 40
0.0
 40
0.0
 40
0.088088985466
 40
0.088088985466
 40
0.088088985466
 40
0.175784194189
 40
0.175784194189
 40
0.175784194189
 40
0.263114788797
 40
0.263114788797
 40
0.263114788797
 40
0.350101609183
 40
0.350101609183
 40
0.350101609183
 40
0.436758802197
 40
0.436758802197
 40
0.436758802197
 40
0.52309485365
 40
0.52309485365
 40
0.52309485365
 40
0.609113191317
 40
0.609113191317
 40
0.609113191317
 40
0.694812451443
 40
0.694812451443
 40
0.694812451443
 40
0.78440117906
 40
0.78440117906
 40
0.78440117906
 40
0.78440117906
 10
-211.4495
 20
26.05015
 30
0.0
 10
-211.478862995155
 20
26.05015
 30
0.0
 10
-211.508339248286
 20
26.047543333636
 30
0.0
 10
-211.537246549174
 20
26.04239033064
 30
0.0
 10
-211.566024628199
 20
26.037260362677
 30
0.0
 10
-211.594459384664
 20
26.029567637558
 30
0.0
 10
-211.621898550139
 20
26.019488619666
 30
0.0
 10
-211.649223630624
 20
26.009451507737
 30
0.0
 10
-211.675769067137
 20
25.996971790982
 30
0.0
 10
-211.700930954905
 20
25.982333381119
 30
0.0
 10
-211.72599379367
 20
25.96775259491
 30
0.0
 10
-211.749872962268
 20
25.950920294248
 30
0.0
 10
-211.772029457612
 20
25.932216419582
 30
0.0
 10
-211.794101993256
 20
25.913583421275
 30
0.0
 10
-211.814630105287
 20
25.892953721783
 30
0.0
 10
-211.833153916485
 20
25.870789474122
 30
0.0
 10
-211.851609080576
 20
25.848707364607
 30
0.0
 10
-211.868211920831
 20
25.824938172956
 30
0.0
 10
-211.882593231565
 20
25.800010466607
 30
0.0
 10
-211.896921619555
 20
25.775174493384
 30
0.0
 10
-211.909150535608
 20
25.74900550881
 30
0.0
 10
-211.919010025952
 20
25.722081194176
 30
0.0
 10
-211.928832943374
 20
25.695256752946
 30
0.0
 10
-211.93637598355
 20
25.667486341328
 30
0.0
 10
-211.941473859884
 20
25.639378477466
 30
0.0
 10
-211.946803103726
 20
25.609994936047
 30
0.0
 10
-211.9495
 20
25.580012909206
 30
0.0
 10
-211.9495
 20
25.55015
 30
0.0
  0
LINE
  5
14e
100
AcDbEntity
  8
lx
100
AcDbLine
 10
-211.9495
 20
25.55015
 30
0.0
 11
-211.9495
 21
12.55115
 31
0.0
  0
SPLINE
  5
14f
100
AcDbEntity
  8
lx
100
AcDbSpline
 70
     8
 71
     3
 72
    32
 73
    28
 74
     0
 42
0.0000001
 43
0.0000001
 40
0.0
 40
0.0
 40
0.0
 40
0.0
 40
0.088088985466
 40
0.088088985466
 40
0.088088985466
 40
0.175784194189
 40
0.175784194189
 40
0.175784194189
 40
0.263114788797
 40
0.263114788797
 40
0.263114788797
 40
0.350101609183
 40
0.350101609183
 40
0.350101609183
 40
0.436758802197
 40
0.436758802197
 40
0.436758802197
 40
0.52309485365
 40
0.52309485365
 40
0.52309485365
 40
0.609113191317
 40
0.609113191317
 40
0.609113191317
 40
0.694812451443
 40
0.694812451443
 40
0.694812451443
 40
0.78440117906
 40
0.78440117906
 40
0.78440117906
 40
0.78440117906
 10
-211.9495
 20
12.55115
 30
0.0
 10
-211.9495
 20
12.521787004845
 30
0.0
 10
-211.946893333636
 20
12.492310751714
 30
0.0
 10
-211.941740330639
 20
12.463403450826
 30
0.0
 10
-211.936610362676
 20
12.434625371801
 30
0.0
 10
-211.928917637558
 20
12.406190615336
 30
0.0
 10
-211.918838619666
 20
12.378751449861
 30
0.0
 10
-211.908801507737
 20
12.351426369376
 30
0.0
 10
-211.896321790982
 20
12.324880932863
 30
0.0
 10
-211.881683381119
 20
12.299719045095
 30
0.0
 10
-211.86710259491
 20
12.27465620633
 30
0.0
 10
-211.850270294248
 20
12.250777037732
 30
0.0
 10
-211.831566419582
 20
12.228620542388
 30
0.0
 10
-211.812933421275
 20
12.206548006744
 30
0.0
 10
-211.792303721783
 20
12.186019894713
 30
0.0
 10
-211.770139474122
 20
12.167496083515
 30
0.0
 10
-211.748057364606
 20
12.149040919424
 30
0.0
 10
-211.724288172956
 20
12.132438079169
 30
0.0
 10
-211.699360466606
 20
12.118056768435
 30
0.0
 10
-211.674524493384
 20
12.103728380445
 30
0.0
 10
-211.648355508809
 20
12.091499464392
 30
0.0
 10
-211.621431194176
 20
12.081639974048
 30
0.0
 10
-211.594606752945
 20
12.071817056626
 30
0.0
 10
-211.566836341328
 20
12.06427401645
 30
0.0
 10
-211.538728477466
 20
12.059176140116
 30
0.0
 10
-211.509344936047
 20
12.053846896274
 30
0.0
 10
-211.479362909206
 20
12.05115
 30
0.0
 10
-211.4495
 20
12.05115
 30
0.0
  0
LINE
  5
150
100
AcDbEntity
  8
lx
100
AcDbLine
 10
-211.4495
 20
12.05115
 30
0.0
 11
-198.4505
 21
12.05115
 31
0.0
  0
SPLINE
  5
151
100
AcDbEntity
  8
lx
100
AcDbSpline
 70
     8
 71
     3
 72
    32
 73
    28
 74
     0
 42
0.0000001
 43
0.0000001
 40
0.0
 40
0.0
 40
0.0
 40
0.0
 40
0.088088985466
 40
0.088088985466
 40
0.088088985466
 40
0.175784194189
 40
0.175784194189
 40
0.175784194189
 40
0.263114788797
 40
0.263114788797
 40
0.263114788797
 40
0.350101609183
 40
0.350101609183
 40
0.350101609183
 40
0.436758802197
 40
0.436758802197
 40
0.436758802197
 40
0.52309485365
 40
0.52309485365
 40
0.52309485365
 40
0.609113191317
 40
0.609113191317
 40
0.609113191317
 40
0.694812451443
 40
0.694812451443
 40
0.694812451443
 40
0.78440117906
 40
0.78440117906
 40
0.78440117906
 40
0.78440117906
 10
-198.4505
 20
12.05115
 30
0.0
 10
-198.421137004844
 20
12.05115
 30
0.0
 10
-198.391660751714
 20
12.053756666364
 30
0.0
 10
-198.362753450826
 20
12.05890966936
 30
0.0
 10
-198.333975371801
 20
12.064039637323
 30
0.0
 10
-198.305540615336
 20
12.071732362442
 30
0.0
 10
-198.278101449861
 20
12.081811380334
 30
0.0
 10
-198.250776369375
 20
12.091848492263
 30
0.0
 10
-198.224230932863
 20
12.104328209018
 30
0.0
 10
-198.199069045095
 20
12.118966618881
 30
0.0
 10
-198.17400620633
 20
12.13354740509
 30
0.0
 10
-198.150127037732
 20
12.150379705752
 30
0.0
 10
-198.127970542388
 20
12.169083580418
 30
0.0
 10
-198.105898006744
 20
12.187716578725
 30
0.0
 10
-198.085369894713
 20
12.208346278217
 30
0.0
 10
-198.066846083515
 20
12.230510525878
 30
0.0
 10
-198.048390919424
 20
12.252592635393
 30
0.0
 10
-198.031788079169
 20
12.276361827044
 30
0.0
 10
-198.017406768435
 20
12.301289533393
 30
0.0
 10
-198.003078380444
 20
12.326125506616
 30
0.0
 10
-197.990849464392
 20
12.35229449119
 30
0.0
 10
-197.980989974048
 20
12.379218805824
 30
0.0
 10
-197.971167056626
 20
12.406043247054
 30
0.0
 10
-197.96362401645
 20
12.433813658672
 30
0.0
 10
-197.958526140116
 20
12.461921522534
 30
0.0
 10
-197.953196896274
 20
12.491305063953
 30
0.0
 10
-197.9505
 20
12.521287090794
 30
0.0
 10
-197.9505
 20
12.55115
 30
0.0
  0
LINE
  5
152
100
AcDbEntity
  8
lx
100
AcDbLine
 10
-197.9505
 20
12.55115
 30
0.0
 11
-197.9505
 21
25.55015
 31
0.0
  0
SPLINE
  5
153
100
AcDbEntity
  8
lx
100
AcDbSpline
 70
     8
 71
     3
 72
    32
 73
    28
 74
     0
 42
0.0000001
 43
0.0000001
 40
0.0
 40
0.0
 40
0.0
 40
0.0
 40
0.088088985466
 40
0.088088985466
 40
0.088088985466
 40
0.175784194189
 40
0.175784194189
 40
0.175784194189
 40
0.263114788797
 40
0.263114788797
 40
0.263114788797
 40
0.350101609183
 40
0.350101609183
 40
0.350101609183
 40
0.436758802197
 40
0.436758802197
 40
0.436758802197
 40
0.52309485365
 40
0.52309485365
 40
0.52309485365
 40
0.609113191317
 40
0.609113191317
 40
0.609113191317
 40
0.694812451443
 40
0.694812451443
 40
0.694812451443
 40
0.78440117906
 40
0.78440117906
 40
0.78440117906
 40
0.78440117906
 10
-197.9505
 20
25.55015
 30
0.0
 10
-197.9505
 20
25.579512995155
 30
0.0
 10
-197.953106666364
 20
25.608989248286
 30
0.0
 10
-197.95825966936
 20
25.637896549174
 30
0.0
 10
-197.963389637323
 20
25.666674628199
 30
0.0
 10
-197.971082362442
 20
25.695109384664
 30
0.0
 10
-197.981161380334
 20
25.722548550139
 30
0.0
 10
-197.991198492263
 20
25.749873630625
 30
0.0
 10
-198.003678209018
 20
25.776419067137
 30
0.0
 10
-198.018316618881
 20
25.801580954905
 30
0.0
 10
-198.03289740509
 20
25.82664379367
 30
0.0
 10
-198.049729705752
 20
25.850522962268
 30
0.0
 10
-198.068433580417
 20
25.872679457612
 30
0.0
 10
-198.087066578725
 20
25.894751993256
 30
0.0
 10
-198.107696278217
 20
25.915280105287
 30
0.0
 10
-198.129860525878
 20
25.933803916485
 30
0.0
 10
-198.151942635393
 20
25.952259080576
 30
0.0
 10
-198.175711827044
 20
25.968861920831
 30
0.0
 10
-198.200639533393
 20
25.983243231565
 30
0.0
 10
-198.225475506616
 20
25.997571619556
 30
0.0
 10
-198.25164449119
 20
26.009800535608
 30
0.0
 10
-198.278568805824
 20
26.019660025952
 30
0.0
 10
-198.305393247054
 20
26.029482943374
 30
0.0
 10
-198.333163658672
 20
26.03702598355
 30
0.0
 10
-198.361271522534
 20
26.042123859884
 30
0.0
 10
-198.390655063952
 20
26.047453103726
 30
0.0
 10
-198.420637090794
 20
26.05015
 30
0.0
 10
-198.4505
 20
26.05015
 30
0.0
  0
LINE
  5
154
100
AcDbEntity
  8
lx
100
AcDbLine
 10
-217.5005
 20
26.05015
 30
0.0
 11
-230.4995
 21
26.05015
 31
0.0
  0
SPLINE
  5
155
100
AcDbEntity
  8
lx
100
AcDbSpline
 70
     8
 71
     3
 72
    32
 73
    28
 74
     0
 42
0.0000001
 43
0.0000001
 40
0.0
 40
0.0
 40
0.0
 40
0.0
 40
0.088088985466
 40
0.088088985466
 40
0.088088985466
 40
0.175784194189
 40
0.175784194189
 40
0.175784194189
 40
0.263114788797
 40
0.263114788797
 40
0.263114788797
 40
0.350101609183
 40
0.350101609183
 40
0.350101609183
 40
0.436758802197
 40
0.436758802197
 40
0.436758802197
 40
0.52309485365
 40
0.52309485365
 40
0.52309485365
 40
0.609113191317
 40
0.609113191317
 40
0.609113191317
 40
0.694812451443
 40
0.694812451443
 40
0.694812451443
 40
0.78440117906
 40
0.78440117906
 40
0.78440117906
 40
0.78440117906
 10
-230.4995
 20
26.05015
 30
0.0
 10
-230.528862995155
 20
26.05015
 30
0.0
 10
-230.558339248286
 20
26.047543333636
 30
0.0
 10
-230.587246549174
 20
26.04239033064
 30
0.0
 10
-230.616024628199
 20
26.037260362677
 30
0.0
 10
-230.644459384664
 20
26.029567637558
 30
0.0
 10
-230.671898550139
 20
26.019488619666
 30
0.0
 10
-230.699223630624
 20
26.009451507737
 30
0.0
 10
-230.725769067137
 20
25.996971790982
 30
0.0
 10
-230.750930954905
 20
25.982333381119
 30
0.0
 10
-230.77599379367
 20
25.96775259491
 30
0.0
 10
-230.799872962268
 20
25.950920294248
 30
0.0
 10
-230.822029457612
 20
25.932216419582
 30
0.0
 10
-230.844101993256
 20
25.913583421275
 30
0.0
 10
-230.864630105287
 20
25.892953721783
 30
0.0
 10
-230.883153916485
 20
25.870789474122
 30
0.0
 10
-230.901609080576
 20
25.848707364607
 30
0.0
 10
-230.918211920831
 20
25.824938172956
 30
0.0
 10
-230.932593231565
 20
25.800010466607
 30
0.0
 10
-230.946921619555
 20
25.775174493384
 30
0.0
 10
-230.959150535608
 20
25.74900550881
 30
0.0
 10
-230.969010025952
 20
25.722081194176
 30
0.0
 10
-230.978832943374
 20
25.695256752946
 30
0.0
 10
-230.98637598355
 20
25.667486341328
 30
0.0
 10
-230.991473859884
 20
25.639378477466
 30
0.0
 10
-230.996803103726
 20
25.609994936047
 30
0.0
 10
-230.9995
 20
25.580012909206
 30
0.0
 10
-230.9995
 20
25.55015
 30
0.0
  0
LINE
  5
156
100
AcDbEntity
  8
lx
100
AcDbLine
 10
-230.9995
 20
25.55015
 30
0.0
 11
-230.9995
 21
12.55115
 31
0.0
  0
SPLINE
  5
157
100
AcDbEntity
  8
lx
100
AcDbSpline
 70
     8
 71
     3
 72
    32
 73
    28
 74
     0
 42
0.0000001
 43
0.0000001
 40
0.0
 40
0.0
 40
0.0
 40
0.0
 40
0.088088985466
 40
0.088088985466
 40
0.088088985466
 40
0.175784194189
 40
0.175784194189
 40
0.175784194189
 40
0.263114788797
 40
0.263114788797
 40
0.263114788797
 40
0.350101609183
 40
0.350101609183
 40
0.350101609183
 40
0.436758802197
 40
0.436758802197
 40
0.436758802197
 40
0.52309485365
 40
0.52309485365
 40
0.52309485365
 40
0.609113191317
 40
0.609113191317
 40
0.609113191317
 40
0.694812451443
 40
0.694812451443
 40
0.694812451443
 40
0.78440117906
 40
0.78440117906
 40
0.78440117906
 40
0.78440117906
 10
-230.9995
 20
12.55115
 30
0.0
 10
-230.9995
 20
12.521787004845
 30
0.0
 10
-230.996893333636
 20
12.492310751714
 30
0.0
 10
-230.991740330639
 20
12.463403450826
 30
0.0
 10
-230.986610362676
 20
12.434625371801
 30
0.0
 10
-230.978917637558
 20
12.406190615336
 30
0.0
 10
-230.968838619666
 20
12.378751449861
 30
0.0
 10
-230.958801507737
 20
12.351426369375
 30
0.0
 10
-230.946321790982
 20
12.324880932863
 30
0.0
 10
-230.931683381119
 20
12.299719045095
 30
0.0
 10
-230.91710259491
 20
12.27465620633
 30
0.0
 10
-230.900270294248
 20
12.250777037732
 30
0.0
 10
-230.881566419582
 20
12.228620542388
 30
0.0
 10
-230.862933421275
 20
12.206548006744
 30
0.0
 10
-230.842303721783
 20
12.186019894713
 30
0.0
 10
-230.820139474122
 20
12.167496083515
 30
0.0
 10
-230.798057364606
 20
12.149040919424
 30
0.0
 10
-230.774288172956
 20
12.132438079169
 30
0.0
 10
-230.749360466606
 20
12.118056768435
 30
0.0
 10
-230.724524493384
 20
12.103728380445
 30
0.0
 10
-230.698355508809
 20
12.091499464392
 30
0.0
 10
-230.671431194176
 20
12.081639974048
 30
0.0
 10
-230.644606752945
 20
12.071817056626
 30
0.0
 10
-230.616836341328
 20
12.06427401645
 30
0.0
 10
-230.588728477466
 20
12.059176140116
 30
0.0
 10
-230.559344936047
 20
12.053846896274
 30
0.0
 10
-230.529362909206
 20
12.05115
 30
0.0
 10
-230.4995
 20
12.05115
 30
0.0
  0
LINE
  5
158
100
AcDbEntity
  8
lx
100
AcDbLine
 10
-230.4995
 20
12.05115
 30
0.0
 11
-217.5005
 21
12.05115
 31
0.0
  0
SPLINE
  5
159
100
AcDbEntity
  8
lx
100
AcDbSpline
 70
     8
 71
     3
 72
    32
 73
    28
 74
     0
 42
0.0000001
 43
0.0000001
 40
0.0
 40
0.0
 40
0.0
 40
0.0
 40
0.088088985466
 40
0.088088985466
 40
0.088088985466
 40
0.175784194189
 40
0.175784194189
 40
0.175784194189
 40
0.263114788797
 40
0.263114788797
 40
0.263114788797
 40
0.350101609183
 40
0.350101609183
 40
0.350101609183
 40
0.436758802197
 40
0.436758802197
 40
0.436758802197
 40
0.52309485365
 40
0.52309485365
 40
0.52309485365
 40
0.609113191317
 40
0.609113191317
 40
0.609113191317
 40
0.694812451443
 40
0.694812451443
 40
0.694812451443
 40
0.78440117906
 40
0.78440117906
 40
0.78440117906
 40
0.78440117906
 10
-217.5005
 20
12.05115
 30
0.0
 10
-217.471137004844
 20
12.05115
 30
0.0
 10
-217.441660751714
 20
12.053756666364
 30
0.0
 10
-217.412753450826
 20
12.05890966936
 30
0.0
 10
-217.383975371801
 20
12.064039637323
 30
0.0
 10
-217.355540615336
 20
12.071732362442
 30
0.0
 10
-217.328101449861
 20
12.081811380334
 30
0.0
 10
-217.300776369375
 20
12.091848492263
 30
0.0
 10
-217.274230932863
 20
12.104328209018
 30
0.0
 10
-217.249069045095
 20
12.118966618881
 30
0.0
 10
-217.22400620633
 20
12.13354740509
 30
0.0
 10
-217.200127037732
 20
12.150379705752
 30
0.0
 10
-217.177970542388
 20
12.169083580418
 30
0.0
 10
-217.155898006744
 20
12.187716578725
 30
0.0
 10
-217.135369894713
 20
12.208346278217
 30
0.0
 10
-217.116846083515
 20
12.230510525878
 30
0.0
 10
-217.098390919424
 20
12.252592635393
 30
0.0
 10
-217.081788079169
 20
12.276361827044
 30
0.0
 10
-217.067406768435
 20
12.301289533393
 30
0.0
 10
-217.053078380444
 20
12.326125506616
 30
0.0
 10
-217.040849464392
 20
12.35229449119
 30
0.0
 10
-217.030989974048
 20
12.379218805824
 30
0.0
 10
-217.021167056626
 20
12.406043247054
 30
0.0
 10
-217.01362401645
 20
12.433813658672
 30
0.0
 10
-217.008526140116
 20
12.461921522534
 30
0.0
 10
-217.003196896274
 20
12.491305063953
 30
0.0
 10
-217.0005
 20
12.521287090794
 30
0.0
 10
-217.0005
 20
12.55115
 30
0.0
  0
LINE
  5
15a
100
AcDbEntity
  8
lx
100
AcDbLine
 10
-217.0005
 20
12.55115
 30
0.0
 11
-217.0005
 21
25.55015
 31
0.0
  0
SPLINE
  5
15b
100
AcDbEntity
  8
lx
100
AcDbSpline
 70
     8
 71
     3
 72
    32
 73
    28
 74
     0
 42
0.0000001
 43
0.0000001
 40
0.0
 40
0.0
 40
0.0
 40
0.0
 40
0.088088985466
 40
0.088088985466
 40
0.088088985466
 40
0.175784194189
 40
0.175784194189
 40
0.175784194189
 40
0.263114788797
 40
0.263114788797
 40
0.263114788797
 40
0.350101609183
 40
0.350101609183
 40
0.350101609183
 40
0.436758802197
 40
0.436758802197
 40
0.436758802197
 40
0.52309485365
 40
0.52309485365
 40
0.52309485365
 40
0.609113191317
 40
0.609113191317
 40
0.609113191317
 40
0.694812451443
 40
0.694812451443
 40
0.694812451443
 40
0.78440117906
 40
0.78440117906
 40
0.78440117906
 40
0.78440117906
 10
-217.0005
 20
25.55015
 30
0.0
 10
-217.0005
 20
25.579512995155
 30
0.0
 10
-217.003106666364
 20
25.608989248286
 30
0.0
 10
-217.00825966936
 20
25.637896549174
 30
0.0
 10
-217.013389637323
 20
25.666674628199
 30
0.0
 10
-217.021082362442
 20
25.695109384664
 30
0.0
 10
-217.031161380334
 20
25.722548550139
 30
0.0
 10
-217.041198492263
 20
25.749873630625
 30
0.0
 10
-217.053678209018
 20
25.776419067137
 30
0.0
 10
-217.068316618881
 20
25.801580954905
 30
0.0
 10
-217.08289740509
 20
25.82664379367
 30
0.0
 10
-217.099729705752
 20
25.850522962268
 30
0.0
 10
-217.118433580418
 20
25.872679457612
 30
0.0
 10
-217.137066578725
 20
25.894751993256
 30
0.0
 10
-217.157696278217
 20
25.915280105287
 30
0.0
 10
-217.179860525878
 20
25.933803916485
 30
0.0
 10
-217.201942635393
 20
25.952259080576
 30
0.0
 10
-217.225711827044
 20
25.968861920831
 30
0.0
 10
-217.250639533393
 20
25.983243231565
 30
0.0
 10
-217.275475506616
 20
25.997571619556
 30
0.0
 10
-217.30164449119
 20
26.009800535608
 30
0.0
 10
-217.328568805824
 20
26.019660025952
 30
0.0
 10
-217.355393247054
 20
26.029482943374
 30
0.0
 10
-217.383163658672
 20
26.03702598355
 30
0.0
 10
-217.411271522534
 20
26.042123859884
 30
0.0
 10
-217.440655063952
 20
26.047453103726
 30
0.0
 10
-217.470637090794
 20
26.05015
 30
0.0
 10
-217.5005
 20
26.05015
 30
0.0
  0
LINE
  5
15c
100
AcDbEntity
  8
lx
100
AcDbLine
 10
-236.5505
 20
26.05015
 30
0.0
 11
-249.5495
 21
26.05015
 31
0.0
  0
SPLINE
  5
15d
100
AcDbEntity
  8
lx
100
AcDbSpline
 70
     8
 71
     3
 72
    32
 73
    28
 74
     0
 42
0.0000001
 43
0.0000001
 40
0.0
 40
0.0
 40
0.0
 40
0.0
 40
0.088088985466
 40
0.088088985466
 40
0.088088985466
 40
0.175784194189
 40
0.175784194189
 40
0.175784194189
 40
0.263114788797
 40
0.263114788797
 40
0.263114788797
 40
0.350101609183
 40
0.350101609183
 40
0.350101609183
 40
0.436758802197
 40
0.436758802197
 40
0.436758802197
 40
0.52309485365
 40
0.52309485365
 40
0.52309485365
 40
0.609113191317
 40
0.609113191317
 40
0.609113191317
 40
0.694812451443
 40
0.694812451443
 40
0.694812451443
 40
0.78440117906
 40
0.78440117906
 40
0.78440117906
 40
0.78440117906
 10
-249.5495
 20
26.05015
 30
0.0
 10
-249.578862995155
 20
26.05015
 30
0.0
 10
-249.608339248286
 20
26.047543333636
 30
0.0
 10
-249.637246549174
 20
26.04239033064
 30
0.0
 10
-249.666024628199
 20
26.037260362677
 30
0.0
 10
-249.694459384664
 20
26.029567637558
 30
0.0
 10
-249.721898550139
 20
26.019488619666
 30
0.0
 10
-249.749223630624
 20
26.009451507737
 30
0.0
 10
-249.775769067137
 20
25.996971790982
 30
0.0
 10
-249.800930954905
 20
25.982333381119
 30
0.0
 10
-249.82599379367
 20
25.96775259491
 30
0.0
 10
-249.849872962268
 20
25.950920294248
 30
0.0
 10
-249.872029457612
 20
25.932216419582
 30
0.0
 10
-249.894101993256
 20
25.913583421275
 30
0.0
 10
-249.914630105287
 20
25.892953721783
 30
0.0
 10
-249.933153916485
 20
25.870789474122
 30
0.0
 10
-249.951609080576
 20
25.848707364607
 30
0.0
 10
-249.968211920831
 20
25.824938172956
 30
0.0
 10
-249.982593231565
 20
25.800010466607
 30
0.0
 10
-249.996921619555
 20
25.775174493384
 30
0.0
 10
-250.009150535608
 20
25.74900550881
 30
0.0
 10
-250.019010025952
 20
25.722081194176
 30
0.0
 10
-250.028832943374
 20
25.695256752946
 30
0.0
 10
-250.03637598355
 20
25.667486341328
 30
0.0
 10
-250.041473859884
 20
25.639378477466
 30
0.0
 10
-250.046803103726
 20
25.609994936047
 30
0.0
 10
-250.0495
 20
25.580012909206
 30
0.0
 10
-250.0495
 20
25.55015
 30
0.0
  0
LINE
  5
15e
100
AcDbEntity
  8
lx
100
AcDbLine
 10
-250.0495
 20
25.55015
 30
0.0
 11
-250.0495
 21
12.55115
 31
0.0
  0
SPLINE
  5
15f
100
AcDbEntity
  8
lx
100
AcDbSpline
 70
     8
 71
     3
 72
    32
 73
    28
 74
     0
 42
0.0000001
 43
0.0000001
 40
0.0
 40
0.0
 40
0.0
 40
0.0
 40
0.088088985466
 40
0.088088985466
 40
0.088088985466
 40
0.175784194189
 40
0.175784194189
 40
0.175784194189
 40
0.263114788797
 40
0.263114788797
 40
0.263114788797
 40
0.350101609183
 40
0.350101609183
 40
0.350101609183
 40
0.436758802197
 40
0.436758802197
 40
0.436758802197
 40
0.52309485365
 40
0.52309485365
 40
0.52309485365
 40
0.609113191317
 40
0.609113191317
 40
0.609113191317
 40
0.694812451443
 40
0.694812451443
 40
0.694812451443
 40
0.78440117906
 40
0.78440117906
 40
0.78440117906
 40
0.78440117906
 10
-250.0495
 20
12.55115
 30
0.0
 10
-250.0495
 20
12.521787004845
 30
0.0
 10
-250.046893333636
 20
12.492310751714
 30
0.0
 10
-250.041740330639
 20
12.463403450826
 30
0.0
 10
-250.036610362676
 20
12.434625371801
 30
0.0
 10
-250.028917637558
 20
12.406190615336
 30
0.0
 10
-250.018838619666
 20
12.378751449861
 30
0.0
 10
-250.008801507737
 20
12.351426369375
 30
0.0
 10
-249.996321790982
 20
12.324880932863
 30
0.0
 10
-249.981683381119
 20
12.299719045095
 30
0.0
 10
-249.96710259491
 20
12.27465620633
 30
0.0
 10
-249.950270294248
 20
12.250777037732
 30
0.0
 10
-249.931566419582
 20
12.228620542388
 30
0.0
 10
-249.912933421275
 20
12.206548006744
 30
0.0
 10
-249.892303721783
 20
12.186019894713
 30
0.0
 10
-249.870139474122
 20
12.167496083515
 30
0.0
 10
-249.848057364606
 20
12.149040919424
 30
0.0
 10
-249.824288172956
 20
12.132438079169
 30
0.0
 10
-249.799360466606
 20
12.118056768435
 30
0.0
 10
-249.774524493384
 20
12.103728380445
 30
0.0
 10
-249.748355508809
 20
12.091499464392
 30
0.0
 10
-249.721431194176
 20
12.081639974048
 30
0.0
 10
-249.694606752945
 20
12.071817056626
 30
0.0
 10
-249.666836341328
 20
12.06427401645
 30
0.0
 10
-249.638728477466
 20
12.059176140116
 30
0.0
 10
-249.609344936047
 20
12.053846896274
 30
0.0
 10
-249.579362909206
 20
12.05115
 30
0.0
 10
-249.5495
 20
12.05115
 30
0.0
  0
LINE
  5
160
100
AcDbEntity
  8
lx
100
AcDbLine
 10
-249.5495
 20
12.05115
 30
0.0
 11
-236.5505
 21
12.05115
 31
0.0
  0
SPLINE
  5
161
100
AcDbEntity
  8
lx
100
AcDbSpline
 70
     8
 71
     3
 72
    32
 73
    28
 74
     0
 42
0.0000001
 43
0.0000001
 40
0.0
 40
0.0
 40
0.0
 40
0.0
 40
0.088088985466
 40
0.088088985466
 40
0.088088985466
 40
0.175784194189
 40
0.175784194189
 40
0.175784194189
 40
0.263114788797
 40
0.263114788797
 40
0.263114788797
 40
0.350101609183
 40
0.350101609183
 40
0.350101609183
 40
0.436758802197
 40
0.436758802197
 40
0.436758802197
 40
0.52309485365
 40
0.52309485365
 40
0.52309485365
 40
0.609113191317
 40
0.609113191317
 40
0.609113191317
 40
0.694812451443
 40
0.694812451443
 40
0.694812451443
 40
0.78440117906
 40
0.78440117906
 40
0.78440117906
 40
0.78440117906
 10
-236.5505
 20
12.05115
 30
0.0
 10
-236.521137004844
 20
12.05115
 30
0.0
 10
-236.491660751714
 20
12.053756666364
 30
0.0
 10
-236.462753450826
 20
12.05890966936
 30
0.0
 10
-236.433975371801
 20
12.064039637323
 30
0.0
 10
-236.405540615336
 20
12.071732362442
 30
0.0
 10
-236.378101449861
 20
12.081811380334
 30
0.0
 10
-236.350776369375
 20
12.091848492263
 30
0.0
 10
-236.324230932863
 20
12.104328209018
 30
0.0
 10
-236.299069045095
 20
12.118966618881
 30
0.0
 10
-236.27400620633
 20
12.13354740509
 30
0.0
 10
-236.250127037732
 20
12.150379705752
 30
0.0
 10
-236.227970542388
 20
12.169083580418
 30
0.0
 10
-236.205898006744
 20
12.187716578725
 30
0.0
 10
-236.185369894713
 20
12.208346278217
 30
0.0
 10
-236.166846083515
 20
12.230510525878
 30
0.0
 10
-236.148390919424
 20
12.252592635393
 30
0.0
 10
-236.131788079169
 20
12.276361827044
 30
0.0
 10
-236.117406768435
 20
12.301289533393
 30
0.0
 10
-236.103078380444
 20
12.326125506616
 30
0.0
 10
-236.090849464392
 20
12.35229449119
 30
0.0
 10
-236.080989974048
 20
12.379218805824
 30
0.0
 10
-236.071167056626
 20
12.406043247055
 30
0.0
 10
-236.06362401645
 20
12.433813658672
 30
0.0
 10
-236.058526140116
 20
12.461921522534
 30
0.0
 10
-236.053196896274
 20
12.491305063953
 30
0.0
 10
-236.0505
 20
12.521287090794
 30
0.0
 10
-236.0505
 20
12.55115
 30
0.0
  0
LINE
  5
162
100
AcDbEntity
  8
lx
100
AcDbLine
 10
-236.0505
 20
12.55115
 30
0.0
 11
-236.0505
 21
25.55015
 31
0.0
  0
SPLINE
  5
163
100
AcDbEntity
  8
lx
100
AcDbSpline
 70
     8
 71
     3
 72
    32
 73
    28
 74
     0
 42
0.0000001
 43
0.0000001
 40
0.0
 40
0.0
 40
0.0
 40
0.0
 40
0.088088985466
 40
0.088088985466
 40
0.088088985466
 40
0.175784194189
 40
0.175784194189
 40
0.175784194189
 40
0.263114788797
 40
0.263114788797
 40
0.263114788797
 40
0.350101609183
 40
0.350101609183
 40
0.350101609183
 40
0.436758802197
 40
0.436758802197
 40
0.436758802197
 40
0.52309485365
 40
0.52309485365
 40
0.52309485365
 40
0.609113191317
 40
0.609113191317
 40
0.609113191317
 40
0.694812451443
 40
0.694812451443
 40
0.694812451443
 40
0.78440117906
 40
0.78440117906
 40
0.78440117906
 40
0.78440117906
 10
-236.0505
 20
25.55015
 30
0.0
 10
-236.0505
 20
25.579512995155
 30
0.0
 10
-236.053106666364
 20
25.608989248286
 30
0.0
 10
-236.05825966936
 20
25.637896549174
 30
0.0
 10
-236.063389637323
 20
25.666674628199
 30
0.0
 10
-236.071082362442
 20
25.695109384664
 30
0.0
 10
-236.081161380334
 20
25.722548550139
 30
0.0
 10
-236.091198492263
 20
25.749873630625
 30
0.0
 10
-236.103678209018
 20
25.776419067137
 30
0.0
 10
-236.118316618881
 20
25.801580954905
 30
0.0
 10
-236.13289740509
 20
25.82664379367
 30
0.0
 10
-236.149729705752
 20
25.850522962268
 30
0.0
 10
-236.168433580418
 20
25.872679457612
 30
0.0
 10
-236.187066578725
 20
25.894751993256
 30
0.0
 10
-236.207696278217
 20
25.915280105287
 30
0.0
 10
-236.229860525878
 20
25.933803916485
 30
0.0
 10
-236.251942635393
 20
25.952259080576
 30
0.0
 10
-236.275711827044
 20
25.968861920831
 30
0.0
 10
-236.300639533393
 20
25.983243231565
 30
0.0
 10
-236.325475506616
 20
25.997571619556
 30
0.0
 10
-236.35164449119
 20
26.009800535608
 30
0.0
 10
-236.378568805824
 20
26.019660025952
 30
0.0
 10
-236.405393247054
 20
26.029482943374
 30
0.0
 10
-236.433163658672
 20
26.03702598355
 30
0.0
 10
-236.461271522534
 20
26.042123859884
 30
0.0
 10
-236.490655063952
 20
26.047453103726
 30
0.0
 10
-236.520637090794
 20
26.05015
 30
0.0
 10
-236.5505
 20
26.05015
 30
0.0
  0
SPLINE
  5
164
100
AcDbEntity
  8
lx
100
AcDbSpline
 70
     8
 71
     3
 72
    32
 73
    28
 74
     0
 42
0.0000001
 43
0.0000001
 40
0.0
 40
0.0
 40
0.0
 40
0.0
 40
0.088088985466
 40
0.088088985466
 40
0.088088985466
 40
0.175784194189
 40
0.175784194189
 40
0.175784194189
 40
0.263114788797
 40
0.263114788797
 40
0.263114788797
 40
0.350101609183
 40
0.350101609183
 40
0.350101609183
 40
0.436758802197
 40
0.436758802197
 40
0.436758802197
 40
0.52309485365
 40
0.52309485365
 40
0.52309485365
 40
0.609113191317
 40
0.609113191317
 40
0.609113191317
 40
0.694812451443
 40
0.694812451443
 40
0.694812451443
 40
0.78440117906
 40
0.78440117906
 40
0.78440117906
 40
0.78440117906
 10
-219.400674377166
 20
-67.006949999987
 30
0.0
 10
-219.371311382011
 20
-67.006949999987
 30
0.0
 10
-219.34183512888
 20
-67.004343333623
 30
0.0
 10
-219.312927827992
 20
-66.999190330626
 30
0.0
 10
-219.284149748967
 20
-66.994060362663
 30
0.0
 10
-219.255714992502
 20
-66.986367637545
 30
0.0
 10
-219.228275827027
 20
-66.976288619653
 30
0.0
 10
-219.200950746542
 20
-66.966251507724
 30
0.0
 10
-219.174405310029
 20
-66.953771790969
 30
0.0
 10
-219.149243422261
 20
-66.939133381106
 30
0.0
 10
-219.124180583496
 20
-66.924552594897
 30
0.0
 10
-219.100301414898
 20
-66.907720294235
 30
0.0
 10
-219.078144919554
 20
-66.889016419569
 30
0.0
 10
-219.05607238391
 20
-66.870383421262
 30
0.0
 10
-219.035544271879
 20
-66.84975372177
 30
0.0
 10
-219.017020460681
 20
-66.827589474109
 30
0.0
 10
-218.99856529659
 20
-66.805507364593
 30
0.0
 10
-218.981962456335
 20
-66.781738172943
 30
0.0
 10
-218.967581145601
 20
-66.756810466593
 30
0.0
 10
-218.953252757611
 20
-66.731974493371
 30
0.0
 10
-218.941023841558
 20
-66.705805508797
 30
0.0
 10
-218.931164351214
 20
-66.678881194163
 30
0.0
 10
-218.921341433792
 20
-66.652056752932
 30
0.0
 10
-218.913798393616
 20
-66.624286341315
 30
0.0
 10
-218.908700517282
 20
-66.596178477453
 30
0.0
 10
-218.90337127344
 20
-66.566794936034
 30
0.0
 10
-218.900674377166
 20
-66.536812909193
 30
0.0
 10
-218.900674377166
 20
-66.506949999987
 30
0.0
  0
LINE
  5
165
100
AcDbEntity
  8
lx
100
AcDbLine
 10
-195.519674377166
 20
-53.007949999987
 30
0.0
 11
-208.518674377166
 21
-53.007949999987
 31
0.0
  0
SPLINE
  5
166
100
AcDbEntity
  8
lx
100
AcDbSpline
 70
     8
 71
     3
 72
    32
 73
    28
 74
     0
 42
0.0000001
 43
0.0000001
 40
0.0
 40
0.0
 40
0.0
 40
0.0
 40
0.088088985466
 40
0.088088985466
 40
0.088088985466
 40
0.175784194189
 40
0.175784194189
 40
0.175784194189
 40
0.263114788797
 40
0.263114788797
 40
0.263114788797
 40
0.350101609183
 40
0.350101609183
 40
0.350101609183
 40
0.436758802197
 40
0.436758802197
 40
0.436758802197
 40
0.52309485365
 40
0.52309485365
 40
0.52309485365
 40
0.609113191317
 40
0.609113191317
 40
0.609113191317
 40
0.694812451443
 40
0.694812451443
 40
0.694812451443
 40
0.78440117906
 40
0.78440117906
 40
0.78440117906
 40
0.78440117906
 10
-208.518674377166
 20
-53.007949999987
 30
0.0
 10
-208.548037372321
 20
-53.007949999987
 30
0.0
 10
-208.577513625452
 20
-53.010556666351
 30
0.0
 10
-208.60642092634
 20
-53.015709669347
 30
0.0
 10
-208.635199005365
 20
-53.02083963731
 30
0.0
 10
-208.66363376183
 20
-53.028532362429
 30
0.0
 10
-208.691072927305
 20
-53.038611380321
 30
0.0
 10
-208.71839800779
 20
-53.04864849225
 30
0.0
 10
-208.744943444303
 20
-53.061128209005
 30
0.0
 10
-208.770105332071
 20
-53.075766618868
 30
0.0
 10
-208.795168170836
 20
-53.090347405077
 30
0.0
 10
-208.819047339434
 20
-53.107179705739
 30
0.0
 10
-208.841203834778
 20
-53.125883580405
 30
0.0
 10
-208.863276370422
 20
-53.144516578712
 30
0.0
 10
-208.883804482453
 20
-53.165146278204
 30
0.0
 10
-208.902328293651
 20
-53.187310525865
 30
0.0
 10
-208.920783457742
 20
-53.20939263538
 30
0.0
 10
-208.937386297997
 20
-53.233161827031
 30
0.0
 10
-208.951767608731
 20
-53.25808953338
 30
0.0
 10
-208.966095996721
 20
-53.282925506603
 30
0.0
 10
-208.978324912774
 20
-53.309094491177
 30
0.0
 10
-208.988184403118
 20
-53.336018805811
 30
0.0
 10
-208.99800732054
 20
-53.362843247041
 30
0.0
 10
-209.005550360716
 20
-53.390613658659
 30
0.0
 10
-209.01064823705
 20
-53.418721522521
 30
0.0
 10
-209.015977480892
 20
-53.44810506394
 30
0.0
 10
-209.018674377166
 20
-53.478087090781
 30
0.0
 10
-209.018674377166
 20
-53.507949999987
 30
0.0
  0
LINE
  5
167
100
AcDbEntity
  8
lx
100
AcDbLine
 10
-209.018674377166
 20
-53.507949999987
 30
0.0
 11
-209.018674377166
 21
-66.506949999987
 31
0.0
  0
SPLINE
  5
168
100
AcDbEntity
  8
lx
100
AcDbSpline
 70
     8
 71
     3
 72
    32
 73
    28
 74
     0
 42
0.0000001
 43
0.0000001
 40
0.0
 40
0.0
 40
0.0
 40
0.0
 40
0.088088985466
 40
0.088088985466
 40
0.088088985466
 40
0.175784194189
 40
0.175784194189
 40
0.175784194189
 40
0.263114788797
 40
0.263114788797
 40
0.263114788797
 40
0.350101609183
 40
0.350101609183
 40
0.350101609183
 40
0.436758802197
 40
0.436758802197
 40
0.436758802197
 40
0.52309485365
 40
0.52309485365
 40
0.52309485365
 40
0.609113191317
 40
0.609113191317
 40
0.609113191317
 40
0.694812451443
 40
0.694812451443
 40
0.694812451443
 40
0.78440117906
 40
0.78440117906
 40
0.78440117906
 40
0.78440117906
 10
-209.018674377166
 20
-66.506949999987
 30
0.0
 10
-209.018674377166
 20
-66.536312995142
 30
0.0
 10
-209.016067710802
 20
-66.565789248273
 30
0.0
 10
-209.010914707805
 20
-66.594696549161
 30
0.0
 10
-209.005784739842
 20
-66.623474628186
 30
0.0
 10
-208.998092014724
 20
-66.651909384651
 30
0.0
 10
-208.988012996832
 20
-66.679348550126
 30
0.0
 10
-208.977975884903
 20
-66.706673630612
 30
0.0
 10
-208.965496168148
 20
-66.733219067124
 30
0.0
 10
-208.950857758285
 20
-66.758380954892
 30
0.0
 10
-208.936276972076
 20
-66.783443793657
 30
0.0
 10
-208.919444671414
 20
-66.807322962255
 30
0.0
 10
-208.900740796748
 20
-66.829479457599
 30
0.0
 10
-208.882107798441
 20
-66.851551993243
 30
0.0
 10
-208.861478098949
 20
-66.872080105274
 30
0.0
 10
-208.839313851288
 20
-66.890603916472
 30
0.0
 10
-208.817231741773
 20
-66.909059080563
 30
0.0
 10
-208.793462550122
 20
-66.925661920818
 30
0.0
 10
-208.768534843773
 20
-66.940043231552
 30
0.0
 10
-208.74369887055
 20
-66.954371619542
 30
0.0
 10
-208.717529885976
 20
-66.966600535595
 30
0.0
 10
-208.690605571342
 20
-66.976460025939
 30
0.0
 10
-208.663781130112
 20
-66.986282943361
 30
0.0
 10
-208.636010718494
 20
-66.993825983537
 30
0.0
 10
-208.607902854632
 20
-66.998923859871
 30
0.0
 10
-208.578519313213
 20
-67.004253103713
 30
0.0
 10
-208.548537286372
 20
-67.006949999987
 30
0.0
 10
-208.518674377166
 20
-67.006949999987
 30
0.0
  0
LINE
  5
169
100
AcDbEntity
  8
lx
100
AcDbLine
 10
-208.518674377166
 20
-67.006949999987
 30
0.0
 11
-195.519674377166
 21
-67.006949999987
 31
0.0
  0
SPLINE
  5
16a
100
AcDbEntity
  8
lx
100
AcDbSpline
 70
     8
 71
     3
 72
    32
 73
    28
 74
     0
 42
0.0000001
 43
0.0000001
 40
0.0
 40
0.0
 40
0.0
 40
0.0
 40
0.088088985466
 40
0.088088985466
 40
0.088088985466
 40
0.175784194189
 40
0.175784194189
 40
0.175784194189
 40
0.263114788797
 40
0.263114788797
 40
0.263114788797
 40
0.350101609183
 40
0.350101609183
 40
0.350101609183
 40
0.436758802197
 40
0.436758802197
 40
0.436758802197
 40
0.52309485365
 40
0.52309485365
 40
0.52309485365
 40
0.609113191317
 40
0.609113191317
 40
0.609113191317
 40
0.694812451443
 40
0.694812451443
 40
0.694812451443
 40
0.78440117906
 40
0.78440117906
 40
0.78440117906
 40
0.78440117906
 10
-195.519674377166
 20
-67.006949999987
 30
0.0
 10
-195.490311382011
 20
-67.006949999987
 30
0.0
 10
-195.46083512888
 20
-67.004343333623
 30
0.0
 10
-195.431927827992
 20
-66.999190330627
 30
0.0
 10
-195.403149748967
 20
-66.994060362664
 30
0.0
 10
-195.374714992502
 20
-66.986367637545
 30
0.0
 10
-195.347275827027
 20
-66.976288619653
 30
0.0
 10
-195.319950746541
 20
-66.966251507724
 30
0.0
 10
-195.293405310029
 20
-66.953771790969
 30
0.0
 10
-195.268243422261
 20
-66.939133381106
 30
0.0
 10
-195.243180583496
 20
-66.924552594897
 30
0.0
 10
-195.219301414898
 20
-66.907720294235
 30
0.0
 10
-195.197144919554
 20
-66.889016419569
 30
0.0
 10
-195.17507238391
 20
-66.870383421262
 30
0.0
 10
-195.154544271879
 20
-66.84975372177
 30
0.0
 10
-195.136020460681
 20
-66.827589474109
 30
0.0
 10
-195.11756529659
 20
-66.805507364594
 30
0.0
 10
-195.100962456335
 20
-66.781738172943
 30
0.0
 10
-195.086581145601
 20
-66.756810466594
 30
0.0
 10
-195.07225275761
 20
-66.731974493371
 30
0.0
 10
-195.060023841558
 20
-66.705805508797
 30
0.0
 10
-195.050164351214
 20
-66.678881194163
 30
0.0
 10
-195.040341433792
 20
-66.652056752932
 30
0.0
 10
-195.032798393616
 20
-66.624286341315
 30
0.0
 10
-195.027700517282
 20
-66.596178477453
 30
0.0
 10
-195.02237127344
 20
-66.566794936034
 30
0.0
 10
-195.019674377166
 20
-66.536812909193
 30
0.0
 10
-195.019674377166
 20
-66.506949999987
 30
0.0
  0
LINE
  5
16b
100
AcDbEntity
  8
lx
100
AcDbLine
 10
-195.019674377166
 20
-66.506949999987
 30
0.0
 11
-195.019674377166
 21
-53.507949999987
 31
0.0
  0
SPLINE
  5
16c
100
AcDbEntity
  8
lx
100
AcDbSpline
 70
     8
 71
     3
 72
    32
 73
    28
 74
     0
 42
0.0000001
 43
0.0000001
 40
0.0
 40
0.0
 40
0.0
 40
0.0
 40
0.088088985466
 40
0.088088985466
 40
0.088088985466
 40
0.175784194189
 40
0.175784194189
 40
0.175784194189
 40
0.263114788797
 40
0.263114788797
 40
0.263114788797
 40
0.350101609183
 40
0.350101609183
 40
0.350101609183
 40
0.436758802197
 40
0.436758802197
 40
0.436758802197
 40
0.52309485365
 40
0.52309485365
 40
0.52309485365
 40
0.609113191317
 40
0.609113191317
 40
0.609113191317
 40
0.694812451443
 40
0.694812451443
 40
0.694812451443
 40
0.78440117906
 40
0.78440117906
 40
0.78440117906
 40
0.78440117906
 10
-195.019674377166
 20
-53.507949999987
 30
0.0
 10
-195.019674377166
 20
-53.478587004832
 30
0.0
 10
-195.02228104353
 20
-53.449110751701
 30
0.0
 10
-195.027434046526
 20
-53.420203450813
 30
0.0
 10
-195.032564014489
 20
-53.391425371788
 30
0.0
 10
-195.040256739608
 20
-53.362990615323
 30
0.0
 10
-195.0503357575
 20
-53.335551449848
 30
0.0
 10
-195.060372869429
 20
-53.308226369362
 30
0.0
 10
-195.072852586184
 20
-53.28168093285
 30
0.0
 10
-195.087490996047
 20
-53.256519045082
 30
0.0
 10
-195.102071782256
 20
-53.231456206317
 30
0.0
 10
-195.118904082918
 20
-53.207577037719
 30
0.0
 10
-195.137607957584
 20
-53.185420542375
 30
0.0
 10
-195.156240955891
 20
-53.163348006731
 30
0.0
 10
-195.176870655383
 20
-53.1428198947
 30
0.0
 10
-195.199034903044
 20
-53.124296083502
 30
0.0
 10
-195.221117012559
 20
-53.105840919411
 30
0.0
 10
-195.24488620421
 20
-53.089238079156
 30
0.0
 10
-195.269813910559
 20
-53.074856768422
 30
0.0
 10
-195.294649883782
 20
-53.060528380431
 30
0.0
 10
-195.320818868356
 20
-53.048299464379
 30
0.0
 10
-195.34774318299
 20
-53.038439974035
 30
0.0
 10
-195.37456762422
 20
-53.028617056613
 30
0.0
 10
-195.402338035838
 20
-53.021074016437
 30
0.0
 10
-195.4304458997
 20
-53.015976140103
 30
0.0
 10
-195.459829441118
 20
-53.010646896261
 30
0.0
 10
-195.48981146796
 20
-53.007949999987
 30
0.0
 10
-195.519674377166
 20
-53.007949999987
 30
0.0
  0
LINE
  5
16d
100
AcDbEntity
  8
lx
100
AcDbLine
 10
-168.259770599173
 20
-57.711009546574
 30
0.0
 11
-180.815840415105
 21
-54.346620779286
 31
0.0
  0
SPLINE
  5
16e
100
AcDbEntity
  8
lx
100
AcDbSpline
 70
     8
 71
     3
 72
    32
 73
    28
 74
     0
 42
0.0000001
 43
0.0000001
 40
0.0
 40
0.0
 40
0.0
 40
0.0
 40
0.088088985466
 40
0.088088985466
 40
0.088088985466
 40
0.175784194189
 40
0.175784194189
 40
0.175784194189
 40
0.263114788797
 40
0.263114788797
 40
0.263114788797
 40
0.350101609183
 40
0.350101609183
 40
0.350101609183
 40
0.436758802197
 40
0.436758802197
 40
0.436758802197
 40
0.52309485365
 40
0.52309485365
 40
0.52309485365
 40
0.609113191317
 40
0.609113191317
 40
0.609113191317
 40
0.694812451443
 40
0.694812451443
 40
0.694812451443
 40
0.78440117906
 40
0.78440117906
 40
0.78440117906
 40
0.78440117906
 10
-180.815840415105
 20
-54.346620779286
 30
0.0
 10
-180.844202890463
 20
-54.339021076918
 30
0.0
 10
-180.873349419523
 20
-54.333909907591
 30
0.0
 10
-180.902605423334
 20
-54.331405566256
 30
0.0
 10
-180.931730646504
 20
-54.328912419867
 30
0.0
 10
-180.961187535908
 20
-54.328983565217
 30
0.0
 10
-180.990300376279
 20
-54.331617370296
 30
0.0
 10
-181.01929217295
 20
-54.334240224691
 30
0.0
 10
-181.048163084021
 20
-54.339424240879
 30
0.0
 10
-181.076256300517
 20
-54.347051483257
 30
0.0
 10
-181.104238928924
 20
-54.354648701227
 30
0.0
 10
-181.131660954567
 20
-54.364727071538
 30
0.0
 10
-181.15790340462
 20
-54.377059104161
 30
0.0
 10
-181.18404641168
 20
-54.389344405849
 30
0.0
 10
-181.209214404379
 20
-54.403958099023
 30
0.0
 10
-181.232843561432
 20
-54.420572803133
 30
0.0
 10
-181.256385151554
 20
-54.437125935066
 30
0.0
 10
-181.278574183232
 20
-54.455788079891
 30
0.0
 10
-181.298917227839
 20
-54.476144238133
 30
0.0
 10
-181.319185410722
 20
-54.496425486392
 30
0.0
 10
-181.337770668164
 20
-54.518537708064
 30
0.0
 10
-181.354262729924
 20
-54.541992775048
 30
0.0
 10
-181.370693615817
 20
-54.565360837501
 30
0.0
 10
-181.385167144549
 20
-54.590232712833
 30
0.0
 10
-181.397366165443
 20
-54.616063396975
 30
0.0
 10
-181.410118839837
 20
-54.643066408697
 30
0.0
 10
-181.420483761156
 20
-54.671328814629
 30
0.0
 10
-181.428212850801
 20
-54.700174169879
 30
0.0
  0
LINE
  5
16f
100
AcDbEntity
  8
lx
100
AcDbLine
 10
-181.428212850801
 20
-54.700174169879
 30
0.0
 11
-184.792601618088
 21
-67.256243985811
 31
0.0
  0
SPLINE
  5
170
100
AcDbEntity
  8
lx
100
AcDbSpline
 70
     8
 71
     3
 72
    32
 73
    28
 74
     0
 42
0.0000001
 43
0.0000001
 40
0.0
 40
0.0
 40
0.0
 40
0.0
 40
0.088088985466
 40
0.088088985466
 40
0.088088985466
 40
0.175784194189
 40
0.175784194189
 40
0.175784194189
 40
0.263114788797
 40
0.263114788797
 40
0.263114788797
 40
0.350101609183
 40
0.350101609183
 40
0.350101609183
 40
0.436758802197
 40
0.436758802197
 40
0.436758802197
 40
0.52309485365
 40
0.52309485365
 40
0.52309485365
 40
0.609113191317
 40
0.609113191317
 40
0.609113191317
 40
0.694812451443
 40
0.694812451443
 40
0.694812451443
 40
0.78440117906
 40
0.78440117906
 40
0.78440117906
 40
0.78440117906
 10
-184.792601618088
 20
-67.256243985811
 30
0.0
 10
-184.800201320456
 20
-67.284606461169
 30
0.0
 10
-184.805312489783
 20
-67.313752990229
 30
0.0
 10
-184.807816831118
 20
-67.34300899404
 30
0.0
 10
-184.810309977507
 20
-67.37213421721
 30
0.0
 10
-184.810238832157
 20
-67.401591106614
 30
0.0
 10
-184.807605027078
 20
-67.430703946985
 30
0.0
 10
-184.804982172683
 20
-67.459695743656
 30
0.0
 10
-184.799798156495
 20
-67.488566654727
 30
0.0
 10
-184.792170914117
 20
-67.516659871223
 30
0.0
 10
-184.784573696147
 20
-67.544642499629
 30
0.0
 10
-184.774495325836
 20
-67.572064525273
 30
0.0
 10
-184.762163293213
 20
-67.598306975326
 30
0.0
 10
-184.749877991525
 20
-67.624449982386
 30
0.0
 10
-184.735264298351
 20
-67.649617975085
 30
0.0
 10
-184.718649594241
 20
-67.673247132138
 30
0.0
 10
-184.702096462308
 20
-67.69678872226
 30
0.0
 10
-184.683434317483
 20
-67.718977753938
 30
0.0
 10
-184.663078159242
 20
-67.739320798545
 30
0.0
 10
-184.642796910982
 20
-67.759588981428
 30
0.0
 10
-184.62068468931
 20
-67.77817423887
 30
0.0
 10
-184.597229622326
 20
-67.79466630063
 30
0.0
 10
-184.573861559873
 20
-67.811097186523
 30
0.0
 10
-184.548989684541
 20
-67.825570715255
 30
0.0
 10
-184.523159000399
 20
-67.837769736149
 30
0.0
 10
-184.496155988678
 20
-67.850522410543
 30
0.0
 10
-184.467893582745
 20
-67.860887331862
 30
0.0
 10
-184.439048227495
 20
-67.868616421507
 30
0.0
  0
LINE
  5
171
100
AcDbEntity
  8
lx
100
AcDbLine
 10
-184.439048227495
 20
-67.868616421507
 30
0.0
 11
-171.882978411563
 21
-71.233005188794
 31
0.0
  0
SPLINE
  5
172
100
AcDbEntity
  8
lx
100
AcDbSpline
 70
     8
 71
     3
 72
    32
 73
    28
 74
     0
 42
0.0000001
 43
0.0000001
 40
0.0
 40
0.0
 40
0.0
 40
0.0
 40
0.088088985466
 40
0.088088985466
 40
0.088088985466
 40
0.175784194189
 40
0.175784194189
 40
0.175784194189
 40
0.263114788797
 40
0.263114788797
 40
0.263114788797
 40
0.350101609183
 40
0.350101609183
 40
0.350101609183
 40
0.436758802197
 40
0.436758802197
 40
0.436758802197
 40
0.52309485365
 40
0.52309485365
 40
0.52309485365
 40
0.609113191317
 40
0.609113191317
 40
0.609113191317
 40
0.694812451443
 40
0.694812451443
 40
0.694812451443
 40
0.78440117906
 40
0.78440117906
 40
0.78440117906
 40
0.78440117906
 10
-171.882978411563
 20
-71.233005188794
 30
0.0
 10
-171.854615936206
 20
-71.240604891162
 30
0.0
 10
-171.825469407145
 20
-71.245716060489
 30
0.0
 10
-171.796213403335
 20
-71.248220401824
 30
0.0
 10
-171.767088180164
 20
-71.250713548213
 30
0.0
 10
-171.737631290761
 20
-71.250642402863
 30
0.0
 10
-171.70851845039
 20
-71.248008597784
 30
0.0
 10
-171.679526653718
 20
-71.245385743389
 30
0.0
 10
-171.650655742648
 20
-71.240201727201
 30
0.0
 10
-171.622562526151
 20
-71.232574484823
 30
0.0
 10
-171.594579897745
 20
-71.224977266853
 30
0.0
 10
-171.567157872101
 20
-71.214898896542
 30
0.0
 10
-171.540915422048
 20
-71.202566863919
 30
0.0
 10
-171.514772414988
 20
-71.190281562231
 30
0.0
 10
-171.489604422289
 20
-71.175667869057
 30
0.0
 10
-171.465975265237
 20
-71.159053164947
 30
0.0
 10
-171.442433675115
 20
-71.142500033014
 30
0.0
 10
-171.420244643437
 20
-71.123837888189
 30
0.0
 10
-171.399901598829
 20
-71.103481729948
 30
0.0
 10
-171.379633415946
 20
-71.083200481688
 30
0.0
 10
-171.361048158505
 20
-71.061088260016
 30
0.0
 10
-171.344556096744
 20
-71.037633193032
 30
0.0
 10
-171.328125210851
 20
-71.014265130579
 30
0.0
 10
-171.31365168212
 20
-70.989393255247
 30
0.0
 10
-171.301452661225
 20
-70.963562571105
 30
0.0
 10
-171.288699986831
 20
-70.936559559384
 30
0.0
 10
-171.278335065512
 20
-70.908297153451
 30
0.0
 10
-171.270605975868
 20
-70.879451798201
 30
0.0
  0
LINE
  5
173
100
AcDbEntity
  8
lx
100
AcDbLine
 10
-171.270605975868
 20
-70.879451798201
 30
0.0
 11
-167.90621720858
 21
-58.323381982269
 31
0.0
  0
SPLINE
  5
174
100
AcDbEntity
  8
lx
100
AcDbSpline
 70
     8
 71
     3
 72
    32
 73
    28
 74
     0
 42
0.0000001
 43
0.0000001
 40
0.0
 40
0.0
 40
0.0
 40
0.0
 40
0.088088985466
 40
0.088088985466
 40
0.088088985466
 40
0.175784194189
 40
0.175784194189
 40
0.175784194189
 40
0.263114788797
 40
0.263114788797
 40
0.263114788797
 40
0.350101609183
 40
0.350101609183
 40
0.350101609183
 40
0.436758802197
 40
0.436758802197
 40
0.436758802197
 40
0.52309485365
 40
0.52309485365
 40
0.52309485365
 40
0.609113191317
 40
0.609113191317
 40
0.609113191317
 40
0.694812451443
 40
0.694812451443
 40
0.694812451443
 40
0.78440117906
 40
0.78440117906
 40
0.78440117906
 40
0.78440117906
 10
-167.90621720858
 20
-58.323381982269
 30
0.0
 10
-167.898617506212
 20
-58.295019506911
 30
0.0
 10
-167.893506336885
 20
-58.265872977851
 30
0.0
 10
-167.89100199555
 20
-58.23661697404
 30
0.0
 10
-167.888508849161
 20
-58.20749175087
 30
0.0
 10
-167.888579994512
 20
-58.178034861466
 30
0.0
 10
-167.89121379959
 20
-58.148922021095
 30
0.0
 10
-167.893836653985
 20
-58.119930224424
 30
0.0
 10
-167.899020670174
 20
-58.091059313353
 30
0.0
 10
-167.906647912551
 20
-58.062966096857
 30
0.0
 10
-167.914245130521
 20
-58.034983468451
 30
0.0
 10
-167.924323500832
 20
-58.007561442807
 30
0.0
 10
-167.936655533455
 20
-57.981318992754
 30
0.0
 10
-167.948940835143
 20
-57.955175985694
 30
0.0
 10
-167.963554528317
 20
-57.930007992995
 30
0.0
 10
-167.980169232427
 20
-57.906378835942
 30
0.0
 10
-167.996722364361
 20
-57.88283724582
 30
0.0
 10
-168.015384509185
 20
-57.860648214142
 30
0.0
 10
-168.035740667427
 20
-57.840305169535
 30
0.0
 10
-168.056021915686
 20
-57.820036986652
 30
0.0
 10
-168.078134137359
 20
-57.80145172921
 30
0.0
 10
-168.101589204342
 20
-57.78495966745
 30
0.0
 10
-168.124957266795
 20
-57.768528781557
 30
0.0
 10
-168.149829142127
 20
-57.754055252826
 30
0.0
 10
-168.175659826269
 20
-57.741856231931
 30
0.0
 10
-168.202662837991
 20
-57.729103557537
 30
0.0
 10
-168.230925243923
 20
-57.718738636218
 30
0.0
 10
-168.259770599173
 20
-57.711009546574
 30
0.0
  0
LINE
  5
175
100
AcDbEntity
  8
lx
100
AcDbLine
 10
-155.492498174344
 20
-78.442550311089
 30
0.0
 11
-155.748499151139
 21
-78.885957007909
 31
0.0
  0
SPLINE
  5
176
100
AcDbEntity
  8
lx
100
AcDbSpline
 70
     8
 71
     3
 72
    29
 73
    25
 74
     0
 42
0.0000001
 43
0.0000001
 40
0.0
 40
0.0
 40
0.0
 40
0.0
 40
0.039230858055
 40
0.039230858055
 40
0.039230858055
 40
0.078245187783
 40
0.078245187783
 40
0.078245187783
 40
0.117060838646
 40
0.117060838646
 40
0.117060838646
 40
0.155690060277
 40
0.155690060277
 40
0.155690060277
 40
0.194140692984
 40
0.194140692984
 40
0.194140692984
 40
0.232416877488
 40
0.232416877488
 40
0.232416877488
 40
0.270519427658
 40
0.270519427658
 40
0.270519427658
 40
0.313652485855
 40
0.313652485855
 40
0.313652485855
 40
0.313652485855
 10
-155.21929309346
 20
-78.369345230806
 30
0.0
 10
-155.230618066678
 20
-78.362806754444
 30
0.0
 10
-155.242644571724
 20
-78.357358489861
 30
0.0
 10
-155.255028039022
 20
-78.35315653446
 30
0.0
 10
-155.267343157792
 20
-78.348977771068
 30
0.0
 10
-155.280127900726
 20
-78.345991892927
 30
0.0
 10
-155.293019977809
 20
-78.344283512913
 30
0.0
 10
-155.305846402521
 20
-78.342583832753
 30
0.0
 10
-155.318899281596
 20
-78.342132620066
 30
0.0
 10
-155.331812458041
 20
-78.342942532187
 30
0.0
 10
-155.344663613278
 20
-78.34374855435
 30
0.0
 10
-155.357495706902
 20
-78.345810985855
 30
0.0
 10
-155.369952200894
 20
-78.349072522317
 30
0.0
 10
-155.382351106568
 20
-78.352318980186
 30
0.0
 10
-155.3944919371
 20
-78.356783235967
 30
0.0
 10
-155.406040451601
 20
-78.362342387292
 30
0.0
 10
-155.417536571187
 20
-78.367876317081
 30
0.0
 10
-155.428550556402
 20
-78.374545573356
 30
0.0
 10
-155.438781915193
 20
-78.382168200315
 30
0.0
 10
-155.448966860915
 20
-78.389756248337
 30
0.0
 10
-155.458468315193
 20
-78.398357491418
 30
0.0
 10
-155.467029382721
 20
-78.407739373688
 30
0.0
 10
-155.476720729424
 20
-78.418359903604
 30
0.0
 10
-155.485309331289
 20
-78.430098869721
 30
0.0
 10
-155.492498174344
 20
-78.442550311089
 30
0.0
  0
LINE
  5
177
100
AcDbEntity
  8
lx
100
AcDbLine
 10
-152.902676031086
 20
-79.706844720734
 30
0.0
 11
-155.21929309346
 21
-78.369345230806
 31
0.0
  0
SPLINE
  5
178
100
AcDbEntity
  8
lx
100
AcDbSpline
 70
     8
 71
     3
 72
    32
 73
    28
 74
     0
 42
0.0000001
 43
0.0000001
 40
0.0
 40
0.0
 40
0.0
 40
0.0
 40
0.088088985466
 40
0.088088985466
 40
0.088088985466
 40
0.175784194189
 40
0.175784194189
 40
0.175784194189
 40
0.263114788797
 40
0.263114788797
 40
0.263114788797
 40
0.350101609183
 40
0.350101609183
 40
0.350101609183
 40
0.436758802197
 40
0.436758802197
 40
0.436758802197
 40
0.52309485365
 40
0.52309485365
 40
0.52309485365
 40
0.609113191317
 40
0.609113191317
 40
0.609113191317
 40
0.694812451443
 40
0.694812451443
 40
0.694812451443
 40
0.78440117906
 40
0.78440117906
 40
0.78440117906
 40
0.78440117906
 10
-152.219663328877
 20
-79.523832020026
 30
0.0
 10
-152.234344826498
 20
-79.549261119737
 30
0.0
 10
-152.251340392396
 20
-79.573484970545
 30
0.0
 10
-152.27025667438
 20
-79.595942925937
 30
0.0
 10
-152.289088396507
 20
-79.618300489431
 30
0.0
 10
-152.309967870153
 20
-79.639079348284
 30
0.0
 10
-152.332416138463
 20
-79.65780285366
 30
0.0
 10
-152.354771072649
 20
-79.676448511517
 30
0.0
 10
-152.378851542676
 20
-79.693197675472
 30
0.0
 10
-152.404109721398
 20
-79.707669304512
 30
0.0
 10
-152.429268472069
 20
-79.722083966425
 30
0.0
 10
-152.455785256367
 20
-79.734347782675
 30
0.0
 10
-152.483061534666
 20
-79.744183933121
 30
0.0
 10
-152.510234452387
 20
-79.753982810514
 30
0.0
 10
-152.538364352248
 20
-79.761445827231
 30
0.0
 10
-152.566821059386
 20
-79.766405794423
 30
0.0
 10
-152.59517230925
 20
-79.771347380549
 30
0.0
 10
-152.624058453178
 20
-79.77384126611
 30
0.0
 10
-152.652837135502
 20
-79.77383199332
 30
0.0
 10
-152.681509913236
 20
-79.773822754655
 30
0.0
 10
-152.71028737669
 20
-79.77132881428
 30
0.0
 10
-152.738534262306
 20
-79.76640522602
 30
0.0
 10
-152.766676368557
 20
-79.761499901383
 30
0.0
 10
-152.794497770566
 20
-79.75414715994
 30
0.0
 10
-152.821388832867
 20
-79.744508118373
 30
0.0
 10
-152.849500348092
 20
-79.734431608166
 30
0.0
 10
-152.876813993109
 20
-79.721776175382
 30
0.0
 10
-152.902676031086
 20
-79.706844720734
 30
0.0
  0
LINE
  5
179
100
AcDbEntity
  8
lx
100
AcDbLine
 10
-149.219663319864
 20
-74.327679602523
 30
0.0
 11
-152.219663328877
 21
-79.523832020026
 31
0.0
  0
SPLINE
  5
17a
100
AcDbEntity
  8
lx
100
AcDbSpline
 70
     8
 71
     3
 72
    32
 73
    28
 74
     0
 42
0.0000001
 43
0.0000001
 40
0.0
 40
0.0
 40
0.0
 40
0.0
 40
0.088088985466
 40
0.088088985466
 40
0.088088985466
 40
0.175784194189
 40
0.175784194189
 40
0.175784194189
 40
0.263114788797
 40
0.263114788797
 40
0.263114788797
 40
0.350101609183
 40
0.350101609183
 40
0.350101609183
 40
0.436758802197
 40
0.436758802197
 40
0.436758802197
 40
0.52309485365
 40
0.52309485365
 40
0.52309485365
 40
0.609113191317
 40
0.609113191317
 40
0.609113191317
 40
0.694812451443
 40
0.694812451443
 40
0.694812451443
 40
0.78440117906
 40
0.78440117906
 40
0.78440117906
 40
0.78440117906
 10
-149.402676020572
 20
-73.644666900313
 30
0.0
 10
-149.377246920862
 20
-73.659348397935
 30
0.0
 10
-149.353023070054
 20
-73.676343963833
 30
0.0
 10
-149.330565114661
 20
-73.695260245816
 30
0.0
 10
-149.308207551168
 20
-73.714091967944
 30
0.0
 10
-149.287428692314
 20
-73.73497144159
 30
0.0
 10
-149.268705186938
 20
-73.7574197099
 30
0.0
 10
-149.250059529081
 20
-73.779774644086
 30
0.0
 10
-149.233310365126
 20
-73.803855114113
 30
0.0
 10
-149.218838736087
 20
-73.829113292834
 30
0.0
 10
-149.204424074174
 20
-73.854272043506
 30
0.0
 10
-149.192160257923
 20
-73.880788827804
 30
0.0
 10
-149.182324107477
 20
-73.908065106102
 30
0.0
 10
-149.172525230084
 20
-73.935238023824
 30
0.0
 10
-149.165062213368
 20
-73.963367923685
 30
0.0
 10
-149.160102246175
 20
-73.991824630823
 30
0.0
 10
-149.155160660049
 20
-74.020175880686
 30
0.0
 10
-149.152666774489
 20
-74.049062024615
 30
0.0
 10
-149.152676047278
 20
-74.077840706939
 30
0.0
 10
-149.152685285944
 20
-74.106513484673
 30
0.0
 10
-149.155179226319
 20
-74.135290948127
 30
0.0
 10
-149.160102814578
 20
-74.163537833743
 30
0.0
 10
-149.165008139215
 20
-74.191679939993
 30
0.0
 10
-149.172360880658
 20
-74.219501342002
 30
0.0
 10
-149.181999922225
 20
-74.246392404304
 30
0.0
 10
-149.192076432433
 20
-74.274503919529
 30
0.0
 10
-149.204731865217
 20
-74.301817564546
 30
0.0
 10
-149.219663319864
 20
-74.327679602523
 30
0.0
  0
LINE
  5
17b
100
AcDbEntity
  8
lx
100
AcDbLine
 10
-151.892498163529
 20
-72.207167410085
 30
0.0
 11
-149.402676020572
 21
-73.644666900313
 31
0.0
  0
LINE
  5
17c
100
AcDbEntity
  8
lx
100
AcDbLine
 10
-151.173498161369
 20
-70.96182288069
 30
0.0
 11
-151.892498163529
 21
-72.207167410085
 31
0.0
  0
LINE
  5
17d
100
AcDbEntity
  8
lx
100
AcDbLine
 10
-147.55784299462
 20
-73.049322372871
 30
0.0
 11
-151.173498161369
 21
-70.96182288069
 31
0.0
  0
SPLINE
  5
17e
100
AcDbEntity
  8
lx
100
AcDbSpline
 70
     8
 71
     3
 72
    32
 73
    28
 74
     0
 42
0.0000001
 43
0.0000001
 40
0.0
 40
0.0
 40
0.0
 40
0.0
 40
0.088088985466
 40
0.088088985466
 40
0.088088985466
 40
0.175784194189
 40
0.175784194189
 40
0.175784194189
 40
0.263114788797
 40
0.263114788797
 40
0.263114788797
 40
0.350101609183
 40
0.350101609183
 40
0.350101609183
 40
0.436758802197
 40
0.436758802197
 40
0.436758802197
 40
0.52309485365
 40
0.52309485365
 40
0.52309485365
 40
0.609113191317
 40
0.609113191317
 40
0.609113191317
 40
0.694812451443
 40
0.694812451443
 40
0.694812451443
 40
0.78440117906
 40
0.78440117906
 40
0.78440117906
 40
0.78440117906
 10
-146.87483029241
 20
-72.866309672163
 30
0.0
 10
-146.889511790032
 20
-72.891738771874
 30
0.0
 10
-146.906507355929
 20
-72.915962622682
 30
0.0
 10
-146.925423637913
 20
-72.938420578074
 30
0.0
 10
-146.944255360041
 20
-72.960778141568
 30
0.0
 10
-146.965134833686
 20
-72.981557000421
 30
0.0
 10
-146.987583101996
 20
-73.000280505797
 30
0.0
 10
-147.009938036182
 20
-73.018926163654
 30
0.0
 10
-147.034018506209
 20
-73.035675327609
 30
0.0
 10
-147.059276684931
 20
-73.050146956649
 30
0.0
 10
-147.084435435603
 20
-73.064561618562
 30
0.0
 10
-147.1109522199
 20
-73.076825434812
 30
0.0
 10
-147.138228498199
 20
-73.086661585258
 30
0.0
 10
-147.165401415921
 20
-73.096460462651
 30
0.0
 10
-147.193531315782
 20
-73.103923479368
 30
0.0
 10
-147.22198802292
 20
-73.10888344656
 30
0.0
 10
-147.250339272783
 20
-73.113825032686
 30
0.0
 10
-147.279225416712
 20
-73.116318918247
 30
0.0
 10
-147.308004099035
 20
-73.116309645457
 30
0.0
 10
-147.336676876769
 20
-73.116300406792
 30
0.0
 10
-147.365454340224
 20
-73.113806466417
 30
0.0
 10
-147.393701225839
 20
-73.108882878157
 30
0.0
 10
-147.42184333209
 20
-73.10397755352
 30
0.0
 10
-147.449664734099
 20
-73.096624812077
 30
0.0
 10
-147.4765557964
 20
-73.08698577051
 30
0.0
 10
-147.504667311626
 20
-73.076909260303
 30
0.0
 10
-147.531980956642
 20
-73.064253827519
 30
0.0
 10
-147.55784299462
 20
-73.049322372871
 30
0.0
  0
LINE
  5
17f
100
AcDbEntity
  8
lx
100
AcDbLine
 10
-140.374830272883
 20
-61.607979434239
 30
0.0
 11
-146.87483029241
 21
-72.866309672163
 31
0.0
  0
SPLINE
  5
180
100
AcDbEntity
  8
lx
100
AcDbSpline
 70
     8
 71
     3
 72
    32
 73
    28
 74
     0
 42
0.0000001
 43
0.0000001
 40
0.0
 40
0.0
 40
0.0
 40
0.0
 40
0.088088985466
 40
0.088088985466
 40
0.088088985466
 40
0.175784194189
 40
0.175784194189
 40
0.175784194189
 40
0.263114788797
 40
0.263114788797
 40
0.263114788797
 40
0.350101609183
 40
0.350101609183
 40
0.350101609183
 40
0.436758802197
 40
0.436758802197
 40
0.436758802197
 40
0.52309485365
 40
0.52309485365
 40
0.52309485365
 40
0.609113191317
 40
0.609113191317
 40
0.609113191317
 40
0.694812451443
 40
0.694812451443
 40
0.694812451443
 40
0.78440117906
 40
0.78440117906
 40
0.78440117906
 40
0.78440117906
 10
-140.557842973591
 20
-60.92496673203
 30
0.0
 10
-140.532413873881
 20
-60.939648229651
 30
0.0
 10
-140.508190023073
 20
-60.956643795549
 30
0.0
 10
-140.48573206768
 20
-60.975560077533
 30
0.0
 10
-140.463374504187
 20
-60.99439179966
 30
0.0
 10
-140.442595645333
 20
-61.015271273306
 30
0.0
 10
-140.423872139957
 20
-61.037719541616
 30
0.0
 10
-140.4052264821
 20
-61.060074475802
 30
0.0
 10
-140.388477318145
 20
-61.084154945829
 30
0.0
 10
-140.374005689106
 20
-61.109413124551
 30
0.0
 10
-140.359591027193
 20
-61.134571875222
 30
0.0
 10
-140.347327210942
 20
-61.16108865952
 30
0.0
 10
-140.337491060496
 20
-61.188364937819
 30
0.0
 10
-140.327692183103
 20
-61.21553785554
 30
0.0
 10
-140.320229166387
 20
-61.243667755401
 30
0.0
 10
-140.315269199194
 20
-61.272124462539
 30
0.0
 10
-140.310327613068
 20
-61.300475712403
 30
0.0
 10
-140.307833727508
 20
-61.329361856331
 30
0.0
 10
-140.307843000297
 20
-61.358140538655
 30
0.0
 10
-140.307852238963
 20
-61.386813316389
 30
0.0
 10
-140.310346179338
 20
-61.415590779843
 30
0.0
 10
-140.315269767597
 20
-61.443837665459
 30
0.0
 10
-140.320175092234
 20
-61.47197977171
 30
0.0
 10
-140.327527833677
 20
-61.499801173719
 30
0.0
 10
-140.337166875244
 20
-61.52669223602
 30
0.0
 10
-140.347243385452
 20
-61.554803751245
 30
0.0
 10
-140.359898818236
 20
-61.582117396262
 30
0.0
 10
-140.374830272883
 20
-61.607979434239
 30
0.0
  0
LINE
  5
181
100
AcDbEntity
  8
lx
100
AcDbLine
 10
-144.17349814034
 20
-58.837467239849
 30
0.0
 11
-140.557842973591
 21
-60.92496673203
 31
0.0
  0
LINE
  5
182
100
AcDbEntity
  8
lx
100
AcDbLine
 10
-143.454498138181
 20
-57.592122710454
 30
0.0
 11
-144.17349814034
 21
-58.837467239849
 31
0.0
  0
LINE
  5
183
100
AcDbEntity
  8
lx
100
AcDbLine
 10
-140.964675995224
 20
-59.029622200682
 30
0.0
 11
-143.454498138181
 21
-57.592122710454
 31
0.0
  0
SPLINE
  5
184
100
AcDbEntity
  8
lx
100
AcDbSpline
 70
     8
 71
     3
 72
    32
 73
    28
 74
     0
 42
0.0000001
 43
0.0000001
 40
0.0
 40
0.0
 40
0.0
 40
0.0
 40
0.088088985466
 40
0.088088985466
 40
0.088088985466
 40
0.175784194189
 40
0.175784194189
 40
0.175784194189
 40
0.263114788797
 40
0.263114788797
 40
0.263114788797
 40
0.350101609183
 40
0.350101609183
 40
0.350101609183
 40
0.436758802197
 40
0.436758802197
 40
0.436758802197
 40
0.52309485365
 40
0.52309485365
 40
0.52309485365
 40
0.609113191317
 40
0.609113191317
 40
0.609113191317
 40
0.694812451443
 40
0.694812451443
 40
0.694812451443
 40
0.78440117906
 40
0.78440117906
 40
0.78440117906
 40
0.78440117906
 10
-140.281663293014
 20
-58.846609499974
 30
0.0
 10
-140.296344790636
 20
-58.872038599685
 30
0.0
 10
-140.313340356533
 20
-58.896262450493
 30
0.0
 10
-140.332256638517
 20
-58.918720405885
 30
0.0
 10
-140.351088360645
 20
-58.941077969379
 30
0.0
 10
-140.37196783429
 20
-58.961856828232
 30
0.0
 10
-140.3944161026
 20
-58.980580333608
 30
0.0
 10
-140.416771036786
 20
-58.999225991465
 30
0.0
 10
-140.440851506813
 20
-59.01597515542
 30
0.0
 10
-140.466109685535
 20
-59.03044678446
 30
0.0
 10
-140.491268436207
 20
-59.044861446373
 30
0.0
 10
-140.517785220504
 20
-59.057125262623
 30
0.0
 10
-140.545061498803
 20
-59.06696141307
 30
0.0
 10
-140.572234416525
 20
-59.076760290462
 30
0.0
 10
-140.600364316386
 20
-59.084223307179
 30
0.0
 10
-140.628821023524
 20
-59.089183274371
 30
0.0
 10
-140.657172273387
 20
-59.094124860497
 30
0.0
 10
-140.686058417316
 20
-59.096618746058
 30
0.0
 10
-140.714837099639
 20
-59.096609473268
 30
0.0
 10
-140.743509877373
 20
-59.096600234603
 30
0.0
 10
-140.772287340828
 20
-59.094106294228
 30
0.0
 10
-140.800534226443
 20
-59.089182705968
 30
0.0
 10
-140.828676332694
 20
-59.084277381331
 30
0.0
 10
-140.856497734703
 20
-59.076924639888
 30
0.0
 10
-140.883388797004
 20
-59.067285598321
 30
0.0
 10
-140.91150031223
 20
-59.057209088114
 30
0.0
 10
-140.938813957246
 20
-59.04455365533
 30
0.0
 10
-140.964675995224
 20
-59.029622200682
 30
0.0
  0
LINE
  5
185
100
AcDbEntity
  8
lx
100
AcDbLine
 10
-137.281663284002
 20
-53.650457082471
 30
0.0
 11
-140.281663293014
 21
-58.846609499974
 31
0.0
  0
SPLINE
  5
186
100
AcDbEntity
  8
lx
100
AcDbSpline
 70
     8
 71
     3
 72
    32
 73
    28
 74
     0
 42
0.0000001
 43
0.0000001
 40
0.0
 40
0.0
 40
0.0
 40
0.0
 40
0.088088985466
 40
0.088088985466
 40
0.088088985466
 40
0.175784194189
 40
0.175784194189
 40
0.175784194189
 40
0.263114788797
 40
0.263114788797
 40
0.263114788797
 40
0.350101609183
 40
0.350101609183
 40
0.350101609183
 40
0.436758802197
 40
0.436758802197
 40
0.436758802197
 40
0.52309485365
 40
0.52309485365
 40
0.52309485365
 40
0.609113191317
 40
0.609113191317
 40
0.609113191317
 40
0.694812451443
 40
0.694812451443
 40
0.694812451443
 40
0.78440117906
 40
0.78440117906
 40
0.78440117906
 40
0.78440117906
 10
-137.464675984709
 20
-52.967444380261
 30
0.0
 10
-137.439246884999
 20
-52.982125877883
 30
0.0
 10
-137.415023034191
 20
-52.999121443781
 30
0.0
 10
-137.392565078798
 20
-53.018037725764
 30
0.0
 10
-137.370207515305
 20
-53.036869447892
 30
0.0
 10
-137.349428656451
 20
-53.057748921538
 30
0.0
 10
-137.330705151076
 20
-53.080197189848
 30
0.0
 10
-137.312059493218
 20
-53.102552124034
 30
0.0
 10
-137.295310329263
 20
-53.126632594061
 30
0.0
 10
-137.280838700224
 20
-53.151890772782
 30
0.0
 10
-137.266424038311
 20
-53.177049523454
 30
0.0
 10
-137.254160222061
 20
-53.203566307752
 30
0.0
 10
-137.244324071614
 20
-53.23084258605
 30
0.0
 10
-137.234525194221
 20
-53.258015503772
 30
0.0
 10
-137.227062177505
 20
-53.286145403633
 30
0.0
 10
-137.222102210312
 20
-53.314602110771
 30
0.0
 10
-137.217160624186
 20
-53.342953360635
 30
0.0
 10
-137.214666738626
 20
-53.371839504563
 30
0.0
 10
-137.214676011415
 20
-53.400618186887
 30
0.0
 10
-137.214685250081
 20
-53.429290964621
 30
0.0
 10
-137.217179190456
 20
-53.458068428075
 30
0.0
 10
-137.222102778715
 20
-53.486315313691
 30
0.0
 10
-137.227008103353
 20
-53.514457419941
 30
0.0
 10
-137.234360844795
 20
-53.542278821951
 30
0.0
 10
-137.243999886362
 20
-53.569169884252
 30
0.0
 10
-137.25407639657
 20
-53.597281399477
 30
0.0
 10
-137.266731829354
 20
-53.624595044494
 30
0.0
 10
-137.281663284002
 20
-53.650457082471
 30
0.0
  0
LINE
  5
187
100
AcDbEntity
  8
lx
100
AcDbLine
 10
-139.954498127666
 20
-51.529944890033
 30
0.0
 11
-137.464675984709
 21
-52.967444380261
 31
0.0
  0
LINE
  5
188
100
AcDbEntity
  8
lx
100
AcDbLine
 10
-139.598498856754
 20
-50.913336067825
 30
0.0
 11
-139.954498127666
 21
-51.529944890033
 31
0.0
  0
SPLINE
  5
189
100
AcDbEntity
  8
lx
100
AcDbSpline
 70
     8
 71
     3
 72
    29
 73
    25
 74
     0
 42
0.0000001
 43
0.0000001
 40
0.0
 40
0.0
 40
0.0
 40
0.0
 40
0.039230858055
 40
0.039230858055
 40
0.039230858055
 40
0.078245187783
 40
0.078245187783
 40
0.078245187783
 40
0.117060838646
 40
0.117060838646
 40
0.117060838646
 40
0.155690060277
 40
0.155690060277
 40
0.155690060277
 40
0.194140692984
 40
0.194140692984
 40
0.194140692984
 40
0.232416877488
 40
0.232416877488
 40
0.232416877488
 40
0.270519427658
 40
0.270519427658
 40
0.270519427658
 40
0.313652485855
 40
0.313652485855
 40
0.313652485855
 40
0.313652485855
 10
-139.671703937037
 20
-50.640130986941
 30
0.0
 10
-139.660378963819
 20
-50.646669463303
 30
0.0
 10
-139.649647375787
 20
-50.654360589937
 30
0.0
 10
-139.639816642045
 20
-50.662984009539
 30
0.0
 10
-139.630040167436
 20
-50.671559833581
 30
0.0
 10
-139.62106194968
 20
-50.681138806704
 30
0.0
 10
-139.613136410682
 20
-50.691449482985
 30
0.0
 10
-139.605251232165
 20
-50.701707652573
 30
0.0
 10
-139.598334031016
 20
-50.712786171125
 30
0.0
 10
-139.592578847306
 20
-50.724374266051
 30
0.0
 10
-139.586851305396
 20
-50.735906704055
 30
0.0
 10
-139.582221376703
 20
-50.748050838886
 30
0.0
 10
-139.578817703182
 20
-50.760469247368
 30
0.0
 10
-139.575429765375
 20
-50.772830243607
 30
0.0
 10
-139.573225509068
 20
-50.785576639169
 30
0.0
 10
-139.572265618133
 20
-50.798357521768
 30
0.0
 10
-139.571310082164
 20
-50.811080418273
 30
0.0
 10
-139.57157883496
 20
-50.823953437402
 30
0.0
 10
-139.573064544199
 20
-50.836625367505
 30
0.0
 10
-139.574543513733
 20
-50.849239813243
 30
0.0
 10
-139.57724168165
 20
-50.861768935551
 30
0.0
 10
-139.581086096309
 20
-50.873873978636
 30
0.0
 10
-139.585438071714
 20
-50.88757719602
 30
0.0
 10
-139.591310013699
 20
-50.900884626457
 30
0.0
 10
-139.598498856754
 20
-50.913336067825
 30
0.0
  0
LINE
  5
18a
100
AcDbEntity
  8
lx
100
AcDbLine
 10
-141.854087991103
 20
-49.380130960804
 30
0.0
 11
-139.671703937037
 21
-50.640130986941
 31
0.0
  0
SPLINE
  5
18b
100
AcDbEntity
  8
lx
100
AcDbSpline
 70
     8
 71
     3
 72
    29
 73
    25
 74
     0
 42
0.0000001
 43
0.0000001
 40
0.0
 40
0.0
 40
0.0
 40
0.0
 40
0.039230858055
 40
0.039230858055
 40
0.039230858055
 40
0.078245187783
 40
0.078245187783
 40
0.078245187783
 40
0.117060838646
 40
0.117060838646
 40
0.117060838646
 40
0.155690060277
 40
0.155690060277
 40
0.155690060277
 40
0.194140692984
 40
0.194140692984
 40
0.194140692984
 40
0.232416877488
 40
0.232416877488
 40
0.232416877488
 40
0.270519427658
 40
0.270519427658
 40
0.270519427658
 40
0.313652485855
 40
0.313652485855
 40
0.313652485855
 40
0.313652485855
 10
-142.127293071986
 20
-49.453336041087
 30
0.0
 10
-142.120754595624
 20
-49.442011067869
 30
0.0
 10
-142.11306346899
 20
-49.431279479837
 30
0.0
 10
-142.104440049389
 20
-49.421448746095
 30
0.0
 10
-142.095864225346
 20
-49.411672271486
 30
0.0
 10
-142.086285252224
 20
-49.40269405373
 30
0.0
 10
-142.075974575942
 20
-49.394768514733
 30
0.0
 10
-142.065716406354
 20
-49.386883336215
 30
0.0
 10
-142.054637887802
 20
-49.379966135067
 30
0.0
 10
-142.043049792876
 20
-49.374210951356
 30
0.0
 10
-142.031517354872
 20
-49.368483409447
 30
0.0
 10
-142.019373220041
 20
-49.363853480754
 30
0.0
 10
-142.00695481156
 20
-49.360449807232
 30
0.0
 10
-141.99459381532
 20
-49.357061869425
 30
0.0
 10
-141.981847419758
 20
-49.354857613119
 30
0.0
 10
-141.969066537159
 20
-49.353897722183
 30
0.0
 10
-141.956343640654
 20
-49.352942186215
 30
0.0
 10
-141.943470621525
 20
-49.353210939011
 30
0.0
 10
-141.930798691422
 20
-49.354696648249
 30
0.0
 10
-141.918184245684
 20
-49.356175617784
 30
0.0
 10
-141.905655123376
 20
-49.3588737857
 30
0.0
 10
-141.893550080291
 20
-49.362718200359
 30
0.0
 10
-141.879846862907
 20
-49.367070175764
 30
0.0
 10
-141.866539432471
 20
-49.37294211775
 30
0.0
 10
-141.854087991102
 20
-49.380130960804
 30
0.0
  0
LINE
  5
18c
100
AcDbEntity
  8
lx
100
AcDbLine
 10
-142.483292342899
 20
-50.069944863295
 30
0.0
 11
-142.127293071986
 21
-49.453336041087
 31
0.0
  0
LINE
  5
18d
100
AcDbEntity
  8
lx
100
AcDbLine
 10
-147.510570658549
 20
-47.167444362838
 30
0.0
 11
-142.483292342899
 21
-50.069944863295
 31
0.0
  0
SPLINE
  5
18e
100
AcDbEntity
  8
lx
100
AcDbSpline
 70
     8
 71
     3
 72
    32
 73
    28
 74
     0
 42
0.0000001
 43
0.0000001
 40
0.0
 40
0.0
 40
0.0
 40
0.0
 40
0.088088985466
 40
0.088088985466
 40
0.088088985466
 40
0.175784194189
 40
0.175784194189
 40
0.175784194189
 40
0.263114788797
 40
0.263114788797
 40
0.263114788797
 40
0.350101609183
 40
0.350101609183
 40
0.350101609183
 40
0.436758802197
 40
0.436758802197
 40
0.436758802197
 40
0.52309485365
 40
0.52309485365
 40
0.52309485365
 40
0.609113191317
 40
0.609113191317
 40
0.609113191317
 40
0.694812451443
 40
0.694812451443
 40
0.694812451443
 40
0.78440117906
 40
0.78440117906
 40
0.78440117906
 40
0.78440117906
 10
-148.193583360759
 20
-47.350457063545
 30
0.0
 10
-148.178901863137
 20
-47.325027963835
 30
0.0
 10
-148.16190629724
 20
-47.300804113027
 30
0.0
 10
-148.142990015256
 20
-47.278346157634
 30
0.0
 10
-148.124158293128
 20
-47.255988594141
 30
0.0
 10
-148.103278819482
 20
-47.235209735287
 30
0.0
 10
-148.080830551172
 20
-47.216486229912
 30
0.0
 10
-148.058475616987
 20
-47.197840572054
 30
0.0
 10
-148.03439514696
 20
-47.181091408099
 30
0.0
 10
-148.009136968238
 20
-47.16661977906
 30
0.0
 10
-147.983978217566
 20
-47.152205117147
 30
0.0
 10
-147.957461433268
 20
-47.139941300896
 30
0.0
 10
-147.93018515497
 20
-47.13010515045
 30
0.0
 10
-147.903012237248
 20
-47.120306273057
 30
0.0
 10
-147.874882337387
 20
-47.112843256341
 30
0.0
 10
-147.846425630249
 20
-47.107883289148
 30
0.0
 10
-147.818074380386
 20
-47.102941703022
 30
0.0
 10
-147.789188236457
 20
-47.100447817462
 30
0.0
 10
-147.760409554133
 20
-47.100457090251
 30
0.0
 10
-147.7317367764
 20
-47.100466328917
 30
0.0
 10
-147.702959312945
 20
-47.102960269292
 30
0.0
 10
-147.67471242733
 20
-47.107883857551
 30
0.0
 10
-147.646570321079
 20
-47.112789182188
 30
0.0
 10
-147.61874891907
 20
-47.120141923631
 30
0.0
 10
-147.591857856769
 20
-47.129780965198
 30
0.0
 10
-147.563746341543
 20
-47.139857475406
 30
0.0
 10
-147.536432696526
 20
-47.15251290819
 30
0.0
 10
-147.510570658549
 20
-47.167444362838
 30
0.0
  0
LINE
  5
18f
100
AcDbEntity
  8
lx
100
AcDbLine
 10
-151.193583369771
 20
-52.546609481049
 30
0.0
 11
-148.193583360759
 21
-47.350457063545
 31
0.0
  0
SPLINE
  5
190
100
AcDbEntity
  8
lx
100
AcDbSpline
 70
     8
 71
     3
 72
    32
 73
    28
 74
     0
 42
0.0000001
 43
0.0000001
 40
0.0
 40
0.0
 40
0.0
 40
0.0
 40
0.088088985466
 40
0.088088985466
 40
0.088088985466
 40
0.175784194189
 40
0.175784194189
 40
0.175784194189
 40
0.263114788797
 40
0.263114788797
 40
0.263114788797
 40
0.350101609183
 40
0.350101609183
 40
0.350101609183
 40
0.436758802197
 40
0.436758802197
 40
0.436758802197
 40
0.52309485365
 40
0.52309485365
 40
0.52309485365
 40
0.609113191317
 40
0.609113191317
 40
0.609113191317
 40
0.694812451443
 40
0.694812451443
 40
0.694812451443
 40
0.78440117906
 40
0.78440117906
 40
0.78440117906
 40
0.78440117906
 10
-151.010570669063
 20
-53.229622183258
 30
0.0
 10
-151.035999768774
 20
-53.214940685636
 30
0.0
 10
-151.060223619582
 20
-53.197945119739
 30
0.0
 10
-151.082681574974
 20
-53.179028837755
 30
0.0
 10
-151.105039138468
 20
-53.160197115627
 30
0.0
 10
-151.125817997322
 20
-53.139317641982
 30
0.0
 10
-151.144541502697
 20
-53.116869373672
 30
0.0
 10
-151.163187160555
 20
-53.094514439486
 30
0.0
 10
-151.17993632451
 20
-53.070433969459
 30
0.0
 10
-151.194407953549
 20
-53.045175790737
 30
0.0
 10
-151.208822615462
 20
-53.020017040065
 30
0.0
 10
-151.221086431712
 20
-52.993500255768
 30
0.0
 10
-151.230922582159
 20
-52.966223977469
 30
0.0
 10
-151.240721459552
 20
-52.939051059747
 30
0.0
 10
-151.248184476268
 20
-52.910921159886
 30
0.0
 10
-151.25314444346
 20
-52.882464452749
 30
0.0
 10
-151.258086029587
 20
-52.854113202885
 30
0.0
 10
-151.260579915147
 20
-52.825227058956
 30
0.0
 10
-151.260570642358
 20
-52.796448376633
 30
0.0
 10
-151.260561403692
 20
-52.767775598899
 30
0.0
 10
-151.258067463317
 20
-52.738998135444
 30
0.0
 10
-151.253143875057
 20
-52.710751249829
 30
0.0
 10
-151.24823855042
 20
-52.682609143578
 30
0.0
 10
-151.240885808978
 20
-52.654787741569
 30
0.0
 10
-151.23124676741
 20
-52.627896679268
 30
0.0
 10
-151.221170257203
 20
-52.599785164043
 30
0.0
 10
-151.208514824419
 20
-52.572471519026
 30
0.0
 10
-151.193583369771
 20
-52.546609481049
 30
0.0
  0
LINE
  5
191
100
AcDbEntity
  8
lx
100
AcDbLine
 10
-145.983292353413
 20
-56.132122683716
 30
0.0
 11
-151.010570669064
 21
-53.229622183258
 31
0.0
  0
LINE
  5
192
100
AcDbEntity
  8
lx
100
AcDbLine
 10
-146.702292355573
 20
-57.377467213111
 30
0.0
 11
-145.983292353413
 21
-56.132122683716
 31
0.0
  0
LINE
  5
193
100
AcDbEntity
  8
lx
100
AcDbLine
 10
-151.816173211515
 20
-54.424966712503
 30
0.0
 11
-146.702292355573
 21
-57.377467213111
 31
0.0
  0
SPLINE
  5
194
100
AcDbEntity
  8
lx
100
AcDbSpline
 70
     8
 71
     3
 72
    32
 73
    28
 74
     0
 42
0.0000001
 43
0.0000001
 40
0.0
 40
0.0
 40
0.0
 40
0.0
 40
0.088088985466
 40
0.088088985466
 40
0.088088985466
 40
0.175784194189
 40
0.175784194189
 40
0.175784194189
 40
0.263114788797
 40
0.263114788797
 40
0.263114788797
 40
0.350101609183
 40
0.350101609183
 40
0.350101609183
 40
0.436758802197
 40
0.436758802197
 40
0.436758802197
 40
0.52309485365
 40
0.52309485365
 40
0.52309485365
 40
0.609113191317
 40
0.609113191317
 40
0.609113191317
 40
0.694812451443
 40
0.694812451443
 40
0.694812451443
 40
0.78440117906
 40
0.78440117906
 40
0.78440117906
 40
0.78440117906
 10
-152.499185913725
 20
-54.607979413211
 30
0.0
 10
-152.484504416103
 20
-54.5825503135
 30
0.0
 10
-152.467508850205
 20
-54.558326462692
 30
0.0
 10
-152.448592568222
 20
-54.5358685073
 30
0.0
 10
-152.429760846094
 20
-54.513510943806
 30
0.0
 10
-152.408881372448
 20
-54.492732084953
 30
0.0
 10
-152.386433104138
 20
-54.474008579577
 30
0.0
 10
-152.364078169952
 20
-54.455362921719
 30
0.0
 10
-152.339997699925
 20
-54.438613757765
 30
0.0
 10
-152.314739521203
 20
-54.424142128725
 30
0.0
 10
-152.289580770532
 20
-54.409727466812
 30
0.0
 10
-152.263063986234
 20
-54.397463650562
 30
0.0
 10
-152.235787707936
 20
-54.387627500115
 30
0.0
 10
-152.208614790214
 20
-54.377828622723
 30
0.0
 10
-152.180484890353
 20
-54.370365606006
 30
0.0
 10
-152.152028183215
 20
-54.365405638814
 30
0.0
 10
-152.123676933351
 20
-54.360464052688
 30
0.0
 10
-152.094790789423
 20
-54.357970167127
 30
0.0
 10
-152.066012107099
 20
-54.357979439917
 30
0.0
 10
-152.037339329365
 20
-54.357988678582
 30
0.0
 10
-152.008561865911
 20
-54.360482618957
 30
0.0
 10
-151.980314980295
 20
-54.365406207217
 30
0.0
 10
-151.952172874045
 20
-54.370311531854
 30
0.0
 10
-151.924351472035
 20
-54.377664273297
 30
0.0
 10
-151.897460409734
 20
-54.387303314864
 30
0.0
 10
-151.869348894509
 20
-54.397379825072
 30
0.0
 10
-151.842035249492
 20
-54.410035257855
 30
0.0
 10
-151.816173211515
 20
-54.424966712503
 30
0.0
  0
LINE
  5
195
100
AcDbEntity
  8
lx
100
AcDbLine
 10
-158.999185933251
 20
-65.866309651135
 30
0.0
 11
-152.499185913725
 21
-54.607979413211
 31
0.0
  0
SPLINE
  5
196
100
AcDbEntity
  8
lx
100
AcDbSpline
 70
     8
 71
     3
 72
    32
 73
    28
 74
     0
 42
0.0000001
 43
0.0000001
 40
0.0
 40
0.0
 40
0.0
 40
0.0
 40
0.088088985466
 40
0.088088985466
 40
0.088088985466
 40
0.175784194189
 40
0.175784194189
 40
0.175784194189
 40
0.263114788797
 40
0.263114788797
 40
0.263114788797
 40
0.350101609183
 40
0.350101609183
 40
0.350101609183
 40
0.436758802197
 40
0.436758802197
 40
0.436758802197
 40
0.52309485365
 40
0.52309485365
 40
0.52309485365
 40
0.609113191317
 40
0.609113191317
 40
0.609113191317
 40
0.694812451443
 40
0.694812451443
 40
0.694812451443
 40
0.78440117906
 40
0.78440117906
 40
0.78440117906
 40
0.78440117906
 10
-158.816173232544
 20
-66.549322353344
 30
0.0
 10
-158.841602332254
 20
-66.534640855723
 30
0.0
 10
-158.865826183062
 20
-66.517645289825
 30
0.0
 10
-158.888284138455
 20
-66.498729007841
 30
0.0
 10
-158.910641701948
 20
-66.479897285714
 30
0.0
 10
-158.931420560802
 20
-66.459017812068
 30
0.0
 10
-158.950144066177
 20
-66.436569543758
 30
0.0
 10
-158.968789724035
 20
-66.414214609572
 30
0.0
 10
-158.98553888799
 20
-66.390134139545
 30
0.0
 10
-159.000010517029
 20
-66.364875960823
 30
0.0
 10
-159.014425178942
 20
-66.339717210152
 30
0.0
 10
-159.026688995192
 20
-66.313200425854
 30
0.0
 10
-159.036525145639
 20
-66.285924147555
 30
0.0
 10
-159.046324023032
 20
-66.258751229834
 30
0.0
 10
-159.053787039748
 20
-66.230621329973
 30
0.0
 10
-159.05874700694
 20
-66.202164622835
 30
0.0
 10
-159.063688593067
 20
-66.173813372971
 30
0.0
 10
-159.066182478627
 20
-66.144927229043
 30
0.0
 10
-159.066173205838
 20
-66.116148546719
 30
0.0
 10
-159.066163967172
 20
-66.087475768985
 30
0.0
 10
-159.063670026797
 20
-66.058698305531
 30
0.0
 10
-159.058746438538
 20
-66.030451419915
 30
0.0
 10
-159.053841113901
 20
-66.002309313665
 30
0.0
 10
-159.046488372458
 20
-65.974487911655
 30
0.0
 10
-159.036849330891
 20
-65.947596849354
 30
0.0
 10
-159.026772820683
 20
-65.919485334129
 30
0.0
 10
-159.014117387899
 20
-65.892171689112
 30
0.0
 10
-158.999185933251
 20
-65.866309651135
 30
0.0
  0
LINE
  5
197
100
AcDbEntity
  8
lx
100
AcDbLine
 10
-153.702292376602
 20
-69.501822853952
 30
0.0
 11
-158.816173232544
 21
-66.549322353344
 31
0.0
  0
LINE
  5
198
100
AcDbEntity
  8
lx
100
AcDbLine
 10
-154.421292378762
 20
-70.747167383347
 30
0.0
 11
-153.702292376602
 21
-69.501822853952
 31
0.0
  0
LINE
  5
199
100
AcDbEntity
  8
lx
100
AcDbLine
 10
-159.448570694412
 20
-67.84466688289
 30
0.0
 11
-154.421292378762
 21
-70.747167383347
 31
0.0
  0
SPLINE
  5
19a
100
AcDbEntity
  8
lx
100
AcDbSpline
 70
     8
 71
     3
 72
    32
 73
    28
 74
     0
 42
0.0000001
 43
0.0000001
 40
0.0
 40
0.0
 40
0.0
 40
0.0
 40
0.088088985466
 40
0.088088985466
 40
0.088088985466
 40
0.175784194189
 40
0.175784194189
 40
0.175784194189
 40
0.263114788797
 40
0.263114788797
 40
0.263114788797
 40
0.350101609183
 40
0.350101609183
 40
0.350101609183
 40
0.436758802197
 40
0.436758802197
 40
0.436758802197
 40
0.52309485365
 40
0.52309485365
 40
0.52309485365
 40
0.609113191317
 40
0.609113191317
 40
0.609113191317
 40
0.694812451443
 40
0.694812451443
 40
0.694812451443
 40
0.78440117906
 40
0.78440117906
 40
0.78440117906
 40
0.78440117906
 10
-160.131583396622
 20
-68.027679583597
 30
0.0
 10
-160.116901899
 20
-68.002250483887
 30
0.0
 10
-160.099906333102
 20
-67.978026633079
 30
0.0
 10
-160.080990051119
 20
-67.955568677686
 30
0.0
 10
-160.062158328991
 20
-67.933211114193
 30
0.0
 10
-160.041278855345
 20
-67.912432255339
 30
0.0
 10
-160.018830587035
 20
-67.893708749964
 30
0.0
 10
-159.996475652849
 20
-67.875063092106
 30
0.0
 10
-159.972395182822
 20
-67.858313928151
 30
0.0
 10
-159.9471370041
 20
-67.843842299112
 30
0.0
 10
-159.921978253429
 20
-67.829427637199
 30
0.0
 10
-159.895461469131
 20
-67.817163820948
 30
0.0
 10
-159.868185190833
 20
-67.807327670502
 30
0.0
 10
-159.841012273111
 20
-67.797528793109
 30
0.0
 10
-159.81288237325
 20
-67.790065776393
 30
0.0
 10
-159.784425666112
 20
-67.7851058092
 30
0.0
 10
-159.756074416248
 20
-67.780164223074
 30
0.0
 10
-159.72718827232
 20
-67.777670337514
 30
0.0
 10
-159.698409589996
 20
-67.777679610303
 30
0.0
 10
-159.669736812262
 20
-67.777688848969
 30
0.0
 10
-159.640959348808
 20
-67.780182789344
 30
0.0
 10
-159.612712463192
 20
-67.785106377603
 30
0.0
 10
-159.584570356942
 20
-67.79001170224
 30
0.0
 10
-159.556748954932
 20
-67.797364443683
 30
0.0
 10
-159.529857892631
 20
-67.80700348525
 30
0.0
 10
-159.501746377406
 20
-67.817079995458
 30
0.0
 10
-159.474432732389
 20
-67.829735428242
 30
0.0
 10
-159.448570694412
 20
-67.84466688289
 30
0.0
  0
LINE
  5
19b
100
AcDbEntity
  8
lx
100
AcDbLine
 10
-163.131583405634
 20
-73.223832001101
 30
0.0
 11
-160.131583396622
 21
-68.027679583597
 31
0.0
  0
SPLINE
  5
19c
100
AcDbEntity
  8
lx
100
AcDbSpline
 70
     8
 71
     3
 72
    32
 73
    28
 74
     0
 42
0.0000001
 43
0.0000001
 40
0.0
 40
0.0
 40
0.0
 40
0.0
 40
0.088088985466
 40
0.088088985466
 40
0.088088985466
 40
0.175784194189
 40
0.175784194189
 40
0.175784194189
 40
0.263114788797
 40
0.263114788797
 40
0.263114788797
 40
0.350101609183
 40
0.350101609183
 40
0.350101609183
 40
0.436758802197
 40
0.436758802197
 40
0.436758802197
 40
0.52309485365
 40
0.52309485365
 40
0.52309485365
 40
0.609113191317
 40
0.609113191317
 40
0.609113191317
 40
0.694812451443
 40
0.694812451443
 40
0.694812451443
 40
0.78440117906
 40
0.78440117906
 40
0.78440117906
 40
0.78440117906
 10
-162.948570704926
 20
-73.90684470331
 30
0.0
 10
-162.973999804637
 20
-73.892163205688
 30
0.0
 10
-162.998223655445
 20
-73.875167639791
 30
0.0
 10
-163.020681610837
 20
-73.856251357807
 30
0.0
 10
-163.043039174331
 20
-73.837419635679
 30
0.0
 10
-163.063818033184
 20
-73.816540162034
 30
0.0
 10
-163.08254153856
 20
-73.794091893724
 30
0.0
 10
-163.101187196417
 20
-73.771736959538
 30
0.0
 10
-163.117936360372
 20
-73.747656489511
 30
0.0
 10
-163.132407989412
 20
-73.722398310789
 30
0.0
 10
-163.146822651325
 20
-73.697239560117
 30
0.0
 10
-163.159086467575
 20
-73.67072277582
 30
0.0
 10
-163.168922618021
 20
-73.643446497521
 30
0.0
 10
-163.178721495414
 20
-73.616273579799
 30
0.0
 10
-163.186184512131
 20
-73.588143679938
 30
0.0
 10
-163.191144479323
 20
-73.559686972801
 30
0.0
 10
-163.196086065449
 20
-73.531335722937
 30
0.0
 10
-163.19857995101
 20
-73.502449579008
 30
0.0
 10
-163.19857067822
 20
-73.473670896685
 30
0.0
 10
-163.198561439555
 20
-73.444998118951
 30
0.0
 10
-163.196067499179
 20
-73.416220655496
 30
0.0
 10
-163.19114391092
 20
-73.387973769881
 30
0.0
 10
-163.186238586283
 20
-73.35983166363
 30
0.0
 10
-163.17888584484
 20
-73.332010261621
 30
0.0
 10
-163.169246803273
 20
-73.30511919932
 30
0.0
 10
-163.159170293065
 20
-73.277007684094
 30
0.0
 10
-163.146514860282
 20
-73.249694039078
 30
0.0
 10
-163.131583405634
 20
-73.223832001101
 30
0.0
  0
LINE
  5
19d
100
AcDbEntity
  8
lx
100
AcDbLine
 10
-158.094497469859
 20
-76.709345203467
 30
0.0
 11
-162.948570704926
 21
-73.90684470331
 31
0.0
  0
SPLINE
  5
19e
100
AcDbEntity
  8
lx
100
AcDbSpline
 70
     8
 71
     3
 72
    29
 73
    25
 74
     0
 42
0.0000001
 43
0.0000001
 40
0.0
 40
0.0
 40
0.0
 40
0.0
 40
0.039230858055
 40
0.039230858055
 40
0.039230858055
 40
0.078245187783
 40
0.078245187783
 40
0.078245187783
 40
0.117060838646
 40
0.117060838646
 40
0.117060838646
 40
0.155690060277
 40
0.155690060277
 40
0.155690060277
 40
0.194140692984
 40
0.194140692984
 40
0.194140692984
 40
0.232416877488
 40
0.232416877488
 40
0.232416877488
 40
0.270519427658
 40
0.270519427658
 40
0.270519427658
 40
0.313652485855
 40
0.313652485855
 40
0.313652485855
 40
0.313652485855
 10
-158.021292389576
 20
-76.982550284351
 30
0.0
 10
-158.014753913214
 20
-76.971225311133
 30
0.0
 10
-158.009305648631
 20
-76.959198806087
 30
0.0
 10
-158.00510369323
 20
-76.946815338789
 30
0.0
 10
-158.000924929838
 20
-76.934500220019
 30
0.0
 10
-157.997939051698
 20
-76.921715477086
 30
0.0
 10
-157.996230671683
 20
-76.908823400002
 30
0.0
 10
-157.994530991523
 20
-76.89599697529
 30
0.0
 10
-157.994079778836
 20
-76.882944096215
 30
0.0
 10
-157.994889690958
 20
-76.87003091977
 30
0.0
 10
-157.99569571312
 20
-76.857179764533
 30
0.0
 10
-157.997758144625
 20
-76.844347670909
 30
0.0
 10
-158.001019681087
 20
-76.831891176918
 30
0.0
 10
-158.004266138956
 20
-76.819492271243
 30
0.0
 10
-158.008730394737
 20
-76.807351440711
 30
0.0
 10
-158.014289546062
 20
-76.795802926211
 30
0.0
 10
-158.019823475852
 20
-76.784306806624
 30
0.0
 10
-158.026492732126
 20
-76.773292821409
 30
0.0
 10
-158.034115359085
 20
-76.763061462618
 30
0.0
 10
-158.041703407108
 20
-76.752876516896
 30
0.0
 10
-158.050304650188
 20
-76.743375062618
 30
0.0
 10
-158.059686532458
 20
-76.73481399509
 30
0.0
 10
-158.070307062374
 20
-76.725122648387
 30
0.0
 10
-158.082046028491
 20
-76.716534046522
 30
0.0
 10
-158.094497469859
 20
-76.709345203467
 30
0.0
  0
LINE
  5
19f
100
AcDbEntity
  8
lx
100
AcDbLine
 10
-158.277293366371
 20
-77.425956981172
 30
0.0
 11
-158.021292389576
 21
-76.982550284351
 31
0.0
  0
SPLINE
  5
1a0
100
AcDbEntity
  8
lx
100
AcDbSpline
 70
     8
 71
     3
 72
    29
 73
    25
 74
     0
 42
0.0000001
 43
0.0000001
 40
0.0
 40
0.0
 40
0.0
 40
0.0
 40
0.039230858055
 40
0.039230858055
 40
0.039230858055
 40
0.078245187783
 40
0.078245187783
 40
0.078245187783
 40
0.117060838646
 40
0.117060838646
 40
0.117060838646
 40
0.155690060277
 40
0.155690060277
 40
0.155690060277
 40
0.194140692984
 40
0.194140692984
 40
0.194140692984
 40
0.232416877488
 40
0.232416877488
 40
0.232416877488
 40
0.270519427658
 40
0.270519427658
 40
0.270519427658
 40
0.313652485855
 40
0.313652485855
 40
0.313652485855
 40
0.313652485855
 10
-158.204088286088
 20
-77.699162062055
 30
0.0
 10
-158.215413259306
 20
-77.692623585693
 30
0.0
 10
-158.226144847338
 20
-77.684932459059
 30
0.0
 10
-158.23597558108
 20
-77.676309039458
 30
0.0
 10
-158.245752055689
 20
-77.667733215415
 30
0.0
 10
-158.254730273445
 20
-77.658154242293
 30
0.0
 10
-158.262655812443
 20
-77.647843566011
 30
0.0
 10
-158.27054099096
 20
-77.637585396423
 30
0.0
 10
-158.277458192109
 20
-77.626506877871
 30
0.0
 10
-158.283213375819
 20
-77.614918782945
 30
0.0
 10
-158.288940917729
 20
-77.603386344941
 30
0.0
 10
-158.293570846422
 20
-77.59124221011
 30
0.0
 10
-158.296974519943
 20
-77.578823801629
 30
0.0
 10
-158.30036245775
 20
-77.566462805389
 30
0.0
 10
-158.302566714057
 20
-77.553716409827
 30
0.0
 10
-158.303526604992
 20
-77.540935527228
 30
0.0
 10
-158.30448214096
 20
-77.528212630723
 30
0.0
 10
-158.304213388165
 20
-77.515339611594
 30
0.0
 10
-158.302727678926
 20
-77.502667681491
 30
0.0
 10
-158.301248709391
 20
-77.490053235753
 30
0.0
 10
-158.298550541475
 20
-77.477524113445
 30
0.0
 10
-158.294706126816
 20
-77.46541907036
 30
0.0
 10
-158.290354151411
 20
-77.451715852976
 30
0.0
 10
-158.284482209426
 20
-77.43840842254
 30
0.0
 10
-158.277293366371
 20
-77.425956981172
 30
0.0
  0
LINE
  5
1a1
100
AcDbEntity
  8
lx
100
AcDbLine
 10
-156.021704232023
 20
-78.959162088192
 30
0.0
 11
-158.204088286088
 21
-77.699162062055
 31
0.0
  0
SPLINE
  5
1a2
100
AcDbEntity
  8
lx
100
AcDbSpline
 70
     8
 71
     3
 72
    29
 73
    25
 74
     0
 42
0.0000001
 43
0.0000001
 40
0.0
 40
0.0
 40
0.0
 40
0.0
 40
0.039230858055
 40
0.039230858055
 40
0.039230858055
 40
0.078245187783
 40
0.078245187783
 40
0.078245187783
 40
0.117060838646
 40
0.117060838646
 40
0.117060838646
 40
0.155690060277
 40
0.155690060277
 40
0.155690060277
 40
0.194140692984
 40
0.194140692984
 40
0.194140692984
 40
0.232416877488
 40
0.232416877488
 40
0.232416877488
 40
0.270519427658
 40
0.270519427658
 40
0.270519427658
 40
0.313652485855
 40
0.313652485855
 40
0.313652485855
 40
0.313652485855
 10
-155.748499151139
 20
-78.885957007909
 30
0.0
 10
-155.755037627501
 20
-78.897281981127
 30
0.0
 10
-155.762728754135
 20
-78.908013569159
 30
0.0
 10
-155.771352173736
 20
-78.917844302901
 30
0.0
 10
-155.779927997779
 20
-78.92762077751
 30
0.0
 10
-155.789506970902
 20
-78.936598995266
 30
0.0
 10
-155.799817647183
 20
-78.944524534264
 30
0.0
 10
-155.810075816771
 20
-78.952409712781
 30
0.0
 10
-155.821154335323
 20
-78.95932691393
 30
0.0
 10
-155.832742430249
 20
-78.96508209764
 30
0.0
 10
-155.844274868253
 20
-78.97080963955
 30
0.0
 10
-155.856419003084
 20
-78.975439568243
 30
0.0
 10
-155.868837411566
 20
-78.978843241764
 30
0.0
 10
-155.881198407805
 20
-78.982231179571
 30
0.0
 10
-155.893944803367
 20
-78.984435435878
 30
0.0
 10
-155.906725685966
 20
-78.985395326813
 30
0.0
 10
-155.919448582471
 20
-78.986350862781
 30
0.0
 10
-155.9323216016
 20
-78.986082109986
 30
0.0
 10
-155.944993531703
 20
-78.984596400747
 30
0.0
 10
-155.957607977441
 20
-78.983117431212
 30
0.0
 10
-155.970137099749
 20
-78.980419263296
 30
0.0
 10
-155.982242142834
 20
-78.976574848637
 30
0.0
 10
-155.995945360218
 20
-78.972222873232
 30
0.0
 10
-156.009252790654
 20
-78.966350931247
 30
0.0
 10
-156.021704232023
 20
-78.959162088192
 30
0.0
  0
CIRCLE
  5
1a3
100
AcDbEntity
  8
lx
100
AcDbCircle
 10
-195.425
 20
9.52565
 30
0.0
 40
1.2
  0
CIRCLE
  5
1a4
100
AcDbEntity
  8
lx
100
AcDbCircle
 10
-195.425
 20
-28.57435
 30
0.0
 40
1.2
  0
CIRCLE
  5
1a5
100
AcDbEntity
  8
lx
100
AcDbCircle
 10
252.524
 20
-28.57435
 30
0.0
 40
1.2
210
-0.0
220
-0.0
230
-1.0
  0
SPLINE
  5
1a6
100
AcDbEntity
  8
lx
100
AcDbSpline
 70
     8
 71
     3
 72
    32
 73
    28
 74
     0
 42
0.0000001
 43
0.0000001
 40
0.0
 40
0.0
 40
0.0
 40
0.0
 40
0.088088985466
 40
0.088088985466
 40
0.088088985466
 40
0.175784194189
 40
0.175784194189
 40
0.175784194189
 40
0.263114788797
 40
0.263114788797
 40
0.263114788797
 40
0.350101609183
 40
0.350101609183
 40
0.350101609183
 40
0.436758802197
 40
0.436758802197
 40
0.436758802197
 40
0.52309485365
 40
0.52309485365
 40
0.52309485365
 40
0.609113191317
 40
0.609113191317
 40
0.609113191317
 40
0.694812451443
 40
0.694812451443
 40
0.694812451443
 40
0.78440117906
 40
0.78440117906
 40
0.78440117906
 40
0.78440117906
 10
-278.980474377166
 20
15.408850000013
 30
0.0
 10
-278.980474377166
 20
15.379487004858
 30
0.0
 10
-278.98308104353
 20
15.350010751727
 30
0.0
 10
-278.988234046526
 20
15.321103450839
 30
0.0
 10
-278.993364014489
 20
15.292325371814
 30
0.0
 10
-279.001056739608
 20
15.263890615349
 30
0.0
 10
-279.0111357575
 20
15.236451449874
 30
0.0
 10
-279.021172869429
 20
15.209126369388
 30
0.0
 10
-279.033652586184
 20
15.182580932876
 30
0.0
 10
-279.048290996047
 20
15.157419045108
 30
0.0
 10
-279.062871782256
 20
15.132356206343
 30
0.0
 10
-279.079704082918
 20
15.108477037745
 30
0.0
 10
-279.098407957584
 20
15.086320542401
 30
0.0
 10
-279.117040955891
 20
15.064248006757
 30
0.0
 10
-279.137670655383
 20
15.043719894726
 30
0.0
 10
-279.159834903044
 20
15.025196083528
 30
0.0
 10
-279.181917012559
 20
15.006740919437
 30
0.0
 10
-279.20568620421
 20
14.990138079182
 30
0.0
 10
-279.230613910559
 20
14.975756768448
 30
0.0
 10
-279.255449883782
 20
14.961428380457
 30
0.0
 10
-279.281618868356
 20
14.949199464405
 30
0.0
 10
-279.30854318299
 20
14.939339974061
 30
0.0
 10
-279.33536762422
 20
14.929517056639
 30
0.0
 10
-279.363138035838
 20
14.921974016463
 30
0.0
 10
-279.3912458997
 20
14.916876140129
 30
0.0
 10
-279.420629441118
 20
14.911546896287
 30
0.0
 10
-279.45061146796
 20
14.908850000013
 30
0.0
 10
-279.480474377166
 20
14.908850000013
 30
0.0
  0
SPLINE
  5
1a7
100
AcDbEntity
  8
lx
100
AcDbSpline
 70
     8
 71
     3
 72
    32
 73
    28
 74
     0
 42
0.0000001
 43
0.0000001
 40
0.0
 40
0.0
 40
0.0
 40
0.0
 40
0.088088985466
 40
0.088088985466
 40
0.088088985466
 40
0.175784194189
 40
0.175784194189
 40
0.175784194189
 40
0.263114788797
 40
0.263114788797
 40
0.263114788797
 40
0.350101609183
 40
0.350101609183
 40
0.350101609183
 40
0.436758802197
 40
0.436758802197
 40
0.436758802197
 40
0.52309485365
 40
0.52309485365
 40
0.52309485365
 40
0.609113191317
 40
0.609113191317
 40
0.609113191317
 40
0.694812451443
 40
0.694812451443
 40
0.694812451443
 40
0.78440117906
 40
0.78440117906
 40
0.78440117906
 40
0.78440117906
 10
-292.479474377166
 20
14.908850000013
 30
0.0
 10
-292.508837372321
 20
14.908850000013
 30
0.0
 10
-292.538313625452
 20
14.911456666377
 30
0.0
 10
-292.56722092634
 20
14.916609669373
 30
0.0
 10
-292.595999005365
 20
14.921739637336
 30
0.0
 10
-292.62443376183
 20
14.929432362455
 30
0.0
 10
-292.651872927305
 20
14.939511380347
 30
0.0
 10
-292.67919800779
 20
14.949548492276
 30
0.0
 10
-292.705743444303
 20
14.962028209031
 30
0.0
 10
-292.730905332071
 20
14.976666618894
 30
0.0
 10
-292.755968170836
 20
14.991247405103
 30
0.0
 10
-292.779847339434
 20
15.008079705765
 30
0.0
 10
-292.802003834778
 20
15.026783580431
 30
0.0
 10
-292.824076370422
 20
15.045416578738
 30
0.0
 10
-292.844604482453
 20
15.06604627823
 30
0.0
 10
-292.863128293651
 20
15.088210525891
 30
0.0
 10
-292.881583457742
 20
15.110292635407
 30
0.0
 10
-292.898186297997
 20
15.134061827057
 30
0.0
 10
-292.912567608731
 20
15.158989533407
 30
0.0
 10
-292.926895996721
 20
15.183825506629
 30
0.0
 10
-292.939124912774
 20
15.209994491203
 30
0.0
 10
-292.948984403118
 20
15.236918805837
 30
0.0
 10
-292.95880732054
 20
15.263743247068
 30
0.0
 10
-292.966350360716
 20
15.291513658685
 30
0.0
 10
-292.97144823705
 20
15.319621522547
 30
0.0
 10
-292.976777480892
 20
15.349005063966
 30
0.0
 10
-292.979474377166
 20
15.378987090807
 30
0.0
 10
-292.979474377166
 20
15.408850000013
 30
0.0
  0
LINE
  5
1a8
100
AcDbEntity
  8
lx
100
AcDbLine
 10
-292.479474377166
 20
14.908850000013
 30
0.0
 11
-279.480474377166
 21
14.908850000013
 31
0.0
  0
LINE
  5
1a9
100
AcDbEntity
  8
lx
100
AcDbLine
 10
-278.980474377166
 20
15.408850000013
 30
0.0
 11
-278.980474377166
 21
28.407850000013
 31
0.0
  0
SPLINE
  5
1aa
100
AcDbEntity
  8
lx
100
AcDbSpline
 70
     8
 71
     3
 72
    32
 73
    28
 74
     0
 42
0.0000001
 43
0.0000001
 40
0.0
 40
0.0
 40
0.0
 40
0.0
 40
0.088088985466
 40
0.088088985466
 40
0.088088985466
 40
0.175784194189
 40
0.175784194189
 40
0.175784194189
 40
0.263114788797
 40
0.263114788797
 40
0.263114788797
 40
0.350101609183
 40
0.350101609183
 40
0.350101609183
 40
0.436758802197
 40
0.436758802197
 40
0.436758802197
 40
0.52309485365
 40
0.52309485365
 40
0.52309485365
 40
0.609113191317
 40
0.609113191317
 40
0.609113191317
 40
0.694812451443
 40
0.694812451443
 40
0.694812451443
 40
0.78440117906
 40
0.78440117906
 40
0.78440117906
 40
0.78440117906
 10
-279.480474377166
 20
28.907850000013
 30
0.0
 10
-279.45111138201
 20
28.907850000013
 30
0.0
 10
-279.42163512888
 20
28.905243333649
 30
0.0
 10
-279.392727827992
 20
28.900090330653
 30
0.0
 10
-279.363949748967
 20
28.89496036269
 30
0.0
 10
-279.335514992502
 20
28.887267637571
 30
0.0
 10
-279.308075827027
 20
28.877188619679
 30
0.0
 10
-279.280750746541
 20
28.86715150775
 30
0.0
 10
-279.254205310029
 20
28.854671790995
 30
0.0
 10
-279.229043422261
 20
28.840033381132
 30
0.0
 10
-279.203980583496
 20
28.825452594923
 30
0.0
 10
-279.180101414898
 20
28.808620294261
 30
0.0
 10
-279.157944919554
 20
28.789916419595
 30
0.0
 10
-279.13587238391
 20
28.771283421288
 30
0.0
 10
-279.115344271879
 20
28.750653721796
 30
0.0
 10
-279.096820460681
 20
28.728489474135
 30
0.0
 10
-279.07836529659
 20
28.70640736462
 30
0.0
 10
-279.061762456335
 20
28.682638172969
 30
0.0
 10
-279.047381145601
 20
28.65771046662
 30
0.0
 10
-279.03305275761
 20
28.632874493397
 30
0.0
 10
-279.020823841558
 20
28.606705508823
 30
0.0
 10
-279.010964351214
 20
28.579781194189
 30
0.0
 10
-279.001141433792
 20
28.552956752959
 30
0.0
 10
-278.993598393616
 20
28.525186341341
 30
0.0
 10
-278.988500517282
 20
28.497078477479
 30
0.0
 10
-278.983171273439
 20
28.467694936061
 30
0.0
 10
-278.980474377166
 20
28.437712909219
 30
0.0
 10
-278.980474377166
 20
28.407850000013
 30
0.0
  0
LINE
  5
1ab
100
AcDbEntity
  8
lx
100
AcDbLine
 10
-279.480474377166
 20
28.907850000013
 30
0.0
 11
-292.479474377166
 21
28.907850000013
 31
0.0
  0
SPLINE
  5
1ac
100
AcDbEntity
  8
lx
100
AcDbSpline
 70
     8
 71
     3
 72
    32
 73
    28
 74
     0
 42
0.0000001
 43
0.0000001
 40
0.0
 40
0.0
 40
0.0
 40
0.0
 40
0.088088985466
 40
0.088088985466
 40
0.088088985466
 40
0.175784194189
 40
0.175784194189
 40
0.175784194189
 40
0.263114788797
 40
0.263114788797
 40
0.263114788797
 40
0.350101609183
 40
0.350101609183
 40
0.350101609183
 40
0.436758802197
 40
0.436758802197
 40
0.436758802197
 40
0.52309485365
 40
0.52309485365
 40
0.52309485365
 40
0.609113191317
 40
0.609113191317
 40
0.609113191317
 40
0.694812451443
 40
0.694812451443
 40
0.694812451443
 40
0.78440117906
 40
0.78440117906
 40
0.78440117906
 40
0.78440117906
 10
-292.979474377166
 20
28.407850000013
 30
0.0
 10
-292.979474377166
 20
28.437212995168
 30
0.0
 10
-292.976867710802
 20
28.466689248299
 30
0.0
 10
-292.971714707805
 20
28.495596549187
 30
0.0
 10
-292.966584739842
 20
28.524374628212
 30
0.0
 10
-292.958892014724
 20
28.552809384677
 30
0.0
 10
-292.948812996832
 20
28.580248550152
 30
0.0
 10
-292.938775884903
 20
28.607573630638
 30
0.0
 10
-292.926296168148
 20
28.63411906715
 30
0.0
 10
-292.911657758285
 20
28.659280954918
 30
0.0
 10
-292.897076972076
 20
28.684343793683
 30
0.0
 10
-292.880244671414
 20
28.708222962281
 30
0.0
 10
-292.861540796748
 20
28.730379457625
 30
0.0
 10
-292.842907798441
 20
28.752451993269
 30
0.0
 10
-292.822278098949
 20
28.7729801053
 30
0.0
 10
-292.800113851288
 20
28.791503916498
 30
0.0
 10
-292.778031741772
 20
28.809959080589
 30
0.0
 10
-292.754262550122
 20
28.826561920844
 30
0.0
 10
-292.729334843772
 20
28.840943231578
 30
0.0
 10
-292.70449887055
 20
28.855271619569
 30
0.0
 10
-292.678329885975
 20
28.867500535621
 30
0.0
 10
-292.651405571342
 20
28.877360025965
 30
0.0
 10
-292.624581130111
 20
28.887182943387
 30
0.0
 10
-292.596810718494
 20
28.894725983563
 30
0.0
 10
-292.568702854632
 20
28.899823859897
 30
0.0
 10
-292.539319313213
 20
28.905153103739
 30
0.0
 10
-292.509337286372
 20
28.907850000013
 30
0.0
 10
-292.479474377166
 20
28.907850000013
 30
0.0
  0
LINE
  5
1ad
100
AcDbEntity
  8
lx
100
AcDbLine
 10
-292.979474377166
 20
28.407850000013
 30
0.0
 11
-292.979474377166
 21
15.408850000013
 31
0.0
  0
ARC
  5
1ae
100
AcDbEntity
  8
lx
100
AcDbCircle
 10
160.2005
 20
25.55
 30
0.0
 40
6.35
210
-0.0
220
-0.0
230
-1.0
100
AcDbArc
 50
90.000000000006
 51
180.0
  0
SPLINE
  5
1af
100
AcDbEntity
  8
lx
100
AcDbSpline
 70
    12
 71
     2
 72
     6
 73
     3
 74
     0
 42
0.0000001
 43
0.0000001
 40
64.868540820072
 40
64.868540820072
 40
64.868540820072
 40
65.624017993119
 40
65.624017993119
 40
65.624017993119
 41
1.0
 41
0.778725859046
 41
0.891786843045
 10
-156.021704232023
 20
-78.959162088192
 30
0.0
 10
-155.902886193368
 20
-79.027761715069
 30
0.0
 10
-155.796111745249
 20
-78.941605738222
 30
0.0
  0
SPLINE
  5
1b0
100
AcDbEntity
  8
lx
100
AcDbSpline
 70
     8
 71
     3
 72
    32
 73
    28
 74
     0
 42
0.0000001
 43
0.0000001
 40
0.0
 40
0.0
 40
0.0
 40
0.0
 40
0.088088985466
 40
0.088088985466
 40
0.088088985466
 40
0.175784194189
 40
0.175784194189
 40
0.175784194189
 40
0.263114788797
 40
0.263114788797
 40
0.263114788797
 40
0.350101609183
 40
0.350101609183
 40
0.350101609183
 40
0.436758802197
 40
0.436758802197
 40
0.436758802197
 40
0.52309485365
 40
0.52309485365
 40
0.52309485365
 40
0.609113191317
 40
0.609113191317
 40
0.609113191317
 40
0.694812451443
 40
0.694812451443
 40
0.694812451443
 40
0.78440117906
 40
0.78440117906
 40
0.78440117906
 40
0.78440117906
 10
-271.048074377166
 20
-67.007549999987
 30
0.0
 10
-271.077437372321
 20
-67.007549999987
 30
0.0
 10
-271.106913625452
 20
-67.004943333623
 30
0.0
 10
-271.13582092634
 20
-66.999790330627
 30
0.0
 10
-271.164599005365
 20
-66.994660362664
 30
0.0
 10
-271.19303376183
 20
-66.986967637545
 30
0.0
 10
-271.220472927305
 20
-66.976888619653
 30
0.0
 10
-271.24779800779
 20
-66.966851507724
 30
0.0
 10
-271.274343444303
 20
-66.954371790969
 30
0.0
 10
-271.299505332071
 20
-66.939733381106
 30
0.0
 10
-271.324568170836
 20
-66.925152594897
 30
0.0
 10
-271.348447339434
 20
-66.908320294235
 30
0.0
 10
-271.370603834778
 20
-66.889616419569
 30
0.0
 10
-271.392676370422
 20
-66.870983421262
 30
0.0
 10
-271.413204482453
 20
-66.85035372177
 30
0.0
 10
-271.431728293651
 20
-66.828189474109
 30
0.0
 10
-271.450183457742
 20
-66.806107364593
 30
0.0
 10
-271.466786297997
 20
-66.782338172943
 30
0.0
 10
-271.481167608731
 20
-66.757410466593
 30
0.0
 10
-271.495495996721
 20
-66.732574493371
 30
0.0
 10
-271.507724912774
 20
-66.706405508796
 30
0.0
 10
-271.517584403118
 20
-66.679481194163
 30
0.0
 10
-271.52740732054
 20
-66.652656752932
 30
0.0
 10
-271.534950360716
 20
-66.624886341315
 30
0.0
 10
-271.54004823705
 20
-66.596778477453
 30
0.0
 10
-271.545377480892
 20
-66.567394936034
 30
0.0
 10
-271.548074377166
 20
-66.537412909193
 30
0.0
 10
-271.548074377166
 20
-66.507549999987
 30
0.0
  0
LINE
  5
1b1
100
AcDbEntity
  8
lx
100
AcDbLine
 10
-271.048074377166
 20
-67.007549999987
 30
0.0
 11
-258.049074377166
 21
-67.007549999987
 31
0.0
  0
SPLINE
  5
1b2
100
AcDbEntity
  8
lx
100
AcDbSpline
 70
     8
 71
     3
 72
    32
 73
    28
 74
     0
 42
0.0000001
 43
0.0000001
 40
0.0
 40
0.0
 40
0.0
 40
0.0
 40
0.088088985466
 40
0.088088985466
 40
0.088088985466
 40
0.175784194189
 40
0.175784194189
 40
0.175784194189
 40
0.263114788797
 40
0.263114788797
 40
0.263114788797
 40
0.350101609183
 40
0.350101609183
 40
0.350101609183
 40
0.436758802197
 40
0.436758802197
 40
0.436758802197
 40
0.52309485365
 40
0.52309485365
 40
0.52309485365
 40
0.609113191317
 40
0.609113191317
 40
0.609113191317
 40
0.694812451443
 40
0.694812451443
 40
0.694812451443
 40
0.78440117906
 40
0.78440117906
 40
0.78440117906
 40
0.78440117906
 10
-257.549074377166
 20
-66.507549999987
 30
0.0
 10
-257.549074377166
 20
-66.536912995142
 30
0.0
 10
-257.55168104353
 20
-66.566389248273
 30
0.0
 10
-257.556834046526
 20
-66.595296549161
 30
0.0
 10
-257.561964014489
 20
-66.624074628186
 30
0.0
 10
-257.569656739608
 20
-66.652509384651
 30
0.0
 10
-257.5797357575
 20
-66.679948550126
 30
0.0
 10
-257.589772869429
 20
-66.707273630612
 30
0.0
 10
-257.602252586184
 20
-66.733819067124
 30
0.0
 10
-257.616890996047
 20
-66.758980954892
 30
0.0
 10
-257.631471782256
 20
-66.784043793657
 30
0.0
 10
-257.648304082918
 20
-66.807922962255
 30
0.0
 10
-257.667007957584
 20
-66.830079457599
 30
0.0
 10
-257.685640955891
 20
-66.852151993243
 30
0.0
 10
-257.706270655383
 20
-66.872680105274
 30
0.0
 10
-257.728434903044
 20
-66.891203916472
 30
0.0
 10
-257.750517012559
 20
-66.909659080563
 30
0.0
 10
-257.77428620421
 20
-66.926261920818
 30
0.0
 10
-257.799213910559
 20
-66.940643231552
 30
0.0
 10
-257.824049883782
 20
-66.954971619542
 30
0.0
 10
-257.850218868356
 20
-66.967200535595
 30
0.0
 10
-257.87714318299
 20
-66.977060025939
 30
0.0
 10
-257.90396762422
 20
-66.986882943361
 30
0.0
 10
-257.931738035837
 20
-66.994425983537
 30
0.0
 10
-257.9598458997
 20
-66.999523859871
 30
0.0
 10
-257.989229441118
 20
-67.004853103713
 30
0.0
 10
-258.01921146796
 20
-67.007549999987
 30
0.0
 10
-258.049074377166
 20
-67.007549999987
 30
0.0
  0
LINE
  5
1b3
100
AcDbEntity
  8
lx
100
AcDbLine
 10
-257.549074377166
 20
-66.507549999987
 30
0.0
 11
-257.549074377166
 21
-53.508549999987
 31
0.0
  0
SPLINE
  5
1b4
100
AcDbEntity
  8
lx
100
AcDbSpline
 70
     8
 71
     3
 72
    32
 73
    28
 74
     0
 42
0.0000001
 43
0.0000001
 40
0.0
 40
0.0
 40
0.0
 40
0.0
 40
0.088088985466
 40
0.088088985466
 40
0.088088985466
 40
0.175784194189
 40
0.175784194189
 40
0.175784194189
 40
0.263114788797
 40
0.263114788797
 40
0.263114788797
 40
0.350101609183
 40
0.350101609183
 40
0.350101609183
 40
0.436758802197
 40
0.436758802197
 40
0.436758802197
 40
0.52309485365
 40
0.52309485365
 40
0.52309485365
 40
0.609113191317
 40
0.609113191317
 40
0.609113191317
 40
0.694812451443
 40
0.694812451443
 40
0.694812451443
 40
0.78440117906
 40
0.78440117906
 40
0.78440117906
 40
0.78440117906
 10
-258.049074377166
 20
-53.008549999987
 30
0.0
 10
-258.01971138201
 20
-53.008549999987
 30
0.0
 10
-257.99023512888
 20
-53.011156666351
 30
0.0
 10
-257.961327827992
 20
-53.016309669347
 30
0.0
 10
-257.932549748967
 20
-53.02143963731
 30
0.0
 10
-257.904114992502
 20
-53.029132362429
 30
0.0
 10
-257.876675827027
 20
-53.039211380321
 30
0.0
 10
-257.849350746542
 20
-53.04924849225
 30
0.0
 10
-257.822805310029
 20
-53.061728209005
 30
0.0
 10
-257.797643422261
 20
-53.076366618868
 30
0.0
 10
-257.772580583496
 20
-53.090947405077
 30
0.0
 10
-257.748701414898
 20
-53.107779705739
 30
0.0
 10
-257.726544919554
 20
-53.126483580405
 30
0.0
 10
-257.70447238391
 20
-53.145116578712
 30
0.0
 10
-257.683944271879
 20
-53.165746278204
 30
0.0
 10
-257.665420460681
 20
-53.187910525865
 30
0.0
 10
-257.64696529659
 20
-53.20999263538
 30
0.0
 10
-257.630362456335
 20
-53.233761827031
 30
0.0
 10
-257.615981145601
 20
-53.25868953338
 30
0.0
 10
-257.60165275761
 20
-53.283525506603
 30
0.0
 10
-257.589423841558
 20
-53.309694491177
 30
0.0
 10
-257.579564351214
 20
-53.336618805811
 30
0.0
 10
-257.569741433792
 20
-53.363443247041
 30
0.0
 10
-257.562198393616
 20
-53.391213658659
 30
0.0
 10
-257.557100517282
 20
-53.419321522521
 30
0.0
 10
-257.551771273439
 20
-53.448705063939
 30
0.0
 10
-257.549074377166
 20
-53.478687090781
 30
0.0
 10
-257.549074377166
 20
-53.508549999987
 30
0.0
  0
LINE
  5
1b5
100
AcDbEntity
  8
lx
100
AcDbLine
 10
-258.049074377166
 20
-53.008549999987
 30
0.0
 11
-271.048074377166
 21
-53.008549999987
 31
0.0
  0
SPLINE
  5
1b6
100
AcDbEntity
  8
lx
100
AcDbSpline
 70
     8
 71
     3
 72
    32
 73
    28
 74
     0
 42
0.0000001
 43
0.0000001
 40
0.0
 40
0.0
 40
0.0
 40
0.0
 40
0.088088985466
 40
0.088088985466
 40
0.088088985466
 40
0.175784194189
 40
0.175784194189
 40
0.175784194189
 40
0.263114788797
 40
0.263114788797
 40
0.263114788797
 40
0.350101609183
 40
0.350101609183
 40
0.350101609183
 40
0.436758802197
 40
0.436758802197
 40
0.436758802197
 40
0.52309485365
 40
0.52309485365
 40
0.52309485365
 40
0.609113191317
 40
0.609113191317
 40
0.609113191317
 40
0.694812451443
 40
0.694812451443
 40
0.694812451443
 40
0.78440117906
 40
0.78440117906
 40
0.78440117906
 40
0.78440117906
 10
-271.548074377166
 20
-53.508549999987
 30
0.0
 10
-271.548074377166
 20
-53.479187004832
 30
0.0
 10
-271.545467710802
 20
-53.449710751701
 30
0.0
 10
-271.540314707805
 20
-53.420803450813
 30
0.0
 10
-271.535184739842
 20
-53.392025371788
 30
0.0
 10
-271.527492014724
 20
-53.363590615323
 30
0.0
 10
-271.517412996832
 20
-53.336151449848
 30
0.0
 10
-271.507375884903
 20
-53.308826369362
 30
0.0
 10
-271.494896168148
 20
-53.28228093285
 30
0.0
 10
-271.480257758285
 20
-53.257119045082
 30
0.0
 10
-271.465676972076
 20
-53.232056206317
 30
0.0
 10
-271.448844671414
 20
-53.208177037719
 30
0.0
 10
-271.430140796748
 20
-53.186020542375
 30
0.0
 10
-271.411507798441
 20
-53.163948006731
 30
0.0
 10
-271.390878098949
 20
-53.1434198947
 30
0.0
 10
-271.368713851288
 20
-53.124896083502
 30
0.0
 10
-271.346631741772
 20
-53.106440919411
 30
0.0
 10
-271.322862550122
 20
-53.089838079156
 30
0.0
 10
-271.297934843772
 20
-53.075456768422
 30
0.0
 10
-271.27309887055
 20
-53.061128380431
 30
0.0
 10
-271.246929885975
 20
-53.048899464379
 30
0.0
 10
-271.220005571342
 20
-53.039039974035
 30
0.0
 10
-271.193181130111
 20
-53.029217056613
 30
0.0
 10
-271.165410718494
 20
-53.021674016437
 30
0.0
 10
-271.137302854632
 20
-53.016576140103
 30
0.0
 10
-271.107919313213
 20
-53.011246896261
 30
0.0
 10
-271.077937286372
 20
-53.008549999987
 30
0.0
 10
-271.048074377166
 20
-53.008549999987
 30
0.0
  0
LINE
  5
1b7
100
AcDbEntity
  8
lx
100
AcDbLine
 10
-271.548074377166
 20
-53.508549999987
 30
0.0
 11
-271.548074377166
 21
-66.507549999987
 31
0.0
  0
LINE
  5
1b8
100
AcDbEntity
  8
lx
100
AcDbLine
 10
-268.548474377166
 20
12.050750000013
 30
0.0
 11
-255.549474377166
 21
12.050750000013
 31
0.0
  0
SPLINE
  5
1b9
100
AcDbEntity
  8
lx
100
AcDbSpline
 70
     8
 71
     3
 72
    32
 73
    28
 74
     0
 42
0.0000001
 43
0.0000001
 40
0.0
 40
0.0
 40
0.0
 40
0.0
 40
0.088088985466
 40
0.088088985466
 40
0.088088985466
 40
0.175784194189
 40
0.175784194189
 40
0.175784194189
 40
0.263114788797
 40
0.263114788797
 40
0.263114788797
 40
0.350101609183
 40
0.350101609183
 40
0.350101609183
 40
0.436758802197
 40
0.436758802197
 40
0.436758802197
 40
0.52309485365
 40
0.52309485365
 40
0.52309485365
 40
0.609113191317
 40
0.609113191317
 40
0.609113191317
 40
0.694812451443
 40
0.694812451443
 40
0.694812451443
 40
0.78440117906
 40
0.78440117906
 40
0.78440117906
 40
0.78440117906
 10
-255.049474377166
 20
12.550750000013
 30
0.0
 10
-255.049474377166
 20
12.521387004857
 30
0.0
 10
-255.05208104353
 20
12.491910751727
 30
0.0
 10
-255.057234046527
 20
12.463003450839
 30
0.0
 10
-255.06236401449
 20
12.434225371814
 30
0.0
 10
-255.070056739608
 20
12.405790615349
 30
0.0
 10
-255.0801357575
 20
12.378351449874
 30
0.0
 10
-255.090172869429
 20
12.351026369388
 30
0.0
 10
-255.102652586184
 20
12.324480932876
 30
0.0
 10
-255.117290996047
 20
12.299319045108
 30
0.0
 10
-255.131871782256
 20
12.274256206343
 30
0.0
 10
-255.148704082918
 20
12.250377037745
 30
0.0
 10
-255.167407957584
 20
12.228220542401
 30
0.0
 10
-255.186040955891
 20
12.206148006757
 30
0.0
 10
-255.206670655383
 20
12.185619894726
 30
0.0
 10
-255.228834903044
 20
12.167096083528
 30
0.0
 10
-255.25091701256
 20
12.148640919437
 30
0.0
 10
-255.27468620421
 20
12.132038079182
 30
0.0
 10
-255.29961391056
 20
12.117656768448
 30
0.0
 10
-255.324449883782
 20
12.103328380457
 30
0.0
 10
-255.350618868357
 20
12.091099464405
 30
0.0
 10
-255.37754318299
 20
12.081239974061
 30
0.0
 10
-255.404367624221
 20
12.071417056639
 30
0.0
 10
-255.432138035838
 20
12.063874016463
 30
0.0
 10
-255.4602458997
 20
12.058776140129
 30
0.0
 10
-255.489629441119
 20
12.053446896287
 30
0.0
 10
-255.51961146796
 20
12.050750000013
 30
0.0
 10
-255.549474377166
 20
12.050750000013
 30
0.0
  0
LINE
  5
1ba
100
AcDbEntity
  8
lx
100
AcDbLine
 10
-255.049474377166
 20
12.550750000013
 30
0.0
 11
-255.049474377166
 21
25.549750000013
 31
0.0
  0
SPLINE
  5
1bb
100
AcDbEntity
  8
lx
100
AcDbSpline
 70
     8
 71
     3
 72
    32
 73
    28
 74
     0
 42
0.0000001
 43
0.0000001
 40
0.0
 40
0.0
 40
0.0
 40
0.0
 40
0.088088985466
 40
0.088088985466
 40
0.088088985466
 40
0.175784194189
 40
0.175784194189
 40
0.175784194189
 40
0.263114788797
 40
0.263114788797
 40
0.263114788797
 40
0.350101609183
 40
0.350101609183
 40
0.350101609183
 40
0.436758802197
 40
0.436758802197
 40
0.436758802197
 40
0.52309485365
 40
0.52309485365
 40
0.52309485365
 40
0.609113191317
 40
0.609113191317
 40
0.609113191317
 40
0.694812451443
 40
0.694812451443
 40
0.694812451443
 40
0.78440117906
 40
0.78440117906
 40
0.78440117906
 40
0.78440117906
 10
-255.549474377166
 20
26.049750000013
 30
0.0
 10
-255.520111382011
 20
26.049750000013
 30
0.0
 10
-255.49063512888
 20
26.047143333649
 30
0.0
 10
-255.461727827992
 20
26.041990330653
 30
0.0
 10
-255.432949748967
 20
26.036860362689
 30
0.0
 10
-255.404514992502
 20
26.029167637571
 30
0.0
 10
-255.377075827027
 20
26.019088619679
 30
0.0
 10
-255.349750746542
 20
26.00905150775
 30
0.0
 10
-255.323205310029
 20
25.996571790995
 30
0.0
 10
-255.298043422261
 20
25.981933381132
 30
0.0
 10
-255.272980583496
 20
25.967352594923
 30
0.0
 10
-255.249101414898
 20
25.950520294261
 30
0.0
 10
-255.226944919554
 20
25.931816419595
 30
0.0
 10
-255.20487238391
 20
25.913183421288
 30
0.0
 10
-255.184344271879
 20
25.892553721796
 30
0.0
 10
-255.165820460681
 20
25.870389474135
 30
0.0
 10
-255.14736529659
 20
25.84830736462
 30
0.0
 10
-255.130762456335
 20
25.824538172969
 30
0.0
 10
-255.116381145601
 20
25.79961046662
 30
0.0
 10
-255.102052757611
 20
25.774774493397
 30
0.0
 10
-255.089823841558
 20
25.748605508823
 30
0.0
 10
-255.079964351214
 20
25.721681194189
 30
0.0
 10
-255.070141433792
 20
25.694856752958
 30
0.0
 10
-255.062598393616
 20
25.667086341341
 30
0.0
 10
-255.057500517282
 20
25.638978477479
 30
0.0
 10
-255.05217127344
 20
25.60959493606
 30
0.0
 10
-255.049474377166
 20
25.579612909219
 30
0.0
 10
-255.049474377166
 20
25.549750000013
 30
0.0
  0
LINE
  5
1bc
100
AcDbEntity
  8
lx
100
AcDbLine
 10
-255.549474377166
 20
26.049750000013
 30
0.0
 11
-268.548474377166
 21
26.049750000013
 31
0.0
  0
SPLINE
  5
1bd
100
AcDbEntity
  8
lx
100
AcDbSpline
 70
     8
 71
     3
 72
    32
 73
    28
 74
     0
 42
0.0000001
 43
0.0000001
 40
0.0
 40
0.0
 40
0.0
 40
0.0
 40
0.088088985466
 40
0.088088985466
 40
0.088088985466
 40
0.175784194189
 40
0.175784194189
 40
0.175784194189
 40
0.263114788797
 40
0.263114788797
 40
0.263114788797
 40
0.350101609183
 40
0.350101609183
 40
0.350101609183
 40
0.436758802197
 40
0.436758802197
 40
0.436758802197
 40
0.52309485365
 40
0.52309485365
 40
0.52309485365
 40
0.609113191317
 40
0.609113191317
 40
0.609113191317
 40
0.694812451443
 40
0.694812451443
 40
0.694812451443
 40
0.78440117906
 40
0.78440117906
 40
0.78440117906
 40
0.78440117906
 10
-269.048474377166
 20
25.549750000013
 30
0.0
 10
-269.048474377166
 20
25.579112995168
 30
0.0
 10
-269.045867710802
 20
25.608589248299
 30
0.0
 10
-269.040714707806
 20
25.637496549187
 30
0.0
 10
-269.035584739843
 20
25.666274628212
 30
0.0
 10
-269.027892014724
 20
25.694709384677
 30
0.0
 10
-269.017812996832
 20
25.722148550152
 30
0.0
 10
-269.007775884903
 20
25.749473630637
 30
0.0
 10
-268.995296168148
 20
25.77601906715
 30
0.0
 10
-268.980657758285
 20
25.801180954918
 30
0.0
 10
-268.966076972076
 20
25.826243793683
 30
0.0
 10
-268.949244671414
 20
25.850122962281
 30
0.0
 10
-268.930540796748
 20
25.872279457625
 30
0.0
 10
-268.911907798441
 20
25.894351993269
 30
0.0
 10
-268.891278098949
 20
25.9148801053
 30
0.0
 10
-268.869113851288
 20
25.933403916498
 30
0.0
 10
-268.847031741773
 20
25.951859080589
 30
0.0
 10
-268.823262550122
 20
25.968461920844
 30
0.0
 10
-268.798334843773
 20
25.982843231578
 30
0.0
 10
-268.77349887055
 20
25.997171619568
 30
0.0
 10
-268.747329885976
 20
26.009400535621
 30
0.0
 10
-268.720405571342
 20
26.019260025965
 30
0.0
 10
-268.693581130112
 20
26.029082943387
 30
0.0
 10
-268.665810718494
 20
26.036625983563
 30
0.0
 10
-268.637702854632
 20
26.041723859897
 30
0.0
 10
-268.608319313214
 20
26.047053103739
 30
0.0
 10
-268.578337286372
 20
26.049750000013
 30
0.0
 10
-268.548474377166
 20
26.049750000013
 30
0.0
  0
LINE
  5
1be
100
AcDbEntity
  8
lx
100
AcDbLine
 10
-269.048474377166
 20
25.549750000013
 30
0.0
 11
-269.048474377166
 21
12.550750000013
 31
0.0
  0
SPLINE
  5
1bf
100
AcDbEntity
  8
lx
100
AcDbSpline
 70
     8
 71
     3
 72
    32
 73
    28
 74
     0
 42
0.0000001
 43
0.0000001
 40
0.0
 40
0.0
 40
0.0
 40
0.0
 40
0.088088985466
 40
0.088088985466
 40
0.088088985466
 40
0.175784194189
 40
0.175784194189
 40
0.175784194189
 40
0.263114788797
 40
0.263114788797
 40
0.263114788797
 40
0.350101609183
 40
0.350101609183
 40
0.350101609183
 40
0.436758802197
 40
0.436758802197
 40
0.436758802197
 40
0.52309485365
 40
0.52309485365
 40
0.52309485365
 40
0.609113191317
 40
0.609113191317
 40
0.609113191317
 40
0.694812451443
 40
0.694812451443
 40
0.694812451443
 40
0.78440117906
 40
0.78440117906
 40
0.78440117906
 40
0.78440117906
 10
-268.548474377166
 20
12.050750000013
 30
0.0
 10
-268.577837372321
 20
12.050750000013
 30
0.0
 10
-268.607313625452
 20
12.053356666377
 30
0.0
 10
-268.63622092634
 20
12.058509669373
 30
0.0
 10
-268.664999005365
 20
12.063639637336
 30
0.0
 10
-268.69343376183
 20
12.071332362455
 30
0.0
 10
-268.720872927305
 20
12.081411380347
 30
0.0
 10
-268.748198007791
 20
12.091448492276
 30
0.0
 10
-268.774743444303
 20
12.103928209031
 30
0.0
 10
-268.799905332071
 20
12.118566618894
 30
0.0
 10
-268.824968170836
 20
12.133147405103
 30
0.0
 10
-268.848847339434
 20
12.149979705765
 30
0.0
 10
-268.871003834778
 20
12.168683580431
 30
0.0
 10
-268.893076370422
 20
12.187316578738
 30
0.0
 10
-268.913604482453
 20
12.20794627823
 30
0.0
 10
-268.932128293651
 20
12.230110525891
 30
0.0
 10
-268.950583457742
 20
12.252192635406
 30
0.0
 10
-268.967186297997
 20
12.275961827057
 30
0.0
 10
-268.981567608731
 20
12.300889533406
 30
0.0
 10
-268.995895996722
 20
12.325725506629
 30
0.0
 10
-269.008124912774
 20
12.351894491203
 30
0.0
 10
-269.017984403118
 20
12.378818805837
 30
0.0
 10
-269.02780732054
 20
12.405643247068
 30
0.0
 10
-269.035350360716
 20
12.433413658685
 30
0.0
 10
-269.04044823705
 20
12.461521522547
 30
0.0
 10
-269.045777480892
 20
12.490905063966
 30
0.0
 10
-269.048474377166
 20
12.520887090807
 30
0.0
 10
-269.048474377166
 20
12.550750000013
 30
0.0
  0
SPLINE
  5
1c0
100
AcDbEntity
  8
lx
100
AcDbSpline
 70
     8
 71
     3
 72
    32
 73
    28
 74
     0
 42
0.0000001
 43
0.0000001
 40
0.0
 40
0.0
 40
0.0
 40
0.0
 40
0.088088985466
 40
0.088088985466
 40
0.088088985466
 40
0.17578419419
 40
0.17578419419
 40
0.17578419419
 40
0.263114788797
 40
0.263114788797
 40
0.263114788797
 40
0.350101609183
 40
0.350101609183
 40
0.350101609183
 40
0.436758802197
 40
0.436758802197
 40
0.436758802197
 40
0.52309485365
 40
0.52309485365
 40
0.52309485365
 40
0.609113191317
 40
0.609113191317
 40
0.609113191317
 40
0.694812451443
 40
0.694812451443
 40
0.694812451443
 40
0.78440117906
 40
0.78440117906
 40
0.78440117906
 40
0.78440117906
 10
-273.430074377166
 20
-6.9995
 30
0.0
 10
-273.459437372321
 20
-6.9995
 30
0.0
 10
-273.488913625452
 20
-6.996893333636
 30
0.0
 10
-273.51782092634
 20
-6.99174033064
 30
0.0
 10
-273.546599005365
 20
-6.986610362677
 30
0.0
 10
-273.57503376183
 20
-6.978917637558
 30
0.0
 10
-273.602472927305
 20
-6.968838619666
 30
0.0
 10
-273.62979800779
 20
-6.958801507737
 30
0.0
 10
-273.656343444303
 20
-6.946321790982
 30
0.0
 10
-273.681505332071
 20
-6.931683381119
 30
0.0
 10
-273.706568170836
 20
-6.91710259491
 30
0.0
 10
-273.730447339434
 20
-6.900270294248
 30
0.0
 10
-273.752603834778
 20
-6.881566419582
 30
0.0
 10
-273.774676370422
 20
-6.862933421275
 30
0.0
 10
-273.795204482453
 20
-6.842303721783
 30
0.0
 10
-273.813728293651
 20
-6.820139474122
 30
0.0
 10
-273.832183457742
 20
-6.798057364606
 30
0.0
 10
-273.848786297997
 20
-6.774288172956
 30
0.0
 10
-273.863167608731
 20
-6.749360466606
 30
0.0
 10
-273.877495996721
 20
-6.724524493384
 30
0.0
 10
-273.889724912774
 20
-6.698355508809
 30
0.0
 10
-273.899584403118
 20
-6.671431194176
 30
0.0
 10
-273.90940732054
 20
-6.644606752945
 30
0.0
 10
-273.916950360716
 20
-6.616836341328
 30
0.0
 10
-273.92204823705
 20
-6.588728477466
 30
0.0
 10
-273.927377480892
 20
-6.559344936047
 30
0.0
 10
-273.930074377166
 20
-6.529362909206
 30
0.0
 10
-273.930074377166
 20
-6.4995
 30
0.0
  0
LINE
  5
1c1
100
AcDbEntity
  8
lx
100
AcDbLine
 10
-273.430074377166
 20
-6.9995
 30
0.0
 11
-260.431074377166
 21
-6.9995
 31
0.0
  0
SPLINE
  5
1c2
100
AcDbEntity
  8
lx
100
AcDbSpline
 70
     8
 71
     3
 72
    32
 73
    28
 74
     0
 42
0.0000001
 43
0.0000001
 40
0.0
 40
0.0
 40
0.0
 40
0.0
 40
0.088088985466
 40
0.088088985466
 40
0.088088985466
 40
0.175784194189
 40
0.175784194189
 40
0.175784194189
 40
0.263114788797
 40
0.263114788797
 40
0.263114788797
 40
0.350101609183
 40
0.350101609183
 40
0.350101609183
 40
0.436758802197
 40
0.436758802197
 40
0.436758802197
 40
0.52309485365
 40
0.52309485365
 40
0.52309485365
 40
0.609113191317
 40
0.609113191317
 40
0.609113191317
 40
0.694812451443
 40
0.694812451443
 40
0.694812451443
 40
0.78440117906
 40
0.78440117906
 40
0.78440117906
 40
0.78440117906
 10
-259.931074377166
 20
-6.4995
 30
0.0
 10
-259.931074377166
 20
-6.528862995155
 30
0.0
 10
-259.93368104353
 20
-6.558339248286
 30
0.0
 10
-259.938834046526
 20
-6.587246549174
 30
0.0
 10
-259.943964014489
 20
-6.616024628199
 30
0.0
 10
-259.951656739608
 20
-6.644459384664
 30
0.0
 10
-259.9617357575
 20
-6.671898550139
 30
0.0
 10
-259.971772869429
 20
-6.699223630625
 30
0.0
 10
-259.984252586184
 20
-6.725769067137
 30
0.0
 10
-259.998890996047
 20
-6.750930954905
 30
0.0
 10
-260.013471782256
 20
-6.77599379367
 30
0.0
 10
-260.030304082918
 20
-6.799872962268
 30
0.0
 10
-260.049007957584
 20
-6.822029457612
 30
0.0
 10
-260.067640955891
 20
-6.844101993256
 30
0.0
 10
-260.088270655383
 20
-6.864630105287
 30
0.0
 10
-260.110434903044
 20
-6.883153916485
 30
0.0
 10
-260.132517012559
 20
-6.901609080576
 30
0.0
 10
-260.15628620421
 20
-6.918211920831
 30
0.0
 10
-260.181213910559
 20
-6.932593231565
 30
0.0
 10
-260.206049883782
 20
-6.946921619555
 30
0.0
 10
-260.232218868356
 20
-6.959150535608
 30
0.0
 10
-260.25914318299
 20
-6.969010025952
 30
0.0
 10
-260.28596762422
 20
-6.978832943374
 30
0.0
 10
-260.313738035838
 20
-6.98637598355
 30
0.0
 10
-260.3418458997
 20
-6.991473859884
 30
0.0
 10
-260.371229441118
 20
-6.996803103726
 30
0.0
 10
-260.40121146796
 20
-6.9995
 30
0.0
 10
-260.431074377166
 20
-6.9995
 30
0.0
  0
LINE
  5
1c3
100
AcDbEntity
  8
lx
100
AcDbLine
 10
-259.931074377166
 20
-6.4995
 30
0.0
 11
-259.931074377166
 21
6.4995
 31
0.0
  0
SPLINE
  5
1c4
100
AcDbEntity
  8
lx
100
AcDbSpline
 70
     8
 71
     3
 72
    32
 73
    28
 74
     0
 42
0.0000001
 43
0.0000001
 40
0.0
 40
0.0
 40
0.0
 40
0.0
 40
0.088088985466
 40
0.088088985466
 40
0.088088985466
 40
0.175784194189
 40
0.175784194189
 40
0.175784194189
 40
0.263114788797
 40
0.263114788797
 40
0.263114788797
 40
0.350101609183
 40
0.350101609183
 40
0.350101609183
 40
0.436758802197
 40
0.436758802197
 40
0.436758802197
 40
0.52309485365
 40
0.52309485365
 40
0.52309485365
 40
0.609113191317
 40
0.609113191317
 40
0.609113191317
 40
0.694812451443
 40
0.694812451443
 40
0.694812451443
 40
0.78440117906
 40
0.78440117906
 40
0.78440117906
 40
0.78440117906
 10
-260.431074377166
 20
6.9995
 30
0.0
 10
-260.40171138201
 20
6.9995
 30
0.0
 10
-260.37223512888
 20
6.996893333636
 30
0.0
 10
-260.343327827992
 20
6.99174033064
 30
0.0
 10
-260.314549748967
 20
6.986610362677
 30
0.0
 10
-260.286114992502
 20
6.978917637558
 30
0.0
 10
-260.258675827027
 20
6.968838619666
 30
0.0
 10
-260.231350746541
 20
6.958801507737
 30
0.0
 10
-260.204805310029
 20
6.946321790982
 30
0.0
 10
-260.179643422261
 20
6.931683381119
 30
0.0
 10
-260.154580583496
 20
6.91710259491
 30
0.0
 10
-260.130701414898
 20
6.900270294248
 30
0.0
 10
-260.108544919554
 20
6.881566419582
 30
0.0
 10
-260.08647238391
 20
6.862933421275
 30
0.0
 10
-260.065944271879
 20
6.842303721783
 30
0.0
 10
-260.047420460681
 20
6.820139474122
 30
0.0
 10
-260.02896529659
 20
6.798057364607
 30
0.0
 10
-260.012362456335
 20
6.774288172956
 30
0.0
 10
-259.997981145601
 20
6.749360466607
 30
0.0
 10
-259.98365275761
 20
6.724524493384
 30
0.0
 10
-259.971423841558
 20
6.69835550881
 30
0.0
 10
-259.961564351214
 20
6.671431194176
 30
0.0
 10
-259.951741433792
 20
6.644606752946
 30
0.0
 10
-259.944198393616
 20
6.616836341328
 30
0.0
 10
-259.939100517282
 20
6.588728477466
 30
0.0
 10
-259.93377127344
 20
6.559344936047
 30
0.0
 10
-259.931074377166
 20
6.529362909206
 30
0.0
 10
-259.931074377166
 20
6.4995
 30
0.0
  0
LINE
  5
1c5
100
AcDbEntity
  8
lx
100
AcDbLine
 10
-260.431074377166
 20
6.9995
 30
0.0
 11
-273.430074377166
 21
6.9995
 31
0.0
  0
SPLINE
  5
1c6
100
AcDbEntity
  8
lx
100
AcDbSpline
 70
     8
 71
     3
 72
    32
 73
    28
 74
     0
 42
0.0000001
 43
0.0000001
 40
0.0
 40
0.0
 40
0.0
 40
0.0
 40
0.088088985466
 40
0.088088985466
 40
0.088088985466
 40
0.175784194189
 40
0.175784194189
 40
0.175784194189
 40
0.263114788797
 40
0.263114788797
 40
0.263114788797
 40
0.350101609183
 40
0.350101609183
 40
0.350101609183
 40
0.436758802197
 40
0.436758802197
 40
0.436758802197
 40
0.52309485365
 40
0.52309485365
 40
0.52309485365
 40
0.609113191317
 40
0.609113191317
 40
0.609113191317
 40
0.694812451443
 40
0.694812451443
 40
0.694812451443
 40
0.78440117906
 40
0.78440117906
 40
0.78440117906
 40
0.78440117906
 10
-273.930074377166
 20
6.4995
 30
0.0
 10
-273.930074377166
 20
6.528862995155
 30
0.0
 10
-273.927467710802
 20
6.558339248286
 30
0.0
 10
-273.922314707805
 20
6.587246549174
 30
0.0
 10
-273.917184739842
 20
6.616024628199
 30
0.0
 10
-273.909492014724
 20
6.644459384664
 30
0.0
 10
-273.899412996832
 20
6.671898550139
 30
0.0
 10
-273.889375884903
 20
6.699223630625
 30
0.0
 10
-273.876896168148
 20
6.725769067137
 30
0.0
 10
-273.862257758285
 20
6.750930954905
 30
0.0
 10
-273.847676972076
 20
6.77599379367
 30
0.0
 10
-273.830844671414
 20
6.799872962268
 30
0.0
 10
-273.812140796748
 20
6.822029457612
 30
0.0
 10
-273.793507798441
 20
6.844101993256
 30
0.0
 10
-273.772878098949
 20
6.864630105287
 30
0.0
 10
-273.750713851288
 20
6.883153916485
 30
0.0
 10
-273.728631741772
 20
6.901609080576
 30
0.0
 10
-273.704862550122
 20
6.918211920831
 30
0.0
 10
-273.679934843772
 20
6.932593231565
 30
0.0
 10
-273.65509887055
 20
6.946921619556
 30
0.0
 10
-273.628929885975
 20
6.959150535608
 30
0.0
 10
-273.602005571342
 20
6.969010025952
 30
0.0
 10
-273.575181130111
 20
6.978832943374
 30
0.0
 10
-273.547410718494
 20
6.98637598355
 30
0.0
 10
-273.519302854632
 20
6.991473859884
 30
0.0
 10
-273.489919313213
 20
6.996803103726
 30
0.0
 10
-273.459937286372
 20
6.9995
 30
0.0
 10
-273.430074377166
 20
6.9995
 30
0.0
  0
LINE
  5
1c7
100
AcDbEntity
  8
lx
100
AcDbLine
 10
-273.930074377166
 20
6.4995
 30
0.0
 11
-273.930074377166
 21
-6.4995
 31
0.0
  0
SPLINE
  5
1c8
100
AcDbEntity
  8
lx
100
AcDbSpline
 70
     8
 71
     3
 72
    32
 73
    28
 74
     0
 42
0.0000001
 43
0.0000001
 40
0.0
 40
0.0
 40
0.0
 40
0.0
 40
0.088088985466
 40
0.088088985466
 40
0.088088985466
 40
0.175784194189
 40
0.175784194189
 40
0.175784194189
 40
0.263114788797
 40
0.263114788797
 40
0.263114788797
 40
0.350101609183
 40
0.350101609183
 40
0.350101609183
 40
0.436758802197
 40
0.436758802197
 40
0.436758802197
 40
0.52309485365
 40
0.52309485365
 40
0.52309485365
 40
0.609113191317
 40
0.609113191317
 40
0.609113191317
 40
0.694812451443
 40
0.694812451443
 40
0.694812451443
 40
0.78440117906
 40
0.78440117906
 40
0.78440117906
 40
0.78440117906
 10
-276.287574377166
 20
-26.049449999987
 30
0.0
 10
-276.316937372321
 20
-26.049449999987
 30
0.0
 10
-276.346413625452
 20
-26.046843333623
 30
0.0
 10
-276.37532092634
 20
-26.041690330627
 30
0.0
 10
-276.404099005365
 20
-26.036560362664
 30
0.0
 10
-276.43253376183
 20
-26.028867637545
 30
0.0
 10
-276.459972927305
 20
-26.018788619653
 30
0.0
 10
-276.48729800779
 20
-26.008751507724
 30
0.0
 10
-276.513843444303
 20
-25.996271790969
 30
0.0
 10
-276.539005332071
 20
-25.981633381106
 30
0.0
 10
-276.564068170836
 20
-25.967052594897
 30
0.0
 10
-276.587947339434
 20
-25.950220294235
 30
0.0
 10
-276.610103834778
 20
-25.931516419569
 30
0.0
 10
-276.632176370422
 20
-25.912883421262
 30
0.0
 10
-276.652704482453
 20
-25.89225372177
 30
0.0
 10
-276.671228293651
 20
-25.870089474109
 30
0.0
 10
-276.689683457742
 20
-25.848007364594
 30
0.0
 10
-276.706286297997
 20
-25.824238172943
 30
0.0
 10
-276.720667608731
 20
-25.799310466594
 30
0.0
 10
-276.734995996721
 20
-25.774474493371
 30
0.0
 10
-276.747224912774
 20
-25.748305508797
 30
0.0
 10
-276.757084403118
 20
-25.721381194163
 30
0.0
 10
-276.76690732054
 20
-25.694556752932
 30
0.0
 10
-276.774450360716
 20
-25.666786341315
 30
0.0
 10
-276.77954823705
 20
-25.638678477453
 30
0.0
 10
-276.784877480892
 20
-25.609294936034
 30
0.0
 10
-276.787574377166
 20
-25.579312909193
 30
0.0
 10
-276.787574377166
 20
-25.549449999987
 30
0.0
  0
LINE
  5
1c9
100
AcDbEntity
  8
lx
100
AcDbLine
 10
-276.287574377166
 20
-26.049449999987
 30
0.0
 11
-263.288574377166
 21
-26.049449999987
 31
0.0
  0
SPLINE
  5
1ca
100
AcDbEntity
  8
lx
100
AcDbSpline
 70
     8
 71
     3
 72
    32
 73
    28
 74
     0
 42
0.0000001
 43
0.0000001
 40
0.0
 40
0.0
 40
0.0
 40
0.0
 40
0.088088985466
 40
0.088088985466
 40
0.088088985466
 40
0.175784194189
 40
0.175784194189
 40
0.175784194189
 40
0.263114788797
 40
0.263114788797
 40
0.263114788797
 40
0.350101609183
 40
0.350101609183
 40
0.350101609183
 40
0.436758802197
 40
0.436758802197
 40
0.436758802197
 40
0.52309485365
 40
0.52309485365
 40
0.52309485365
 40
0.609113191317
 40
0.609113191317
 40
0.609113191317
 40
0.694812451443
 40
0.694812451443
 40
0.694812451443
 40
0.78440117906
 40
0.78440117906
 40
0.78440117906
 40
0.78440117906
 10
-262.788574377166
 20
-25.549449999987
 30
0.0
 10
-262.788574377166
 20
-25.578812995142
 30
0.0
 10
-262.79118104353
 20
-25.608289248273
 30
0.0
 10
-262.796334046526
 20
-25.637196549161
 30
0.0
 10
-262.801464014489
 20
-25.665974628186
 30
0.0
 10
-262.809156739608
 20
-25.694409384651
 30
0.0
 10
-262.8192357575
 20
-25.721848550126
 30
0.0
 10
-262.829272869429
 20
-25.749173630612
 30
0.0
 10
-262.841752586184
 20
-25.775719067124
 30
0.0
 10
-262.856390996047
 20
-25.800880954892
 30
0.0
 10
-262.870971782256
 20
-25.825943793657
 30
0.0
 10
-262.887804082918
 20
-25.849822962255
 30
0.0
 10
-262.906507957583
 20
-25.871979457599
 30
0.0
 10
-262.925140955891
 20
-25.894051993243
 30
0.0
 10
-262.945770655383
 20
-25.914580105274
 30
0.0
 10
-262.967934903044
 20
-25.933103916472
 30
0.0
 10
-262.990017012559
 20
-25.951559080563
 30
0.0
 10
-263.01378620421
 20
-25.968161920818
 30
0.0
 10
-263.038713910559
 20
-25.982543231552
 30
0.0
 10
-263.063549883782
 20
-25.996871619543
 30
0.0
 10
-263.089718868356
 20
-26.009100535595
 30
0.0
 10
-263.11664318299
 20
-26.018960025939
 30
0.0
 10
-263.14346762422
 20
-26.028782943361
 30
0.0
 10
-263.171238035838
 20
-26.036325983537
 30
0.0
 10
-263.1993458997
 20
-26.041423859871
 30
0.0
 10
-263.228729441119
 20
-26.046753103713
 30
0.0
 10
-263.25871146796
 20
-26.049449999987
 30
0.0
 10
-263.288574377166
 20
-26.049449999987
 30
0.0
  0
LINE
  5
1cb
100
AcDbEntity
  8
lx
100
AcDbLine
 10
-262.788574377166
 20
-25.549449999987
 30
0.0
 11
-262.788574377166
 21
-12.550449999987
 31
0.0
  0
SPLINE
  5
1cc
100
AcDbEntity
  8
lx
100
AcDbSpline
 70
     8
 71
     3
 72
    32
 73
    28
 74
     0
 42
0.0000001
 43
0.0000001
 40
0.0
 40
0.0
 40
0.0
 40
0.0
 40
0.088088985466
 40
0.088088985466
 40
0.088088985466
 40
0.175784194189
 40
0.175784194189
 40
0.175784194189
 40
0.263114788797
 40
0.263114788797
 40
0.263114788797
 40
0.350101609183
 40
0.350101609183
 40
0.350101609183
 40
0.436758802197
 40
0.436758802197
 40
0.436758802197
 40
0.52309485365
 40
0.52309485365
 40
0.52309485365
 40
0.609113191317
 40
0.609113191317
 40
0.609113191317
 40
0.694812451443
 40
0.694812451443
 40
0.694812451443
 40
0.78440117906
 40
0.78440117906
 40
0.78440117906
 40
0.78440117906
 10
-263.288574377166
 20
-12.050449999987
 30
0.0
 10
-263.25921138201
 20
-12.050449999987
 30
0.0
 10
-263.22973512888
 20
-12.053056666351
 30
0.0
 10
-263.200827827992
 20
-12.058209669347
 30
0.0
 10
-263.172049748967
 20
-12.06333963731
 30
0.0
 10
-263.143614992502
 20
-12.071032362429
 30
0.0
 10
-263.116175827027
 20
-12.081111380321
 30
0.0
 10
-263.088850746541
 20
-12.09114849225
 30
0.0
 10
-263.062305310029
 20
-12.103628209005
 30
0.0
 10
-263.037143422261
 20
-12.118266618868
 30
0.0
 10
-263.012080583496
 20
-12.132847405077
 30
0.0
 10
-262.988201414898
 20
-12.149679705739
 30
0.0
 10
-262.966044919554
 20
-12.168383580405
 30
0.0
 10
-262.94397238391
 20
-12.187016578712
 30
0.0
 10
-262.923444271879
 20
-12.207646278204
 30
0.0
 10
-262.904920460681
 20
-12.229810525865
 30
0.0
 10
-262.88646529659
 20
-12.25189263538
 30
0.0
 10
-262.869862456335
 20
-12.275661827031
 30
0.0
 10
-262.855481145601
 20
-12.30058953338
 30
0.0
 10
-262.84115275761
 20
-12.325425506603
 30
0.0
 10
-262.828923841558
 20
-12.351594491177
 30
0.0
 10
-262.819064351214
 20
-12.378518805811
 30
0.0
 10
-262.809241433792
 20
-12.405343247041
 30
0.0
 10
-262.801698393616
 20
-12.433113658659
 30
0.0
 10
-262.796600517282
 20
-12.461221522521
 30
0.0
 10
-262.79127127344
 20
-12.49060506394
 30
0.0
 10
-262.788574377166
 20
-12.520587090781
 30
0.0
 10
-262.788574377166
 20
-12.550449999987
 30
0.0
  0
LINE
  5
1cd
100
AcDbEntity
  8
lx
100
AcDbLine
 10
-263.288574377166
 20
-12.050449999987
 30
0.0
 11
-276.287574377166
 21
-12.050449999987
 31
0.0
  0
SPLINE
  5
1ce
100
AcDbEntity
  8
lx
100
AcDbSpline
 70
     8
 71
     3
 72
    32
 73
    28
 74
     0
 42
0.0000001
 43
0.0000001
 40
0.0
 40
0.0
 40
0.0
 40
0.0
 40
0.088088985466
 40
0.088088985466
 40
0.088088985466
 40
0.175784194189
 40
0.175784194189
 40
0.175784194189
 40
0.263114788797
 40
0.263114788797
 40
0.263114788797
 40
0.350101609183
 40
0.350101609183
 40
0.350101609183
 40
0.436758802197
 40
0.436758802197
 40
0.436758802197
 40
0.52309485365
 40
0.52309485365
 40
0.52309485365
 40
0.609113191317
 40
0.609113191317
 40
0.609113191317
 40
0.694812451443
 40
0.694812451443
 40
0.694812451443
 40
0.78440117906
 40
0.78440117906
 40
0.78440117906
 40
0.78440117906
 10
-276.787574377166
 20
-12.550449999987
 30
0.0
 10
-276.787574377166
 20
-12.521087004832
 30
0.0
 10
-276.784967710802
 20
-12.491610751701
 30
0.0
 10
-276.779814707805
 20
-12.462703450813
 30
0.0
 10
-276.774684739842
 20
-12.433925371788
 30
0.0
 10
-276.766992014724
 20
-12.405490615323
 30
0.0
 10
-276.756912996832
 20
-12.378051449848
 30
0.0
 10
-276.746875884903
 20
-12.350726369362
 30
0.0
 10
-276.734396168148
 20
-12.32418093285
 30
0.0
 10
-276.719757758285
 20
-12.299019045082
 30
0.0
 10
-276.705176972076
 20
-12.273956206317
 30
0.0
 10
-276.688344671414
 20
-12.250077037719
 30
0.0
 10
-276.669640796748
 20
-12.227920542375
 30
0.0
 10
-276.651007798441
 20
-12.205848006731
 30
0.0
 10
-276.630378098949
 20
-12.1853198947
 30
0.0
 10
-276.608213851288
 20
-12.166796083502
 30
0.0
 10
-276.586131741772
 20
-12.148340919411
 30
0.0
 10
-276.562362550122
 20
-12.131738079156
 30
0.0
 10
-276.537434843772
 20
-12.117356768422
 30
0.0
 10
-276.51259887055
 20
-12.103028380431
 30
0.0
 10
-276.486429885975
 20
-12.090799464379
 30
0.0
 10
-276.459505571342
 20
-12.080939974035
 30
0.0
 10
-276.432681130111
 20
-12.071117056613
 30
0.0
 10
-276.404910718494
 20
-12.063574016437
 30
0.0
 10
-276.376802854632
 20
-12.058476140103
 30
0.0
 10
-276.347419313213
 20
-12.053146896261
 30
0.0
 10
-276.317437286372
 20
-12.050449999987
 30
0.0
 10
-276.287574377166
 20
-12.050449999987
 30
0.0
  0
LINE
  5
1cf
100
AcDbEntity
  8
lx
100
AcDbLine
 10
-276.787574377166
 20
-12.550449999987
 30
0.0
 11
-276.787574377166
 21
-25.549449999987
 31
0.0
  0
SPLINE
  5
1d0
100
AcDbEntity
  8
lx
100
AcDbSpline
 70
     8
 71
     3
 72
    32
 73
    28
 74
     0
 42
0.0000001
 43
0.0000001
 40
0.0
 40
0.0
 40
0.0
 40
0.0
 40
0.088088985466
 40
0.088088985466
 40
0.088088985466
 40
0.175784194189
 40
0.175784194189
 40
0.175784194189
 40
0.263114788797
 40
0.263114788797
 40
0.263114788797
 40
0.350101609183
 40
0.350101609183
 40
0.350101609183
 40
0.436758802197
 40
0.436758802197
 40
0.436758802197
 40
0.52309485365
 40
0.52309485365
 40
0.52309485365
 40
0.609113191317
 40
0.609113191317
 40
0.609113191317
 40
0.694812451443
 40
0.694812451443
 40
0.694812451443
 40
0.78440117906
 40
0.78440117906
 40
0.78440117906
 40
0.78440117906
 10
-271.048074377166
 20
-45.09885
 30
0.0
 10
-271.077437372321
 20
-45.09885
 30
0.0
 10
-271.106913625452
 20
-45.096243333636
 30
0.0
 10
-271.13582092634
 20
-45.09109033064
 30
0.0
 10
-271.164599005365
 20
-45.085960362677
 30
0.0
 10
-271.19303376183
 20
-45.078267637558
 30
0.0
 10
-271.220472927305
 20
-45.068188619666
 30
0.0
 10
-271.24779800779
 20
-45.058151507737
 30
0.0
 10
-271.274343444303
 20
-45.045671790982
 30
0.0
 10
-271.299505332071
 20
-45.031033381119
 30
0.0
 10
-271.324568170836
 20
-45.01645259491
 30
0.0
 10
-271.348447339434
 20
-44.999620294248
 30
0.0
 10
-271.370603834778
 20
-44.980916419582
 30
0.0
 10
-271.392676370422
 20
-44.962283421275
 30
0.0
 10
-271.413204482453
 20
-44.941653721783
 30
0.0
 10
-271.431728293651
 20
-44.919489474122
 30
0.0
 10
-271.450183457742
 20
-44.897407364606
 30
0.0
 10
-271.466786297997
 20
-44.873638172956
 30
0.0
 10
-271.481167608731
 20
-44.848710466606
 30
0.0
 10
-271.495495996721
 20
-44.823874493384
 30
0.0
 10
-271.507724912774
 20
-44.79770550881
 30
0.0
 10
-271.517584403118
 20
-44.770781194176
 30
0.0
 10
-271.52740732054
 20
-44.743956752945
 30
0.0
 10
-271.534950360716
 20
-44.716186341328
 30
0.0
 10
-271.54004823705
 20
-44.688078477466
 30
0.0
 10
-271.545377480892
 20
-44.658694936047
 30
0.0
 10
-271.548074377166
 20
-44.628712909206
 30
0.0
 10
-271.548074377166
 20
-44.59885
 30
0.0
  0
LINE
  5
1d1
100
AcDbEntity
  8
lx
100
AcDbLine
 10
-271.048074377166
 20
-45.09885
 30
0.0
 11
-258.049074377166
 21
-45.09885
 31
0.0
  0
SPLINE
  5
1d2
100
AcDbEntity
  8
lx
100
AcDbSpline
 70
     8
 71
     3
 72
    32
 73
    28
 74
     0
 42
0.0000001
 43
0.0000001
 40
0.0
 40
0.0
 40
0.0
 40
0.0
 40
0.088088985466
 40
0.088088985466
 40
0.088088985466
 40
0.175784194189
 40
0.175784194189
 40
0.175784194189
 40
0.263114788797
 40
0.263114788797
 40
0.263114788797
 40
0.350101609183
 40
0.350101609183
 40
0.350101609183
 40
0.436758802197
 40
0.436758802197
 40
0.436758802197
 40
0.52309485365
 40
0.52309485365
 40
0.52309485365
 40
0.609113191317
 40
0.609113191317
 40
0.609113191317
 40
0.694812451443
 40
0.694812451443
 40
0.694812451443
 40
0.78440117906
 40
0.78440117906
 40
0.78440117906
 40
0.78440117906
 10
-257.549074377166
 20
-44.59885
 30
0.0
 10
-257.549074377166
 20
-44.628212995155
 30
0.0
 10
-257.55168104353
 20
-44.657689248286
 30
0.0
 10
-257.556834046526
 20
-44.686596549174
 30
0.0
 10
-257.561964014489
 20
-44.715374628199
 30
0.0
 10
-257.569656739608
 20
-44.743809384664
 30
0.0
 10
-257.5797357575
 20
-44.771248550139
 30
0.0
 10
-257.589772869429
 20
-44.798573630625
 30
0.0
 10
-257.602252586184
 20
-44.825119067137
 30
0.0
 10
-257.616890996047
 20
-44.850280954905
 30
0.0
 10
-257.631471782256
 20
-44.87534379367
 30
0.0
 10
-257.648304082918
 20
-44.899222962268
 30
0.0
 10
-257.667007957583
 20
-44.921379457612
 30
0.0
 10
-257.685640955891
 20
-44.943451993256
 30
0.0
 10
-257.706270655382
 20
-44.963980105287
 30
0.0
 10
-257.728434903044
 20
-44.982503916485
 30
0.0
 10
-257.750517012559
 20
-45.000959080576
 30
0.0
 10
-257.77428620421
 20
-45.017561920831
 30
0.0
 10
-257.799213910559
 20
-45.031943231565
 30
0.0
 10
-257.824049883782
 20
-45.046271619555
 30
0.0
 10
-257.850218868356
 20
-45.058500535608
 30
0.0
 10
-257.87714318299
 20
-45.068360025952
 30
0.0
 10
-257.90396762422
 20
-45.078182943374
 30
0.0
 10
-257.931738035837
 20
-45.08572598355
 30
0.0
 10
-257.9598458997
 20
-45.090823859884
 30
0.0
 10
-257.989229441118
 20
-45.096153103726
 30
0.0
 10
-258.01921146796
 20
-45.09885
 30
0.0
 10
-258.049074377166
 20
-45.09885
 30
0.0
  0
LINE
  5
1d3
100
AcDbEntity
  8
lx
100
AcDbLine
 10
-257.549074377166
 20
-44.59885
 30
0.0
 11
-257.549074377166
 21
-31.59985
 31
0.0
  0
SPLINE
  5
1d4
100
AcDbEntity
  8
lx
100
AcDbSpline
 70
     8
 71
     3
 72
    32
 73
    28
 74
     0
 42
0.0000001
 43
0.0000001
 40
0.0
 40
0.0
 40
0.0
 40
0.0
 40
0.088088985466
 40
0.088088985466
 40
0.088088985466
 40
0.175784194189
 40
0.175784194189
 40
0.175784194189
 40
0.263114788797
 40
0.263114788797
 40
0.263114788797
 40
0.350101609183
 40
0.350101609183
 40
0.350101609183
 40
0.436758802197
 40
0.436758802197
 40
0.436758802197
 40
0.52309485365
 40
0.52309485365
 40
0.52309485365
 40
0.609113191317
 40
0.609113191317
 40
0.609113191317
 40
0.694812451443
 40
0.694812451443
 40
0.694812451443
 40
0.78440117906
 40
0.78440117906
 40
0.78440117906
 40
0.78440117906
 10
-258.049074377166
 20
-31.09985
 30
0.0
 10
-258.01971138201
 20
-31.09985
 30
0.0
 10
-257.99023512888
 20
-31.102456666364
 30
0.0
 10
-257.961327827992
 20
-31.10760966936
 30
0.0
 10
-257.932549748967
 20
-31.112739637323
 30
0.0
 10
-257.904114992502
 20
-31.120432362442
 30
0.0
 10
-257.876675827027
 20
-31.130511380334
 30
0.0
 10
-257.849350746541
 20
-31.140548492263
 30
0.0
 10
-257.822805310029
 20
-31.153028209018
 30
0.0
 10
-257.797643422261
 20
-31.167666618881
 30
0.0
 10
-257.772580583496
 20
-31.18224740509
 30
0.0
 10
-257.748701414898
 20
-31.199079705752
 30
0.0
 10
-257.726544919554
 20
-31.217783580418
 30
0.0
 10
-257.70447238391
 20
-31.236416578725
 30
0.0
 10
-257.683944271878
 20
-31.257046278217
 30
0.0
 10
-257.66542046068
 20
-31.279210525878
 30
0.0
 10
-257.64696529659
 20
-31.301292635394
 30
0.0
 10
-257.630362456335
 20
-31.325061827044
 30
0.0
 10
-257.615981145601
 20
-31.349989533393
 30
0.0
 10
-257.60165275761
 20
-31.374825506616
 30
0.0
 10
-257.589423841558
 20
-31.40099449119
 30
0.0
 10
-257.579564351214
 20
-31.427918805824
 30
0.0
 10
-257.569741433792
 20
-31.454743247054
 30
0.0
 10
-257.562198393616
 20
-31.482513658672
 30
0.0
 10
-257.557100517282
 20
-31.510621522534
 30
0.0
 10
-257.55177127344
 20
-31.540005063953
 30
0.0
 10
-257.549074377166
 20
-31.569987090794
 30
0.0
 10
-257.549074377166
 20
-31.59985
 30
0.0
  0
LINE
  5
1d5
100
AcDbEntity
  8
lx
100
AcDbLine
 10
-258.049074377166
 20
-31.09985
 30
0.0
 11
-271.048074377166
 21
-31.09985
 31
0.0
  0
SPLINE
  5
1d6
100
AcDbEntity
  8
lx
100
AcDbSpline
 70
     8
 71
     3
 72
    32
 73
    28
 74
     0
 42
0.0000001
 43
0.0000001
 40
0.0
 40
0.0
 40
0.0
 40
0.0
 40
0.088088985466
 40
0.088088985466
 40
0.088088985466
 40
0.175784194189
 40
0.175784194189
 40
0.175784194189
 40
0.263114788797
 40
0.263114788797
 40
0.263114788797
 40
0.350101609183
 40
0.350101609183
 40
0.350101609183
 40
0.436758802197
 40
0.436758802197
 40
0.436758802197
 40
0.52309485365
 40
0.52309485365
 40
0.52309485365
 40
0.609113191317
 40
0.609113191317
 40
0.609113191317
 40
0.694812451443
 40
0.694812451443
 40
0.694812451443
 40
0.78440117906
 40
0.78440117906
 40
0.78440117906
 40
0.78440117906
 10
-271.548074377166
 20
-31.59985
 30
0.0
 10
-271.548074377166
 20
-31.570487004845
 30
0.0
 10
-271.545467710802
 20
-31.541010751714
 30
0.0
 10
-271.540314707805
 20
-31.512103450826
 30
0.0
 10
-271.535184739842
 20
-31.483325371801
 30
0.0
 10
-271.527492014724
 20
-31.454890615336
 30
0.0
 10
-271.517412996832
 20
-31.427451449861
 30
0.0
 10
-271.507375884903
 20
-31.400126369375
 30
0.0
 10
-271.494896168148
 20
-31.373580932863
 30
0.0
 10
-271.480257758285
 20
-31.348419045095
 30
0.0
 10
-271.465676972076
 20
-31.32335620633
 30
0.0
 10
-271.448844671414
 20
-31.299477037732
 30
0.0
 10
-271.430140796748
 20
-31.277320542388
 30
0.0
 10
-271.411507798441
 20
-31.255248006744
 30
0.0
 10
-271.390878098949
 20
-31.234719894713
 30
0.0
 10
-271.368713851288
 20
-31.216196083515
 30
0.0
 10
-271.346631741772
 20
-31.197740919424
 30
0.0
 10
-271.322862550122
 20
-31.181138079169
 30
0.0
 10
-271.297934843772
 20
-31.166756768435
 30
0.0
 10
-271.27309887055
 20
-31.152428380444
 30
0.0
 10
-271.246929885975
 20
-31.140199464392
 30
0.0
 10
-271.220005571342
 20
-31.130339974048
 30
0.0
 10
-271.193181130111
 20
-31.120517056626
 30
0.0
 10
-271.165410718494
 20
-31.11297401645
 30
0.0
 10
-271.137302854632
 20
-31.107876140116
 30
0.0
 10
-271.107919313213
 20
-31.102546896274
 30
0.0
 10
-271.077937286372
 20
-31.09985
 30
0.0
 10
-271.048074377166
 20
-31.09985
 30
0.0
  0
LINE
  5
1d7
100
AcDbEntity
  8
lx
100
AcDbLine
 10
-271.548074377166
 20
-31.59985
 30
0.0
 11
-271.548074377166
 21
-44.59885
 31
0.0
  0
SPLINE
  5
1d8
100
AcDbEntity
  8
lx
100
AcDbSpline
 70
     8
 71
     3
 72
    32
 73
    28
 74
     0
 42
0.0000001
 43
0.0000001
 40
0.0
 40
0.0
 40
0.0
 40
0.0
 40
0.088088985466
 40
0.088088985466
 40
0.088088985466
 40
0.175784194189
 40
0.175784194189
 40
0.175784194189
 40
0.263114788797
 40
0.263114788797
 40
0.263114788797
 40
0.350101609183
 40
0.350101609183
 40
0.350101609183
 40
0.436758802197
 40
0.436758802197
 40
0.436758802197
 40
0.52309485365
 40
0.52309485365
 40
0.52309485365
 40
0.609113191317
 40
0.609113191317
 40
0.609113191317
 40
0.694812451443
 40
0.694812451443
 40
0.694812451443
 40
0.78440117906
 40
0.78440117906
 40
0.78440117906
 40
0.78440117906
 10
-296.290374377166
 20
-56.528749999987
 30
0.0
 10
-296.319737372321
 20
-56.528749999987
 30
0.0
 10
-296.349213625452
 20
-56.526143333623
 30
0.0
 10
-296.37812092634
 20
-56.520990330627
 30
0.0
 10
-296.406899005365
 20
-56.515860362663
 30
0.0
 10
-296.43533376183
 20
-56.508167637545
 30
0.0
 10
-296.462772927305
 20
-56.498088619653
 30
0.0
 10
-296.49009800779
 20
-56.488051507724
 30
0.0
 10
-296.516643444303
 20
-56.475571790969
 30
0.0
 10
-296.541805332071
 20
-56.460933381106
 30
0.0
 10
-296.566868170836
 20
-56.446352594897
 30
0.0
 10
-296.590747339434
 20
-56.429520294235
 30
0.0
 10
-296.612903834778
 20
-56.410816419569
 30
0.0
 10
-296.634976370422
 20
-56.392183421262
 30
0.0
 10
-296.655504482453
 20
-56.37155372177
 30
0.0
 10
-296.674028293651
 20
-56.349389474109
 30
0.0
 10
-296.692483457742
 20
-56.327307364593
 30
0.0
 10
-296.709086297997
 20
-56.303538172943
 30
0.0
 10
-296.723467608731
 20
-56.278610466593
 30
0.0
 10
-296.737795996721
 20
-56.253774493371
 30
0.0
 10
-296.750024912774
 20
-56.227605508797
 30
0.0
 10
-296.759884403118
 20
-56.200681194163
 30
0.0
 10
-296.76970732054
 20
-56.173856752932
 30
0.0
 10
-296.777250360716
 20
-56.146086341315
 30
0.0
 10
-296.78234823705
 20
-56.117978477453
 30
0.0
 10
-296.787677480892
 20
-56.088594936034
 30
0.0
 10
-296.790374377166
 20
-56.058612909193
 30
0.0
 10
-296.790374377166
 20
-56.028749999987
 30
0.0
  0
LINE
  5
1d9
100
AcDbEntity
  8
lx
100
AcDbLine
 10
-296.290374377166
 20
-56.528749999987
 30
0.0
 11
-283.291374377166
 21
-56.528749999987
 31
0.0
  0
SPLINE
  5
1da
100
AcDbEntity
  8
lx
100
AcDbSpline
 70
     8
 71
     3
 72
    32
 73
    28
 74
     0
 42
0.0000001
 43
0.0000001
 40
0.0
 40
0.0
 40
0.0
 40
0.0
 40
0.088088985466
 40
0.088088985466
 40
0.088088985466
 40
0.175784194189
 40
0.175784194189
 40
0.175784194189
 40
0.263114788797
 40
0.263114788797
 40
0.263114788797
 40
0.350101609183
 40
0.350101609183
 40
0.350101609183
 40
0.436758802197
 40
0.436758802197
 40
0.436758802197
 40
0.52309485365
 40
0.52309485365
 40
0.52309485365
 40
0.609113191317
 40
0.609113191317
 40
0.609113191317
 40
0.694812451443
 40
0.694812451443
 40
0.694812451443
 40
0.78440117906
 40
0.78440117906
 40
0.78440117906
 40
0.78440117906
 10
-282.791374377166
 20
-56.028749999987
 30
0.0
 10
-282.791374377166
 20
-56.058112995142
 30
0.0
 10
-282.79398104353
 20
-56.087589248273
 30
0.0
 10
-282.799134046526
 20
-56.116496549161
 30
0.0
 10
-282.804264014489
 20
-56.145274628186
 30
0.0
 10
-282.811956739608
 20
-56.173709384651
 30
0.0
 10
-282.8220357575
 20
-56.201148550126
 30
0.0
 10
-282.832072869429
 20
-56.228473630611
 30
0.0
 10
-282.844552586184
 20
-56.255019067124
 30
0.0
 10
-282.859190996047
 20
-56.280180954892
 30
0.0
 10
-282.873771782256
 20
-56.305243793657
 30
0.0
 10
-282.890604082918
 20
-56.329122962255
 30
0.0
 10
-282.909307957583
 20
-56.351279457599
 30
0.0
 10
-282.927940955891
 20
-56.373351993243
 30
0.0
 10
-282.948570655383
 20
-56.393880105274
 30
0.0
 10
-282.970734903044
 20
-56.412403916472
 30
0.0
 10
-282.992817012559
 20
-56.430859080563
 30
0.0
 10
-283.01658620421
 20
-56.447461920818
 30
0.0
 10
-283.041513910559
 20
-56.461843231552
 30
0.0
 10
-283.066349883782
 20
-56.476171619542
 30
0.0
 10
-283.092518868356
 20
-56.488400535595
 30
0.0
 10
-283.11944318299
 20
-56.498260025939
 30
0.0
 10
-283.14626762422
 20
-56.508082943361
 30
0.0
 10
-283.174038035838
 20
-56.515625983537
 30
0.0
 10
-283.2021458997
 20
-56.520723859871
 30
0.0
 10
-283.231529441118
 20
-56.526053103713
 30
0.0
 10
-283.26151146796
 20
-56.528749999987
 30
0.0
 10
-283.291374377166
 20
-56.528749999987
 30
0.0
  0
LINE
  5
1db
100
AcDbEntity
  8
lx
100
AcDbLine
 10
-282.791374377166
 20
-56.028749999987
 30
0.0
 11
-282.791374377166
 21
-43.029749999987
 31
0.0
  0
SPLINE
  5
1dc
100
AcDbEntity
  8
lx
100
AcDbSpline
 70
     8
 71
     3
 72
    32
 73
    28
 74
     0
 42
0.0000001
 43
0.0000001
 40
0.0
 40
0.0
 40
0.0
 40
0.0
 40
0.088088985466
 40
0.088088985466
 40
0.088088985466
 40
0.175784194189
 40
0.175784194189
 40
0.175784194189
 40
0.263114788797
 40
0.263114788797
 40
0.263114788797
 40
0.350101609183
 40
0.350101609183
 40
0.350101609183
 40
0.436758802197
 40
0.436758802197
 40
0.436758802197
 40
0.52309485365
 40
0.52309485365
 40
0.52309485365
 40
0.609113191317
 40
0.609113191317
 40
0.609113191317
 40
0.694812451443
 40
0.694812451443
 40
0.694812451443
 40
0.78440117906
 40
0.78440117906
 40
0.78440117906
 40
0.78440117906
 10
-283.291374377166
 20
-42.529749999987
 30
0.0
 10
-283.26201138201
 20
-42.529749999987
 30
0.0
 10
-283.23253512888
 20
-42.532356666351
 30
0.0
 10
-283.203627827992
 20
-42.537509669347
 30
0.0
 10
-283.174849748967
 20
-42.54263963731
 30
0.0
 10
-283.146414992502
 20
-42.550332362429
 30
0.0
 10
-283.118975827027
 20
-42.560411380321
 30
0.0
 10
-283.091650746541
 20
-42.57044849225
 30
0.0
 10
-283.065105310029
 20
-42.582928209005
 30
0.0
 10
-283.039943422261
 20
-42.597566618868
 30
0.0
 10
-283.014880583496
 20
-42.612147405077
 30
0.0
 10
-282.991001414898
 20
-42.628979705739
 30
0.0
 10
-282.968844919554
 20
-42.647683580405
 30
0.0
 10
-282.94677238391
 20
-42.666316578712
 30
0.0
 10
-282.926244271878
 20
-42.686946278204
 30
0.0
 10
-282.90772046068
 20
-42.709110525865
 30
0.0
 10
-282.88926529659
 20
-42.731192635381
 30
0.0
 10
-282.872662456335
 20
-42.754961827031
 30
0.0
 10
-282.858281145601
 20
-42.779889533381
 30
0.0
 10
-282.84395275761
 20
-42.804725506603
 30
0.0
 10
-282.831723841558
 20
-42.830894491177
 30
0.0
 10
-282.821864351214
 20
-42.857818805811
 30
0.0
 10
-282.812041433792
 20
-42.884643247042
 30
0.0
 10
-282.804498393616
 20
-42.912413658659
 30
0.0
 10
-282.799400517282
 20
-42.940521522521
 30
0.0
 10
-282.79407127344
 20
-42.96990506394
 30
0.0
 10
-282.791374377166
 20
-42.999887090781
 30
0.0
 10
-282.791374377166
 20
-43.029749999987
 30
0.0
  0
LINE
  5
1dd
100
AcDbEntity
  8
lx
100
AcDbLine
 10
-283.291374377166
 20
-42.529749999987
 30
0.0
 11
-296.290374377166
 21
-42.529749999987
 31
0.0
  0
SPLINE
  5
1de
100
AcDbEntity
  8
lx
100
AcDbSpline
 70
     8
 71
     3
 72
    32
 73
    28
 74
     0
 42
0.0000001
 43
0.0000001
 40
0.0
 40
0.0
 40
0.0
 40
0.0
 40
0.088088985466
 40
0.088088985466
 40
0.088088985466
 40
0.175784194189
 40
0.175784194189
 40
0.175784194189
 40
0.263114788797
 40
0.263114788797
 40
0.263114788797
 40
0.350101609183
 40
0.350101609183
 40
0.350101609183
 40
0.436758802197
 40
0.436758802197
 40
0.436758802197
 40
0.52309485365
 40
0.52309485365
 40
0.52309485365
 40
0.609113191317
 40
0.609113191317
 40
0.609113191317
 40
0.694812451443
 40
0.694812451443
 40
0.694812451443
 40
0.78440117906
 40
0.78440117906
 40
0.78440117906
 40
0.78440117906
 10
-296.790374377166
 20
-43.029749999987
 30
0.0
 10
-296.790374377166
 20
-43.000387004831
 30
0.0
 10
-296.787767710802
 20
-42.970910751701
 30
0.0
 10
-296.782614707805
 20
-42.942003450813
 30
0.0
 10
-296.777484739842
 20
-42.913225371788
 30
0.0
 10
-296.769792014724
 20
-42.884790615323
 30
0.0
 10
-296.759712996832
 20
-42.857351449848
 30
0.0
 10
-296.749675884903
 20
-42.830026369362
 30
0.0
 10
-296.737196168148
 20
-42.80348093285
 30
0.0
 10
-296.722557758285
 20
-42.778319045082
 30
0.0
 10
-296.707976972076
 20
-42.753256206317
 30
0.0
 10
-296.691144671414
 20
-42.729377037719
 30
0.0
 10
-296.672440796748
 20
-42.707220542375
 30
0.0
 10
-296.653807798441
 20
-42.685148006731
 30
0.0
 10
-296.633178098949
 20
-42.6646198947
 30
0.0
 10
-296.611013851288
 20
-42.646096083502
 30
0.0
 10
-296.588931741772
 20
-42.627640919411
 30
0.0
 10
-296.565162550122
 20
-42.611038079156
 30
0.0
 10
-296.540234843772
 20
-42.596656768422
 30
0.0
 10
-296.51539887055
 20
-42.582328380431
 30
0.0
 10
-296.489229885976
 20
-42.570099464379
 30
0.0
 10
-296.462305571342
 20
-42.560239974035
 30
0.0
 10
-296.435481130111
 20
-42.550417056613
 30
0.0
 10
-296.407710718494
 20
-42.542874016437
 30
0.0
 10
-296.379602854632
 20
-42.537776140103
 30
0.0
 10
-296.350219313213
 20
-42.532446896261
 30
0.0
 10
-296.320237286372
 20
-42.529749999987
 30
0.0
 10
-296.290374377166
 20
-42.529749999987
 30
0.0
  0
LINE
  5
1df
100
AcDbEntity
  8
lx
100
AcDbLine
 10
-296.790374377166
 20
-43.029749999987
 30
0.0
 11
-296.790374377166
 21
-56.028749999987
 31
0.0
  0
LINE
  5
1e0
100
AcDbEntity
  8
lx
100
AcDbLine
 10
-142.070296247727
 20
-49.354614645995
 30
0.0
 11
-142.127293071986
 21
-49.453336041087
 31
0.0
  0
LINE
  5
1e1
100
AcDbEntity
  8
lx
100
AcDbLine
 10
-158.277293366371
 20
-77.425956981172
 30
0.0
 11
-158.313293122088
 21
-77.488310386884
 31
0.0
  0
LINE
  5
1e2
100
AcDbEntity
  8
lx
100
AcDbLine
 10
-238.277954616718
 20
-72.889013365853
 30
0.0
 11
-264.824144419091
 21
-75.697796885387
 31
0.0
  0
ARC
  5
1e3
100
AcDbEntity
  8
lx
100
AcDbCircle
 10
265.139804618434
 20
-72.714449999976
 30
0.0
 40
3.000000000024
210
-0.0
220
-0.0
230
-1.0
100
AcDbArc
 50
263.960154326529
 51
269.999999999948
  0
LINE
  5
1e4
100
AcDbEntity
  8
lx
100
AcDbLine
 10
-265.139804618431
 20
-75.714449999999
 30
0.0
 11
-296.441274377165
 21
-75.71445
 31
0.0
  0
ARC
  5
1e5
100
AcDbEntity
  8
lx
100
AcDbCircle
 10
296.441274377166
 20
-69.364450000001
 30
0.0
 40
6.349999999999
210
-0.0
220
-0.0
230
-1.0
100
AcDbArc
 50
269.999999999991
 51
0.0
  0
LINE
  5
1e6
100
AcDbEntity
  8
lx
100
AcDbLine
 10
-302.791274377165
 20
-69.364449999998
 30
0.0
 11
-302.791274377166
 21
-42.879349999987
 31
0.0
  0
ARC
  5
1e7
100
AcDbEntity
  8
lx
100
AcDbCircle
 10
296.441274377168
 20
-42.879349999987
 30
0.0
 40
6.349999999998
210
-0.0
220
-0.0
230
-1.0
100
AcDbArc
 50
360.0
 51
90.000000000025
  0
LINE
  5
1e8
100
AcDbEntity
  8
lx
100
AcDbLine
 10
-296.441274377165
 20
-36.529349999987
 30
0.0
 11
-292.056324377153
 21
-36.529349999987
 31
0.0
  0
ARC
  5
1e9
100
AcDbEntity
  8
lx
100
AcDbCircle
 10
-292.056324377153
 20
-35.0
 30
0.0
 40
1.529349999987
100
AcDbArc
 50
270.000000000002
 51
0.0
  0
LINE
  5
1ea
100
AcDbEntity
  8
lx
100
AcDbLine
 10
-290.526974377166
 20
-35.0
 30
0.0
 11
-290.526974377166
 21
4.512759355221
 31
0.0
  0
ARC
  5
1eb
100
AcDbEntity
  8
lx
100
AcDbCircle
 10
-293.876974377167
 20
4.512759355222
 30
0.0
 40
3.35
100
AcDbArc
 50
360.0
 51
65.58358484631
  0
ARC
  5
1ec
100
AcDbEntity
  8
lx
100
AcDbCircle
 10
285.979974377166
 20
21.908350000013
 30
0.0
 40
15.754166636656
210
-0.0
220
-0.0
230
-1.0
100
AcDbArc
 50
294.416415153682
 51
140.599295313762
  0
LINE
  5
1ed
100
AcDbEntity
  8
lx
100
AcDbLine
 10
-273.80632388212
 20
31.908150000013
 30
0.0
 11
-245.0
 21
31.908150000013
 31
0.0
  0
LINE
  5
1ee
100
AcDbEntity
  8
lx
100
AcDbLine
 10
-245.0
 20
31.908150000013
 30
0.0
 11
-245.0
 21
31.9
 31
0.0
  0
LINE
  5
1ef
100
AcDbEntity
  8
lx
100
AcDbLine
 10
-245.0
 20
31.9
 30
0.0
 11
-162.337671027321
 21
31.900000000001
 31
0.0
  0
LINE
  5
1f0
100
AcDbEntity
  8
lx
100
AcDbLine
 10
-162.337671027321
 20
31.900000000001
 30
0.0
 11
-160.200499999997
 21
31.900000000001
 31
0.0
  0
ARC
  5
1f1
100
AcDbEntity
  8
lx
100
AcDbCircle
 10
160.2005
 20
25.55
 30
0.0
 40
6.35
210
-0.0
220
-0.0
230
-1.0
100
AcDbArc
 50
90.000000000006
 51
149.486301208694
  0
ARC
  5
1f2
100
AcDbEntity
  8
lx
100
AcDbCircle
 10
160.200500000002
 20
25.55
 30
0.0
 40
6.350000000002
210
-0.0
220
-0.0
230
-1.0
100
AcDbArc
 50
149.4863012087
 51
180.0
  0
LINE
  5
1f3
100
AcDbEntity
  8
lx
100
AcDbLine
 10
-153.8505
 20
25.550000000001
 30
0.0
 11
-153.8505
 21
23.412828972683
 31
0.0
  0
LINE
  5
1f4
100
AcDbEntity
  8
lx
100
AcDbLine
 10
-153.8505
 20
23.412828972683
 30
0.0
 11
-153.8505
 21
-33.790730968522
 31
0.0
  0
SPLINE
  5
1f5
100
AcDbEntity
  8
lx
100
AcDbSpline
 70
    12
 71
     2
 72
     6
 73
     3
 74
     0
 42
0.0000001
 43
0.0000001
 40
6.892216871107
 40
6.892216871107
 40
6.892216871107
 40
7.655670939047
 40
7.655670939047
 40
7.655670939047
 41
1.0
 41
0.89771654985
 41
0.9516105319
 10
-153.8505
 20
-33.790730968522
 30
0.0
 10
-153.8505
 20
-35.41513313768
 30
0.0
 10
-152.120185536803
 20
-36.542061578105
 30
0.0
  0
SPLINE
  5
1f6
100
AcDbEntity
  8
lx
100
AcDbSpline
 70
    12
 71
     2
 72
     6
 73
     3
 74
     0
 42
0.0000001
 43
0.0000001
 40
8.58406639378
 40
8.58406639378
 40
8.58406639378
 40
8.82061232584
 40
8.82061232584
 40
8.82061232584
 41
0.9516105319
 41
0.968308854369
 41
1.0
 10
-152.120185536803
 20
-36.542061578105
 30
0.0
 10
-151.623155154701
 20
-36.865770178627
 30
0.0
 10
-151.025500008507
 20
-37.099073792052
 30
0.0
  0
LINE
  5
1f7
100
AcDbEntity
  8
lx
100
AcDbLine
 10
-151.025500008507
 20
-37.099073792052
 30
0.0
 11
-132.858275963108
 21
-47.587925527201
 31
0.0
  0
ARC
  5
1f8
100
AcDbEntity
  8
lx
100
AcDbCircle
 10
136.033275972668
 20
-53.087186835713
 30
0.0
 40
6.35
210
-0.0
220
-0.0
230
-1.0
100
AcDbArc
 50
120.000000099606
 51
210.000000099607
  0
LINE
  5
1f9
100
AcDbEntity
  8
lx
100
AcDbLine
 10
-130.534014664157
 20
-56.262186845273
 30
0.0
 11
-146.55851471241
 21
-84.017434983302
 31
0.0
  0
ARC
  5
1fa
100
AcDbEntity
  8
lx
100
AcDbCircle
 10
152.05777602092
 20
-80.842434973743
 30
0.0
 40
6.35
210
-0.0
220
-0.0
230
-1.0
100
AcDbArc
 50
210.000000099605
 51
300.000000099615
  0
LINE
  5
1fb
100
AcDbEntity
  8
lx
100
AcDbLine
 10
-155.232776030481
 20
-86.341696282253
 30
0.0
 11
-169.424329770575
 21
-78.148198877295
 31
0.0
  0
ARC
  5
1fc
100
AcDbEntity
  8
lx
100
AcDbCircle
 10
-172.249329779098
 20
-83.041242403797
 30
0.0
 40
5.650000000035
100
AcDbArc
 50
59.999999900404
 51
74.999999999922
  0
LINE
  5
1fd
100
AcDbEntity
  8
lx
100
AcDbLine
 10
-170.787002174252
 20
-77.583761485232
 30
0.0
 11
-187.706599365905
 21
-73.050169081467
 31
0.0
  0
ARC
  5
1fe
100
AcDbEntity
  8
lx
100
AcDbCircle
 10
-189.168926970734
 20
-78.507649999999
 30
0.0
 40
5.649999999999
100
AcDbArc
 50
74.999999999995
 51
90.000000000023
  0
LINE
  5
1ff
100
AcDbEntity
  8
lx
100
AcDbLine
 10
-189.168926970737
 20
-72.85765
 30
0.0
 11
-237.683461241289
 21
-72.85765
 31
0.0
  0
ARC
  5
200
100
AcDbEntity
  8
lx
100
AcDbCircle
 10
-237.683461241288
 20
-78.507650000056
 30
0.0
 40
5.650000000056
100
AcDbArc
 50
90.000000000005
 51
96.039845673475
  0
LINE
  5
201
100
AcDbEntity
  8
lx
100
AcDbLine
 10
-265.139804618431
 20
-72.714449999999
 30
0.0
 11
-271.574000000001
 21
-72.714449999999
 31
0.0
  0
LINE
  5
202
100
AcDbEntity
  8
lx
100
AcDbLine
 10
-238.593614816052
 20
-69.905666480465
 30
0.0
 11
-265.139804618432
 21
-72.714449999999
 31
0.0
  0
ARC
  5
203
100
AcDbEntity
  8
lx
100
AcDbCircle
 10
-237.683461241286
 20
-78.507650000192
 30
0.0
 40
8.650000000191
100
AcDbArc
 50
90.000000000027
 51
96.03984567335
  0
LINE
  5
204
100
AcDbEntity
  8
lx
100
AcDbLine
 10
-189.168926970737
 20
-69.85765
 30
0.0
 11
-237.68346124129
 21
-69.85765
 31
0.0
  0
ARC
  5
205
100
AcDbEntity
  8
lx
100
AcDbCircle
 10
-189.168926970735
 20
-78.507650000004
 30
0.0
 40
8.650000000004
100
AcDbArc
 50
74.999999999997
 51
90.000000000012
  0
LINE
  5
206
100
AcDbEntity
  8
lx
100
AcDbLine
 10
-170.010545038943
 20
-74.685984006365
 30
0.0
 11
-186.930142230597
 21
-70.1523916026
 31
0.0
  0
ARC
  5
207
100
AcDbEntity
  8
lx
100
AcDbCircle
 10
-172.249329779081
 20
-83.041242403765
 30
0.0
 40
8.649999999999
100
AcDbArc
 50
59.999999900391
 51
74.999999999991
  0
LINE
  5
208
100
AcDbEntity
  8
lx
100
AcDbLine
 10
-153.732776025964
 20
-83.743620073508
 30
0.0
 11
-167.924329766058
 21
-75.550122668549
 31
0.0
  0
ARC
  5
209
100
AcDbEntity
  8
lx
100
AcDbCircle
 10
152.05777602092
 20
-80.842434973742
 30
0.0
 40
3.35
210
-0.0
220
-0.0
230
-1.0
100
AcDbArc
 50
210.000000099607
 51
300.000000099608
  0
LINE
  5
20a
100
AcDbEntity
  8
lx
100
AcDbLine
 10
-133.132090872902
 20
-54.762186840756
 30
0.0
 11
-149.156590921154
 21
-82.517434978786
 31
0.0
  0
ARC
  5
20b
100
AcDbEntity
  8
lx
100
AcDbCircle
 10
136.033275972668
 20
-53.087186835712
 30
0.0
 40
3.35
210
-0.0
220
-0.0
230
-1.0
100
AcDbArc
 50
120.000000099605
 51
210.000000099612
  0
LINE
  5
20c
100
AcDbEntity
  8
lx
100
AcDbLine
 10
-147.964422623961
 20
-42.330489269738
 30
0.0
 11
-134.358275967624
 21
-50.186001735947
 31
0.0
  0
LINE
  5
20d
100
AcDbEntity
  8
lx
100
AcDbLine
 10
-147.964422623962
 20
-42.330489269739
 30
0.0
 11
-152.525500013023
 21
-39.697150000798
 31
0.0
  0
ARC
  5
20e
100
AcDbEntity
  8
lx
100
AcDbCircle
 10
148.2005
 20
-32.206030265581
 30
0.0
 40
8.65
210
-0.0
220
-0.0
230
-1.0
100
AcDbArc
 50
300.000000099608
 51
0.0
  0
LINE
  5
20f
100
AcDbEntity
  8
lx
100
AcDbLine
 10
-156.8505
 20
-32.206030265581
 30
0.0
 11
-156.8505
 21
19.747629794643
 31
0.0
  0
LINE
  5
210
100
AcDbEntity
  8
lx
100
AcDbLine
 10
-156.8505
 20
19.747629794643
 30
0.0
 11
-156.8505
 21
25.55
 31
0.0
  0
ARC
  5
211
100
AcDbEntity
  8
lx
100
AcDbCircle
 10
-160.200500000001
 20
25.55
 30
0.0
 40
3.350000000001
100
AcDbArc
 50
0.0
 51
89.999999999979
  0
LINE
  5
212
100
AcDbEntity
  8
lx
100
AcDbLine
 10
-166.002870205358
 20
28.900000000001
 30
0.0
 11
-160.2005
 21
28.900000000001
 31
0.0
  0
LINE
  5
213
100
AcDbEntity
  8
lx
100
AcDbLine
 10
-271.574
 20
28.900000000001
 30
0.0
 11
-166.002870205358
 21
28.900000000001
 31
0.0
  0
LINE
  5
214
100
AcDbEntity
  8
lx
100
AcDbLine
 10
-271.574
 20
28.900000000001
 30
0.0
 11
-271.574
 21
28.908150000013
 31
0.0
  0
LINE
  5
215
100
AcDbEntity
  8
lx
100
AcDbLine
 10
-271.574
 20
28.908150000013
 30
0.0
 11
-272.314249996762
 21
28.908150000013
 31
0.0
  0
ARC
  5
216
100
AcDbEntity
  8
lx
100
AcDbCircle
 10
272.314249996763
 20
35.258150000013
 30
0.0
 40
6.35
210
-0.0
220
-0.0
230
-1.0
100
AcDbArc
 50
269.999999999996
 51
315.6699965665
  0
ARC
  5
217
100
AcDbEntity
  8
lx
100
AcDbCircle
 10
-285.979974377166
 20
21.908350000013
 30
0.0
 40
12.754166636657
100
AcDbArc
 50
44.330003433505
 51
245.583584846316
  0
ARC
  5
218
100
AcDbEntity
  8
lx
100
AcDbCircle
 10
293.876974377166
 20
4.512759355221
 30
0.0
 40
6.350000000001
210
-0.0
220
-0.0
230
-1.0
100
AcDbArc
 50
114.416415153683
 51
180.0
  0
LINE
  5
219
100
AcDbEntity
  8
lx
100
AcDbLine
 10
-287.526974377166
 20
4.512759355223
 30
0.0
 11
-287.526974377166
 21
-36.179349999987
 31
0.0
  0
ARC
  5
21a
100
AcDbEntity
  8
lx
100
AcDbCircle
 10
290.876974377165
 20
-36.179349999987
 30
0.0
 40
3.349999999999
210
-0.0
220
-0.0
230
-1.0
100
AcDbArc
 50
180.0
 51
270.000000000021
  0
LINE
  5
21b
100
AcDbEntity
  8
lx
100
AcDbLine
 10
-290.876974377166
 20
-39.529349999987
 30
0.0
 11
-296.441274377166
 21
-39.529349999987
 31
0.0
  0
ARC
  5
21c
100
AcDbEntity
  8
lx
100
AcDbCircle
 10
-296.441274377166
 20
-42.879349999988
 30
0.0
 40
3.350000000001
100
AcDbArc
 50
90.000000000006
 51
180.0
  0
LINE
  5
21d
100
AcDbEntity
  8
lx
100
AcDbLine
 10
-299.791274377166
 20
-42.879349999987
 30
0.0
 11
-299.791274377166
 21
-69.364449999999
 31
0.0
  0
ARC
  5
21e
100
AcDbEntity
  8
lx
100
AcDbCircle
 10
-296.441274377165
 20
-69.364449999999
 30
0.0
 40
3.35
100
AcDbArc
 50
180.0
 51
269.999999999995
  0
LINE
  5
21f
100
AcDbEntity
  8
lx
100
AcDbLine
 10
-296.441274377166
 20
-72.714449999999
 30
0.0
 11
-271.574
 21
-72.714449999999
 31
0.0
  0
ENDSEC
  0
SECTION
  2
OBJECTS
  0
DICTIONARY
  5
C
330
0
100
AcDbDictionary
281
     1
  3
ACAD_2007HEADERVARS_RT
350
AA
  3
ACAD_COLOR
350
6B
  3
ACAD_GROUP
350
D
  3
ACAD_LAYOUT
350
6A
  3
ACAD_MATERIAL
350
10
  3
ACAD_MLEADERSTYLE
350
6E
  3
ACAD_MLINESTYLE
350
67
  3
ACAD_PLOTSETTINGS
350
69
  3
ACAD_PLOTSTYLENAME
350
E
  3
ACAD_SCALELIST
350
3A
  3
ACAD_TABLESTYLE
350
6C
  3
ACAD_VISUALSTYLE
350
29
  3
ACDB_RECOMPOSE_DATA
350
A8
  3
AcDbVariableDictionary
350
9C
  3
DWGPROPS
350
A9
  0
DICTIONARY
  5
9A
330
5C
100
AcDbDictionary
280
     1
281
     1
  3
ADSK_XREC_LAYER_RECONCILED
360
9B
  0
DICTIONARY
  5
AA
102
{ACAD_REACTORS
330
C
102
}
330
C
100
AcDbDictionary
281
     1
  3
DIMJOGANG
350
AB
  0
DICTIONARY
  5
6B
102
{ACAD_REACTORS
330
C
102
}
330
C
100
AcDbDictionary
281
     1
  0
DICTIONARY
  5
D
102
{ACAD_REACTORS
330
C
102
}
330
C
100
AcDbDictionary
281
     1
  0
DICTIONARY
  5
6A
102
{ACAD_REACTORS
330
C
102
}
330
C
100
AcDbDictionary
281
     1
  3
Layout1
350
74
  3
Layout2
350
7C
  3
Model
350
78
  0
DICTIONARY
  5
10
102
{ACAD_REACTORS
330
C
102
}
330
C
100
AcDbDictionary
281
     1
  3
ByBlock
350
19
  3
ByLayer
350
11
  3
Global
350
21
  0
DICTIONARY
  5
6E
102
{ACAD_REACTORS
330
C
102
}
330
C
100
AcDbDictionary
281
     1
  3
Standard
350
6F
  0
DICTIONARY
  5
67
102
{ACAD_REACTORS
330
C
102
}
330
C
100
AcDbDictionary
281
     1
  3
Standard
350
68
  0
DICTIONARY
  5
69
102
{ACAD_REACTORS
330
C
102
}
330
C
100
AcDbDictionary
281
     1
  0
ACDBDICTIONARYWDFLT
  5
E
102
{ACAD_REACTORS
330
C
102
}
330
C
100
AcDbDictionary
281
     1
  3
Normal
350
F
100
AcDbDictionaryWithDefault
340
F
  0
DICTIONARY
  5
3A
102
{ACAD_REACTORS
330
C
102
}
330
C
100
AcDbDictionary
281
     1
  3
A0
350
3B
  3
A1
350
3C
  3
A2
350
3D
  3
A3
350
3E
  3
A4
350
3F
  3
A5
350
40
  3
A6
350
41
  3
A7
350
42
  3
A8
350
43
  3
A9
350
44
  3
B0
350
45
  3
B1
350
46
  3
B2
350
47
  3
B3
350
48
  3
B4
350
49
  3
B5
350
4A
  3
B6
350
4B
  3
B7
350
4C
  3
B8
350
4D
  3
B9
350
4E
  3
C0
350
4F
  3
C1
350
50
  3
C2
350
51
  3
C3
350
52
  3
C4
350
53
  3
C5
350
54
  3
C6
350
55
  3
C7
350
56
  3
C8
350
57
  3
C9
350
58
  3
D0
350
59
  3
D1
350
5A
  3
D2
350
5B
  0
DICTIONARY
  5
6C
102
{ACAD_REACTORS
330
C
102
}
330
C
100
AcDbDictionary
281
     1
  3
Standard
350
6D
  0
DICTIONARY
  5
29
102
{ACAD_REACTORS
330
C
102
}
330
C
100
AcDbDictionary
281
     1
  3
2dWireframe
350
2F
  3
3D Hidden
350
31
  3
3dWireframe
350
30
  3
Basic
350
2E
  3
Brighten
350
35
  3
ColorChange
350
39
  3
Conceptual
350
32
  3
Dim
350
34
  3
Facepattern
350
38
  3
Flat
350
2A
  3
FlatWithEdges
350
2B
  3
Gouraud
350
2C
  3
GouraudWithEdges
350
2D
  3
Linepattern
350
37
  3
Realistic
350
33
  3
Thicken
350
36
  0
XRECORD
  5
A8
102
{ACAD_REACTORS
330
C
102
}
330
C
100
AcDbXrecord
280
     1
 90
     1
330
6D
  0
DICTIONARY
  5
9C
102
{ACAD_REACTORS
330
C
102
}
330
C
100
AcDbDictionary
281
     1
  3
CANNOSCALE
350
A0
  3
CMLEADERSTYLE
350
9E
  3
CTABLESTYLE
350
9D
  3
DIMASSOC
350
A5
  3
HIDETEXT
350
A4
  3
INDEXCTL
350
A3
  3
LIGHTINGUNITS
350
A1
  3
MSLTSCALE
350
9F
  3
SORTENTS
350
A2
  0
XRECORD
  5
A9
102
{ACAD_REACTORS
330
C
102
}
330
C
100
AcDbXrecord
280
     1
  1
DWGPROPS COOKIE
  2

  3

  4

  6

  7

  8
Michael
  9

300
=
301
=
302
=
303
=
304
=
305
=
306
=
307
=
308
=
309
=
 40
0.002929872685
 41
2456236.994979560841
 42
2456236.997909063008
  1

 90
     0
  0
XRECORD
  5
9B
102
{ACAD_REACTORS
330
9A
102
}
330
9A
100
AcDbXrecord
280
     1
290
1
  0
XRECORD
  5
AB
102
{ACAD_REACTORS
330
AA
102
}
330
AA
100
AcDbXrecord
280
     1
 40
1.570796326795
  0
LAYOUT
  5
74
102
{ACAD_XDICTIONARY
360
B1
102
}
102
{ACAD_REACTORS
330
6A
102
}
330
6A
100
AcDbPlotSettings
  1

  2
Auto Canon Bubble-Jet BJC-1000 on MGIBSON-HOME
  4

  6

 40
0.0
 41
0.0
 42
0.0
 43
0.0
 44
0.0
 45
0.0
 46
0.0
 47
0.0
 48
0.0
 49
0.0
140
0.0
141
0.0
142
1.0
143
1.0
 70
   688
 72
     0
 73
     0
 74
     5
  7

 75
    16
147
1.0
148
0.0
149
0.0
100
AcDbLayout
  1
Layout1
 70
     1
 71
     1
 10
0.0
 20
0.0
 11
420.0
 21
297.0
 12
0.0
 22
0.0
 32
0.0
 14
100000000000000000000.0
 24
100000000000000000000.0
 34
100000000000000000000.0
 15
-100000000000000000000.0
 25
-100000000000000000000.0
 35
-100000000000000000000.0
146
0.0
 13
0.0
 23
0.0
 33
0.0
 16
1.0
 26
0.0
 36
0.0
 17
0.0
 27
1.0
 37
0.0
 76
     0
330
71
  0
LAYOUT
  5
7C
102
{ACAD_XDICTIONARY
360
B5
102
}
102
{ACAD_REACTORS
330
6A
102
}
330
6A
100
AcDbPlotSettings
  1

  2
Auto Canon Bubble-Jet BJC-1000 on MGIBSON-HOME
  4

  6

 40
0.0
 41
0.0
 42
0.0
 43
0.0
 44
0.0
 45
0.0
 46
0.0
 47
0.0
 48
0.0
 49
0.0
140
0.0
141
0.0
142
1.0
143
1.0
 70
   688
 72
     0
 73
     0
 74
     5
  7

 75
    16
147
1.0
148
0.0
149
0.0
100
AcDbLayout
  1
Layout2
 70
     1
 71
     2
 10
0.0
 20
0.0
 11
12.0
 21
9.0
 12
0.0
 22
0.0
 32
0.0
 14
0.0
 24
0.0
 34
0.0
 15
0.0
 25
0.0
 35
0.0
146
0.0
 13
0.0
 23
0.0
 33
0.0
 16
1.0
 26
0.0
 36
0.0
 17
0.0
 27
1.0
 37
0.0
 76
     0
330
79
  0
LAYOUT
  5
78
102
{ACAD_XDICTIONARY
360
B3
102
}
102
{ACAD_REACTORS
330
6A
102
}
330
6A
100
AcDbPlotSettings
  1

  2
Auto Canon Bubble-Jet BJC-1000 on MGIBSON-HOME
  4

  6

 40
0.0
 41
0.0
 42
0.0
 43
0.0
 44
0.0
 45
0.0
 46
0.0
 47
0.0
 48
0.0
 49
0.0
140
0.0
141
0.0
142
1.0
143
1.0
 70
  1712
 72
     0
 73
     0
 74
     0
  7

 75
     0
147
1.0
148
0.0
149
0.0
100
AcDbLayout
  1
Model
 70
     1
 71
     0
 10
0.0
 20
0.0
 11
12.0
 21
9.0
 12
0.0
 22
0.0
 32
0.0
 14
0.0
 24
0.0
 34
0.0
 15
0.0
 25
0.0
 35
0.0
146
0.0
 13
0.0
 23
0.0
 33
0.0
 16
1.0
 26
0.0
 36
0.0
 17
0.0
 27
1.0
 37
0.0
 76
     0
330
75
331
5F
  0
MATERIAL
  5
19
102
{ACAD_XDICTIONARY
360
1A
102
}
102
{ACAD_REACTORS
330
10
102
}
330
10
100
AcDbMaterial
  1
ByBlock
 72
     0
 43
0.020833333333
 43
0.0
 43
0.0
 43
0.0
 43
0.0
 43
0.020833333333
 43
0.0
 43
0.0
 43
0.0
 43
0.0
 43
1.0
 43
0.0
 43
0.0
 43
0.0
 43
0.0
 43
1.0
 77
     0
 47
0.020833333333
 47
0.0
 47
0.0
 47
0.0
 47
0.0
 47
0.020833333333
 47
0.0
 47
0.0
 47
0.0
 47
0.0
 47
1.0
 47
0.0
 47
0.0
 47
0.0
 47
0.0
 47
1.0
171
     0
 49
0.020833333333
 49
0.0
 49
0.0
 49
0.0
 49
0.0
 49
0.020833333333
 49
0.0
 49
0.0
 49
0.0
 49
0.0
 49
1.0
 49
0.0
 49
0.0
 49
0.0
 49
0.0
 49
1.0
175
     0
142
0.020833333333
142
0.0
142
0.0
142
0.0
142
0.0
142
0.020833333333
142
0.0
142
0.0
142
0.0
142
0.0
142
1.0
142
0.0
142
0.0
142
0.0
142
0.0
142
1.0
179
0
144
0.020833333333
144
0.0
144
0.0
144
0.0
144
0.0
144
0.020833333333
144
0.0
144
0.0
144
0.0
144
0.0
144
1.0
144
0.0
144
0.0
144
0.0
144
0.0
144
1.0
147
0.020833333333
147
0.0
147
0.0
147
0.0
147
0.0
147
0.020833333333
147
0.0
147
0.0
147
0.0
147
0.0
147
1.0
147
0.0
147
0.0
147
0.0
147
0.0
147
1.0
  0
MATERIAL
  5
11
102
{ACAD_XDICTIONARY
360
12
102
}
102
{ACAD_REACTORS
330
10
102
}
330
10
100
AcDbMaterial
  1
ByLayer
 72
     0
 43
0.020833333333
 43
0.0
 43
0.0
 43
0.0
 43
0.0
 43
0.020833333333
 43
0.0
 43
0.0
 43
0.0
 43
0.0
 43
1.0
 43
0.0
 43
0.0
 43
0.0
 43
0.0
 43
1.0
 77
     0
 47
0.020833333333
 47
0.0
 47
0.0
 47
0.0
 47
0.0
 47
0.020833333333
 47
0.0
 47
0.0
 47
0.0
 47
0.0
 47
1.0
 47
0.0
 47
0.0
 47
0.0
 47
0.0
 47
1.0
171
     0
 49
0.020833333333
 49
0.0
 49
0.0
 49
0.0
 49
0.0
 49
0.020833333333
 49
0.0
 49
0.0
 49
0.0
 49
0.0
 49
1.0
 49
0.0
 49
0.0
 49
0.0
 49
0.0
 49
1.0
175
     0
142
0.020833333333
142
0.0
142
0.0
142
0.0
142
0.0
142
0.020833333333
142
0.0
142
0.0
142
0.0
142
0.0
142
1.0
142
0.0
142
0.0
142
0.0
142
0.0
142
1.0
179
0
144
0.020833333333
144
0.0
144
0.0
144
0.0
144
0.0
144
0.020833333333
144
0.0
144
0.0
144
0.0
144
0.0
144
1.0
144
0.0
144
0.0
144
0.0
144
0.0
144
1.0
147
0.020833333333
147
0.0
147
0.0
147
0.0
147
0.0
147
0.020833333333
147
0.0
147
0.0
147
0.0
147
0.0
147
1.0
147
0.0
147
0.0
147
0.0
147
0.0
147
1.0
  0
MATERIAL
  5
21
102
{ACAD_XDICTIONARY
360
22
102
}
102
{ACAD_REACTORS
330
10
102
}
330
10
100
AcDbMaterial
  1
Global
 72
     0
 43
0.020833333333
 43
0.0
 43
0.0
 43
0.0
 43
0.0
 43
0.020833333333
 43
0.0
 43
0.0
 43
0.0
 43
0.0
 43
1.0
 43
0.0
 43
0.0
 43
0.0
 43
0.0
 43
1.0
 77
     0
 47
0.020833333333
 47
0.0
 47
0.0
 47
0.0
 47
0.0
 47
0.020833333333
 47
0.0
 47
0.0
 47
0.0
 47
0.0
 47
1.0
 47
0.0
 47
0.0
 47
0.0
 47
0.0
 47
1.0
171
     0
 49
0.020833333333
 49
0.0
 49
0.0
 49
0.0
 49
0.0
 49
0.020833333333
 49
0.0
 49
0.0
 49
0.0
 49
0.0
 49
1.0
 49
0.0
 49
0.0
 49
0.0
 49
0.0
 49
1.0
175
     0
142
0.020833333333
142
0.0
142
0.0
142
0.0
142
0.0
142
0.020833333333
142
0.0
142
0.0
142
0.0
142
0.0
142
1.0
142
0.0
142
0.0
142
0.0
142
0.0
142
1.0
179
0
144
0.020833333333
144
0.0
144
0.0
144
0.0
144
0.0
144
0.020833333333
144
0.0
144
0.0
144
0.0
144
0.0
144
1.0
144
0.0
144
0.0
144
0.0
144
0.0
144
1.0
147
0.020833333333
147
0.0
147
0.0
147
0.0
147
0.0
147
0.020833333333
147
0.0
147
0.0
147
0.0
147
0.0
147
1.0
147
0.0
147
0.0
147
0.0
147
0.0
147
1.0
  0
MLEADERSTYLE
  5
6F
102
{ACAD_REACTORS
330
6E
102
}
330
6E
100
AcDbMLeaderStyle
170
     2
171
     1
172
     0
 90
     2
 40
0.0
 41
0.0
173
     1
 91
-1056964608
340
63
 92
    -2
290
1
 42
0.09
291
1
 43
0.36
  3
Standard
 44
0.18
300

342
5D
174
     1
178
     6
175
     1
176
     0
 93
-1056964608
 45
0.18
292
0
297
0
 46
0.18
 94
-1056964608
 47
1.0
 49
1.0
140
1.0
293
1
141
0.0
294
1
177
     0
142
1.0
295
0
296
0
143
0.125
1001
ACAD_MLEADERVER
1070
     2
  0
MLINESTYLE
  5
68
102
{ACAD_REACTORS
330
67
102
}
330
67
100
AcDbMlineStyle
  2
STANDARD
 70
     0
  3

 62
   256
 51
90.0
 52
90.0
 71
     2
 49
0.5
 62
   256
  6
BYLAYER
 49
-0.5
 62
   256
  6
BYLAYER
  0
ACDBPLACEHOLDER
  5
F
102
{ACAD_REACTORS
330
E
102
}
330
E
  0
SCALE
  5
3B
102
{ACAD_REACTORS
330
3A
102
}
330
3A
100
AcDbScale
 70
     0
300
1:1
140
1.0
141
1.0
290
1
  0
SCALE
  5
3C
102
{ACAD_REACTORS
330
3A
102
}
330
3A
100
AcDbScale
 70
     0
300
1:2
140
1.0
141
2.0
290
0
  0
SCALE
  5
3D
102
{ACAD_REACTORS
330
3A
102
}
330
3A
100
AcDbScale
 70
     0
300
1:4
140
1.0
141
4.0
290
0
  0
SCALE
  5
3E
102
{ACAD_REACTORS
330
3A
102
}
330
3A
100
AcDbScale
 70
     0
300
1:5
140
1.0
141
5.0
290
0
  0
SCALE
  5
3F
102
{ACAD_REACTORS
330
3A
102
}
330
3A
100
AcDbScale
 70
     0
300
1:8
140
1.0
141
8.0
290
0
  0
SCALE
  5
40
102
{ACAD_REACTORS
330
3A
102
}
330
3A
100
AcDbScale
 70
     0
300
1:10
140
1.0
141
10.0
290
0
  0
SCALE
  5
41
102
{ACAD_REACTORS
330
3A
102
}
330
3A
100
AcDbScale
 70
     0
300
1:16
140
1.0
141
16.0
290
0
  0
SCALE
  5
42
102
{ACAD_REACTORS
330
3A
102
}
330
3A
100
AcDbScale
 70
     0
300
1:20
140
1.0
141
20.0
290
0
  0
SCALE
  5
43
102
{ACAD_REACTORS
330
3A
102
}
330
3A
100
AcDbScale
 70
     0
300
1:30
140
1.0
141
30.0
290
0
  0
SCALE
  5
44
102
{ACAD_REACTORS
330
3A
102
}
330
3A
100
AcDbScale
 70
     0
300
1:40
140
1.0
141
40.0
290
0
  0
SCALE
  5
45
102
{ACAD_REACTORS
330
3A
102
}
330
3A
100
AcDbScale
 70
     0
300
1:50
140
1.0
141
50.0
290
0
  0
SCALE
  5
46
102
{ACAD_REACTORS
330
3A
102
}
330
3A
100
AcDbScale
 70
     0
300
1:100
140
1.0
141
100.0
290
0
  0
SCALE
  5
47
102
{ACAD_REACTORS
330
3A
102
}
330
3A
100
AcDbScale
 70
     0
300
2:1
140
2.0
141
1.0
290
0
  0
SCALE
  5
48
102
{ACAD_REACTORS
330
3A
102
}
330
3A
100
AcDbScale
 70
     0
300
4:1
140
4.0
141
1.0
290
0
  0
SCALE
  5
49
102
{ACAD_REACTORS
330
3A
102
}
330
3A
100
AcDbScale
 70
     0
300
8:1
140
8.0
141
1.0
290
0
  0
SCALE
  5
4A
102
{ACAD_REACTORS
330
3A
102
}
330
3A
100
AcDbScale
 70
     0
300
10:1
140
10.0
141
1.0
290
0
  0
SCALE
  5
4B
102
{ACAD_REACTORS
330
3A
102
}
330
3A
100
AcDbScale
 70
     0
300
100:1
140
100.0
141
1.0
290
0
  0
SCALE
  5
4C
102
{ACAD_REACTORS
330
3A
102
}
330
3A
100
AcDbScale
 70
     0
300
1/128" = 1'-0"
140
0.0078125
141
12.0
290
0
  0
SCALE
  5
4D
102
{ACAD_REACTORS
330
3A
102
}
330
3A
100
AcDbScale
 70
     0
300
1/64" = 1'-0"
140
0.015625
141
12.0
290
0
  0
SCALE
  5
4E
102
{ACAD_REACTORS
330
3A
102
}
330
3A
100
AcDbScale
 70
     0
300
1/32" = 1'-0"
140
0.03125
141
12.0
290
0
  0
SCALE
  5
4F
102
{ACAD_REACTORS
330
3A
102
}
330
3A
100
AcDbScale
 70
     0
300
1/16" = 1'-0"
140
0.0625
141
12.0
290
0
  0
SCALE
  5
50
102
{ACAD_REACTORS
330
3A
102
}
330
3A
100
AcDbScale
 70
     0
300
3/32" = 1'-0"
140
0.09375
141
12.0
290
0
  0
SCALE
  5
51
102
{ACAD_REACTORS
330
3A
102
}
330
3A
100
AcDbScale
 70
     0
300
1/8" = 1'-0"
140
0.125
141
12.0
290
0
  0
SCALE
  5
52
102
{ACAD_REACTORS
330
3A
102
}
330
3A
100
AcDbScale
 70
     0
300
3/16" = 1'-0"
140
0.1875
141
12.0
290
0
  0
SCALE
  5
53
102
{ACAD_REACTORS
330
3A
102
}
330
3A
100
AcDbScale
 70
     0
300
1/4" = 1'-0"
140
0.25
141
12.0
290
0
  0
SCALE
  5
54
102
{ACAD_REACTORS
330
3A
102
}
330
3A
100
AcDbScale
 70
     0
300
3/8" = 1'-0"
140
0.375
141
12.0
290
0
  0
SCALE
  5
55
102
{ACAD_REACTORS
330
3A
102
}
330
3A
100
AcDbScale
 70
     0
300
1/2" = 1'-0"
140
0.5
141
12.0
290
0
  0
SCALE
  5
56
102
{ACAD_REACTORS
330
3A
102
}
330
3A
100
AcDbScale
 70
     0
300
3/4" = 1'-0"
140
0.75
141
12.0
290
0
  0
SCALE
  5
57
102
{ACAD_REACTORS
330
3A
102
}
330
3A
100
AcDbScale
 70
     0
300
1" = 1'-0"
140
1.0
141
12.0
290
0
  0
SCALE
  5
58
102
{ACAD_REACTORS
330
3A
102
}
330
3A
100
AcDbScale
 70
     0
300
1-1/2" = 1'-0"
140
1.5
141
12.0
290
0
  0
SCALE
  5
59
102
{ACAD_REACTORS
330
3A
102
}
330
3A
100
AcDbScale
 70
     0
300
3" = 1'-0"
140
3.0
141
12.0
290
0
  0
SCALE
  5
5A
102
{ACAD_REACTORS
330
3A
102
}
330
3A
100
AcDbScale
 70
     0
300
6" = 1'-0"
140
6.0
141
12.0
290
0
  0
SCALE
  5
5B
102
{ACAD_REACTORS
330
3A
102
}
330
3A
100
AcDbScale
 70
     0
300
1'-0" = 1'-0"
140
12.0
141
12.0
290
0
  0
TABLESTYLE
  5
6D
102
{ACAD_XDICTIONARY
360
A6
102
}
102
{ACAD_REACTORS
330
6C
102
}
330
6C
100
AcDbTableStyle
  3
Standard
 70
     0
 71
     0
 40
1.5
 41
1.5
280
     0
281
     0
  7
Standard
140
4.5
170
     2
 62
     0
 63
     7
283
     0
274
    -2
284
     1
 64
     0
275
    -2
285
     1
 65
     0
276
-2
286
     1
 66
     0
277
-2
287
     1
 67
     0
278
-2
288
     1
 68
     0
279
-2
289
     1
 69
     0
  7
Standard
140
6.0
170
     5
 62
     0
 63
     7
283
     0
274
    -2
284
     1
 64
     0
275
    -2
285
     1
 65
     0
276
-2
286
     1
 66
     0
277
-2
287
     1
 67
     0
278
-2
288
     1
 68
     0
279
-2
289
     1
 69
     0
  7
Standard
140
4.5
170
     5
 62
     0
 63
     7
283
     0
274
    -2
284
     1
 64
     0
275
    -2
285
     1
 65
     0
276
-2
286
     1
 66
     0
277
-2
287
     1
 67
     0
278
-2
288
     1
 68
     0
279
-2
289
     1
 69
     0
  0
VISUALSTYLE
  5
2F
102
{ACAD_REACTORS
330
29
102
}
330
29
100
AcDbVisualStyle
  2
2dWireframe
 70
     4
 71
     0
 72
     2
 73
     0
 90
     0
 40
-0.6
 41
-30.0
 62
     5
 63
     7
 74
     1
 91
     4
 64
     7
 65
   257
 75
     1
175
     1
 42
1.0
 92
     0
 66
   257
 43
1.0
 76
     1
 77
     6
 78
     2
 67
     7
 79
     5
170
     0
171
     0
290
0
174
     0
 93
     1
 44
0.0
173
     0
291
0
 45
0.0
1001
ACAD
1000
AcDbSavedByObjectVersion
1070
     0
  0
VISUALSTYLE
  5
31
102
{ACAD_REACTORS
330
29
102
}
330
29
100
AcDbVisualStyle
  2
3D Hidden
 70
     6
 71
     1
 72
     2
 73
     2
 90
     0
 40
-0.6
 41
-30.0
 62
     5
 63
     7
 74
     2
 91
     2
 64
     7
 65
   257
 75
     2
175
     1
 42
40.0
 92
     0
 66
   257
 43
1.0
 76
     1
 77
     6
 78
     2
 67
     7
 79
     3
170
     0
171
     0
290
0
174
     0
 93
     1
 44
0.0
173
     0
291
0
 45
0.0
1001
ACAD
1000
AcDbSavedByObjectVersion
1070
     0
  0
VISUALSTYLE
  5
30
102
{ACAD_REACTORS
330
29
102
}
330
29
100
AcDbVisualStyle
  2
3dWireframe
 70
     5
 71
     0
 72
     2
 73
     0
 90
     0
 40
-0.6
 41
-30.0
 62
     5
 63
     7
 74
     1
 91
     4
 64
     7
 65
   257
 75
     1
175
     1
 42
1.0
 92
     0
 66
   257
 43
1.0
 76
     1
 77
     6
 78
     2
 67
     7
 79
     5
170
     0
171
     0
290
0
174
     0
 93
     1
 44
0.0
173
     0
291
0
 45
0.0
1001
ACAD
1000
AcDbSavedByObjectVersion
1070
     0
  0
VISUALSTYLE
  5
2E
102
{ACAD_REACTORS
330
29
102
}
330
29
100
AcDbVisualStyle
  2
Basic
 70
     7
 71
     1
 72
     0
 73
     1
 90
     0
 40
-0.6
 41
-30.0
 62
     5
 63
     7
 74
     0
 91
     4
 64
     7
 65
   257
 75
     1
175
     1
 42
1.0
 92
     8
 66
     7
 43
1.0
 76
     1
 77
     6
 78
     2
 67
     7
 79
     5
170
     0
171
     0
290
0
174
     0
 93
     1
 44
0.0
173
     0
291
1
 45
0.0
1001
ACAD
1000
AcDbSavedByObjectVersion
1070
     0
  0
VISUALSTYLE
  5
35
102
{ACAD_REACTORS
330
29
102
}
330
29
100
AcDbVisualStyle
  2
Brighten
 70
    12
 71
     2
 72
     2
 73
     0
 90
     0
 40
-0.6
 41
-30.0
 62
     5
 63
     7
 74
     1
 91
     4
 64
     7
 65
   257
 75
     1
175
     1
 42
1.0
 92
     8
 66
     7
 43
1.0
 76
     1
 77
     6
 78
     2
 67
     7
 79
     5
170
     0
171
     0
290
0
174
     0
 93
     1
 44
50.0
173
     0
291
1
 45
0.0
1001
ACAD
1000
AcDbSavedByObjectVersion
1070
     0
  0
VISUALSTYLE
  5
39
102
{ACAD_REACTORS
330
29
102
}
330
29
100
AcDbVisualStyle
  2
ColorChange
 70
    16
 71
     2
 72
     2
 73
     3
 90
     0
 40
-0.6
 41
-30.0
 62
     5
 63
     8
 74
     1
 91
     4
 64
     7
 65
   257
 75
     1
175
     1
 42
1.0
 92
     8
 66
     8
 43
1.0
 76
     1
 77
     6
 78
     2
 67
     7
 79
     5
170
     0
171
     0
290
0
174
     0
 93
     1
 44
0.0
173
     0
291
1
 45
0.0
1001
ACAD
1000
AcDbSavedByObjectVersion
1070
     0
  0
VISUALSTYLE
  5
32
102
{ACAD_REACTORS
330
29
102
}
330
29
100
AcDbVisualStyle
  2
Conceptual
 70
     9
 71
     3
 72
     2
 73
     0
 90
     0
 40
-0.6
 41
-30.0
 62
     5
 63
     7
 74
     2
 91
     2
 64
     7
 65
   257
 75
     1
175
     1
 42
40.0
 92
     8
 66
     7
 43
1.0
 76
     1
 77
     6
 78
     2
 67
     7
 79
     3
170
     0
171
     0
290
0
174
     0
 93
     1
 44
0.0
173
     0
291
0
 45
0.0
1001
ACAD
1000
AcDbSavedByObjectVersion
1070
     0
  0
VISUALSTYLE
  5
34
102
{ACAD_REACTORS
330
29
102
}
330
29
100
AcDbVisualStyle
  2
Dim
 70
    11
 71
     2
 72
     2
 73
     0
 90
     0
 40
-0.6
 41
-30.0
 62
     5
 63
     7
 74
     1
 91
     4
 64
     7
 65
   257
 75
     1
175
     1
 42
1.0
 92
     8
 66
     7
 43
1.0
 76
     1
 77
     6
 78
     2
 67
     7
 79
     5
170
     0
171
     0
290
0
174
     0
 93
     1
 44
-50.0
173
     0
291
1
 45
0.0
1001
ACAD
1000
AcDbSavedByObjectVersion
1070
     0
  0
VISUALSTYLE
  5
38
102
{ACAD_REACTORS
330
29
102
}
330
29
100
AcDbVisualStyle
  2
Facepattern
 70
    15
 71
     2
 72
     2
 73
     0
 90
     0
 40
-0.6
 41
-30.0
 62
     5
 63
     7
 74
     1
 91
     4
 64
     7
 65
   257
 75
     1
175
     1
 42
1.0
 92
     8
 66
     7
 43
1.0
 76
     1
 77
     6
 78
     2
 67
     7
 79
     5
170
     0
171
     0
290
0
174
     0
 93
     1
 44
0.0
173
     0
291
1
 45
0.0
1001
ACAD
1000
AcDbSavedByObjectVersion
1070
     0
  0
VISUALSTYLE
  5
2A
102
{ACAD_REACTORS
330
29
102
}
330
29
100
AcDbVisualStyle
  2
Flat
 70
     0
 71
     2
 72
     1
 73
     1
 90
     2
 40
-0.6
 41
30.0
 62
     5
 63
     7
 74
     0
 91
     4
 64
     7
 65
   257
 75
     1
175
     1
 42
1.0
 92
     8
 66
     7
 43
1.0
 76
     1
 77
     6
 78
     2
 67
     7
 79
     5
170
     0
171
     0
290
0
174
     0
 93
    13
 44
0.0
173
     0
291
1
 45
0.0
1001
ACAD
1000
AcDbSavedByObjectVersion
1070
     0
  0
VISUALSTYLE
  5
2B
102
{ACAD_REACTORS
330
29
102
}
330
29
100
AcDbVisualStyle
  2
FlatWithEdges
 70
     1
 71
     2
 72
     1
 73
     1
 90
     2
 40
-0.6
 41
30.0
 62
     5
 63
     7
 74
     1
 91
     4
 64
     7
 65
   257
 75
     1
175
     1
 42
1.0
 92
     0
 66
   257
 43
1.0
 76
     1
 77
     6
 78
     2
 67
     7
 79
     5
170
     0
171
     0
290
0
174
     0
 93
    13
 44
0.0
173
     0
291
1
 45
0.0
1001
ACAD
1000
AcDbSavedByObjectVersion
1070
     0
  0
VISUALSTYLE
  5
2C
102
{ACAD_REACTORS
330
29
102
}
330
29
100
AcDbVisualStyle
  2
Gouraud
 70
     2
 71
     2
 72
     2
 73
     1
 90
     2
 40
-0.6
 41
30.0
 62
     5
 63
     7
 74
     0
 91
     4
 64
     7
 65
   257
 75
     1
175
     1
 42
1.0
 92
     0
 66
     7
 43
1.0
 76
     1
 77
     6
 78
     2
 67
     7
 79
     5
170
     0
171
     0
290
0
174
     0
 93
    13
 44
0.0
173
     0
291
1
 45
0.0
1001
ACAD
1000
AcDbSavedByObjectVersion
1070
     0
  0
VISUALSTYLE
  5
2D
102
{ACAD_REACTORS
330
29
102
}
330
29
100
AcDbVisualStyle
  2
GouraudWithEdges
 70
     3
 71
     2
 72
     2
 73
     1
 90
     2
 40
-0.6
 41
30.0
 62
     5
 63
     7
 74
     1
 91
     4
 64
     7
 65
   257
 75
     1
175
     1
 42
1.0
 92
     0
 66
   257
 43
1.0
 76
     1
 77
     6
 78
     2
 67
     7
 79
     5
170
     0
171
     0
290
0
174
     0
 93
    13
 44
0.0
173
     0
291
1
 45
0.0
1001
ACAD
1000
AcDbSavedByObjectVersion
1070
     0
  0
VISUALSTYLE
  5
37
102
{ACAD_REACTORS
330
29
102
}
330
29
100
AcDbVisualStyle
  2
Linepattern
 70
    14
 71
     2
 72
     2
 73
     0
 90
     0
 40
-0.6
 41
-30.0
 62
     5
 63
     7
 74
     1
 91
     4
 64
     7
 65
   257
 75
     7
175
     7
 42
1.0
 92
     8
 66
     7
 43
1.0
 76
     1
 77
     6
 78
     2
 67
     7
 79
     5
170
     0
171
     0
290
0
174
     0
 93
     1
 44
0.0
173
     0
291
1
 45
0.0
1001
ACAD
1000
AcDbSavedByObjectVersion
1070
     0
  0
VISUALSTYLE
  5
33
102
{ACAD_REACTORS
330
29
102
}
330
29
100
AcDbVisualStyle
  2
Realistic
 70
     8
 71
     2
 72
     2
 73
     0
 90
     0
 40
-0.6
 41
-30.0
 62
     5
 63
     7
 74
     1
 91
     0
 64
     7
 65
   257
 75
     1
175
     1
 42
1.0
 92
     8
 66
     8
 43
1.0
 76
     1
 77
     6
 78
     2
 67
     7
 79
     5
170
     0
171
     0
290
0
174
     0
 93
    13
 44
0.0
173
     0
291
0
 45
0.0
1001
ACAD
1000
AcDbSavedByObjectVersion
1070
     0
  0
VISUALSTYLE
  5
36
102
{ACAD_REACTORS
330
29
102
}
330
29
100
AcDbVisualStyle
  2
Thicken
 70
    13
 71
     2
 72
     2
 73
     0
 90
     0
 40
-0.6
 41
-30.0
 62
     5
 63
     7
 74
     1
 91
     4
 64
     7
 65
   257
 75
     1
175
     1
 42
1.0
 92
    12
 66
     7
 43
1.0
 76
     1
 77
     6
 78
     2
 67
     7
 79
     5
170
     0
171
     0
290
0
174
     0
 93
     1
 44
0.0
173
     0
291
1
 45
0.0
1001
ACAD
1000
AcDbSavedByObjectVersion
1070
     0
  0
DICTIONARYVAR
  5
A0
102
{ACAD_REACTORS
330
9C
102
}
330
9C
100
DictionaryVariables
280
     0
  1
1:1
  0
DICTIONARYVAR
  5
9E
102
{ACAD_REACTORS
330
9C
102
}
330
9C
100
DictionaryVariables
280
     0
  1
STANDARD
  0
DICTIONARYVAR
  5
9D
102
{ACAD_REACTORS
330
9C
102
}
330
9C
100
DictionaryVariables
280
     0
  1
STANDARD
  0
DICTIONARYVAR
  5
A5
102
{ACAD_REACTORS
330
9C
102
}
330
9C
100
DictionaryVariables
280
     0
  1
2
  0
DICTIONARYVAR
  5
A4
102
{ACAD_REACTORS
330
9C
102
}
330
9C
100
DictionaryVariables
280
     0
  1
1
  0
DICTIONARYVAR
  5
A3
102
{ACAD_REACTORS
330
9C
102
}
330
9C
100
DictionaryVariables
280
     0
  1
0
  0
DICTIONARYVAR
  5
A1
102
{ACAD_REACTORS
330
9C
102
}
330
9C
100
DictionaryVariables
280
     0
  1
2
  0
DICTIONARYVAR
  5
9F
102
{ACAD_REACTORS
330
9C
102
}
330
9C
100
DictionaryVariables
280
     0
  1
1
  0
DICTIONARYVAR
  5
A2
102
{ACAD_REACTORS
330
9C
102
}
330
9C
100
DictionaryVariables
280
     0
  1
127
  0
DICTIONARY
  5
B1
330
74
100
AcDbDictionary
280
     1
281
     1
  3
ACAD_XREC_ROUNDTRIP
360
B2
  0
DICTIONARY
  5
B5
330
7C
100
AcDbDictionary
280
     1
281
     1
  3
ACAD_XREC_ROUNDTRIP
360
B6
  0
DICTIONARY
  5
B3
330
78
100
AcDbDictionary
280
     1
281
     1
  3
ACAD_XREC_ROUNDTRIP
360
B4
  0
DICTIONARY
  5
1A
330
19
100
AcDbDictionary
280
     1
281
     1
  3
ACAD_XREC_ROUNDTRIP
360
AD
  3
BUMPTILE
360
1C
  3
DIFFUSETILE
360
1B
  3
OPACITYTILE
360
1F
  3
REFLECTIONTILE
360
1E
  3
REFRACTIONTILE
360
20
  3
SPECULARTILE
360
1D
  0
DICTIONARY
  5
12
330
11
100
AcDbDictionary
280
     1
281
     1
  3
ACAD_XREC_ROUNDTRIP
360
AC
  3
BUMPTILE
360
14
  3
DIFFUSETILE
360
13
  3
OPACITYTILE
360
17
  3
REFLECTIONTILE
360
16
  3
REFRACTIONTILE
360
18
  3
SPECULARTILE
360
15
  0
DICTIONARY
  5
22
330
21
100
AcDbDictionary
280
     1
281
     1
  3
ACAD_XREC_ROUNDTRIP
360
AE
  3
BUMPTILE
360
24
  3
DIFFUSETILE
360
23
  3
OPACITYTILE
360
27
  3
REFLECTIONTILE
360
26
  3
REFRACTIONTILE
360
28
  3
SPECULARTILE
360
25
  0
DICTIONARY
  5
A6
330
6D
100
AcDbDictionary
280
     1
281
     1
  3
ACAD_ROUNDTRIP_2008_TABLESTYLE_CELLSTYLEMAP
360
A7
  3
ACAD_XREC_ROUNDTRIP
360
B0
  0
XRECORD
  5
B2
102
{ACAD_REACTORS
330
B1
102
}
330
B1
100
AcDbXrecord
280
     1
102
SHADEPLOT
 70
     0
102
SHADEPLOTRESLEVEL
 70
     2
102
SHADEPLOTCUSTOMDPI
 70
   300
  0
XRECORD
  5
B6
102
{ACAD_REACTORS
330
B5
102
}
330
B5
100
AcDbXrecord
280
     1
102
SHADEPLOT
 70
     0
102
SHADEPLOTRESLEVEL
 70
     2
102
SHADEPLOTCUSTOMDPI
 70
   300
  0
XRECORD
  5
B4
102
{ACAD_REACTORS
330
B3
102
}
330
B3
100
AcDbXrecord
280
     1
102
SHADEPLOT
 70
     0
102
SHADEPLOTRESLEVEL
 70
     2
102
SHADEPLOTCUSTOMDPI
 70
   300
  0
XRECORD
  5
AD
102
{ACAD_REACTORS
330
1A
102
}
330
1A
100
AcDbXrecord
280
     1
102
MATERIAL
148
0.0
149
0.0
149
0.0
 93
     0
 94
   127
282
     0
 72
     0
 77
     0
171
     0
175
     0
179
0
273
     0
  0
XRECORD
  5
1C
102
{ACAD_REACTORS
330
1A
102
}
330
1A
100
AcDbXrecord
280
     1
270
     1
271
     1
  0
XRECORD
  5
1B
102
{ACAD_REACTORS
330
1A
102
}
330
1A
100
AcDbXrecord
280
     1
270
     1
271
     1
  0
XRECORD
  5
1F
102
{ACAD_REACTORS
330
1A
102
}
330
1A
100
AcDbXrecord
280
     1
270
     1
271
     1
  0
XRECORD
  5
1E
102
{ACAD_REACTORS
330
1A
102
}
330
1A
100
AcDbXrecord
280
     1
270
     1
271
     1
  0
XRECORD
  5
20
102
{ACAD_REACTORS
330
1A
102
}
330
1A
100
AcDbXrecord
280
     1
270
     1
271
     1
  0
XRECORD
  5
1D
102
{ACAD_REACTORS
330
1A
102
}
330
1A
100
AcDbXrecord
280
     1
270
     1
271
     1
  0
XRECORD
  5
AC
102
{ACAD_REACTORS
330
12
102
}
330
12
100
AcDbXrecord
280
     1
102
MATERIAL
148
0.0
149
0.0
149
0.0
 93
     0
 94
   127
282
     0
 72
     0
 77
     0
171
     0
175
     0
179
0
273
     0
  0
XRECORD
  5
14
102
{ACAD_REACTORS
330
12
102
}
330
12
100
AcDbXrecord
280
     1
270
     1
271
     1
  0
XRECORD
  5
13
102
{ACAD_REACTORS
330
12
102
}
330
12
100
AcDbXrecord
280
     1
270
     1
271
     1
  0
XRECORD
  5
17
102
{ACAD_REACTORS
330
12
102
}
330
12
100
AcDbXrecord
280
     1
270
     1
271
     1
  0
XRECORD
  5
16
102
{ACAD_REACTORS
330
12
102
}
330
12
100
AcDbXrecord
280
     1
270
     1
271
     1
  0
XRECORD
  5
18
102
{ACAD_REACTORS
330
12
102
}
330
12
100
AcDbXrecord
280
     1
270
     1
271
     1
  0
XRECORD
  5
15
102
{ACAD_REACTORS
330
12
102
}
330
12
100
AcDbXrecord
280
     1
270
     1
271
     1
  0
XRECORD
  5
AE
102
{ACAD_REACTORS
330
22
102
}
330
22
100
AcDbXrecord
280
     1
102
MATERIAL
148
0.0
149
0.0
149
0.0
 93
     0
 94
   127
282
     0
 72
     0
 77
     0
171
     0
175
     0
179
0
273
     0
  0
XRECORD
  5
24
102
{ACAD_REACTORS
330
22
102
}
330
22
100
AcDbXrecord
280
     1
270
     1
271
     1
  0
XRECORD
  5
23
102
{ACAD_REACTORS
330
22
102
}
330
22
100
AcDbXrecord
280
     1
270
     1
271
     1
  0
XRECORD
  5
27
102
{ACAD_REACTORS
330
22
102
}
330
22
100
AcDbXrecord
280
     1
270
     1
271
     1
  0
XRECORD
  5
26
102
{ACAD_REACTORS
330
22
102
}
330
22
100
AcDbXrecord
280
     1
270
     1
271
     1
  0
XRECORD
  5
28
102
{ACAD_REACTORS
330
22
102
}
330
22
100
AcDbXrecord
280
     1
270
     1
271
     1
  0
XRECORD
  5
25
102
{ACAD_REACTORS
330
22
102
}
330
22
100
AcDbXrecord
280
     1
270
     1
271
     1
  0
CELLSTYLEMAP
  5
A7
102
{ACAD_REACTORS
330
A6
102
}
330
A6
100
AcDbCellStyleMap
 90
     3
300
CELLSTYLE
  1
TABLEFORMAT_BEGIN
 90
     5
170
     1
 91
     0
 92
 32768
 62
   257
 93
     1
300
CONTENTFORMAT
  1
CONTENTFORMAT_BEGIN
 90
     0
 91
     0
 92
   512
 93
     0
300

 40
0.0
140
1.0
 94
     5
 62
     0
340
5D
144
6.0
309
CONTENTFORMAT_END
171
     1
301
MARGIN
  1
CELLMARGIN_BEGIN
 40
1.5
 40
1.5
 40
1.5
 40
1.5
 40
4.5
 40
4.5
309
CELLMARGIN_END
 94
     6
 95
     1
302
GRIDFORMAT
  1
GRIDFORMAT_BEGIN
 90
     0
 91
     1
 62
     0
 92
    -2
340
0
 93
     0
 40
1.125
309
GRIDFORMAT_END
 95
     2
302
GRIDFORMAT
  1
GRIDFORMAT_BEGIN
 90
     0
 91
     1
 62
     0
 92
    -2
340
0
 93
     0
 40
1.125
309
GRIDFORMAT_END
 95
     4
302
GRIDFORMAT
  1
GRIDFORMAT_BEGIN
 90
     0
 91
     1
 62
     0
 92
    -2
340
0
 93
     0
 40
1.125
309
GRIDFORMAT_END
 95
     8
302
GRIDFORMAT
  1
GRIDFORMAT_BEGIN
 90
     0
 91
     1
 62
     0
 92
    -2
340
0
 93
     0
 40
1.125
309
GRIDFORMAT_END
 95
    16
302
GRIDFORMAT
  1
GRIDFORMAT_BEGIN
 90
     0
 91
     1
 62
     0
 92
    -2
340
0
 93
     0
 40
1.125
309
GRIDFORMAT_END
 95
    32
302
GRIDFORMAT
  1
GRIDFORMAT_BEGIN
 90
     0
 91
     1
 62
     0
 92
    -2
340
0
 93
     0
 40
1.125
309
GRIDFORMAT_END
309
TABLEFORMAT_END
  1
CELLSTYLE_BEGIN
 90
     1
 91
     1
300
_TITLE
309
CELLSTYLE_END
300
CELLSTYLE
  1
TABLEFORMAT_BEGIN
 90
     5
170
     1
 91
     0
 92
     0
 62
   257
 93
     1
300
CONTENTFORMAT
  1
CONTENTFORMAT_BEGIN
 90
     0
 91
     0
 92
   512
 93
     0
300

 40
0.0
140
1.0
 94
     5
 62
     0
340
5D
144
4.5
309
CONTENTFORMAT_END
171
     1
301
MARGIN
  1
CELLMARGIN_BEGIN
 40
1.5
 40
1.5
 40
1.5
 40
1.5
 40
4.5
 40
4.5
309
CELLMARGIN_END
 94
     6
 95
     1
302
GRIDFORMAT
  1
GRIDFORMAT_BEGIN
 90
     0
 91
     1
 62
     0
 92
    -2
340
0
 93
     0
 40
1.125
309
GRIDFORMAT_END
 95
     2
302
GRIDFORMAT
  1
GRIDFORMAT_BEGIN
 90
     0
 91
     1
 62
     0
 92
    -2
340
0
 93
     0
 40
1.125
309
GRIDFORMAT_END
 95
     4
302
GRIDFORMAT
  1
GRIDFORMAT_BEGIN
 90
     0
 91
     1
 62
     0
 92
    -2
340
0
 93
     0
 40
1.125
309
GRIDFORMAT_END
 95
     8
302
GRIDFORMAT
  1
GRIDFORMAT_BEGIN
 90
     0
 91
     1
 62
     0
 92
    -2
340
0
 93
     0
 40
1.125
309
GRIDFORMAT_END
 95
    16
302
GRIDFORMAT
  1
GRIDFORMAT_BEGIN
 90
     0
 91
     1
 62
     0
 92
    -2
340
0
 93
     0
 40
1.125
309
GRIDFORMAT_END
 95
    32
302
GRIDFORMAT
  1
GRIDFORMAT_BEGIN
 90
     0
 91
     1
 62
     0
 92
    -2
340
0
 93
     0
 40
1.125
309
GRIDFORMAT_END
309
TABLEFORMAT_END
  1
CELLSTYLE_BEGIN
 90
     2
 91
     1
300
_HEADER
309
CELLSTYLE_END
300
CELLSTYLE
  1
TABLEFORMAT_BEGIN
 90
     5
170
     1
 91
     0
 92
     0
 62
   257
 93
     1
300
CONTENTFORMAT
  1
CONTENTFORMAT_BEGIN
 90
     0
 91
     0
 92
   512
 93
     0
300

 40
0.0
140
1.0
 94
     2
 62
     0
340
5D
144
4.5
309
CONTENTFORMAT_END
171
     1
301
MARGIN
  1
CELLMARGIN_BEGIN
 40
1.5
 40
1.5
 40
1.5
 40
1.5
 40
4.5
 40
4.5
309
CELLMARGIN_END
 94
     6
 95
     1
302
GRIDFORMAT
  1
GRIDFORMAT_BEGIN
 90
     0
 91
     1
 62
     0
 92
    -2
340
0
 93
     0
 40
1.125
309
GRIDFORMAT_END
 95
     2
302
GRIDFORMAT
  1
GRIDFORMAT_BEGIN
 90
     0
 91
     1
 62
     0
 92
    -2
340
0
 93
     0
 40
1.125
309
GRIDFORMAT_END
 95
     4
302
GRIDFORMAT
  1
GRIDFORMAT_BEGIN
 90
     0
 91
     1
 62
     0
 92
    -2
340
0
 93
     0
 40
1.125
309
GRIDFORMAT_END
 95
     8
302
GRIDFORMAT
  1
GRIDFORMAT_BEGIN
 90
     0
 91
     1
 62
     0
 92
    -2
340
0
 93
     0
 40
1.125
309
GRIDFORMAT_END
 95
    16
302
GRIDFORMAT
  1
GRIDFORMAT_BEGIN
 90
     0
 91
     1
 62
     0
 92
    -2
340
0
 93
     0
 40
1.125
309
GRIDFORMAT_END
 95
    32
302
GRIDFORMAT
  1
GRIDFORMAT_BEGIN
 90
     0
 91
     1
 62
     0
 92
    -2
340
0
 93
     0
 40
1.125
309
GRIDFORMAT_END
309
TABLEFORMAT_END
  1
CELLSTYLE_BEGIN
 90
     3
 91
     2
300
_DATA
309
CELLSTYLE_END
  0
XRECORD
  5
B0
102
{ACAD_REACTORS
330
A6
102
}
330
A6
100
AcDbXrecord
280
     1
102
ACAD_ROUNDTRIP_PRE2007_TABLESTYLE
 90
   512
 91
     0
  1

 92
   512
 93
     0
  2

 94
   512
 95
     0
  3

  0
ENDSEC
  0
EOF
